"","SPE","SPE_Flag","T2","T2_Flag"
"2018-05-04 00:00:21",4.30649080219995,0,34.8514318685593,0
"2018-05-04 00:01:21",2.11255495995604,0,17.8122108254341,0
"2018-05-04 00:02:21",1.33499216741855,0,7.71066981368299,0
"2018-05-04 00:03:21",1.11995235537124,0,11.4555299241164,0
"2018-05-04 00:04:21",2.34972121677083,0,8.96795758311604,0
"2018-05-04 00:05:21",2.77853360392207,0,14.9430511749587,0
"2018-05-04 00:06:21",4.63721083993278,0,37.2088336800184,0
"2018-05-04 00:07:21",2.95327099210283,0,13.681165800487,0
"2018-05-04 00:08:21",2.06204714804013,0,15.3489949568888,0
"2018-05-04 00:09:22",3.40365022138256,0,14.5099546483977,0
"2018-05-04 00:10:22",2.32540534474173,0,12.6535347802153,0
"2018-05-04 00:11:22",2.42147006283978,0,12.1737247692382,0
"2018-05-04 00:12:22",2.43432391684655,0,24.8846943228015,0
"2018-05-04 00:13:22",1.59592995900765,0,14.8101234927517,0
"2018-05-04 00:14:22",3.24074490400312,0,12.8032064844723,0
"2018-05-04 00:15:22",3.22433300678326,0,11.5447736582679,0
"2018-05-04 00:16:22",2.44689856317642,0,12.8784986198848,0
"2018-05-04 00:17:22",3.10729555793214,0,23.4331127439539,0
"2018-05-04 00:18:22",2.77796819831454,0,18.1407146248721,0
"2018-05-04 00:19:22",3.07235428825004,0,84.003108051742,0
"2018-05-04 00:20:22",2.03990801983158,0,13.7030914983003,0
"2018-05-04 00:21:22",2.29521222086431,0,14.5592414803455,0
"2018-05-04 00:22:22",1.19103297537969,0,11.1354018945907,0
"2018-05-04 00:23:22",1.92739811768882,0,20.0847308232775,0
"2018-05-04 00:24:22",2.83248046433634,0,8.68388864302394,0
"2018-05-04 00:25:22",1.58038800983657,0,10.1829598881385,0
"2018-05-04 00:26:22",2.11319547377902,0,12.5496760150536,0
"2018-05-04 00:27:22",0.724089629376285,0,11.3989562363676,0
"2018-05-04 00:28:22",2.7791218337775,0,23.8197347326096,0
"2018-05-04 00:29:22",11.1103252391253,0,14.3250444891538,0
"2018-05-04 00:30:22",1.62829387660793,0,10.0534040482402,0
"2018-05-04 00:31:22",1.18723316884439,0,12.7264272121289,0
"2018-05-04 00:32:22",2.09461001129015,0,62.4092714988733,0
"2018-05-04 00:33:22",1.67699606522456,0,10.5940358507159,0
"2018-05-04 00:34:22",3.39919579130772,0,23.4797361824984,0
"2018-05-04 00:35:22",1.0386955330365,0,12.2830955949158,0
"2018-05-04 00:36:22",0.594837314989895,0,10.262522998535,0
"2018-05-04 00:37:22",0.865676429923552,0,11.3789262203294,0
"2018-05-04 00:38:22",1.63918973578172,0,14.7306932771579,0
"2018-05-04 00:39:22",4.46676225436621,0,22.4425416831873,0
"2018-05-04 00:40:22",1.39592581881458,0,15.7927662234333,0
"2018-05-04 00:41:22",0.693905028563524,0,10.0163176847466,0
"2018-05-04 00:42:22",0.961065984484886,0,8.95034255778325,0
"2018-05-04 00:43:23",1.31229067866896,0,8.53937991311378,0
"2018-05-04 00:44:23",7.1969061628601,0,12.4709541504161,0
"2018-05-04 00:45:23",2.20351264408599,0,21.241546993549,0
"2018-05-04 00:46:23",0.926954356385464,0,11.7794026247933,0
"2018-05-04 00:47:23",0.662181647979096,0,11.218248666905,0
"2018-05-04 00:48:23",0.636191428959076,0,12.123020308091,0
"2018-05-04 00:49:23",0.406937411932886,0,11.3282308604515,0
"2018-05-04 00:50:23",1.41223020293294,0,17.3266228950758,0
"2018-05-04 00:51:23",1.86204952666547,0,21.9119616929364,0
"2018-05-04 00:52:23",0.770937619971527,0,11.4563256422686,0
"2018-05-04 00:53:23",2.16331282790054,0,29.5373670200817,0
"2018-05-04 00:54:23",8.44262457870246,0,36.8609669438991,0
"2018-05-04 00:55:23",12.5890773446345,0,25.3545606946519,0
"2018-05-04 00:56:23",4.16564458075692,0,12.2404087880539,0
"2018-05-04 00:57:23",4.77525902759362,0,14.822983105981,0
"2018-05-04 00:58:23",4.08240299894551,0,81.5721775307492,0
"2018-05-04 00:59:23",2.2892809310438,0,15.4584960666124,0
"2018-05-04 01:00:23",2.89207914999547,0,27.508640260095,0
"2018-05-04 01:01:23",2.89654941512674,0,8.70775607667678,0
"2018-05-04 01:02:23",2.30877627989636,0,7.80111851595327,0
"2018-05-04 01:03:23",4.99684152885112,0,24.6509663130371,0
"2018-05-04 01:04:23",2.7447071085537,0,8.08513932206308,0
"2018-05-04 01:05:23",4.08291772540649,0,7.60789164938158,0
"2018-05-04 01:06:23",6.43912893566378,0,19.5579161536266,0
"2018-05-04 01:07:23",3.76437587098221,0,9.57002323371505,0
"2018-05-04 01:08:23",2.85048078988623,0,16.6086033907956,0
"2018-05-04 01:09:23",2.3831205300566,0,14.394402769098,0
"2018-05-04 01:10:23",8.51765984197172,0,14.8520523599399,0
"2018-05-04 01:11:24",5.70586018030195,0,41.1385632015702,0
"2018-05-04 01:12:24",3.63599864193985,0,13.0550599668111,0
"2018-05-04 01:13:24",2.08423330586836,0,13.2011929881935,0
"2018-05-04 01:14:24",2.26646782431942,0,11.4480863784046,0
"2018-05-04 01:15:24",2.61013890951387,0,10.9431280836829,0
"2018-05-04 01:16:24",2.23176464997027,0,11.555687439168,0
"2018-05-04 01:17:24",5.01996717355023,0,18.2001688150091,0
"2018-05-04 01:18:24",1.5526776694236,0,8.91795075324405,0
"2018-05-04 01:19:24",1.21660184314535,0,10.6884741837714,0
"2018-05-04 01:20:24",3.84034105110203,0,11.2580901192276,0
"2018-05-04 01:21:24",4.81232923979984,0,14.7882219780803,0
"2018-05-04 01:22:24",3.37971046917,0,22.6626480114678,0
"2018-05-04 01:23:24",22.0797638813381,0,27.2029381268906,0
"2018-05-04 01:24:24",4.32298850230072,0,9.20551285555787,0
"2018-05-04 01:25:24",5.09295084441184,0,10.0396936013718,0
"2018-05-04 01:26:24",1.80965802701201,0,7.46081241539523,0
"2018-05-04 01:27:24",1.24549078915359,0,8.67347526105317,0
"2018-05-04 01:28:24",1.787490445954,0,13.0306762181162,0
"2018-05-04 01:29:24",1.01916247116042,0,8.20453179922993,0
"2018-05-04 01:30:24",0.828878510411848,0,7.9072867345097,0
"2018-05-04 01:31:24",0.535909078856919,0,8.17862721567656,0
"2018-05-04 01:32:24",1.2546965965593,0,8.92857527200169,0
"2018-05-04 01:33:24",1.8679171651636,0,14.8371030093754,0
"2018-05-04 01:34:24",1.68914562967559,0,14.4128443387431,0
"2018-05-04 01:35:25",0.996206795615973,0,9.9936244546738,0
"2018-05-04 01:36:25",1.80002570621941,0,12.5043870764667,0
"2018-05-04 01:37:25",1.40569723823163,0,16.8118774219622,0
"2018-05-04 01:38:25",0.780013156513812,0,9.55722352264772,0
"2018-05-04 01:39:25",2.51045804082474,0,33.8701591739071,0
"2018-05-04 01:40:25",1.24743199913772,0,10.7979354882669,0
"2018-05-04 01:41:25",0.794111080848354,0,9.21577067963561,0
"2018-05-04 01:42:25",0.442864749677439,0,9.26199864800741,0
"2018-05-04 01:43:25",1.14109385955045,0,9.95732140996384,0
"2018-05-04 01:44:25",6.86069845829107,0,20.8516157366889,0
"2018-05-04 01:45:25",1.24893083383704,0,21.5751443810844,0
"2018-05-04 01:46:25",0.89076826292774,0,9.32419193867606,0
"2018-05-04 01:47:25",0.691077489314284,0,11.340509404693,0
"2018-05-04 01:48:25",0.557064817949762,0,12.2443781159502,0
"2018-05-04 01:49:25",2.51701279738189,0,14.3776122289343,0
"2018-05-04 01:50:25",4.83015267047232,0,32.3138666598413,0
"2018-05-04 01:51:25",1.82877260794573,0,11.504961025996,0
"2018-05-04 01:52:25",0.867414978299842,0,10.533840916689,0
"2018-05-04 01:53:25",1.47132537020356,0,11.7940080221335,0
"2018-05-04 01:54:25",1.05145232525059,0,11.0972369747775,0
"2018-05-04 01:55:25",5.12887618857487,0,16.7061171714092,0
"2018-05-04 01:56:25",5.26629145612439,0,22.873190681266,0
"2018-05-04 01:57:25",4.51100558692881,0,13.3370442272983,0
"2018-05-04 01:58:25",3.41132631201994,0,14.2662414601606,0
"2018-05-04 01:59:25",1.91074607482267,0,11.4689199130879,0
"2018-05-04 02:00:25",1.29360662850321,0,10.9078180023746,0
"2018-05-04 02:01:25",3.01095896251279,0,21.8284247511221,0
"2018-05-04 02:02:26",2.55800429705762,0,14.6827226841403,0
"2018-05-04 02:03:26",3.19394311860941,0,14.0791846051495,0
"2018-05-04 02:04:26",1.78450139740989,0,13.0376650184863,0
"2018-05-04 02:05:26",2.71203149615438,0,12.8707437556414,0
"2018-05-04 02:06:26",1.91041407036524,0,11.7740975708592,0
"2018-05-04 02:07:26",3.96097757796824,0,20.4176001828831,0
"2018-05-04 02:08:26",3.2198587476093,0,17.0514112108149,0
"2018-05-04 02:09:26",2.34029953265416,0,17.9487255988584,0
"2018-05-04 02:10:26",1.927193746786,0,16.4836759329754,0
"2018-05-04 02:11:26",1.10013548535813,0,16.1440377178163,0
"2018-05-04 02:12:26",2.23138377431401,0,25.0046930723864,0
"2018-05-04 02:13:26",1.91299017026188,0,16.4635348575045,0
"2018-05-04 02:14:26",1.54469773581917,0,15.2807897422167,0
"2018-05-04 02:15:26",3.3110107999336,0,16.1320190553958,0
"2018-05-04 02:16:26",3.20757995269489,0,17.0318956123257,0
"2018-05-04 02:17:26",1.84930746954028,0,13.0195277998447,0
"2018-05-04 02:18:26",1.433114242891,0,21.3669978917647,0
"2018-05-04 02:19:26",3.19737620548447,0,13.5163957268858,0
"2018-05-04 02:20:26",2.46343541114517,0,11.3604433797912,0
"2018-05-04 02:21:26",1.29829915438722,0,11.629118782553,0
"2018-05-04 02:22:26",1.45770420520489,0,11.4621465481763,0
"2018-05-04 02:23:26",1.20498605681956,0,16.735511082609,0
"2018-05-04 02:24:26",2.33718954054446,0,14.1194403880091,0
"2018-05-04 02:25:27",2.08385555200822,0,7.28417788522708,0
"2018-05-04 02:26:27",2.68888014701189,0,8.53109526169829,0
"2018-05-04 02:27:27",1.20412222664844,0,10.6813541569012,0
"2018-05-04 02:28:27",2.19404394217576,0,13.5155386328239,0
"2018-05-04 02:29:27",1.10194892623279,0,29.8272862504124,0
"2018-05-04 02:30:27",2.15571851927092,0,11.9238659273248,0
"2018-05-04 02:31:27",0.6709863753861,0,12.6676028352931,0
"2018-05-04 02:32:27",0.630703462922339,0,15.6923059167894,0
"2018-05-04 02:33:27",1.34613865993142,0,13.5706322908528,0
"2018-05-04 02:34:27",4.44061337679752,0,30.6829066412979,0
"2018-05-04 02:35:27",1.86871384187426,0,24.4524896864615,0
"2018-05-04 02:36:27",1.3305992544786,0,14.5474633643014,0
"2018-05-04 02:37:27",1.29855239092875,0,12.0815870630085,0
"2018-05-04 02:38:27",1.47457746228272,0,12.7496112587647,0
"2018-05-04 02:39:27",2.04581734997226,0,12.0444908108328,0
"2018-05-04 02:40:27",2.8643769272382,0,22.2239434010551,0
"2018-05-04 02:41:27",3.13238529652669,0,12.5086684064488,0
"2018-05-04 02:42:27",2.72936932241852,0,16.1759052035358,0
"2018-05-04 02:43:27",0.886664674587696,0,15.034471642281,0
"2018-05-04 02:44:27",1.54502761904436,0,10.9243026986989,0
"2018-05-04 02:45:27",7.22392414850986,0,12.7323561246353,0
"2018-05-04 02:46:27",3.61416494711666,0,22.4211277391546,0
"2018-05-04 02:47:27",0.754454817122814,0,14.5744993193594,0
"2018-05-04 02:48:27",0.389313260352092,0,13.3018394794709,0
"2018-05-04 02:49:27",0.998361887634014,0,12.7654422866352,0
"2018-05-04 02:50:27",0.516259195047794,0,14.0949131908853,0
"2018-05-04 02:51:27",1.92057123286153,0,26.1914394116841,0
"2018-05-04 02:52:27",8.44138920987163,0,21.1850936924782,0
"2018-05-04 02:53:27",0.42176338720581,0,12.8133747091685,0
"2018-05-04 02:54:27",3.49246430485095,0,33.0299249592176,0
"2018-05-04 02:55:27",9.8567648116454,0,144.327096279812,0
"2018-05-04 02:56:27",6.34591285729806,0,16.8517812942671,0
"2018-05-04 02:57:27",4.80883483410252,0,14.3826282265159,0
"2018-05-04 02:58:28",4.1554435918768,0,12.7718473982212,0
"2018-05-04 02:59:28",3.74058580494985,0,11.0577854427051,0
"2018-05-04 03:00:28",4.64649897426773,0,9.4672151141871,0
"2018-05-04 03:01:28",3.99201225504274,0,34.0729961681137,0
"2018-05-04 03:02:28",2.68095515464772,0,11.004542002248,0
"2018-05-04 03:03:28",2.73687768896026,0,8.38061126279302,0
"2018-05-04 03:04:28",2.78513618515339,0,9.49142565697587,0
"2018-05-04 03:05:28",6.56849096174638,0,8.61509197957462,0
"2018-05-04 03:06:28",6.95391849175555,0,18.962900092163,0
"2018-05-04 03:07:28",10.9978925997594,0,26.3548236744323,0
"2018-05-04 03:08:28",5.65912362351428,0,14.5931208997058,0
"2018-05-04 03:09:28",4.44359465899592,0,13.3134976534812,0
"2018-05-04 03:10:28",3.26937198507116,0,13.1171546010625,0
"2018-05-04 03:11:28",3.5138721092648,0,12.1496088896121,0
"2018-05-04 03:12:28",2.95823737792782,0,32.1993060831882,0
"2018-05-04 03:13:28",4.20574559021633,0,16.6473342792832,0
"2018-05-04 03:14:28",2.12377506658123,0,11.5073540427243,0
"2018-05-04 03:15:28",1.56940094379269,0,10.9297507880584,0
"2018-05-04 03:16:28",1.83177818630831,0,10.6540606997815,0
"2018-05-04 03:17:28",2.75060273632105,0,10.8976630767244,0
"2018-05-04 03:18:28",4.23482491094765,0,15.9623018103344,0
"2018-05-04 03:19:28",3.27016298734254,0,8.21166211310614,0
"2018-05-04 03:20:28",3.29599552979279,0,13.9227740009576,0
"2018-05-04 03:21:28",3.3246223826522,0,14.6815856733086,0
"2018-05-04 03:22:28",2.70601937191754,0,12.742111574662,0
"2018-05-04 03:23:28",4.27890921808448,0,23.0647450368516,0
"2018-05-04 03:24:28",4.19386653665521,0,17.6456490178302,0
"2018-05-04 03:25:28",9.45264356563925,0,8.4485277394823,0
"2018-05-04 03:26:29",3.1436335249182,0,9.35022185298813,0
"2018-05-04 03:27:29",2.64189695032659,0,11.0746369539651,0
"2018-05-04 03:28:29",1.88463009660986,0,8.39221486417215,0
"2018-05-04 03:29:29",7.10218001263846,0,14.6139201808171,0
"2018-05-04 03:30:29",1.91626898253266,0,8.8164671448037,0
"2018-05-04 03:31:29",1.98938344732603,0,11.326291922811,0
"2018-05-04 03:32:29",2.21284359669484,0,9.80773282354061,0
"2018-05-04 03:33:29",2.64543797533544,0,13.4659275258261,0
"2018-05-04 03:34:29",4.38089187826661,0,23.8005375888718,0
"2018-05-04 03:35:29",1.76962108895365,0,26.5085494804454,0
"2018-05-04 03:36:29",2.09630475011221,0,8.98559691150357,0
"2018-05-04 03:37:29",1.61186648188647,0,12.2148362298247,0
"2018-05-04 03:38:29",2.04487592433106,0,10.1264277817531,0
"2018-05-04 03:39:29",2.05688609131489,0,10.305346411719,0
"2018-05-04 03:40:29",5.57073174652764,0,17.7098614652346,0
"2018-05-04 03:41:29",1.65197428682793,0,9.60868726214293,0
"2018-05-04 03:42:29",1.45906208104004,0,11.9590579008791,0
"2018-05-04 03:43:29",1.65274710598709,0,9.44416084093564,0
"2018-05-04 03:44:29",2.31108789354618,0,11.6743027510053,0
"2018-05-04 03:45:29",3.81909830159515,0,18.5235880292567,0
"2018-05-04 03:46:29",2.61931766527602,0,23.7124962940971,0
"2018-05-04 03:47:29",3.11780721213235,0,12.9287707427513,0
"2018-05-04 03:48:29",2.59278658198416,0,13.6820458356187,0
"2018-05-04 03:49:29",2.06475757319551,0,12.6733509992869,0
"2018-05-04 03:50:30",1.45654470578502,0,12.4218532540896,0
"2018-05-04 03:51:30",4.04532435303214,0,28.1407684445852,0
"2018-05-04 03:52:30",1.80895497729819,0,14.1091614287767,0
"2018-05-04 03:53:30",1.17615176361,0,12.6547903300306,0
"2018-05-04 03:54:30",1.40593950344633,0,12.7726981501844,0
"2018-05-04 03:55:30",1.42814004526071,0,12.9096105427771,0
"2018-05-04 03:56:30",7.58336864111969,0,32.4157100806391,0
"2018-05-04 03:57:30",5.14313644663893,0,27.8638923489593,0
"2018-05-04 03:58:30",2.89042387467749,0,14.7519752865524,0
"2018-05-04 03:59:30",2.69331127415704,0,23.0935751114335,0
"2018-05-04 04:00:30",5.59429359238235,0,14.7159948649489,0
"2018-05-04 04:01:30",6.26330982431427,0,16.6445520073948,0
"2018-05-04 04:02:30",6.9924076888277,0,22.8740491780503,0
"2018-05-04 04:03:30",3.31406365778044,0,15.4414687511539,0
"2018-05-04 04:04:30",3.35631270836613,0,12.8574897052278,0
"2018-05-04 04:05:30",2.61964642696724,0,13.5260098415793,0
"2018-05-04 04:06:30",3.63548478762965,0,13.2182226200615,0
"2018-05-04 04:07:30",8.09280797790764,0,22.8732153324141,0
"2018-05-04 04:08:30",7.39047244395222,0,28.0479473669324,0
"2018-05-04 04:09:30",5.15695454369344,0,16.2561032009908,0
"2018-05-04 04:10:30",3.3013000273965,0,18.5770269390436,0
"2018-05-04 04:11:30",3.2429596277498,0,18.2034780920221,0
"2018-05-04 04:12:30",4.98485030795762,0,19.7896121337208,0
"2018-05-04 04:13:31",6.60020980042788,0,31.6491430011536,0
"2018-05-04 04:14:31",8.67768965449686,0,22.8208023936787,0
"2018-05-04 04:15:31",2.85100360777711,0,17.9352131642936,0
"2018-05-04 04:16:31",5.57854198753085,0,16.9839681994655,0
"2018-05-04 04:17:31",2.76305849512349,0,15.3301649440315,0
"2018-05-04 04:18:31",2.99599214956596,0,15.0295504747711,0
"2018-05-04 04:19:31",5.03869783991523,0,22.2953805267286,0
"2018-05-04 04:20:31",3.45852413882352,0,13.8794353149214,0
"2018-05-04 04:21:31",5.66395365330132,0,16.7650487555139,0
"2018-05-04 04:22:31",3.52704246050193,0,12.8487622623393,0
"2018-05-04 04:23:31",2.7461938470372,0,15.5627460549528,0
"2018-05-04 04:24:31",3.29245394687413,0,28.152905660893,0
"2018-05-04 04:25:31",3.46028132323924,0,24.9796503678639,0
"2018-05-04 04:26:31",4.72349837022622,0,14.8862358028234,0
"2018-05-04 04:27:31",4.10390930806081,0,14.5110347483996,0
"2018-05-04 04:28:31",3.435198499318,0,12.09674572738,0
"2018-05-04 04:29:31",3.32906608373544,0,16.3534415308298,0
"2018-05-04 04:30:31",4.26459413037721,0,17.6720901474437,0
"2018-05-04 04:31:31",3.46294099981483,0,16.7738244482438,0
"2018-05-04 04:32:31",2.27657798433337,0,13.2776388699531,0
"2018-05-04 04:33:31",2.29030304209864,0,13.4149674713194,0
"2018-05-04 04:34:31",4.53151018453903,0,14.4707197564236,0
"2018-05-04 04:35:31",2.29488514218152,0,20.4983066806655,0
"2018-05-04 04:36:31",1.94557569924225,0,16.6405623198285,0
"2018-05-04 04:37:32",2.35927488064105,0,13.5923497139605,0
"2018-05-04 04:38:32",2.48840007441297,0,15.649231077877,0
"2018-05-04 04:39:32",3.67913181948543,0,13.9144481578039,0
"2018-05-04 04:40:32",3.36349391254117,0,30.4565903292496,0
"2018-05-04 04:41:32",4.77708310008456,0,25.0240655565546,0
"2018-05-04 04:42:32",3.39704980882901,0,15.7292779796212,0
"2018-05-04 04:43:32",3.56646203399266,0,13.4914576004903,0
"2018-05-04 04:44:32",2.76420078202812,0,14.1863889856877,0
"2018-05-04 04:45:32",3.03927523313685,0,12.5427452626012,0
"2018-05-04 04:46:32",7.28342734526069,0,17.4610839074088,0
"2018-05-04 04:47:32",7.15450453383986,0,20.651054842964,0
"2018-05-04 04:48:32",1.71325946388155,0,15.9125955870981,0
"2018-05-04 04:49:32",1.8434805734334,0,17.9703677589699,0
"2018-05-04 04:50:32",2.17078537779154,0,15.5818251663189,0
"2018-05-04 04:51:32",2.54635590669847,0,21.036825679127,0
"2018-05-04 04:52:32",3.98829542472054,0,30.8698589020948,0
"2018-05-04 04:53:32",2.00176640047846,0,158.479492915197,0
"2018-05-04 04:54:32",35.5667458454435,0,58.8951188801916,0
"2018-05-04 04:55:32",1.60387654186831,0,40.0499961540773,0
"2018-05-04 04:56:32",4.26226594026499,0,139.921269578602,0
"2018-05-04 04:57:32",5.26493909236839,0,20.2387628785389,0
"2018-05-04 04:58:32",3.90624693703243,0,16.2768782403396,0
"2018-05-04 04:59:32",3.64903701562689,0,17.8492637447646,0
"2018-05-04 05:00:33",3.79192366882386,0,16.357131041379,0
"2018-05-04 05:01:33",3.27153233465297,0,14.2782516101031,0
"2018-05-04 05:02:33",2.9861487873884,0,21.8022192407555,0
"2018-05-04 05:03:33",3.28560602298134,0,14.5284806293294,0
"2018-05-04 05:04:33",2.56655464466395,0,15.0443925944388,0
"2018-05-04 05:05:33",4.14802952430518,0,14.0205165466507,0
"2018-05-04 05:06:33",5.89461058957402,0,83.1670854860377,0
"2018-05-04 05:07:33",6.77965212200677,0,25.0841780523806,0
"2018-05-04 05:08:33",5.95519468349174,0,21.8781093864206,0
"2018-05-04 05:09:33",10.81654217295,0,23.3012850555234,0
"2018-05-04 05:10:33",13.0341078339893,0,17.4405088863144,0
"2018-05-04 05:11:33",4.68332106325917,0,15.9399503969249,0
"2018-05-04 05:12:33",4.70392113114067,0,16.3026378843157,0
"2018-05-04 05:13:33",7.14304085433136,0,25.664560048483,0
"2018-05-04 05:14:33",3.50575470330206,0,17.9407701631689,0
"2018-05-04 05:15:33",3.51802972979883,0,17.345901658396,0
"2018-05-04 05:16:33",4.60244644604298,0,17.5239460506636,0
"2018-05-04 05:17:33",4.57108864773771,0,16.3332335949352,0
"2018-05-04 05:18:33",3.82860361679311,0,22.8218149454881,0
"2018-05-04 05:19:33",3.91872217849548,0,33.7200186641827,0
"2018-05-04 05:20:33",3.25394592585977,0,13.0850051216047,0
"2018-05-04 05:21:33",3.66929831538044,0,15.2531186320875,0
"2018-05-04 05:22:33",5.86570773420906,0,12.6829566352155,0
"2018-05-04 05:23:33",6.3867596559763,0,12.7998195171244,0
"2018-05-04 05:24:34",8.74564894872032,0,19.9334852150798,0
"2018-05-04 05:25:34",6.17997755347945,0,14.7257838255034,0
"2018-05-04 05:26:34",10.2203192411532,0,11.5316879660956,0
"2018-05-04 05:27:34",4.95114735101621,0,11.8828703202156,0
"2018-05-04 05:28:34",3.52083593780612,0,13.5065828602521,0
"2018-05-04 05:29:34",3.54765949078215,0,21.5217755372257,0
"2018-05-04 05:30:34",1.83152099927363,0,23.094791429171,0
"2018-05-04 05:31:34",3.31822252306241,0,14.9610964116688,0
"2018-05-04 05:32:34",3.95056505089966,0,19.886814743438,0
"2018-05-04 05:33:34",4.17620852356932,0,12.1449183151652,0
"2018-05-04 05:34:34",5.36344310242782,0,12.5863055016816,0
"2018-05-04 05:35:34",6.3946521609516,0,38.264773737841,0
"2018-05-04 05:36:34",3.85420327915095,0,13.974272227231,0
"2018-05-04 05:37:34",3.29762051016559,0,11.3131575461181,0
"2018-05-04 05:38:34",3.91210502785184,0,11.7240378292559,0
"2018-05-04 05:39:34",4.2017389195721,0,11.6200381524791,0
"2018-05-04 05:40:34",6.3816555289345,0,14.4328037703329,0
"2018-05-04 05:41:34",5.50628944548035,0,21.3053379431104,0
"2018-05-04 05:42:34",4.36917585431174,0,10.0646572470555,0
"2018-05-04 05:43:34",4.43002273680599,0,13.14596316612,0
"2018-05-04 05:44:34",5.46857622690551,0,13.2723661859617,0
"2018-05-04 05:45:34",4.46525165184358,0,21.1504698713943,0
"2018-05-04 05:46:34",7.20195247635204,0,31.9595004138971,0
"2018-05-04 05:47:34",4.42569199649867,0,15.8425406668294,0
"2018-05-04 05:48:34",2.42313344735126,0,14.5761865508222,0
"2018-05-04 05:49:34",2.57571937491648,0,15.1128873584992,0
"2018-05-04 05:50:34",3.55040242966469,0,14.8352567686651,0
"2018-05-04 05:51:35",2.77451409357918,0,14.5623347394523,0
"2018-05-04 05:52:35",3.83829346406758,0,23.1560766779972,0
"2018-05-04 05:53:35",2.96452602228139,0,12.8799850208092,0
"2018-05-04 05:54:35",3.20306681857428,0,15.6507904905004,0
"2018-05-04 05:55:35",3.26070054525188,0,13.4629888412715,0
"2018-05-04 05:56:35",23.7158972409916,0,135.285796513453,0
"2018-05-04 05:57:35",7.92693883823168,0,26.0388682627654,0
"2018-05-04 05:58:35",5.09470265168491,0,49.2736870756861,0
"2018-05-04 05:59:35",4.84299276433768,0,14.3395707495025,0
"2018-05-04 06:00:35",4.50830561125055,0,18.0909789308149,0
"2018-05-04 06:01:35",2.64719623444151,0,13.9081101389415,0
"2018-05-04 06:02:35",3.33902607170531,0,12.5151770732424,0
"2018-05-04 06:03:35",5.66173632907151,0,22.6200914072777,0
"2018-05-04 06:04:35",2.59140957844977,0,12.2985828846178,0
"2018-05-04 06:05:35",2.22721286160389,0,11.8692787916593,0
"2018-05-04 06:06:35",4.60121353802825,0,13.2587167097917,0
"2018-05-04 06:07:35",3.56887327731127,0,13.9763003550632,0
"2018-05-04 06:08:35",5.94743324607481,0,23.2905591967428,0
"2018-05-04 06:09:35",6.28011583971082,0,19.6683861895782,0
"2018-05-04 06:10:35",6.42990826154732,0,15.8900200481313,0
"2018-05-04 06:11:35",3.39540210889544,0,51.524364667647,0
"2018-05-04 06:12:35",3.82392002827859,0,20.3961212831232,0
"2018-05-04 06:13:35",3.73244897336731,0,18.5579523214031,0
"2018-05-04 06:14:35",2.86584581982384,0,18.5208435770578,0
"2018-05-04 06:15:35",3.16631822001515,0,17.488979244148,0
"2018-05-04 06:16:35",2.86264502473114,0,17.8493964540476,0
"2018-05-04 06:17:36",3.22820516442577,0,15.6178405388626,0
"2018-05-04 06:18:36",3.20292400832588,0,14.7071057254313,0
"2018-05-04 06:19:36",4.59339259021276,0,21.0965483599876,0
"2018-05-04 06:20:36",7.0913822219061,0,28.9298386961943,0
"2018-05-04 06:21:36",2.22336838529915,0,14.4566654884098,0
"2018-05-04 06:22:36",2.97935631146645,0,14.6518601655367,0
"2018-05-04 06:23:36",2.57123383983267,0,14.6938203041435,0
"2018-05-04 06:24:36",2.058420869697,0,15.18972066553,0
"2018-05-04 06:25:36",1.80434960892194,0,29.3761908953493,0
"2018-05-04 06:26:36",3.62809195764344,0,14.3989742887767,0
"2018-05-04 06:27:36",2.8466938414921,0,12.5928074099161,0
"2018-05-04 06:28:36",4.43682898996288,0,12.6966713926309,0
"2018-05-04 06:29:36",1.80683549241063,0,11.5441764535211,0
"2018-05-04 06:30:36",7.24582287646531,0,23.7214585126401,0
"2018-05-04 06:31:36",2.44211843861736,0,24.148164026059,0
"2018-05-04 06:32:36",1.3957637952849,0,15.7241911016017,0
"2018-05-04 06:33:36",1.87763405817316,0,17.5423818742266,0
"2018-05-04 06:34:36",1.42983746662348,0,11.0741862087646,0
"2018-05-04 06:35:36",1.98718538194601,0,18.1122168643406,0
"2018-05-04 06:36:36",4.95692550525011,0,25.4066957763384,0
"2018-05-04 06:37:36",2.29161394292332,0,18.2300644915511,0
"2018-05-04 06:38:36",2.76142246672169,0,13.1066296151229,0
"2018-05-04 06:39:36",2.59830686068276,0,16.1180747959457,0
"2018-05-04 06:40:36",1.84031721101558,0,12.3081283935091,0
"2018-05-04 06:41:36",3.50479353364821,0,16.2393796634288,0
"2018-05-04 06:42:36",3.42803285480129,0,22.7860513119946,0
"2018-05-04 06:43:37",2.34356805993845,0,14.5546154615955,0
"2018-05-04 06:44:37",1.57401149305186,0,17.2758431459397,0
"2018-05-04 06:45:37",1.73569201456735,0,13.8098314581238,0
"2018-05-04 06:46:37",1.57689917850356,0,14.1825511910332,0
"2018-05-04 06:47:37",2.97799958827483,0,24.0806477412658,0
"2018-05-04 06:48:37",1.40871102006447,0,21.8753177386233,0
"2018-05-04 06:49:37",1.62135059953679,0,16.2191674435791,0
"2018-05-04 06:50:37",1.90638542895356,0,27.3609328430509,0
"2018-05-04 06:51:37",1.41118791843925,0,17.6175466465714,0
"2018-05-04 06:52:37",1.55022818112928,0,20.2768772219584,0
"2018-05-04 06:53:37",4.16503939911687,0,25.522769077392,0
"2018-05-04 06:54:37",2.41493389821208,0,20.7179169731659,0
"2018-05-04 06:55:37",1.6116929426296,0,17.5487197971647,0
"2018-05-04 06:56:37",1.69875114405301,0,39.7664351682069,0
"2018-05-04 06:57:37",7.69103010813065,0,28.1528271637432,0
"2018-05-04 06:58:37",4.05891444128858,0,18.5437225667454,0
"2018-05-04 06:59:37",3.52431296659834,0,21.6413150410357,0
"2018-05-04 07:00:37",2.99039778342482,0,15.2369608995212,0
"2018-05-04 07:01:37",2.82130196401024,0,15.936738381742,0
"2018-05-04 07:02:37",5.45575616465404,0,23.4089038072759,0
"2018-05-04 07:03:37",8.19769340512806,0,37.6517327894436,0
"2018-05-04 07:04:37",3.17427989398625,0,12.6949284383089,0
"2018-05-04 07:05:37",2.110966478133,0,14.8902199972806,0
"2018-05-04 07:06:38",2.16191103546441,0,15.1821574392537,0
"2018-05-04 07:07:38",4.10381153859201,0,15.1433785418916,0
"2018-05-04 07:08:38",4.54589959979249,0,33.1688983125523,0
"2018-05-04 07:09:38",4.84966964315896,0,18.0658076157141,0
"2018-05-04 07:10:38",4.89840057731279,0,14.5832306921165,0
"2018-05-04 07:11:38",2.67031587198832,0,17.4374374122262,0
"2018-05-04 07:12:38",3.7004172100537,0,15.4178844533122,0
"2018-05-04 07:13:38",3.53752965961156,0,12.0563097220416,0
"2018-05-04 07:14:38",3.62771180320478,0,25.0099572878696,0
"2018-05-04 07:15:38",2.49752432688718,0,15.7734826382478,0
"2018-05-04 07:16:38",5.18337195052315,0,21.4950172887658,0
"2018-05-04 07:17:38",3.38390231204483,0,15.4037302640585,0
"2018-05-04 07:18:38",2.3457955702322,0,15.0955725641018,0
"2018-05-04 07:19:38",3.77616183847384,0,24.7320573596693,0
"2018-05-04 07:20:38",2.49869323127884,0,16.2469225345504,0
"2018-05-04 07:21:38",2.38384620679441,0,13.5710043195734,0
"2018-05-04 07:22:38",2.84703468430537,0,11.2403252643759,0
"2018-05-04 07:23:38",3.26887931734965,0,10.7325541279573,0
"2018-05-04 07:24:38",4.7407143369115,0,10.8654449463084,0
"2018-05-04 07:25:38",4.60874246629666,0,21.9632553882987,0
"2018-05-04 07:26:38",3.45453703137788,0,10.9794540708605,0
"2018-05-04 07:27:38",2.53473540688866,0,12.77947439012,0
"2018-05-04 07:28:39",2.10394683350611,0,12.8737333620713,0
"2018-05-04 07:29:39",2.53989315903065,0,16.0197913367791,0
"2018-05-04 07:30:39",5.551347310962,0,20.2538741869646,0
"2018-05-04 07:31:39",4.46428757898126,0,14.552653922773,0
"2018-05-04 07:32:39",5.28728387787174,0,10.140546631043,0
"2018-05-04 07:33:39",5.26135167113487,0,12.4034706829942,0
"2018-05-04 07:34:39",5.33530547183795,0,11.7412486918587,0
"2018-05-04 07:35:39",5.5082079226923,0,10.0671293628939,0
"2018-05-04 07:36:39",9.05994472993232,0,16.3757232176425,0
"2018-05-04 07:37:39",5.15748762655794,0,11.0864210053949,0
"2018-05-04 07:38:39",5.78267901022225,0,11.661776828802,0
"2018-05-04 07:39:39",4.94025766049988,0,9.70463438309019,0
"2018-05-04 07:40:39",5.33483682144427,0,11.8883325135698,0
"2018-05-04 07:41:39",6.26814665821476,0,19.8425638274639,0
"2018-05-04 07:42:39",6.52198498222327,0,21.0951544986724,0
"2018-05-04 07:43:39",5.33204771042326,0,10.2766500073292,0
"2018-05-04 07:44:39",4.9097680091462,0,12.0608897835595,0
"2018-05-04 07:45:39",5.94785297141461,0,9.82530143373295,0
"2018-05-04 07:46:39",5.25257671838042,0,10.8860664700051,0
"2018-05-04 07:47:39",6.03158989482451,0,38.3632097853777,0
"2018-05-04 07:48:39",5.0139127365365,0,16.763236167143,0
"2018-05-04 07:49:39",3.35275432738754,0,19.7487899813609,0
"2018-05-04 07:50:39",4.65369371311221,0,17.3399975806442,0
"2018-05-04 07:51:39",3.44317419517318,0,22.5897483248124,0
"2018-05-04 07:52:40",8.22168889087226,0,32.8052871606751,0
"2018-05-04 07:53:40",6.49590966428264,0,22.7458067913192,0
"2018-05-04 07:54:40",4.55088542728526,0,19.845707997,0
"2018-05-04 07:55:40",6.21962539004218,0,21.8714425645644,0
"2018-05-04 07:56:40",4.62395845895681,0,19.7865355095908,0
"2018-05-04 07:57:40",16.8821647026579,0,128.730909778636,0
"2018-05-04 07:58:40",6.98132889428127,0,50.2540562469114,0
"2018-05-04 07:59:40",2.56794836537017,0,24.5988658966434,0
"2018-05-04 08:00:40",3.45305327423417,0,22.7437613215835,0
"2018-05-04 08:01:40",2.04689858019679,0,22.8797723782664,0
"2018-05-04 08:02:40",2.26017198388622,0,21.5972299894121,0
"2018-05-04 08:03:40",3.48421207655558,0,24.5321113381006,0
"2018-05-04 08:04:40",3.33286921364877,0,31.6201915062341,0
"2018-05-04 08:05:40",2.05450750195467,0,18.6914685622538,0
"2018-05-04 08:06:40",2.9579701092084,0,21.7483908086047,0
"2018-05-04 08:07:40",4.03044899955855,0,15.8609470785114,0
"2018-05-04 08:08:40",3.48566729226419,0,23.059348238585,0
"2018-05-04 08:09:40",5.85848862423778,0,29.8802442231429,0
"2018-05-04 08:10:40",7.31108761635451,0,17.8262296792179,0
"2018-05-04 08:11:40",6.1820807765072,0,17.7540059399791,0
"2018-05-04 08:12:40",5.3129903355508,0,18.6243268871793,0
"2018-05-04 08:13:40",4.12852381116265,0,20.7421115137333,0
"2018-05-04 08:14:40",3.52828268221889,0,18.9496675781797,0
"2018-05-04 08:15:40",4.01558503760035,0,28.7982782592836,0
"2018-05-04 08:16:40",4.86586371346038,0,15.6868438702948,0
"2018-05-04 08:17:40",2.694562918667,0,20.2729580950325,0
"2018-05-04 08:18:40",4.31731577869976,0,14.2177940180642,0
"2018-05-04 08:19:40",3.00657696177826,0,17.5134843995914,0
"2018-05-04 08:20:41",3.91752388603356,0,29.7976052298317,0
"2018-05-04 08:21:41",5.07851328493626,0,23.9241047022975,0
"2018-05-04 08:22:41",3.66583877087075,0,15.8887630090671,0
"2018-05-04 08:23:41",2.08894091315171,0,18.5010466582972,0
"2018-05-04 08:24:41",6.36177978630622,0,19.478927298239,0
"2018-05-04 08:25:41",4.4483511696826,0,19.0021152569789,0
"2018-05-04 08:26:41",3.26874064611902,0,24.7470029515109,0
"2018-05-04 08:27:41",1.94812708701239,0,17.096264512022,0
"2018-05-04 08:28:41",1.28835211444833,0,18.9525554345844,0
"2018-05-04 08:29:41",2.98366205615636,0,13.2482409865781,0
"2018-05-04 08:30:41",2.76611592974238,0,17.5135164819331,0
"2018-05-04 08:31:41",3.58097077723067,0,22.2240765940191,0
"2018-05-04 08:32:41",3.9944070875152,0,18.5097642030083,0
"2018-05-04 08:33:41",2.4141830774678,0,13.3012317270346,0
"2018-05-04 08:34:41",3.22706857742386,0,19.7730536030634,0
"2018-05-04 08:35:41",2.35292167501712,0,15.3043925106774,0
"2018-05-04 08:36:41",2.96723689824258,0,16.9796788726327,0
"2018-05-04 08:37:41",3.77220874484577,0,27.5318078272708,0
"2018-05-04 08:38:41",2.6759368260148,0,18.1183486736975,0
"2018-05-04 08:39:41",1.95345481468069,0,13.3419210931395,0
"2018-05-04 08:40:41",2.94173942210978,0,14.6994107096525,0
"2018-05-04 08:41:41",1.81462295507881,0,14.071313580508,0
"2018-05-04 08:42:41",4.30097595003505,0,20.0104839772549,0
"2018-05-04 08:43:41",3.86429557306624,0,26.3268608573534,0
"2018-05-04 08:44:41",2.65526569240192,0,11.8721149753054,0
"2018-05-04 08:45:41",3.45809936776672,0,17.9259788603295,0
"2018-05-04 08:46:42",8.4491950987478,0,12.3639725964059,0
"2018-05-04 08:47:42",3.03628282545185,0,17.3935444996215,0
"2018-05-04 08:48:42",5.57753989256655,0,25.6367045970375,0
"2018-05-04 08:49:42",2.87429454478513,0,17.2228739492099,0
"2018-05-04 08:50:42",1.91828066907097,0,15.0112524714184,0
"2018-05-04 08:51:42",2.2118881940774,0,18.0711316559224,0
"2018-05-04 08:52:42",2.35348434304826,0,15.4538104839862,0
"2018-05-04 08:53:42",6.68542584466712,0,26.7097726068949,0
"2018-05-04 08:54:42",4.20521116709781,0,26.7581456225119,0
"2018-05-04 08:55:42",2.57061833906333,0,34.9909800711088,0
"2018-05-04 08:56:42",2.03936188299736,0,34.7484375179627,0
"2018-05-04 08:57:42",1.93229993933622,0,33.1330094718262,0
"2018-05-04 08:58:42",5.89985520420628,0,31.6524426350355,0
"2018-05-04 08:59:42",4.30512076903144,0,14.630525528065,0
"2018-05-04 09:00:42",6.20426131786186,0,21.1958452214594,0
"2018-05-04 09:01:42",5.87043284493791,0,14.417112568611,0
"2018-05-04 09:02:42",6.26276750874121,0,13.3937540343541,0
"2018-05-04 09:03:42",5.53784317066183,0,20.2296869396308,0
"2018-05-04 09:04:42",4.84244234160209,0,12.6045293116425,0
"2018-05-04 09:05:42",3.56609497746966,0,8.9448804862964,0
"2018-05-04 09:06:42",4.39413420289281,0,10.9804379550557,0
"2018-05-04 09:07:42",3.62101078292719,0,9.47655831209322,0
"2018-05-04 09:08:43",7.00673407237505,0,10.3452889572869,0
"2018-05-04 09:09:43",6.24480425008271,0,17.5154213032491,0
"2018-05-04 09:10:43",9.76081751523056,0,8.81109357258608,0
"2018-05-04 09:11:43",8.11215710908949,0,11.812792892647,0
"2018-05-04 09:12:43",5.75813214424409,0,6.66619436847997,0
"2018-05-04 09:13:43",6.70956413869187,0,15.1460694822702,0
"2018-05-04 09:14:43",5.97351211162073,0,21.4614871344348,0
"2018-05-04 09:15:43",7.51849858298515,0,8.7392325986754,0
"2018-05-04 09:16:43",4.81470560179811,0,17.5409090194704,0
"2018-05-04 09:17:43",6.21938581952718,0,25.5957183501194,0
"2018-05-04 09:18:43",4.42296107512388,0,13.3830593193134,0
"2018-05-04 09:19:43",4.47993545659032,0,10.3666308480385,0
"2018-05-04 09:20:43",5.46436292356681,0,11.4993644092626,0
"2018-05-04 09:21:43",5.77547284538756,0,9.15144393633854,0
"2018-05-04 09:22:43",10.1729257405688,0,24.789756338156,0
"2018-05-04 09:23:43",5.3311246726601,0,10.8568469227239,0
"2018-05-04 09:24:43",3.41665725819905,0,12.9499925087419,0
"2018-05-04 09:25:43",3.21683332281434,0,9.82411283423382,0
"2018-05-04 09:26:43",2.67068946080119,0,11.0780522551927,0
"2018-05-04 09:27:43",3.67430611234342,0,14.8438079083598,0
"2018-05-04 09:28:43",6.04830448941756,0,19.5873902081116,0
"2018-05-04 09:29:43",3.99514607256494,0,8.96573770532071,0
"2018-05-04 09:30:44",4.02680917756744,0,8.81600233862146,0
"2018-05-04 09:31:44",3.75079906982297,0,9.73170065498676,0
"2018-05-04 09:32:44",4.75038516349266,0,8.66527742516511,0
"2018-05-04 09:33:44",5.93044838299927,0,21.2679469185298,0
"2018-05-04 09:34:44",5.1082743281554,0,8.76974495733398,0
"2018-05-04 09:35:44",3.5858051067775,0,16.1352773545238,0
"2018-05-04 09:36:44",4.31498045774636,0,13.2516931151201,0
"2018-05-04 09:37:44",3.09791624552839,0,12.1431112117881,0
"2018-05-04 09:38:44",3.17207148715797,0,8.72897932963493,0
"2018-05-04 09:39:44",5.90674942054802,0,17.9815727995026,0
"2018-05-04 09:40:44",3.80839513240089,0,10.1299499802485,0
"2018-05-04 09:41:44",2.90757288762513,0,10.0831052390902,0
"2018-05-04 09:42:44",3.54457889404774,0,11.1818691851555,0
"2018-05-04 09:43:44",3.26045918819247,0,10.3612381152788,0
"2018-05-04 09:44:44",3.6165964850104,0,24.0401409219272,0
"2018-05-04 09:45:44",3.6690616156634,0,15.1337694104955,0
"2018-05-04 09:46:44",3.11581694407117,0,10.1090806193436,0
"2018-05-04 09:47:44",3.11230524530959,0,8.60254757188334,0
"2018-05-04 09:48:44",3.47236117626352,0,15.5846345707242,0
"2018-05-04 09:49:44",2.31458822661142,0,12.2358454854179,0
"2018-05-04 09:50:44",2.20054983801409,0,19.5260445219671,0
"2018-05-04 09:51:44",2.75014469350236,0,11.3659603585181,0
"2018-05-04 09:52:44",2.58249286455547,0,13.0512701777527,0
"2018-05-04 09:53:44",2.69094541494285,0,11.5751675180772,0
"2018-05-04 09:54:44",2.2851757337993,0,15.3193767210684,0
"2018-05-04 09:55:44",4.75259182515241,0,24.7370822503974,0
"2018-05-04 09:56:45",4.81612300534015,0,19.3801879693165,0
"2018-05-04 09:57:45",40.7345516345745,0,32.0420972430372,0
"2018-05-04 09:58:45",6.13381013700262,0,44.2394900298223,0
"2018-05-04 09:59:45",2.99995291540902,0,18.00651317024,0
"2018-05-04 10:00:45",3.94684913400219,0,14.0501711449708,0
"2018-05-04 10:01:45",3.56410617060776,0,28.6321989569749,0
"2018-05-04 10:02:45",3.61948968534608,0,15.2165124608323,0
"2018-05-04 10:03:45",4.08041139940866,0,15.9664312216212,0
"2018-05-04 10:04:45",3.30098727837238,0,10.1190819915153,0
"2018-05-04 10:05:45",2.1348176877367,0,12.436853615914,0
"2018-05-04 10:06:45",7.76453589805982,0,24.862538390794,0
"2018-05-04 10:07:45",5.34824625272193,0,19.5981056606649,0
"2018-05-04 10:08:45",3.64403520206222,0,10.7909929650103,0
"2018-05-04 10:09:45",3.60551914745558,0,12.8816797403098,0
"2018-05-04 10:10:45",5.14556949418298,0,12.7003878186275,0
"2018-05-04 10:11:45",5.49706407365359,0,10.3812483631729,0
"2018-05-04 10:12:45",7.1097802111919,0,33.3078556922568,0
"2018-05-04 10:13:45",3.29791513024291,0,13.0630824031862,0
"2018-05-04 10:14:45",3.61067586899503,0,17.8830336061609,0
"2018-05-04 10:15:46",3.71794909080514,0,14.8672536500847,0
"2018-05-04 10:16:46",3.01744307764544,0,169.23617626476,0
"2018-05-04 10:17:46",6.00382490487926,0,28.408116669288,0
"2018-05-04 10:18:46",5.67517344594475,0,24.0758125937347,0
"2018-05-04 10:19:46",3.363366090018,0,11.1680590212978,0
"2018-05-04 10:20:46",3.3931466039261,0,14.3508262872863,0
"2018-05-04 10:21:46",1.99075176312002,0,12.517134578295,0
"2018-05-04 10:22:46",2.33290298445398,0,14.4868925653929,0
"2018-05-04 10:23:46",3.51543299827853,0,24.7570474520604,0
"2018-05-04 10:24:46",7.26354624389914,0,20.7960150192859,0
"2018-05-04 10:25:46",3.51442936284502,0,19.7856519065253,0
"2018-05-04 10:26:46",2.40677330816854,0,11.4280902627304,0
"2018-05-04 10:27:46",2.16440791546351,0,15.5858519240214,0
"2018-05-04 10:28:46",4.60206059490331,0,13.0941898680404,0
"2018-05-04 10:29:46",4.94950107956776,0,67.1132864022473,0
"2018-05-04 10:30:46",3.57508747136445,0,9.23983422214156,0
"2018-05-04 10:31:46",1.40463612951888,0,13.5483892080137,0
"2018-05-04 10:32:46",2.34805951600863,0,10.6444066854307,0
"2018-05-04 10:33:46",2.0895010870216,0,13.1416376810198,0
"2018-05-04 10:34:46",3.47867941171478,0,22.2441933241583,0
"2018-05-04 10:35:46",2.27914199846361,0,16.9118855197698,0
"2018-05-04 10:36:46",1.78769992316366,0,10.8154842252709,0
"2018-05-04 10:37:46",0.817163632924184,0,10.9794215691153,0
"2018-05-04 10:38:46",1.53930456392999,0,15.9731240276,0
"2018-05-04 10:39:46",2.12959980232295,0,12.9900942253568,0
"2018-05-04 10:40:46",3.34456722185037,0,18.9772577569771,0
"2018-05-04 10:41:47",2.52735230156583,0,9.93326204078618,0
"2018-05-04 10:42:47",1.7093601278553,0,134.729628340774,0
"2018-05-04 10:43:47",2.48628511869933,0,10.0959158832253,0
"2018-05-04 10:44:47",1.48483915131817,0,13.8647336450951,0
"2018-05-04 10:45:47",2.93166973799167,0,20.7157991312438,0
"2018-05-04 10:46:47",3.57379257918853,0,22.3589681880571,0
"2018-05-04 10:47:47",2.14335917585767,0,11.6628036714489,0
"2018-05-04 10:48:47",2.15145363271497,0,13.5080115318386,0
"2018-05-04 10:49:47",1.8658106491596,0,15.1689088176379,0
"2018-05-04 10:50:47",1.52207850501931,0,13.875179300056,0
"2018-05-04 10:51:47",3.10467520185886,0,19.2706957921645,0
"2018-05-04 10:52:47",1.29407818034805,0,12.7117153287462,0
"2018-05-04 10:53:47",1.61302009410983,0,17.1855184298527,0
"2018-05-04 10:54:47",2.20868324828758,0,12.9338787888349,0
"2018-05-04 10:55:47",1.92548203624455,0,208.159915383148,1
"2018-05-04 10:56:47",2.14055919005239,0,21.6789778712343,0
"2018-05-04 10:57:47",2.21434035482148,0,38.347361580078,0
"2018-05-04 10:58:47",33.285681203003,0,163.712283024642,0
"2018-05-04 10:59:47",8.36802422343158,0,21.5222677035619,0
"2018-05-04 11:00:47",5.15244554658963,0,19.9759917934891,0
"2018-05-04 11:01:47",4.19341269278859,0,20.3759895014342,0
"2018-05-04 11:02:47",4.18263318238434,0,29.7862497774361,0
"2018-05-04 11:03:47",4.31953915684637,0,17.2475955179435,0
"2018-05-04 11:04:48",2.81256415086245,0,17.2450993569762,0
"2018-05-04 11:05:48",7.49307714128492,0,41.2683413694295,0
"2018-05-04 11:06:48",3.46823922647715,0,17.7276837347897,0
"2018-05-04 11:07:48",2.66188355230928,0,14.7378649735206,0
"2018-05-04 11:08:48",6.8456717876841,0,24.0270847683851,0
"2018-05-04 11:09:48",5.77362814649229,0,20.9675049923018,0
"2018-05-04 11:10:48",5.11691469849122,0,13.6759327189314,0
"2018-05-04 11:11:48",4.26840104085433,0,18.1114559942096,0
"2018-05-04 11:12:48",15.4452823252663,0,25.7352356582266,0
"2018-05-04 11:13:48",3.98167872804942,0,18.4969159757199,0
"2018-05-04 11:14:48",2.80156060521735,0,15.5225188787403,0
"2018-05-04 11:15:48",6.60518037958286,0,24.304357139133,0
"2018-05-04 11:16:48",4.8597800899108,0,13.9519916079823,0
"2018-05-04 11:17:48",3.37942564238548,0,13.5853652176544,0
"2018-05-04 11:18:48",6.59985503525344,0,24.3838651524981,0
"2018-05-04 11:19:48",15.0295265474209,0,27.1436224244243,0
"2018-05-04 11:20:48",2.28817016564458,0,19.9114860031402,0
"2018-05-04 11:21:48",1.4510917820217,0,20.7493934920701,0
"2018-05-04 11:22:48",4.9299569880564,0,20.7273226371967,0
"2018-05-04 11:23:48",3.5293594069706,0,13.6751348440353,0
"2018-05-04 11:24:48",7.39286763399346,0,19.9967265887935,0
"2018-05-04 11:25:48",11.4700537068307,0,27.589966387783,0
"2018-05-04 11:26:48",7.04254240391277,0,14.8007528675818,0
"2018-05-04 11:27:48",3.65211265785488,0,13.7947522418043,0
"2018-05-04 11:28:48",16.4646840077392,0,34.280318254829,0
"2018-05-04 11:29:49",8.59992747549401,0,15.2789261355697,0
"2018-05-04 11:30:49",2.46952295661717,0,12.0618067229661,0
"2018-05-04 11:31:49",3.94739851522265,0,11.2457621823194,0
"2018-05-04 11:32:49",4.15648505958633,0,24.569490764536,0
"2018-05-04 11:33:49",6.1074277151597,0,11.6605290120619,0
"2018-05-04 11:34:49",7.90026036184589,0,14.1496924031111,0
"2018-05-04 11:35:49",8.89540466757352,0,18.1745072465164,0
"2018-05-04 11:36:49",7.74692345998959,0,10.2084780817761,0
"2018-05-04 11:37:49",6.04296084693691,0,9.5628215250673,0
"2018-05-04 11:38:49",4.36891654804166,0,22.7785664452252,0
"2018-05-04 11:39:49",6.45290599543258,0,10.7638653941464,0
"2018-05-04 11:40:49",4.86747368726964,0,17.6134592499744,0
"2018-05-04 11:41:49",11.8932804383289,0,17.9509860486898,0
"2018-05-04 11:42:49",10.1375340220016,0,22.9038824770357,0
"2018-05-04 11:43:49",10.5693566577047,0,12.0495790835801,0
"2018-05-04 11:44:49",6.1294391193002,0,11.0900514376941,0
"2018-05-04 11:45:49",5.93651227863946,0,19.559912393294,0
"2018-05-04 11:46:49",6.06011487281662,0,9.71609112867196,0
"2018-05-04 11:47:49",5.22464987306485,0,15.5582744156786,0
"2018-05-04 11:48:49",7.11490981347798,0,42.2732642097161,0
"2018-05-04 11:49:49",5.00587317315201,0,22.8024660099121,0
"2018-05-04 11:50:50",4.69833377874867,0,14.1541524770715,0
"2018-05-04 11:51:50",13.2173069871514,0,27.4828715911813,0
"2018-05-04 11:52:50",5.27312148170437,0,31.1886184496069,0
"2018-05-04 11:53:50",7.22223144754824,0,13.0716018024095,0
"2018-05-04 11:54:50",4.8436563959904,0,14.5302936657081,0
"2018-05-04 11:55:50",7.21530154937945,0,17.0099435351084,0
"2018-05-04 11:56:50",7.52527542106724,0,14.8915595738235,0
"2018-05-04 11:57:50",4.62320048255792,0,16.2394295944244,0
"2018-05-04 11:58:50",8.28602027890783,0,41.7114337084596,0
"2018-05-04 11:59:50",6.95218224493732,0,26.3940320380294,0
"2018-05-04 12:00:50",5.87742568765792,0,18.4521986772105,0
"2018-05-04 12:01:50",4.28227147870777,0,18.3740235788362,0
"2018-05-04 12:02:50",3.94502392380625,0,13.489166873522,0
"2018-05-04 12:03:50",3.74442066792587,0,10.7266063240434,0
"2018-05-04 12:04:50",6.53761698625755,0,20.3224997544272,0
"2018-05-04 12:05:50",4.31560261224657,0,16.9325292100398,0
"2018-05-04 12:06:50",4.83991699333358,0,13.4590660127434,0
"2018-05-04 12:07:50",4.15343236846036,0,8.52907125208755,0
"2018-05-04 12:08:50",3.67887388038023,0,14.531887925771,0
"2018-05-04 12:09:50",5.387019291845,0,7.84863319549143,0
"2018-05-04 12:10:50",9.42065071598862,0,21.5355201527462,0
"2018-05-04 12:11:50",4.99022869399254,0,8.51304421025919,0
"2018-05-04 12:12:50",6.52010652245253,0,10.2277892530242,0
"2018-05-04 12:13:50",3.60724882333064,0,9.71089932617636,0
"2018-05-04 12:14:50",3.9800636609906,0,11.0991135498597,0
"2018-05-04 12:15:50",7.71002411357622,0,25.1375186483018,0
"2018-05-04 12:16:50",5.04801415024802,0,21.9351589071834,0
"2018-05-04 12:17:50",2.27220819969059,0,11.5296953565733,0
"2018-05-04 12:18:50",3.50550784663184,0,9.35280416962691,0
"2018-05-04 12:19:51",3.44142110043655,0,15.0636921012242,0
"2018-05-04 12:20:51",3.89035182333878,0,8.69459623773397,0
"2018-05-04 12:21:51",3.63118138599473,0,30.4432592501399,0
"2018-05-04 12:22:51",5.51206792678265,0,9.14930757199196,0
"2018-05-04 12:23:51",4.49245749175382,0,13.0190377482831,0
"2018-05-04 12:24:51",3.97418736961292,0,9.0617758756201,0
"2018-05-04 12:25:51",1.99643088883642,0,11.819424753387,0
"2018-05-04 12:26:51",2.11024970366545,0,9.53685068893319,0
"2018-05-04 12:27:51",4.04739583608233,0,18.9245365426688,0
"2018-05-04 12:28:51",2.42700333220073,0,9.53249754772568,0
"2018-05-04 12:29:51",3.35042289421904,0,7.0673107495453,0
"2018-05-04 12:30:51",1.89615381844955,0,13.809393679703,0
"2018-05-04 12:31:51",1.9558748438304,0,7.3892833143301,0
"2018-05-04 12:32:51",3.39831072969464,0,20.3969709717886,0
"2018-05-04 12:33:51",3.78885870181128,0,7.36875460676473,0
"2018-05-04 12:34:51",2.74410968223981,0,30.2789402737553,0
"2018-05-04 12:35:51",3.39038872596435,0,7.61719491767246,0
"2018-05-04 12:36:51",2.61095704194827,0,11.0735159934233,0
"2018-05-04 12:37:51",2.48616702921097,0,8.53634865055746,0
"2018-05-04 12:38:51",5.78905984009024,0,17.3975393378601,0
"2018-05-04 12:39:51",2.31255164411486,0,7.3030196135081,0
"2018-05-04 12:40:51",4.12451819276761,0,7.94456056081805,0
"2018-05-04 12:41:51",2.49507794657466,0,8.14604522965614,0
"2018-05-04 12:42:52",2.81960447930586,0,9.1276593557374,0
"2018-05-04 12:43:52",4.11538273515751,0,22.7148051132129,0
"2018-05-04 12:44:52",4.55209549022384,0,9.04277957994403,0
"2018-05-04 12:45:52",4.77811860302368,0,9.23321259951131,0
"2018-05-04 12:46:52",3.15389411797795,0,9.44885980930439,0
"2018-05-04 12:47:52",5.17881550226652,0,15.0924831965483,0
"2018-05-04 12:48:52",3.40594200904369,0,8.36342536537814,0
"2018-05-04 12:49:52",9.77149428387819,0,14.8133724550591,0
"2018-05-04 12:50:52",3.23015194361429,0,9.24663935214516,0
"2018-05-04 12:51:52",2.98851607629855,0,10.9856401800777,0
"2018-05-04 12:52:52",2.73288052016648,0,10.346158002537,0
"2018-05-04 12:53:52",2.75803467769542,0,11.9148730998439,0
"2018-05-04 12:54:52",2.51434364205869,0,21.1840726677102,0
"2018-05-04 12:55:52",7.02571383451641,0,23.2918707959161,0
"2018-05-04 12:56:52",3.5493109941891,0,12.4363692928135,0
"2018-05-04 12:57:52",2.96581831346678,0,11.4931842210061,0
"2018-05-04 12:58:52",4.04064669293523,0,15.8509190878528,0
"2018-05-04 12:59:52",19.919704757388,0,122.523396866694,0
"2018-05-04 13:00:52",9.34493020514497,0,17.787506868591,0
"2018-05-04 13:01:52",6.62200824880825,0,10.846337664674,0
"2018-05-04 13:02:52",5.8851427385479,0,11.9753331864835,0
"2018-05-04 13:03:52",6.69224341468441,0,7.92468120023842,0
"2018-05-04 13:04:53",5.03378468127516,0,11.578243692654,0
"2018-05-04 13:05:53",4.55175400895485,0,15.1258533155444,0
"2018-05-04 13:06:53",7.32241361762561,0,22.3335979469088,0
"2018-05-04 13:07:53",5.23453407074114,0,8.64143520330934,0
"2018-05-04 13:08:53",4.60032093764687,0,8.62422594086672,0
"2018-05-04 13:09:53",7.72181141067833,0,13.8270444612842,0
"2018-05-04 13:10:53",8.74649789894256,0,10.1257771702946,0
"2018-05-04 13:11:53",8.36702584685034,0,26.750260527436,0
"2018-05-04 13:12:53",9.44857245169035,0,12.3873635982183,0
"2018-05-04 13:13:53",10.0953568527162,0,16.5545471263031,0
"2018-05-04 13:14:53",7.72995016569447,0,7.00447291869382,0
"2018-05-04 13:15:53",7.36260345326941,0,12.3929161213419,0
"2018-05-04 13:16:53",6.96287263606315,0,6.94038726305341,0
"2018-05-04 13:17:53",9.3144820418681,0,17.3593363631761,0
"2018-05-04 13:18:53",6.08682633280577,0,7.12417089731798,0
"2018-05-04 13:19:53",5.41114986693263,0,12.210901734624,0
"2018-05-04 13:20:53",6.20064375630801,0,9.2271463442838,0
"2018-05-04 13:21:53",4.7015093623264,0,11.1803062842486,0
"2018-05-04 13:22:53",4.55805274722711,0,25.7708680925829,0
"2018-05-04 13:23:53",3.97117421199182,0,11.6171031168473,0
"2018-05-04 13:24:53",4.19595929821822,0,15.3483404118051,0
"2018-05-04 13:25:53",7.3025634759162,0,7.89649643961429,0
"2018-05-04 13:26:53",6.44362031076701,0,13.3667492915656,0
"2018-05-04 13:27:54",6.05447922622288,0,6.89105139420234,0
"2018-05-04 13:28:54",11.1944835621729,0,18.0786012761437,0
"2018-05-04 13:29:54",5.61250659136309,0,5.7016216649441,0
"2018-05-04 13:30:54",4.37773302814728,0,7.94965111590047,0
"2018-05-04 13:31:54",4.09387987916256,0,8.3310302701909,0
"2018-05-04 13:32:54",4.62583750991064,0,7.84659615751124,0
"2018-05-04 13:33:54",8.5217833128441,0,18.112752131911,0
"2018-05-04 13:34:54",6.57288075541145,0,30.0474483686916,0
"2018-05-04 13:35:54",6.27076512394269,0,8.23783539069766,0
"2018-05-04 13:36:54",4.18393740470093,0,6.79492963956274,0
"2018-05-04 13:37:54",4.25051391944785,0,10.1015352124823,0
"2018-05-04 13:38:54",7.61937669609777,0,7.45515174848544,0
"2018-05-04 13:39:54",5.80551068110592,0,22.6291029531586,0
"2018-05-04 13:40:54",5.48035605985088,0,11.8392815333756,0
"2018-05-04 13:41:54",4.3180139625596,0,11.8061760049355,0
"2018-05-04 13:42:54",5.64607052020857,0,8.73017889727072,0
"2018-05-04 13:43:54",2.54515984621693,0,8.58270571974906,0
"2018-05-04 13:44:54",5.33549685465425,0,20.664780168084,0
"2018-05-04 13:45:54",8.79716093216262,0,25.6973311868838,0
"2018-05-04 13:46:54",3.96661723871696,0,9.91890301351682,0
"2018-05-04 13:47:54",4.19270948838856,0,8.8397884844181,0
"2018-05-04 13:48:54",3.5222634602327,0,9.34915630393238,0
"2018-05-04 13:49:54",3.09618373679629,0,9.48376063831489,0
"2018-05-04 13:50:54",3.05385754793132,0,18.6081673910944,0
"2018-05-04 13:51:54",3.12074455541138,0,10.4351126636651,0
"2018-05-04 13:52:55",2.52850610912631,0,15.7929163162764,0
"2018-05-04 13:53:55",2.33091345046475,0,10.4378570229771,0
"2018-05-04 13:54:55",3.66981569017416,0,13.3746142947095,0
"2018-05-04 13:55:55",2.14195091612082,0,11.4549634502789,0
"2018-05-04 13:56:55",3.37313708487896,0,23.7164598486499,0
"2018-05-04 13:57:55",2.52691212444644,0,10.706204028704,0
"2018-05-04 13:58:55",2.4680422910647,0,14.0314364324675,0
"2018-05-04 13:59:55",12.4650902106396,0,37.7589993096295,0
"2018-05-04 14:00:55",8.17040488036665,0,26.4873866664081,0
"2018-05-04 14:01:55",4.3945142779972,0,16.6624092080568,0
"2018-05-04 14:02:55",2.47601708148387,0,14.3148416392574,0
"2018-05-04 14:03:55",1.9881600971946,0,15.8168720296083,0
"2018-05-04 14:04:55",2.99166465589287,0,9.84991844253432,0
"2018-05-04 14:05:55",6.17232966318373,0,36.8906526104091,0
"2018-05-04 14:06:55",2.88893701721368,0,6.95046753039932,0
"2018-05-04 14:07:55",2.68332905236617,0,11.7070399337555,0
"2018-05-04 14:08:55",2.78685455924358,0,7.29026622732263,0
"2018-05-04 14:09:55",4.66101507487742,0,7.98344922449366,0
"2018-05-04 14:10:55",4.92253579494232,0,9.19189710621134,0
"2018-05-04 14:11:55",6.59875369945116,0,22.1449406733788,0
"2018-05-04 14:12:55",5.15946264411998,0,8.85718930070422,0
"2018-05-04 14:13:55",6.05609316901953,0,8.75972492646737,0
"2018-05-04 14:14:55",3.89262489285612,0,9.6612943286473,0
"2018-05-04 14:15:56",3.27441966276199,0,8.55557144853126,0
"2018-05-04 14:16:56",3.40685290552308,0,24.8805425758657,0
"2018-05-04 14:17:56",4.11349398917561,0,10.3603242528313,0
"2018-05-04 14:18:56",4.92495588745191,0,11.6272114879629,0
"2018-05-04 14:19:56",2.07378611593856,0,8.60024296658902,0
"2018-05-04 14:20:56",3.37814131701011,0,8.85113593021147,0
"2018-05-04 14:21:56",3.61875668879734,0,7.43159745180752,0
"2018-05-04 14:22:56",2.09392257803446,0,13.9797898394829,0
"2018-05-04 14:23:56",1.45754071477792,0,7.33973825904543,0
"2018-05-04 14:24:56",1.8031629985406,0,7.63597206169535,0
"2018-05-04 14:25:56",1.80447497620862,0,8.79538689490905,0
"2018-05-04 14:26:56",1.65587836683774,0,10.3651629241986,0
"2018-05-04 14:27:56",4.1143575063631,0,18.1543912630325,0
"2018-05-04 14:28:56",4.39927413046687,0,14.7141026451913,0
"2018-05-04 14:29:56",2.61595029012641,0,6.71717712200689,0
"2018-05-04 14:30:56",1.80141944957441,0,6.35364781784684,0
"2018-05-04 14:31:56",2.67177668818218,0,11.8824561466666,0
"2018-05-04 14:32:56",3.04427430253633,0,4.5754437712186,0
"2018-05-04 14:33:56",2.12356995183777,0,34.1414182503786,0
"2018-05-04 14:34:56",1.60935233849212,0,5.6824826428823,0
"2018-05-04 14:35:56",2.53860885682127,0,6.07255827463389,0
"2018-05-04 14:36:56",2.62215851252177,0,4.95554262943852,0
"2018-05-04 14:37:56",3.34243377631861,0,6.85375588800087,0
"2018-05-04 14:38:56",2.47681011209218,0,15.4583923333868,0
"2018-05-04 14:39:57",3.25459703431394,0,21.8598979245873,0
"2018-05-04 14:40:57",2.39514732985754,0,7.04513964870384,0
"2018-05-04 14:41:57",2.32799016449866,0,8.16782716820764,0
"2018-05-04 14:42:57",2.09576461321563,0,7.99305639464148,0
"2018-05-04 14:43:57",3.38899528376668,0,5.55069169432102,0
"2018-05-04 14:44:57",7.56362622771172,0,19.8889178123939,0
"2018-05-04 14:45:57",1.67246398547799,0,14.0311993787253,0
"2018-05-04 14:46:57",2.22388994503849,0,7.87696359725771,0
"2018-05-04 14:47:57",2.39991631822754,0,11.7650635584389,0
"2018-05-04 14:48:57",2.31096561000224,0,9.52212617611983,0
"2018-05-04 14:49:57",6.89929974109711,0,20.7848863927626,0
"2018-05-04 14:50:57",5.81212168638522,0,18.9767230084078,0
"2018-05-04 14:51:57",1.24786189690461,0,8.67656271652612,0
"2018-05-04 14:52:57",1.28190821597729,0,9.92607795712883,0
"2018-05-04 14:53:57",2.2788090113574,0,11.0332457197159,0
"2018-05-04 14:54:57",2.56694619825302,0,11.7856145345149,0
"2018-05-04 14:55:57",2.50295679267675,0,25.6803329369023,0
"2018-05-04 14:56:57",2.46515868960492,0,10.1171774680777,0
"2018-05-04 14:57:57",2.78253877636125,0,12.9284823604341,0
"2018-05-04 14:58:57",1.63988518060833,0,24.1816213953415,0
"2018-05-04 14:59:57",3.11459187486375,0,32.8486363197341,0
"2018-05-04 15:00:57",12.3455630879132,0,15.4038278674733,0
"2018-05-04 15:01:57",6.41300300254485,0,14.3025991958546,0
"2018-05-04 15:02:57",5.9150818751661,0,9.37044500281051,0
"2018-05-04 15:03:58",5.31148743247812,0,9.13624368137493,0
"2018-05-04 15:04:58",4.7006599731237,0,9.93039291526257,0
"2018-05-04 15:05:58",3.30605629486524,0,22.9486921768251,0
"2018-05-04 15:06:58",6.00166282938552,0,17.7598059798261,0
"2018-05-04 15:07:58",3.27548277897209,0,8.12835078224806,0
"2018-05-04 15:08:58",3.54091534303329,0,13.1386124151086,0
"2018-05-04 15:09:58",5.05106199342739,0,8.61297262626718,0
"2018-05-04 15:10:58",6.71600679229214,0,17.7764657575416,0
"2018-05-04 15:11:58",13.5037563974097,0,23.7791721430581,0
"2018-05-04 15:12:58",4.02986857017886,0,15.5966393068387,0
"2018-05-04 15:13:58",6.58473781925136,0,12.8599866404203,0
"2018-05-04 15:14:58",5.29292253356842,0,10.825601918215,0
"2018-05-04 15:15:58",7.229439951626,0,8.04592124962436,0
"2018-05-04 15:16:58",5.80297327984866,0,18.7802426311637,0
"2018-05-04 15:17:58",10.2221028166476,0,23.5885113318539,0
"2018-05-04 15:18:58",12.425906206339,0,10.9139371977174,0
"2018-05-04 15:19:58",4.82812288467102,0,8.5912948190677,0
"2018-05-04 15:20:58",5.687920015566,0,9.8897986628854,0
"2018-05-04 15:21:58",3.68836160531385,0,15.1909873160487,0
"2018-05-04 15:22:58",3.95433634246453,0,24.2391617769388,0
"2018-05-04 15:23:58",2.20674218875166,0,19.8657137860074,0
"2018-05-04 15:24:58",7.10946837157192,0,8.03971900544197,0
"2018-05-04 15:25:58",2.85453668003341,0,9.43825926375674,0
"2018-05-04 15:26:58",4.59737282617138,0,6.32478828261675,0
"2018-05-04 15:27:58",2.53817836429997,0,11.2312071021568,0
"2018-05-04 15:28:58",4.26557285430022,0,20.2525944387314,0
"2018-05-04 15:29:59",2.5655771319346,0,14.3776463809528,0
"2018-05-04 15:30:59",3.1173229047975,0,7.93170875954961,0
"2018-05-04 15:31:59",3.77937205633219,0,8.36584505539098,0
"2018-05-04 15:32:59",3.41587069529568,0,9.85776340513699,0
"2018-05-04 15:33:59",3.9934821520676,0,25.5581360338045,0
"2018-05-04 15:34:59",2.20000382694303,0,20.8845327875118,0
"2018-05-04 15:35:59",3.11101778519934,0,9.15024544841958,0
"2018-05-04 15:36:59",3.61040756879247,0,14.5182727121358,0
"2018-05-04 15:37:59",3.0950728591437,0,9.92242993514173,0
"2018-05-04 15:38:59",3.06917643466867,0,12.9480126876797,0
"2018-05-04 15:39:59",7.8142030390613,0,17.2972258067986,0
"2018-05-04 15:40:59",3.9541733921775,0,12.6804178712799,0
"2018-05-04 15:41:59",3.50773925860307,0,8.62786426131347,0
"2018-05-04 15:42:59",3.14102425500751,0,12.0331087097618,0
"2018-05-04 15:43:59",3.58327309173632,0,10.2724117469067,0
"2018-05-04 15:44:59",3.23889372425218,0,21.3649450918504,0
"2018-05-04 15:45:59",5.56580748538146,0,24.6078766572398,0
"2018-05-04 15:46:59",2.70034839553359,0,10.4864346221297,0
"2018-05-04 15:47:59",2.75518634470142,0,14.3056480846452,0
"2018-05-04 15:48:59",4.43176325461232,0,12.1473061982189,0
"2018-05-04 15:50:00",3.10341136960625,0,20.9619675050117,0
"2018-05-04 15:51:00",4.26373971908411,0,15.7649718251071,0
"2018-05-04 15:52:00",3.3005993170676,0,13.9900456951914,0
"2018-05-04 15:53:00",2.19351736079472,0,12.0288827003348,0
"2018-05-04 15:54:00",3.06392857095183,0,15.2952723052031,0
"2018-05-04 15:55:00",2.37041370346121,0,13.4487175840706,0
"2018-05-04 15:56:00",3.54816986152126,0,29.3159591594409,0
"2018-05-04 15:57:00",8.96350249609281,0,23.1663739320517,0
"2018-05-04 15:58:00",2.85930745801272,0,15.5311410702707,0
"2018-05-04 15:59:00",2.84453766662172,0,15.960360157507,0
"2018-05-04 16:00:00",2.8031053109134,0,15.3526989529294,0
"2018-05-04 16:01:00",8.47382560978681,0,129.912875902356,0
"2018-05-04 16:02:00",6.33331753663655,0,23.1172997218902,0
"2018-05-04 16:03:00",5.89098443992679,0,23.7428790925609,0
"2018-05-04 16:04:00",2.72181316710724,0,18.607755728493,0
"2018-05-04 16:05:00",3.51304980542047,0,14.4774864352248,0
"2018-05-04 16:06:00",3.24677183755901,0,12.0938180297684,0
"2018-05-04 16:07:00",5.11841670842126,0,28.2349437049739,0
"2018-05-04 16:08:00",3.29627131045726,0,9.63240599103637,0
"2018-05-04 16:09:00",3.85644717266905,0,11.2422795328327,0
"2018-05-04 16:10:00",2.97677843851131,0,8.45203864505211,0
"2018-05-04 16:11:00",4.60409602444797,0,9.24975733379349,0
"2018-05-04 16:12:00",12.114463882025,0,24.2168258963722,0
"2018-05-04 16:13:01",5.36107248814893,0,18.3982212695303,0
"2018-05-04 16:14:01",5.01186293851042,0,10.8487254084011,0
"2018-05-04 16:15:01",7.74579816921155,0,13.8788222168186,0
"2018-05-04 16:16:01",4.11970354430643,0,11.4027028497809,0
"2018-05-04 16:17:01",2.98571719708896,0,12.380778729032,0
"2018-05-04 16:18:01",8.48523536683945,0,19.5541648616249,0
"2018-05-04 16:19:01",3.34266456985051,0,10.4470055378386,0
"2018-05-04 16:20:01",2.05385776831138,0,10.5406699992866,0
"2018-05-04 16:21:01",3.00976403738216,0,7.54937290228743,0
"2018-05-04 16:22:01",3.78909827949119,0,8.33955404827416,0
"2018-05-04 16:23:01",6.28216659626814,0,18.817382729242,0
"2018-05-04 16:24:01",3.93433114843415,0,23.1816139181953,0
"2018-05-04 16:25:01",1.71773798972852,0,8.46578752202904,0
"2018-05-04 16:26:01",2.04065481718372,0,8.73042808722843,0
"2018-05-04 16:27:01",2.63478257143528,0,11.9838306814838,0
"2018-05-04 16:28:01",2.11452231081522,0,8.67719497814803,0
"2018-05-04 16:29:01",3.332468475925,0,27.7099574010969,0
"2018-05-04 16:30:01",4.18962926291742,0,12.4541127573339,0
"2018-05-04 16:31:01",2.50785608240675,0,11.8471270058608,0
"2018-05-04 16:32:01",2.446126006913,0,5.05377360570743,0
"2018-05-04 16:33:01",2.96972103662142,0,6.48177771382137,0
"2018-05-04 16:34:01",2.24825690326133,0,7.62154678342675,0
"2018-05-04 16:35:01",4.44893978262653,0,12.8145074915032,0
"2018-05-04 16:36:02",1.89862744249425,0,7.29631893433929,0
"2018-05-04 16:37:02",2.39828559313554,0,9.33030307754693,0
"2018-05-04 16:38:02",2.77323522555686,0,5.95302242715812,0
"2018-05-04 16:39:02",2.06504322476586,0,8.66315290454562,0
"2018-05-04 16:40:02",4.03041049882379,0,20.9969332307546,0
"2018-05-04 16:41:02",3.64880948899816,0,10.2912786996428,0
"2018-05-04 16:42:02",2.518431813438,0,9.9272077613419,0
"2018-05-04 16:43:02",3.12774208106376,0,7.13834238410005,0
"2018-05-04 16:44:02",2.48562331284019,0,7.38336461631819,0
"2018-05-04 16:45:02",2.23551434958706,0,5.554528960457,0
"2018-05-04 16:46:02",6.62361216827003,0,12.5924830019407,0
"2018-05-04 16:47:02",4.16249188746784,0,9.34376195292254,0
"2018-05-04 16:48:02",2.17458048975803,0,11.3903385702309,0
"2018-05-04 16:49:02",4.15257641996833,0,11.0305157801751,0
"2018-05-04 16:50:02",2.78608481270213,0,10.5317390646788,0
"2018-05-04 16:51:02",3.77618739207289,0,15.4549258747572,0
"2018-05-04 16:52:02",2.98824183408643,0,16.9478373831835,0
"2018-05-04 16:53:02",2.36395276587655,0,9.46797793421523,0
"2018-05-04 16:54:02",1.83321145863965,0,8.01628002640842,0
"2018-05-04 16:55:02",3.14080952643969,0,14.3636306994006,0
"2018-05-04 16:56:03",2.68335338831016,0,9.84452472873145,0
"2018-05-04 16:57:03",3.57628864580432,0,13.5603594716391,0
"2018-05-04 16:58:03",1.84590477580414,0,9.94871478685408,0
"2018-05-04 16:59:03",2.36104961398035,0,12.4260106090509,0
"2018-05-04 17:00:03",4.78793521134886,0,13.4190063339073,0
"2018-05-04 17:01:03",2.96491651639906,0,30.7342287529129,0
"2018-05-04 17:02:03",8.89309135090097,0,22.4367941091124,0
"2018-05-04 17:03:03",5.05684412923596,0,10.5470353133099,0
"2018-05-04 17:04:03",4.13701378581738,0,9.14243770788628,0
"2018-05-04 17:05:03",4.04394249866268,0,10.3491373695575,0
"2018-05-04 17:06:03",2.97606729095321,0,9.6978976725543,0
"2018-05-04 17:07:03",3.54031426204229,0,19.9748706510339,0
"2018-05-04 17:08:03",3.77617759882653,0,15.4411020393168,0
"2018-05-04 17:09:03",3.6627599286366,0,11.192441764592,0
"2018-05-04 17:10:03",2.02099382830009,0,6.99717362587896,0
"2018-05-04 17:11:03",4.4185997998002,0,9.80436158767201,0
"2018-05-04 17:12:03",5.08645086989027,0,10.5956010958812,0
"2018-05-04 17:13:03",6.83951118475871,0,16.3341301104115,0
"2018-05-04 17:14:03",7.39218903877475,0,12.1515366726739,0
"2018-05-04 17:15:03",6.77236939061214,0,16.8912827874491,0
"2018-05-04 17:16:04",4.25926165619232,0,9.11404579506891,0
"2018-05-04 17:17:04",4.85130002135867,0,10.5573009943672,0
"2018-05-04 17:18:04",4.59330097958527,0,23.1208521234002,0
"2018-05-04 17:19:04",5.92483007629051,0,18.9850919079058,0
"2018-05-04 17:20:04",2.70533217946727,0,11.7738883424626,0
"2018-05-04 17:21:04",2.91100119180054,0,14.6166198383578,0
"2018-05-04 17:22:04",5.95920269142245,0,8.03709570400274,0
"2018-05-04 17:23:04",3.29049229621302,0,10.733488894504,0
"2018-05-04 17:24:04",3.51028263369748,0,10.3832148570133,0
"2018-05-04 17:25:04",2.44700385249253,0,11.3074609474002,0
"2018-05-04 17:26:04",2.37113793993568,0,8.29233931415209,0
"2018-05-04 17:27:04",3.30745168511666,0,14.8663072587565,0
"2018-05-04 17:28:04",2.52716312033735,0,9.36218826207821,0
"2018-05-04 17:29:04",2.52117711611109,0,14.9404806372526,0
"2018-05-04 17:30:04",4.37959521800719,0,18.3465586440972,0
"2018-05-04 17:31:04",4.15605891726854,0,13.7119187506584,0
"2018-05-04 17:32:04",3.75707969151573,0,9.51408152238745,0
"2018-05-04 17:33:04",3.49150131178369,0,7.87067859363866,0
"2018-05-04 17:34:04",2.29522170828004,0,11.7564475161208,0
"2018-05-04 17:35:04",4.00154087788354,0,13.8274552505799,0
"2018-05-04 17:36:05",2.20665138107711,0,10.5350004163569,0
"2018-05-04 17:37:05",1.78317265025131,0,10.1110630269662,0
"2018-05-04 17:38:05",1.57675717532525,0,9.18963027124116,0
"2018-05-04 17:39:05",3.1212323906259,0,6.77649749304172,0
"2018-05-04 17:40:05",1.39659724218259,0,7.38936957161421,0
"2018-05-04 17:41:05",3.47838461855271,0,14.1995754754823,0
"2018-05-04 17:42:05",1.67526356432775,0,8.87597444278645,0
"2018-05-04 17:43:05",1.37769429734889,0,9.92051149758644,0
"2018-05-04 17:44:05",1.8473690749734,0,6.61997090184091,0
"2018-05-04 17:45:05",1.97283488670969,0,8.33054164537828,0
"2018-05-04 17:46:05",1.88648963536283,0,23.5112112670951,0
"2018-05-04 17:47:05",2.07861887787708,0,17.4636395794433,0
"2018-05-04 17:48:05",2.74788993489652,0,7.6814153621067,0
"2018-05-04 17:49:05",1.55643589773972,0,7.44300996627272,0
"2018-05-04 17:50:05",2.35036942134087,0,8.64753585255059,0
"2018-05-04 17:51:05",2.51335970664846,0,9.9468866576221,0
"2018-05-04 17:52:05",5.82772994120747,0,19.4121717969414,0
"2018-05-04 17:53:05",1.6749899346972,0,8.9588336372967,0
"2018-05-04 17:54:05",0.788232971817438,0,9.07599901053166,0
"2018-05-04 17:55:05",2.39530020871959,0,9.25261120430183,0
"2018-05-04 17:56:05",1.4013902196806,0,10.1244595249231,0
"2018-05-04 17:57:05",1.95128464929947,0,20.637921017678,0
"2018-05-04 17:58:05",7.78609007935148,0,24.4274200811617,0
"2018-05-04 17:59:05",1.65008621944168,0,10.2697770049575,0
"2018-05-04 18:00:06",2.40720108489792,0,13.8429033359944,0
"2018-05-04 18:01:06",2.93558792049476,0,9.96404775485238,0
"2018-05-04 18:02:06",19.3971666825059,0,108.240439136566,0
"2018-05-04 18:03:06",3.3750365447563,0,16.3539467343509,0
"2018-05-04 18:04:06",3.46709710608407,0,10.4132477511381,0
"2018-05-04 18:05:06",3.9064150256004,0,9.87855342507019,0
"2018-05-04 18:06:06",3.7250823418607,0,9.4124878381087,0
"2018-05-04 18:07:06",1.74509026252254,0,10.1438163252266,0
"2018-05-04 18:08:06",2.12954099908588,0,21.4544883014455,0
"2018-05-04 18:09:06",7.04138416249897,0,20.0983491839197,0
"2018-05-04 18:10:06",2.09648570009104,0,7.86830161149944,0
"2018-05-04 18:11:06",1.86261671353562,0,7.45804141218324,0
"2018-05-04 18:12:06",3.69671167818208,0,7.24879340490473,0
"2018-05-04 18:13:06",2.91253078773089,0,12.0250956444239,0
"2018-05-04 18:14:06",6.78423497149016,0,21.1937909061523,0
"2018-05-04 18:15:06",7.16125605385492,0,10.8721968875593,0
"2018-05-04 18:16:06",3.56428316021872,0,12.9353042799198,0
"2018-05-04 18:17:06",3.91347194657019,0,11.5497906606701,0
"2018-05-04 18:18:06",2.94200020846133,0,8.8969054527255,0
"2018-05-04 18:19:06",4.61267875244229,0,9.94897164038237,0
"2018-05-04 18:20:06",3.72393215071985,0,18.642321931929,0
"2018-05-04 18:21:06",2.62909876143346,0,9.32826514994556,0
"2018-05-04 18:22:07",3.46663813644959,0,7.81615683455553,0
"2018-05-04 18:23:07",3.09247484261446,0,7.18650780333931,0
"2018-05-04 18:24:07",3.49716420328815,0,8.83751366917383,0
"2018-05-04 18:25:07",3.58142415510292,0,16.5197359233162,0
"2018-05-04 18:26:07",1.58719476163465,0,12.5006438095992,0
"2018-05-04 18:27:07",2.00156686506038,0,12.7342168296947,0
"2018-05-04 18:28:07",2.49629915926253,0,9.24889399217763,0
"2018-05-04 18:29:07",2.67815620103373,0,8.99049239345131,0
"2018-05-04 18:30:07",1.80768656096637,0,10.0212948650175,0
"2018-05-04 18:31:07",3.60670522469476,0,18.2145915453469,0
"2018-05-04 18:32:07",3.34160296914884,0,6.1708485620166,0
"2018-05-04 18:33:07",1.82842468405198,0,9.22913384206007,0
"2018-05-04 18:34:07",2.14099827638237,0,8.53698650889417,0
"2018-05-04 18:35:07",1.74649989470741,0,6.40742469946096,0
"2018-05-04 18:36:07",1.47946508123413,0,20.8659408378753,0
"2018-05-04 18:37:07",1.78892890759776,0,8.76630909306929,0
"2018-05-04 18:38:07",2.34232316848299,0,9.4745232054853,0
"2018-05-04 18:39:07",3.56165835364589,0,31.7430117913269,0
"2018-05-04 18:40:07",3.01962882822548,0,6.1965023179106,0
"2018-05-04 18:41:07",1.58358779724468,0,161.758958219378,0
"2018-05-04 18:42:07",4.4837673690169,0,14.9833767576952,0
"2018-05-04 18:43:07",3.06934612249419,0,8.49082153644112,0
"2018-05-04 18:44:07",2.43033878099906,0,9.49589087867099,0
"2018-05-04 18:45:08",6.24529282854243,0,46.8571661822636,0
"2018-05-04 18:46:08",2.76708028620014,0,11.5048488078145,0
"2018-05-04 18:47:08",2.33047683418906,0,22.742835234201,0
"2018-05-04 18:48:08",3.70281835606229,0,12.3378793338386,0
"2018-05-04 18:49:08",3.20511224113581,0,9.89095893308056,0
"2018-05-04 18:50:08",2.28500603957778,0,10.1602108320638,0
"2018-05-04 18:51:08",2.41753841476548,0,9.55803144631326,0
"2018-05-04 18:52:08",3.67161026423395,0,14.3448089357401,0
"2018-05-04 18:53:08",4.00709536821843,0,12.5633693993003,0
"2018-05-04 18:54:08",5.7950454641897,0,12.2575369157892,0
"2018-05-04 18:55:08",3.3690813212092,0,10.9013699173038,0
"2018-05-04 18:56:08",2.98902826901427,0,13.3976468815449,0
"2018-05-04 18:57:08",3.15498508707708,0,11.3994025146632,0
"2018-05-04 18:58:08",2.76520749147325,0,23.0136511663516,0
"2018-05-04 18:59:08",3.60693558808162,0,16.8415317921194,0
"2018-05-04 19:00:08",2.73325229488146,0,30.9657476633552,0
"2018-05-04 19:01:08",2.17746572189783,0,30.6197478764459,0
"2018-05-04 19:02:08",58.1031724423192,1,167.836705649732,0
"2018-05-04 19:03:08",5.72450897649786,0,24.2546015459767,0
"2018-05-04 19:04:08",4.4676835393373,0,10.3380520079405,0
"2018-05-04 19:05:08",3.16342788486628,0,13.2178423678943,0
"2018-05-04 19:06:08",4.23101371454258,0,9.31810077750204,0
"2018-05-04 19:07:08",2.42298185750317,0,200.188830883134,1
"2018-05-04 19:08:08",4.9573350568056,0,21.7964334602652,0
"2018-05-04 19:09:08",1.7266734618186,0,6.41384060013797,0
"2018-05-04 19:10:09",1.98506124157446,0,7.58386443101187,0
"2018-05-04 19:11:09",2.5133259208343,0,6.34650279152384,0
"2018-05-04 19:12:09",3.81919027081665,0,7.06813832820446,0
"2018-05-04 19:13:09",6.43153332347642,0,14.1930710281648,0
"2018-05-04 19:14:09",6.68366787980143,0,16.3356643641421,0
"2018-05-04 19:15:09",4.13192546753903,0,10.795277837067,0
"2018-05-04 19:16:09",7.18493613221133,0,11.703840849626,0
"2018-05-04 19:17:09",3.04466134115458,0,7.01729018671026,0
"2018-05-04 19:18:09",4.01750646646755,0,11.474747686698,0
"2018-05-04 19:19:09",4.42134085505727,0,20.5373506034006,0
"2018-05-04 19:20:09",2.55212867966638,0,38.5439680252116,0
"2018-05-04 19:21:09",3.32393463660848,0,8.06507133810448,0
"2018-05-04 19:22:09",3.46647863788773,0,8.49394306420313,0
"2018-05-04 19:23:09",3.13196867828018,0,8.31120574023787,0
"2018-05-04 19:24:09",1.60828729148473,0,11.7917686498123,0
"2018-05-04 19:25:09",3.94991239936572,0,16.3580992640031,0
"2018-05-04 19:26:09",2.36000816574483,0,7.73824721515037,0
"2018-05-04 19:27:09",2.4573195664017,0,10.7529477576824,0
"2018-05-04 19:28:09",2.06909441037111,0,8.39289089201056,0
"2018-05-04 19:29:09",3.38312830763048,0,6.84287645775663,0
"2018-05-04 19:30:09",3.91493291980342,0,17.170434283902,0
"2018-05-04 19:31:09",2.64971988116138,0,10.8944852791706,0
"2018-05-04 19:32:09",3.37613366619475,0,7.04705940418509,0
"2018-05-04 19:33:09",1.9949882165118,0,21.5149642108563,0
"2018-05-04 19:34:10",1.79122382029499,0,5.92709725569948,0
"2018-05-04 19:35:10",1.61596177045615,0,6.61876084842221,0
"2018-05-04 19:36:10",2.54058825264887,0,15.8064807976323,0
"2018-05-04 19:37:10",1.47080707075646,0,7.70627138962214,0
"2018-05-04 19:38:10",1.17743053050749,0,5.4171521685751,0
"2018-05-04 19:39:10",1.20071665096828,0,6.11133347817897,0
"2018-05-04 19:40:10",1.28050360412835,0,6.21761408035372,0
"2018-05-04 19:41:10",2.12600107557293,0,22.1765981942712,0
"2018-05-04 19:42:10",2.64341659405141,0,9.58879888443904,0
"2018-05-04 19:43:10",2.02700637101903,0,6.48113194263885,0
"2018-05-04 19:44:10",1.63411489099832,0,13.1877094416193,0
"2018-05-04 19:45:10",3.01056771071928,0,10.7385758121625,0
"2018-05-04 19:46:10",1.59124667618833,0,76.1631499230853,0
"2018-05-04 19:47:10",3.89347109084852,0,13.6597863893741,0
"2018-05-04 19:48:10",2.66829208445618,0,6.83847346565702,0
"2018-05-04 19:49:10",2.08040268928153,0,5.50792672798649,0
"2018-05-04 19:50:10",2.0420192892632,0,8.09870822257926,0
"2018-05-04 19:51:10",3.25158777284514,0,2533.79068838263,1
"2018-05-04 19:52:10",1.59978860045405,0,20.3636830387982,0
"2018-05-04 19:53:10",6.60014116877231,0,19.7580448820367,0
"2018-05-04 19:54:10",1.1973156508195,0,7.79634466760549,0
"2018-05-04 19:55:10",1.13406664022572,0,8.47603316680008,0
"2018-05-04 19:56:10",1.57103633342801,0,7.64697150271918,0
"2018-05-04 19:57:10",2.14505957926358,0,12.6619028962231,0
"2018-05-04 19:58:10",2.06286671737794,0,11.6960597528168,0
"2018-05-04 19:59:10",1.50658549823993,0,11.8800831379732,0
"2018-05-04 20:00:10",1.39449248842949,0,9.11217743965646,0
"2018-05-04 20:01:11",1.75541499439217,0,8.51714702402743,0
"2018-05-04 20:02:11",1.56001599554371,0,8.6077705156011,0
"2018-05-04 20:03:11",8.44329504326786,0,15.9108615370423,0
"2018-05-04 20:04:11",6.32954482877682,0,18.0632165221238,0
"2018-05-04 20:05:11",4.89218973709098,0,10.3126181434414,0
"2018-05-04 20:06:11",2.84525379458879,0,9.34797466252779,0
"2018-05-04 20:07:11",2.14180580766064,0,9.07188419971878,0
"2018-05-04 20:08:11",2.51517816662022,0,9.62516563168082,0
"2018-05-04 20:09:11",2.60706158813183,0,20.0529956535236,0
"2018-05-04 20:10:11",3.4895491173068,0,7.34489656520055,0
"2018-05-04 20:11:11",2.39913796789805,0,6.78088723910801,0
"2018-05-04 20:12:11",3.96380958666545,0,10.2447072111506,0
"2018-05-04 20:13:11",3.35570164622837,0,7.47893981731073,0
"2018-05-04 20:14:11",2.4516739949648,0,9.82179607807061,0
"2018-05-04 20:15:11",3.7980714708218,0,15.8376780933578,0
"2018-05-04 20:16:11",4.68237455418182,0,9.4857395031143,0
"2018-05-04 20:17:11",2.18466175150326,0,8.23680164994565,0
"2018-05-04 20:18:11",4.05582721334899,0,10.0467183487132,0
"2018-05-04 20:19:11",1.79278618215296,0,7.81045946810118,0
"2018-05-04 20:20:11",3.16126226180766,0,21.5101282244887,0
"2018-05-04 20:21:11",2.71263067166268,0,9.06931804204397,0
"2018-05-04 20:22:12",1.85489807922198,0,7.54910731744919,0
"2018-05-04 20:23:12",3.94647653553461,0,8.22762377671848,0
"2018-05-04 20:24:12",2.87039449044033,0,7.79835567761541,0
"2018-05-04 20:25:12",2.76752321356601,0,10.5333567426708,0
"2018-05-04 20:26:12",4.49878836848186,0,17.1612148807645,0
"2018-05-04 20:27:12",2.21826265729796,0,9.42791136079704,0
"2018-05-04 20:28:12",1.55583684495414,0,7.65778824316436,0
"2018-05-04 20:29:12",2.47254435571567,0,8.63395674603212,0
"2018-05-04 20:30:12",2.00958606091131,0,9.42739234226918,0
"2018-05-04 20:31:12",2.19205427804735,0,20.8494841939948,0
"2018-05-04 20:32:12",17.9481670090155,0,21.6486386435282,0
"2018-05-04 20:33:12",2.35477026509829,0,4.66562171071912,0
"2018-05-04 20:34:12",3.03219577859773,0,5.60877162808462,0
"2018-05-04 20:35:12",1.87918454854597,0,6.62298724962346,0
"2018-05-04 20:36:12",2.41313660820253,0,8.29812371888969,0
"2018-05-04 20:37:12",3.76882120256039,0,9.29626475320854,0
"2018-05-04 20:38:12",3.28087348722995,0,11.3124983305785,0
"2018-05-04 20:39:12",2.59737978090008,0,10.6090276408995,0
"2018-05-04 20:40:12",2.95431947263388,0,6.81744880861581,0
"2018-05-04 20:41:12",1.7354119010787,0,7.89708344825737,0
"2018-05-04 20:42:12",4.99376272798013,0,17.0707304480085,0
"2018-05-04 20:43:12",9.77154152330777,0,12.4095569350893,0
"2018-05-04 20:44:12",2.87419966002042,0,11.0941932412027,0
"2018-05-04 20:45:13",1.51916529397247,0,6.47463505234996,0
"2018-05-04 20:46:13",2.93707508355992,0,8.07003568773783,0
"2018-05-04 20:47:13",2.15339127620823,0,8.17504281468625,0
"2018-05-04 20:48:13",3.66516914311461,0,17.430880695017,0
"2018-05-04 20:49:13",3.51238776828575,0,8.38150037866418,0
"2018-05-04 20:50:13",2.87341904153442,0,6.44129459833173,0
"2018-05-04 20:51:13",4.0649053690409,0,11.3040230907362,0
"2018-05-04 20:52:13",6.12982443417587,0,11.8747540540294,0
"2018-05-04 20:53:13",3.56434895933768,0,7.01875006472007,0
"2018-05-04 20:54:13",2.01136309051625,0,18.9690555582811,0
"2018-05-04 20:55:13",2.7128984085568,0,8.90594240898673,0
"2018-05-04 20:56:13",1.32441290880118,0,9.33939784550522,0
"2018-05-04 20:57:13",1.59909292670579,0,9.07645977163084,0
"2018-05-04 20:58:13",2.21844622021627,0,9.11625510315369,0
"2018-05-04 20:59:13",1.66239038318858,0,17.3226144116621,0
"2018-05-04 21:00:13",2.38031481697357,0,9.90143520323455,0
"2018-05-04 21:01:13",1.68247110744045,0,9.73398469359364,0
"2018-05-04 21:02:13",3.77781631011603,0,29.0049163576381,0
"2018-05-04 21:03:13",5.15847071581993,0,143.211743961215,0
"2018-05-04 21:04:13",9.70983119949394,0,18.0443124677289,0
"2018-05-04 21:05:13",7.11530351856367,0,9.32921107411807,0
"2018-05-04 21:06:13",4.50133996668083,0,12.3642435063242,0
"2018-05-04 21:07:13",4.81334471677322,0,7.41679015596677,0
"2018-05-04 21:08:13",3.43476080912171,0,11.0628930082538,0
"2018-05-04 21:09:14",6.60828129622448,0,15.6037661195437,0
"2018-05-04 21:10:14",3.40155434938755,0,8.46070441620758,0
"2018-05-04 21:11:14",1.91488860497965,0,6.43480026962371,0
"2018-05-04 21:12:14",3.35989247107751,0,6.38775706000058,0
"2018-05-04 21:13:14",5.13482025232357,0,8.68420395780203,0
"2018-05-04 21:14:14",7.53384084609505,0,17.4282121756392,0
"2018-05-04 21:15:14",10.3619535358717,0,24.1748795913677,0
"2018-05-04 21:16:14",7.28514995137472,0,15.8856869993142,0
"2018-05-04 21:17:14",12.7014579258846,0,22.2717931967995,0
"2018-05-04 21:18:14",5.01869627864864,0,5.29815197608825,0
"2018-05-04 21:19:14",5.12211340095229,0,5.32680138398752,0
"2018-05-04 21:20:14",7.17732958529851,0,8.71494412305069,0
"2018-05-04 21:21:14",3.94381250650227,0,12.6124875516252,0
"2018-05-04 21:22:14",14.3891754760514,0,9.50949810563397,0
"2018-05-04 21:23:14",9.23108326031475,0,7.90355283514463,0
"2018-05-04 21:24:14",3.45121975083068,0,7.45508578470812,0
"2018-05-04 21:25:14",4.03247324601891,0,16.0545118244411,0
"2018-05-04 21:26:14",6.08689738913509,0,16.5953198375707,0
"2018-05-04 21:27:14",3.33149066462711,0,5.79820163317835,0
"2018-05-04 21:28:14",3.16298357361844,0,13.4716375272695,0
"2018-05-04 21:29:14",4.55069370081479,0,9.39324192998271,0
"2018-05-04 21:30:14",2.6287728738248,0,11.5498337688992,0
"2018-05-04 21:31:14",3.13344595979089,0,17.2902389486591,0
"2018-05-04 21:32:14",3.31679692905068,0,7.39443148186797,0
"2018-05-04 21:33:14",3.23747125755402,0,5.50857890706404,0
"2018-05-04 21:34:15",2.32407745062255,0,7.3497010978325,0
"2018-05-04 21:35:15",1.69468244113062,0,6.59272341294732,0
"2018-05-04 21:36:15",1.67380710346629,0,6.93291402409361,0
"2018-05-04 21:37:15",2.34060657841458,0,15.9781964846252,0
"2018-05-04 21:38:15",2.39705269311654,0,7.63384429125535,0
"2018-05-04 21:39:15",2.56168327139348,0,8.45580831083307,0
"2018-05-04 21:40:15",2.09559908878114,0,7.76631436853123,0
"2018-05-04 21:41:15",2.84420806212667,0,9.79581914211887,0
"2018-05-04 21:42:15",3.03918138673754,0,18.0971811550891,0
"2018-05-04 21:43:15",2.02094073368196,0,18.1601367821931,0
"2018-05-04 21:44:15",2.04941223615727,0,8.59562241279089,0
"2018-05-04 21:45:15",2.58427278440934,0,9.0876651754318,0
"2018-05-04 21:46:15",1.63990434921305,0,7.30339824713451,0
"2018-05-04 21:47:15",1.83411499463498,0,8.5898294902529,0
"2018-05-04 21:48:15",3.91894049111888,0,14.7815281283821,0
"2018-05-04 21:49:15",1.72970085315233,0,7.57236901402962,0
"2018-05-04 21:50:15",2.2950716510607,0,6.9547669355952,0
"2018-05-04 21:51:15",2.1733404381881,0,8.08006873713384,0
"2018-05-04 21:52:15",2.06682042149469,0,7.87263015298845,0
"2018-05-04 21:53:15",2.10320095037778,0,18.9111034477131,0
"2018-05-04 21:54:15",1.70686112555714,0,14.4382008603918,0
"2018-05-04 21:55:15",1.47156507466719,0,12.0078211423785,0
"2018-05-04 21:56:15",5.14891167318546,0,18.6801018683435,0
"2018-05-04 21:57:15",1.84625246685058,0,10.4059775331808,0
"2018-05-04 21:58:15",1.7471109638856,0,11.7931524467496,0
"2018-05-04 21:59:15",4.34458885464388,0,18.5965355758374,0
"2018-05-04 22:00:15",2.16331757869106,0,11.9601883453026,0
"2018-05-04 22:01:16",1.74176612768168,0,10.1151185680358,0
"2018-05-04 22:02:16",1.27034958488258,0,10.3548421285699,0
"2018-05-04 22:03:16",1.17761039989894,0,11.6059615724994,0
"2018-05-04 22:04:16",5.33572128039028,0,24.8395502413432,0
"2018-05-04 22:05:16",10.7780067109211,0,21.8931489756546,0
"2018-05-04 22:06:16",1.62721864902982,0,12.4946663789014,0
"2018-05-04 22:07:16",1.43822870120314,0,14.299140671259,0
"2018-05-04 22:08:16",1.74198988115242,0,10.5015346634677,0
"2018-05-04 22:09:16",2.67870749776772,0,15.6031780439703,0
"2018-05-04 22:10:16",2.79146532231242,0,12.6634559762841,0
"2018-05-04 22:11:16",2.11424653604707,0,9.37939366514362,0
"2018-05-04 22:12:16",2.34587015913552,0,6.9944344736457,0
"2018-05-04 22:13:16",3.29232674746481,0,8.7103120478593,0
"2018-05-04 22:14:16",3.24247946688046,0,8.22098576676317,0
"2018-05-04 22:15:16",4.17703469456964,0,15.5345227285398,0
"2018-05-04 22:16:16",5.24329263437246,0,17.4241457248614,0
"2018-05-04 22:17:16",4.43443690339022,0,9.67966132775987,0
"2018-05-04 22:18:16",1.39624427576841,0,12.5628936134868,0
"2018-05-04 22:19:16",2.48710968625149,0,11.4062154747178,0
"2018-05-04 22:20:16",2.09596701293623,0,11.6815175040194,0
"2018-05-04 22:21:16",2.06532133012347,0,15.353126759218,0
"2018-05-04 22:22:16",4.41797811527987,0,14.3114663484582,0
"2018-05-04 22:23:17",2.81585736421267,0,9.15267956809932,0
"2018-05-04 22:24:17",3.37593253238048,0,9.42679817618814,0
"2018-05-04 22:25:17",3.58329447663357,0,6.85463352569449,0
"2018-05-04 22:26:17",2.74965288904252,0,8.80058874002109,0
"2018-05-04 22:27:17",6.0495718521309,0,58.8268654719251,0
"2018-05-04 22:28:17",2.13765658035523,0,9.99846346527744,0
"2018-05-04 22:29:17",2.89115337070611,0,12.056434076606,0
"2018-05-04 22:30:17",1.76075332237731,0,8.39908919479083,0
"2018-05-04 22:31:17",3.13634332859379,0,11.1520462525977,0
"2018-05-04 22:32:17",6.44184337880412,0,22.3277415487127,0
"2018-05-04 22:33:17",4.10794682073471,0,7.51463718406417,0
"2018-05-04 22:34:17",3.90836158962852,0,5.21102519251851,0
"2018-05-04 22:35:17",4.35661701897607,0,10.2232518738974,0
"2018-05-04 22:36:17",3.18490905101775,0,10.1703237437081,0
"2018-05-04 22:37:17",1.83123176564237,0,8.36112288017008,0
"2018-05-04 22:38:17",3.79201746855793,0,17.8896061696766,0
"2018-05-04 22:39:17",2.45105036753038,0,8.50002551043672,0
"2018-05-04 22:40:17",2.19873228941661,0,6.08267555665153,0
"2018-05-04 22:41:17",1.71628986270388,0,6.98952663801022,0
"2018-05-04 22:42:17",1.82166736554127,0,8.12706268131648,0
"2018-05-04 22:43:17",2.90629106854762,0,20.0893365785168,0
"2018-05-04 22:44:18",7.79182128626754,0,14.5222762410284,0
"2018-05-04 22:45:18",1.39940749909349,0,6.71691843384835,0
"2018-05-04 22:46:18",2.87669938211254,0,12.7669836914699,0
"2018-05-04 22:47:18",2.17786483881906,0,8.60387704691902,0
"2018-05-04 22:48:18",3.41444495537745,0,13.04929317116,0
"2018-05-04 22:49:18",10.2548056723823,0,19.0430762005986,0
"2018-05-04 22:50:18",3.62963431376624,0,8.81804899536645,0
"2018-05-04 22:51:18",2.78014461365279,0,6.74075762362892,0
"2018-05-04 22:52:18",3.6763238264864,0,10.7929718500662,0
"2018-05-04 22:53:18",2.21814076759975,0,7.03983968795816,0
"2018-05-04 22:54:18",4.41956632495387,0,19.44977033332,0
"2018-05-04 22:55:18",2.06281633042942,0,13.3194376931527,0
"2018-05-04 22:56:18",1.29965578856958,0,9.58343069593653,0
"2018-05-04 22:57:18",1.34325588141236,0,9.79428229665864,0
"2018-05-04 22:58:18",1.45384995140449,0,9.61952483785786,0
"2018-05-04 22:59:18",1.34893980208777,0,10.4045291397992,0
"2018-05-04 23:00:18",3.63403678423774,0,19.5684756181512,0
"2018-05-04 23:01:18",3.51866513806672,0,13.1202997475183,0
"2018-05-04 23:02:18",2.59886336725888,0,37.2035158452642,0
"2018-05-04 23:03:18",2.54878960670214,0,29.1110853556062,0
"2018-05-04 23:04:18",9.55476225487534,0,25.5286459553635,0
"2018-05-04 23:05:18",7.81284589802516,0,11.6145093897253,0
"2018-05-04 23:06:18",6.00282495585856,0,10.0282279714701,0
"2018-05-04 23:07:18",4.56831667493692,0,8.57041885505149,0
"2018-05-04 23:08:18",4.45598933274186,0,8.6223054173688,0
"2018-05-04 23:09:19",4.9994629963095,0,15.263386774419,0
"2018-05-04 23:10:19",2.69433245735841,0,12.4564945160568,0
"2018-05-04 23:11:19",4.93350715418385,0,8.08601521046753,0
"2018-05-04 23:12:19",2.36830680151381,0,6.60024617275534,0
"2018-05-04 23:13:19",2.91859190158437,0,5.61865984025836,0
"2018-05-04 23:14:19",5.15539970454197,0,9.38613887946633,0
"2018-05-04 23:15:19",7.35039968976729,0,22.3587342428834,0
"2018-05-04 23:16:19",3.1001082838012,0,11.4259249569906,0
"2018-05-04 23:17:19",3.41691346105813,0,10.481466314469,0
"2018-05-04 23:18:19",4.19566215009461,0,11.9750945301274,0
"2018-05-04 23:19:19",2.87467304613053,0,5.87677555734445,0
"2018-05-04 23:20:19",9.70074757568913,0,18.7159179955642,0
"2018-05-04 23:21:19",3.9385060071227,0,21.5144702824367,0
"2018-05-04 23:22:19",2.30820139947063,0,8.43177897062139,0
"2018-05-04 23:23:19",1.79438025219118,0,8.23042915042307,0
"2018-05-04 23:24:19",2.0162349321042,0,8.56131201726568,0
"2018-05-04 23:25:19",1.75842077820325,0,13.2394398233636,0
"2018-05-04 23:26:19",5.51063135599204,0,25.4088312527189,0
"2018-05-04 23:27:19",1.82900537878957,0,13.4064341460978,0
"2018-05-04 23:28:19",3.93271918604274,0,7.58756791815753,0
"2018-05-04 23:29:19",2.134697235297,0,9.63669814119448,0
"2018-05-04 23:30:19",3.11568066940843,0,8.19268728979006,0
"2018-05-04 23:31:19",2.158704268913,0,8.00243369986375,0
"2018-05-04 23:32:20",3.81783608392228,0,12.920522284744,0
"2018-05-04 23:33:20",2.9267132705532,0,10.7503074470248,0
"2018-05-04 23:34:20",5.8301043191524,0,7.05793262501768,0
"2018-05-04 23:35:20",1.83447289347047,0,5.27036389862514,0
"2018-05-04 23:36:20",1.75629527999887,0,6.71395822669222,0
"2018-05-04 23:37:20",2.9514027014023,0,15.7898448582408,0
"2018-05-04 23:38:20",2.41591265857931,0,9.23840664686821,0
"2018-05-04 23:39:20",2.20887299458722,0,5.88194779316112,0
"2018-05-04 23:40:20",2.960928653645,0,9.5899972408769,0
"2018-05-04 23:41:20",3.13022572345649,0,7.28809913524173,0
"2018-05-04 23:42:20",2.94638665733953,0,6.62787696082057,0
"2018-05-04 23:43:20",5.62161731115372,0,16.3539215472617,0
"2018-05-04 23:44:20",2.7966385847113,0,7.40399714837695,0
"2018-05-04 23:45:20",2.96634935077182,0,6.56492371340075,0
"2018-05-04 23:46:20",2.99156867553895,0,6.78059723209251,0
"2018-05-04 23:47:20",3.15321779055531,0,8.4822152442476,0
"2018-05-04 23:48:20",3.34080807226851,0,23.0089218507863,0
"2018-05-04 23:49:20",9.26406251449723,0,20.9271699830381,0
"2018-05-04 23:50:20",2.96501019370823,0,11.0292399670498,0
"2018-05-04 23:51:20",3.44949568464614,0,11.2662701131492,0
"2018-05-04 23:52:21",2.12995001994285,0,11.5000506915012,0
"2018-05-04 23:53:21",5.26362316171117,0,13.7545105414761,0
"2018-05-04 23:54:21",2.7688195636893,0,20.3928598623729,0
"2018-05-04 23:55:21",4.67004504520744,0,12.8062236045523,0
"2018-05-04 23:56:21",2.04360340774665,0,12.9508160343019,0
"2018-05-04 23:57:21",3.04335035636521,0,11.7910174732501,0
"2018-05-04 23:58:21",2.8384178551407,0,13.4997838694488,0
"2018-05-04 23:59:21",3.37512621514607,0,20.8122763518999,0
"2018-05-05 00:00:20",3.07835844509065,0,22.4504155741785,0
"2018-05-05 00:00:21",3.32515553825196,0,21.7050157486648,0
"2018-05-05 00:01:21",2.71188387586764,0,20.0695401419905,0
"2018-05-05 00:02:21",2.04050897130324,0,13.4147746199758,0
"2018-05-05 00:03:21",2.88172272351904,0,12.5540376674717,0
"2018-05-05 00:04:21",13.3542174038357,0,118.837514320857,0
"2018-05-05 00:05:21",5.72222292485576,0,26.5631510971097,0
"2018-05-05 00:06:21",3.30536294206747,0,17.7468579994675,0
"2018-05-05 00:07:21",3.5868658902705,0,16.0577872151164,0
"2018-05-05 00:08:21",1.52967515296881,0,13.4607789466255,0
"2018-05-05 00:09:21",2.45144907398588,0,12.4129718741402,0
"2018-05-05 00:10:21",1.74762106930357,0,11.6092815647088,0
"2018-05-05 00:11:21",2.40666475481672,0,20.7195699595772,0
"2018-05-05 00:12:21",1.98717774304684,0,10.3162186258699,0
"2018-05-05 00:13:21",2.41445042493591,0,9.58784897196677,0
"2018-05-05 00:14:21",3.61510272716592,0,7.53035973062051,0
"2018-05-05 00:15:21",3.85253119672249,0,9.12576374546875,0
"2018-05-05 00:16:21",5.51488930329267,0,25.3569381059492,0
"2018-05-05 00:17:22",6.42775323094678,0,11.5770538629217,0
"2018-05-05 00:18:22",6.80745531192544,0,9.85854088694684,0
"2018-05-05 00:19:22",7.25031562219085,0,9.95432373969084,0
"2018-05-05 00:20:22",3.72855765629646,0,12.2902704688049,0
"2018-05-05 00:21:22",5.11746115389136,0,9.38238569434812,0
"2018-05-05 00:22:22",3.12914571269383,0,20.3179042367162,0
"2018-05-05 00:23:22",4.12659427148462,0,9.46625723294463,0
"2018-05-05 00:24:22",2.29120416041961,0,8.90696004273631,0
"2018-05-05 00:25:22",4.20766353611611,0,7.83425843641736,0
"2018-05-05 00:26:22",4.1970293131323,0,8.09696480132507,0
"2018-05-05 00:27:22",3.9402428847282,0,17.6746110876885,0
"2018-05-05 00:28:22",2.67855038237336,0,8.76479506618517,0
"2018-05-05 00:29:22",2.60230676062056,0,8.72774009930251,0
"2018-05-05 00:30:22",1.57479555932011,0,7.53776003461294,0
"2018-05-05 00:31:22",1.90444219401714,0,8.10289418376642,0
"2018-05-05 00:32:22",1.21187552033538,0,10.5274294748032,0
"2018-05-05 00:33:22",4.07727107965296,0,20.5077788418551,0
"2018-05-05 00:34:22",3.15460472858966,0,7.78469529762342,0
"2018-05-05 00:35:22",1.59417655183341,0,10.8503453276211,0
"2018-05-05 00:36:22",3.0651051158579,0,10.8470105679758,0
"2018-05-05 00:37:22",1.71095076587098,0,9.77247485982206,0
"2018-05-05 00:38:22",6.97082886560569,0,62.1804089926886,0
"2018-05-05 00:39:22",10.998261297918,0,16.9754711053524,0
"2018-05-05 00:40:22",0.91832094624225,0,9.28187632485745,0
"2018-05-05 00:41:22",0.6199456398927,0,6.86308062043634,0
"2018-05-05 00:42:23",1.59837641286747,0,7.14093873239971,0
"2018-05-05 00:43:23",1.4388056417108,0,8.23740334536068,0
"2018-05-05 00:44:23",2.40964325178568,0,8.60173436522191,0
"2018-05-05 00:45:23",2.8638834949223,0,6.79877471057336,0
"2018-05-05 00:46:23",1.0341993823879,0,9.57690944571584,0
"2018-05-05 00:47:23",1.62246851557641,0,16.8257930030108,0
"2018-05-05 00:48:23",1.65885802792841,0,9.17329346196417,0
"2018-05-05 00:49:23",2.26975742899078,0,14.9776854367211,0
"2018-05-05 00:50:23",7.24778404669227,0,14.8995851182846,0
"2018-05-05 00:51:23",1.17494436057149,0,8.15025821455557,0
"2018-05-05 00:52:23",1.76222038293411,0,9.34548286864719,0
"2018-05-05 00:53:23",1.69210399194133,0,7.1341461388657,0
"2018-05-05 00:54:23",0.927001110962871,0,8.51700776431812,0
"2018-05-05 00:55:23",2.28903659455678,0,2535.58204564014,1
"2018-05-05 00:56:23",1.00563715684584,0,8.38059804504842,0
"2018-05-05 00:57:23",0.882973505099188,0,7.81759386973953,0
"2018-05-05 00:58:23",1.86842212944194,0,12.2898018908089,0
"2018-05-05 00:59:23",1.85541797316307,0,11.7889259524963,0
"2018-05-05 01:00:23",1.05132774085865,0,9.38871170962461,0
"2018-05-05 01:01:23",2.65417914216314,0,17.3485715308099,0
"2018-05-05 01:02:23",1.81393544806721,0,10.6488290697601,0
"2018-05-05 01:03:23",1.27380953372551,0,9.89452379987934,0
"2018-05-05 01:04:23",3.17575927631681,0,2543.66475158495,1
"2018-05-05 01:05:23",4.34220014778388,0,27.5498228714786,0
"2018-05-05 01:06:23",5.06039556725642,0,13.6887528567276,0
"2018-05-05 01:07:23",3.59623756001634,0,20.9518112784951,0
"2018-05-05 01:08:23",6.51435807635107,0,38.5251384559194,0
"2018-05-05 01:09:23",3.21030476056921,0,12.1209507176378,0
"2018-05-05 01:10:23",3.68257030633514,0,13.5011645006213,0
"2018-05-05 01:11:24",4.29152861489776,0,20.2657073488631,0
"2018-05-05 01:12:24",5.11532071497151,0,8.18470841940133,0
"2018-05-05 01:13:24",3.23776879672541,0,7.54765306614875,0
"2018-05-05 01:14:24",2.77965312087239,0,11.9260064066065,0
"2018-05-05 01:15:24",5.85900741217368,0,22.8045410913247,0
"2018-05-05 01:16:24",5.77770493423984,0,9.0703764961981,0
"2018-05-05 01:17:24",3.68673314504658,0,11.2468021238573,0
"2018-05-05 01:18:24",9.5282034390163,0,28.0052334680386,0
"2018-05-05 01:19:24",8.62234507057773,0,13.546649105473,0
"2018-05-05 01:20:24",3.39181338604793,0,45.9256854731013,0
"2018-05-05 01:21:24",6.08714447915311,0,21.4638169991526,0
"2018-05-05 01:22:24",6.6813894213967,0,14.0207354641822,0
"2018-05-05 01:23:24",4.95682364763388,0,7.04321738990083,0
"2018-05-05 01:24:24",9.53415215710159,0,13.201660138562,0
"2018-05-05 01:25:24",5.24310134080482,0,22.2834592303395,0
"2018-05-05 01:26:24",5.12100494006863,0,15.1456232503716,0
"2018-05-05 01:27:24",2.87883709453122,0,7.27544028299137,0
"2018-05-05 01:28:24",6.44665925918809,0,23.6239688158428,0
"2018-05-05 01:29:24",3.24815734992504,0,7.94042864956754,0
"2018-05-05 01:30:24",3.68282925032018,0,13.2754444538911,0
"2018-05-05 01:31:24",5.23921362372914,0,26.2580865530454,0
"2018-05-05 01:32:24",7.77752814432124,0,17.1087849362415,0
"2018-05-05 01:33:24",4.21348084798277,0,12.3591900210178,0
"2018-05-05 01:34:24",3.79054467783583,0,8.00999013422016,0
"2018-05-05 01:35:24",7.76216818068625,0,24.3073452765686,0
"2018-05-05 01:36:24",2.48033120535166,0,6.37248903663416,0
"2018-05-05 01:37:24",2.53860592949441,0,7.30772636781477,0
"2018-05-05 01:38:24",3.18563928369643,0,8.83130392669114,0
"2018-05-05 01:39:24",2.87272493373952,0,10.5467469398252,0
"2018-05-05 01:40:24",3.13891931817439,0,9.22774412238491,0
"2018-05-05 01:41:24",3.19068512360682,0,17.075486978107,0
"2018-05-05 01:42:24",3.3237727562115,0,8.50260124918631,0
"2018-05-05 01:43:25",1.14392850345759,0,9.37821576485608,0
"2018-05-05 01:44:25",10.6173355852109,0,23.0954065980934,0
"2018-05-05 01:45:25",2.07295807968758,0,19.1540968217148,0
"2018-05-05 01:46:25",2.56867092532479,0,10.3067492987501,0
"2018-05-05 01:47:25",1.20626089358671,0,8.52588968427225,0
"2018-05-05 01:48:25",5.70561274085206,0,10.0592800826388,0
"2018-05-05 01:49:25",1.99442406542931,0,7.05917264541918,0
"2018-05-05 01:50:25",2.08640852827321,0,8.3130431228943,0
"2018-05-05 01:51:25",7.80910970135746,0,40.3336428459486,0
"2018-05-05 01:52:25",3.64033214489856,0,8.51932611570743,0
"2018-05-05 01:53:25",7.74752021569533,0,52.0439519966231,0
"2018-05-05 01:54:25",3.64807943180798,0,16.2510020108038,0
"2018-05-05 01:55:25",11.709057402103,0,23.5675146555783,0
"2018-05-05 01:56:25",3.45740478233226,0,9.26852742466949,0
"2018-05-05 01:57:25",0.80570089846817,0,21.039346998668,0
"2018-05-05 01:58:25",3.74993568709587,0,27.89424106022,0
"2018-05-05 01:59:25",10.3051779359173,0,30.9982441117918,0
"2018-05-05 02:00:25",3.19010673931353,0,15.886111026556,0
"2018-05-05 02:01:25",4.53519211276936,0,23.9278442732529,0
"2018-05-05 02:02:25",4.620970003419,0,37.2352676197473,0
"2018-05-05 02:03:25",5.81431099601586,0,34.3607490880739,0
"2018-05-05 02:04:25",3.95913109294929,0,39.9111510843672,0
"2018-05-05 02:05:25",10.4346447850007,0,144.653892784414,0
"2018-05-05 02:06:25",4.79379692162164,0,17.3935423112314,0
"2018-05-05 02:07:26",2.68542496099259,0,13.8443682421393,0
"2018-05-05 02:08:26",3.1754068012584,0,13.2304616422732,0
"2018-05-05 02:09:26",1.81155238755169,0,11.4309918343622,0
"2018-05-05 02:10:26",1.54196071467973,0,13.2709707491759,0
"2018-05-05 02:11:26",2.19451848768129,0,20.8958906936337,0
"2018-05-05 02:12:26",1.85138939889702,0,9.13335072930561,0
"2018-05-05 02:13:26",1.8175280998253,0,7.55652476765665,0
"2018-05-05 02:14:26",0.971977416018444,0,8.4622360686593,0
"2018-05-05 02:15:26",2.40069490033656,0,7.65105895769864,0
"2018-05-05 02:16:26",2.99438440666719,0,19.5851842362652,0
"2018-05-05 02:17:26",4.15927112447417,0,15.1396933543036,0
"2018-05-05 02:18:26",4.34566204587588,0,8.61433607925019,0
"2018-05-05 02:19:26",3.43038318132742,0,8.70625488909967,0
"2018-05-05 02:20:26",1.98763083021968,0,8.8911560144317,0
"2018-05-05 02:21:26",3.37223962973122,0,9.93955371620528,0
"2018-05-05 02:22:26",1.85296967407835,0,14.1351034571418,0
"2018-05-05 02:23:26",3.31815321851983,0,12.0806753904319,0
"2018-05-05 02:24:26",1.96367218890686,0,10.157824231608,0
"2018-05-05 02:25:26",3.59017882384771,0,7.96930188923428,0
"2018-05-05 02:26:26",4.13127963652812,0,8.11383757707295,0
"2018-05-05 02:27:26",4.5083886887801,0,16.3137525645173,0
"2018-05-05 02:28:26",3.70499472991843,0,10.4161350175264,0
"2018-05-05 02:29:26",2.38882049207827,0,17.9718794916441,0
"2018-05-05 02:30:26",1.12117569073948,0,9.69954856866383,0
"2018-05-05 02:31:26",1.54074132986647,0,5.4570757390264,0
"2018-05-05 02:32:26",1.00835941540533,0,7.60276190565122,0
"2018-05-05 02:33:27",1.72675127296571,0,28.9426873184406,0
"2018-05-05 02:34:27",2.43063861507672,0,12.9170461777449,0
"2018-05-05 02:35:27",1.85096831048186,0,4.35680378087223,0
"2018-05-05 02:36:27",3.10976425715971,0,12.7644215912085,0
"2018-05-05 02:37:27",2.14137057035788,0,6.07868801734158,0
"2018-05-05 02:38:27",6.65975430351014,0,17.581901267612,0
"2018-05-05 02:39:27",2.02187577228297,0,15.6524763988046,0
"2018-05-05 02:40:27",2.30308535853295,0,9.52335030019732,0
"2018-05-05 02:41:27",0.996856215553082,0,5.76791502897555,0
"2018-05-05 02:42:27",2.78078194207801,0,11.7504545775619,0
"2018-05-05 02:43:27",0.896384302987083,0,6.99053217734956,0
"2018-05-05 02:44:27",4.75362430049982,0,18.9125923972996,0
"2018-05-05 02:45:27",0.669954244338858,0,6.22758155430553,0
"2018-05-05 02:46:27",0.805479978992397,0,6.75023453582025,0
"2018-05-05 02:47:27",2.11934685690969,0,9.62465861958511,0
"2018-05-05 02:48:27",0.996237348134794,0,8.07791580148479,0
"2018-05-05 02:49:27",4.26861507319676,0,9.76015112957507,0
"2018-05-05 02:50:27",2.69069534923607,0,16.4275546636983,0
"2018-05-05 02:51:27",2.24851525837147,0,8.58397552761864,0
"2018-05-05 02:52:27",3.00236636423661,0,7.88765364388774,0
"2018-05-05 02:53:27",1.6609986584703,0,6.69112240787154,0
"2018-05-05 02:54:28",1.65850600391184,0,8.14408587235357,0
"2018-05-05 02:55:28",6.01320123363247,0,21.9210904523383,0
"2018-05-05 02:56:28",2.17119042624705,0,6.47722112543122,0
"2018-05-05 02:57:28",1.47466002381783,0,7.72266543166268,0
"2018-05-05 02:58:28",1.20535796512757,0,8.66743173152286,0
"2018-05-05 02:59:28",1.0511294132694,0,8.53362481991849,0
"2018-05-05 03:00:28",1.54049309947359,0,12.3882811022405,0
"2018-05-05 03:01:28",3.77028671358297,0,18.028385515968,0
"2018-05-05 03:02:28",3.17728395955425,0,13.2806316748844,0
"2018-05-05 03:03:28",1.22046906466797,0,13.5294390484325,0
"2018-05-05 03:04:28",1.78105517087853,0,11.9943728138723,0
"2018-05-05 03:05:28",17.6381999950843,0,140.651455141916,0
"2018-05-05 03:06:28",14.150242825789,0,18.6103274091162,0
"2018-05-05 03:07:28",5.83727466041768,0,9.05547636335043,0
"2018-05-05 03:08:28",3.75508187078087,0,8.70060966012717,0
"2018-05-05 03:09:28",4.32927785316349,0,8.50357451639735,0
"2018-05-05 03:10:28",2.79263090842802,0,8.29005522535122,0
"2018-05-05 03:11:28",3.49341335028948,0,24.7617324501144,0
"2018-05-05 03:12:28",1.9142783020451,0,8.07562577812072,0
"2018-05-05 03:13:28",2.37022729635028,0,11.5732280314869,0
"2018-05-05 03:14:28",2.15349143763746,0,9.94312973727118,0
"2018-05-05 03:15:28",5.88856483324588,0,12.0957237983068,0
"2018-05-05 03:16:28",6.52128835062664,0,14.3108472702875,0
"2018-05-05 03:17:29",7.41705794152407,0,25.7037563799051,0
"2018-05-05 03:18:29",5.23395611654792,0,12.4443811308813,0
"2018-05-05 03:19:29",4.47698072491901,0,17.9913039420214,0
"2018-05-05 03:20:29",4.24728666852021,0,14.7415204485935,0
"2018-05-05 03:21:29",3.95665968016432,0,14.8915959615314,0
"2018-05-05 03:22:29",4.39175563307499,0,28.3485802978589,0
"2018-05-05 03:23:29",4.26061760849379,0,15.3028134061001,0
"2018-05-05 03:24:29",3.5667459862957,0,16.6558535073453,0
"2018-05-05 03:25:29",2.49633522027773,0,13.8927878632932,0
"2018-05-05 03:26:29",5.10600855543275,0,15.7590044375743,0
"2018-05-05 03:27:29",3.92924774288529,0,12.4935187042813,0
"2018-05-05 03:28:29",5.32274410127916,0,20.70412898271,0
"2018-05-05 03:29:29",3.50166833327558,0,10.1598968435942,0
"2018-05-05 03:30:29",3.80287854852327,0,11.5568741349486,0
"2018-05-05 03:31:29",5.11641195963015,0,13.2959833649116,0
"2018-05-05 03:32:29",3.21714118484248,0,9.89755386330003,0
"2018-05-05 03:33:29",4.63177340050384,0,21.772427939358,0
"2018-05-05 03:34:29",3.9645519833377,0,16.8455410228156,0
"2018-05-05 03:35:29",5.94968694088244,0,7.89757402245412,0
"2018-05-05 03:36:29",3.26790795617198,0,8.35900990862113,0
"2018-05-05 03:37:29",3.27176104778136,0,9.62182356753639,0
"2018-05-05 03:38:29",2.82658946934862,0,8.64073711033743,0
"2018-05-05 03:39:30",6.27832900934036,0,16.2321115500101,0
"2018-05-05 03:40:30",2.04149238818671,0,10.5324513522003,0
"2018-05-05 03:41:30",4.29237500223276,0,11.3722404832751,0
"2018-05-05 03:42:30",2.29080528835453,0,7.70512998927071,0
"2018-05-05 03:43:30",2.72432155707406,0,8.31908512404357,0
"2018-05-05 03:44:30",2.88285779200063,0,17.8598110369766,0
"2018-05-05 03:45:30",3.84752766571233,0,18.1817546623805,0
"2018-05-05 03:46:30",1.96986680095401,0,7.40751253417891,0
"2018-05-05 03:47:30",1.98390086929609,0,8.07571338684945,0
"2018-05-05 03:48:30",2.12921839615158,0,8.89466451175734,0
"2018-05-05 03:49:30",2.06649303007094,0,8.41430593858361,0
"2018-05-05 03:50:30",7.49658973038198,0,18.3833259546683,0
"2018-05-05 03:51:30",2.75450530306384,0,8.35463939015703,0
"2018-05-05 03:52:30",2.71515413201504,0,11.3556232260109,0
"2018-05-05 03:53:30",2.03727522826405,0,8.15402766532296,0
"2018-05-05 03:54:30",3.81191535191531,0,11.4492976240456,0
"2018-05-05 03:55:30",2.80370657419468,0,14.9348695544828,0
"2018-05-05 03:56:30",3.34083887327741,0,22.5198691085658,0
"2018-05-05 03:57:30",1.91093474465454,0,9.07566985311052,0
"2018-05-05 03:58:30",1.37428001151565,0,10.2268597018618,0
"2018-05-05 03:59:30",2.1701705259072,0,8.76950111344292,0
"2018-05-05 04:00:30",1.03680663893625,0,9.31270811946294,0
"2018-05-05 04:01:30",1.82476114933803,0,21.8615016739877,0
"2018-05-05 04:02:30",1.55230995020035,0,9.7453335120424,0
"2018-05-05 04:03:30",1.58196996894017,0,12.705497797498,0
"2018-05-05 04:04:30",0.966846375778205,0,10.1274246136235,0
"2018-05-05 04:05:30",3.63999712771579,0,25.9332204618051,0
"2018-05-05 04:06:30",7.07034773782075,0,9.69033602112118,0
"2018-05-05 04:07:31",5.66072581495078,0,26.0612854484979,0
"2018-05-05 04:08:31",3.30788147358073,0,9.17593629319276,0
"2018-05-05 04:09:31",4.78299519799398,0,9.11126045573263,0
"2018-05-05 04:10:31",3.76162346698787,0,8.35368491239017,0
"2018-05-05 04:11:31",2.98211179647968,0,8.63424484364375,0
"2018-05-05 04:12:31",3.98074723060986,0,21.1887715241771,0
"2018-05-05 04:13:31",3.045390930627,0,9.4759199249608,0
"2018-05-05 04:14:31",2.60682166469435,0,7.07238822819769,0
"2018-05-05 04:15:31",2.2070350805792,0,8.73882965003455,0
"2018-05-05 04:16:31",2.66938949485344,0,10.4232035829433,0
"2018-05-05 04:17:31",2.16534941358572,0,11.3366337203838,0
"2018-05-05 04:18:31",5.33960324774753,0,19.373414746912,0
"2018-05-05 04:19:31",3.46766603760116,0,12.5579365288232,0
"2018-05-05 04:20:31",7.94596781587668,0,15.2524418366346,0
"2018-05-05 04:21:31",6.43769844689702,0,18.2632164783278,0
"2018-05-05 04:22:31",2.45300737413873,0,20.8798384248803,0
"2018-05-05 04:23:31",2.64130221893642,0,26.3832853304305,0
"2018-05-05 04:24:31",3.68894835323416,0,14.6254122637265,0
"2018-05-05 04:25:31",2.28991524449721,0,11.7067334390308,0
"2018-05-05 04:26:31",3.97758916962364,0,10.2100451408317,0
"2018-05-05 04:27:31",2.95727172442588,0,9.26332714698446,0
"2018-05-05 04:28:31",1.98724810442102,0,9.36212498131725,0
"2018-05-05 04:29:31",5.41262480587479,0,15.1894013070696,0
"2018-05-05 04:30:31",1.77928107862907,0,9.19107777480126,0
"2018-05-05 04:31:31",3.33899649199136,0,9.28575365225664,0
"2018-05-05 04:32:31",1.87316800123118,0,9.19588133887603,0
"2018-05-05 04:33:31",6.16866685358667,0,12.4629582512992,0
"2018-05-05 04:34:31",4.71130176413151,0,91.2309581988357,0
"2018-05-05 04:35:31",7.92276698194149,0,22.1503294753567,0
"2018-05-05 04:36:32",3.88419759796112,0,9.95759296182927,0
"2018-05-05 04:37:32",4.11262182308512,0,10.1355395620999,0
"2018-05-05 04:38:32",4.42313712032312,0,11.4701110335212,0
"2018-05-05 04:39:32",3.57881386512467,0,7.4955559857345,0
"2018-05-05 04:40:32",4.94203088068954,0,14.6552430161029,0
"2018-05-05 04:41:32",3.26987627254117,0,7.915490482033,0
"2018-05-05 04:42:32",3.43939176240488,0,7.46233965531909,0
"2018-05-05 04:43:32",3.93461040408655,0,6.76871337874458,0
"2018-05-05 04:44:32",4.28601313381712,0,7.58126167510568,0
"2018-05-05 04:45:32",3.57596272237029,0,11.0655600085755,0
"2018-05-05 04:46:32",4.9781346751098,0,18.9826819408049,0
"2018-05-05 04:47:32",2.17557993722843,0,82.9894221946766,0
"2018-05-05 04:48:32",3.77946573667692,0,8.58037685331859,0
"2018-05-05 04:49:32",2.70053423542484,0,9.07078845674489,0
"2018-05-05 04:50:32",3.30878832947885,0,6.86073269981278,0
"2018-05-05 04:51:32",5.1390706979118,0,18.0813605396884,0
"2018-05-05 04:52:32",3.69962584495954,0,8.67373887899147,0
"2018-05-05 04:53:32",2.4977659795914,0,6.88558183825844,0
"2018-05-05 04:54:32",2.44423645920252,0,7.26031749056831,0
"2018-05-05 04:55:32",2.84945731960119,0,7.2015246368442,0
"2018-05-05 04:56:32",1.52867170273877,0,9.59503883076634,0
"2018-05-05 04:57:32",4.29792606414494,0,19.6760985132874,0
"2018-05-05 04:58:32",1.33375541363542,0,10.6480055942558,0
"2018-05-05 04:59:32",4.22343062997753,0,13.2354543823163,0
"2018-05-05 05:00:33",1.80495370485539,0,18.4015350280824,0
"2018-05-05 05:01:33",2.61393829463216,0,10.7958546367961,0
"2018-05-05 05:02:33",4.70201386696289,0,27.3486257773813,0
"2018-05-05 05:03:33",1.72830769294363,0,12.4099165155235,0
"2018-05-05 05:04:33",1.34660163060789,0,11.2401144035489,0
"2018-05-05 05:05:33",2.65858533018776,0,30.3470802585953,0
"2018-05-05 05:06:33",2.25353370467883,0,143.838330014386,0
"2018-05-05 05:07:33",8.41814532511961,0,15.6935558093108,0
"2018-05-05 05:08:33",4.98551012628266,0,10.0998630967579,0
"2018-05-05 05:09:33",4.15400859019808,0,8.41137211583412,0
"2018-05-05 05:10:33",3.91119956243737,0,9.27792065174889,0
"2018-05-05 05:11:33",2.56323598390779,0,9.18772182571216,0
"2018-05-05 05:12:33",3.22802465634728,0,32.6918487655253,0
"2018-05-05 05:13:33",2.68209419244045,0,17.2137379353076,0
"2018-05-05 05:14:33",3.0743073000408,0,8.22924206579537,0
"2018-05-05 05:15:33",2.34115799303721,0,9.76859855448083,0
"2018-05-05 05:16:33",3.66377501130584,0,10.6830076631078,0
"2018-05-05 05:17:33",5.43011482563169,0,17.0803161452151,0
"2018-05-05 05:18:33",7.99730751494276,0,21.5644569254994,0
"2018-05-05 05:19:33",4.34018821567185,0,14.6975978328286,0
"2018-05-05 05:20:33",5.07296071921413,0,17.2767898783954,0
"2018-05-05 05:21:33",2.99286771253815,0,15.0832944669512,0
"2018-05-05 05:22:33",4.8038887046318,0,18.5215770949207,0
"2018-05-05 05:23:33",10.2895712871474,0,25.909957348815,0
"2018-05-05 05:24:33",3.01953892972414,0,13.5824433418971,0
"2018-05-05 05:25:33",5.91625109707003,0,14.4978047337932,0
"2018-05-05 05:26:33",3.77116973106963,0,45.2037539305636,0
"2018-05-05 05:27:33",4.32177989759855,0,12.8183534541591,0
"2018-05-05 05:28:33",8.64415009638421,0,25.243209457589,0
"2018-05-05 05:29:34",6.54122972663168,0,18.4095569165039,0
"2018-05-05 05:30:34",3.45030854793755,0,11.4554409164523,0
"2018-05-05 05:31:34",2.81061000799993,0,12.3349226044271,0
"2018-05-05 05:32:34",2.48801614367038,0,10.5973328027885,0
"2018-05-05 05:33:34",2.48260091256245,0,10.2161731341655,0
"2018-05-05 05:34:34",3.24258024620706,0,22.2160802303762,0
"2018-05-05 05:35:34",4.62874304146334,0,10.1248020650174,0
"2018-05-05 05:36:34",8.2133976988039,0,8.46701933445275,0
"2018-05-05 05:37:34",3.25854871244463,0,8.03095673937855,0
"2018-05-05 05:38:34",3.32866815190583,0,10.6928134434453,0
"2018-05-05 05:39:34",2.98419604478688,0,30.1110658043772,0
"2018-05-05 05:40:34",3.9597520037926,0,16.0568062449583,0
"2018-05-05 05:41:34",1.57743968844036,0,8.70807085883665,0
"2018-05-05 05:42:34",1.92237497059818,0,7.38101864536634,0
"2018-05-05 05:43:34",1.33028536776499,0,7.33145757868545,0
"2018-05-05 05:44:34",1.49186515192223,0,7.99246771855328,0
"2018-05-05 05:45:34",1.56356351091327,0,20.256050272488,0
"2018-05-05 05:46:34",1.46664514112343,0,12.5679051073877,0
"2018-05-05 05:47:34",1.2347424399873,0,9.91849061202609,0
"2018-05-05 05:48:34",1.68434086772697,0,7.23463441549525,0
"2018-05-05 05:49:34",1.88322579672046,0,9.36854301167819,0
"2018-05-05 05:50:34",0.944395442385737,0,7.17352288180816,0
"2018-05-05 05:51:34",5.78529725734475,0,14.8487710072032,0
"2018-05-05 05:52:34",2.51824633951495,0,12.0440415044165,0
"2018-05-05 05:53:35",2.47793825019679,0,10.8548916946029,0
"2018-05-05 05:54:35",1.90072512578254,0,7.97759008600696,0
"2018-05-05 05:55:35",2.49025122066395,0,18.1724942196753,0
"2018-05-05 05:56:35",1.47948115501197,0,17.4091201713501,0
"2018-05-05 05:57:35",3.31844745165975,0,18.0831336403205,0
"2018-05-05 05:58:35",1.12209702102747,0,7.37065018917144,0
"2018-05-05 05:59:35",1.22819863020826,0,7.4418498927243,0
"2018-05-05 06:00:35",1.58614519033714,0,8.26322553506692,0
"2018-05-05 06:01:35",0.508204582072389,0,8.48689808915868,0
"2018-05-05 06:02:35",2.07409250482933,0,22.2921789325722,0
"2018-05-05 06:03:35",1.11331728707232,0,10.2976452097349,0
"2018-05-05 06:04:35",3.6541624795932,0,12.7885206235226,0
"2018-05-05 06:05:35",3.50912242606313,0,12.7024336069927,0
"2018-05-05 06:06:35",2.08633859807401,0,10.3318399417731,0
"2018-05-05 06:07:35",7.33103404353078,0,19.759006155079,0
"2018-05-05 06:08:35",7.73761844662054,0,20.2748865056953,0
"2018-05-05 06:09:35",4.14714380070019,0,9.6861542592294,0
"2018-05-05 06:10:35",3.21279575021699,0,11.3299020819639,0
"2018-05-05 06:11:35",1.98162201225804,0,8.88854625782467,0
"2018-05-05 06:12:35",1.96966567747759,0,7.23590571685617,0
"2018-05-05 06:13:35",2.42945314046593,0,18.6324506166585,0
"2018-05-05 06:14:35",2.47094530590519,0,7.49528065808105,0
"2018-05-05 06:15:35",2.39512612627802,0,10.018535963208,0
"2018-05-05 06:16:35",1.77983692493996,0,8.63862224474222,0
"2018-05-05 06:17:35",2.75530427178897,0,13.0492566848639,0
"2018-05-05 06:18:35",2.52583515306732,0,13.9493286853607,0
"2018-05-05 06:19:35",4.77091164707486,0,21.6566691868259,0
"2018-05-05 06:20:35",4.72462577379297,0,11.8606981493449,0
"2018-05-05 06:21:36",3.32016711155155,0,13.9550041253212,0
"2018-05-05 06:22:36",2.23366907812899,0,12.350336854742,0
"2018-05-05 06:23:36",3.85635300979309,0,11.7084991220727,0
"2018-05-05 06:24:36",4.48400492445632,0,24.4752993752582,0
"2018-05-05 06:25:36",2.77603377298542,0,11.2100101913166,0
"2018-05-05 06:26:36",2.90634851360841,0,9.19260869383507,0
"2018-05-05 06:27:36",7.59189642874102,0,40.308168426048,0
"2018-05-05 06:28:36",3.02683113892513,0,7.95728336820282,0
"2018-05-05 06:29:36",0.997653865341724,0,7.82615649878051,0
"2018-05-05 06:30:36",7.50665247098236,0,16.6927322175699,0
"2018-05-05 06:31:36",2.279362442266,0,11.2212683988296,0
"2018-05-05 06:32:36",1.75985079262063,0,9.60839714247167,0
"2018-05-05 06:33:36",1.71021838655058,0,8.93900698860547,0
"2018-05-05 06:34:36",2.74078090756284,0,8.63555394045529,0
"2018-05-05 06:35:36",2.99786976416503,0,18.8592312505889,0
"2018-05-05 06:36:36",3.02607487215868,0,10.0977813711869,0
"2018-05-05 06:37:36",2.04312744920192,0,6.10506561627245,0
"2018-05-05 06:38:36",1.8582888906812,0,7.89511388817238,0
"2018-05-05 06:39:36",2.98939946418154,0,6.15434830089183,0
"2018-05-05 06:40:36",6.37927853183254,0,33.2831819440485,0
"2018-05-05 06:41:36",5.3425979062645,0,20.3884189248098,0
"2018-05-05 06:42:37",2.09160506630419,0,6.86565595352783,0
"2018-05-05 06:43:37",1.59032747912523,0,9.06932736916643,0
"2018-05-05 06:44:37",2.08887005188951,0,8.35397567315731,0
"2018-05-05 06:45:37",3.03093524285561,0,9.43663946782667,0
"2018-05-05 06:46:37",3.29637238772525,0,17.7861657478951,0
"2018-05-05 06:47:37",6.37115302149661,0,16.4280797195805,0
"2018-05-05 06:48:37",2.40542022789994,0,5.88136266991124,0
"2018-05-05 06:49:37",1.65062178543147,0,7.02507374666168,0
"2018-05-05 06:50:37",1.04226333896872,0,8.57522069837522,0
"2018-05-05 06:51:37",1.7083468916819,0,7.51520128778688,0
"2018-05-05 06:52:37",3.93418923685821,0,13.4622152929191,0
"2018-05-05 06:53:37",1.7740344476457,0,7.06618365139,0
"2018-05-05 06:54:37",2.00141245471915,0,8.06539458192321,0
"2018-05-05 06:55:37",2.50099844974171,0,6.66358488954542,0
"2018-05-05 06:56:37",4.44975271916153,0,13.1088405913248,0
"2018-05-05 06:57:37",5.16009675529128,0,16.0768291983429,0
"2018-05-05 06:58:37",2.77255460586302,0,17.5387567814553,0
"2018-05-05 06:59:37",0.991398699759136,0,9.72881278061016,0
"2018-05-05 07:00:37",1.70730442443401,0,11.4359380634629,0
"2018-05-05 07:01:37",0.872034322655015,0,9.92880708139227,0
"2018-05-05 07:02:37",1.19650238380194,0,11.3935466645642,0
"2018-05-05 07:03:37",1.18019696481158,0,20.4947782638772,0
"2018-05-05 07:04:37",1.4347557029341,0,10.7922602492909,0
"2018-05-05 07:05:38",1.02545630695913,0,10.9904349884766,0
"2018-05-05 07:06:38",2.86916184896026,0,28.8792865314155,0
"2018-05-05 07:07:38",10.2907358369043,0,126.210059317842,0
"2018-05-05 07:08:38",5.37327037762907,0,10.6778175524597,0
"2018-05-05 07:09:38",5.66732797188506,0,10.9162110686634,0
"2018-05-05 07:10:38",5.49580177245178,0,16.1171659732056,0
"2018-05-05 07:11:38",3.36388692810401,0,10.3267054468233,0
"2018-05-05 07:12:38",2.01489402768117,0,10.4712364291064,0
"2018-05-05 07:13:38",2.58004469990085,0,13.2904455602582,0
"2018-05-05 07:14:38",1.5232346381202,0,5.77061053219222,0
"2018-05-05 07:15:38",1.53036866136084,0,6.19274043554517,0
"2018-05-05 07:16:38",1.7318518983128,0,5.74392433762785,0
"2018-05-05 07:17:38",4.05920419544978,0,7.37303901046114,0
"2018-05-05 07:18:38",14.6979275704046,0,19.7658364414724,0
"2018-05-05 07:19:38",3.23621351014465,0,10.1168618139855,0
"2018-05-05 07:20:38",6.15404565293672,0,16.2947970286856,0
"2018-05-05 07:21:38",8.43170558355777,0,8.52748748657785,0
"2018-05-05 07:22:38",5.78950607152745,0,7.63079762052267,0
"2018-05-05 07:23:38",5.51965630797075,0,5.7740331580889,0
"2018-05-05 07:24:38",8.24257614535717,0,14.5234631062904,0
"2018-05-05 07:25:38",3.10119446287515,0,6.6155862347665,0
"2018-05-05 07:26:38",3.58486472943335,0,13.3910731701336,0
"2018-05-05 07:27:38",6.41918417449267,0,11.970414450638,0
"2018-05-05 07:28:38",2.06577469254309,0,9.32451163527228,0
"2018-05-05 07:29:38",4.34970586452401,0,19.7840078324377,0
"2018-05-05 07:30:39",4.71065732576927,0,12.9068613743902,0
"2018-05-05 07:31:39",1.97030152183412,0,8.40430823804027,0
"2018-05-05 07:32:39",2.28353914512085,0,10.4023947916276,0
"2018-05-05 07:33:39",1.88905844273205,0,12.6567139284275,0
"2018-05-05 07:34:39",1.42766296228051,0,7.9371703775588,0
"2018-05-05 07:35:39",5.93433171820344,0,25.2426685524144,0
"2018-05-05 07:36:39",6.06853681454846,0,7.94470809501839,0
"2018-05-05 07:37:39",2.73127428921904,0,9.85849212639469,0
"2018-05-05 07:38:39",2.36943639223779,0,9.80156444844851,0
"2018-05-05 07:39:39",2.79148768516721,0,8.65673271234054,0
"2018-05-05 07:40:39",5.53643015469162,0,16.2798489736077,0
"2018-05-05 07:41:39",6.51585401803732,0,23.3139584700827,0
"2018-05-05 07:42:39",3.2566509274604,0,9.26808101361856,0
"2018-05-05 07:43:39",4.15987294941345,0,7.60714483992876,0
"2018-05-05 07:44:39",4.22342254575133,0,7.50066170572194,0
"2018-05-05 07:45:39",4.03321160155958,0,6.90380839838807,0
"2018-05-05 07:46:39",9.19834613801625,0,19.4575569311652,0
"2018-05-05 07:47:39",4.4442165134531,0,6.00927641832612,0
"2018-05-05 07:48:39",5.56220730456496,0,12.3082470702609,0
"2018-05-05 07:49:39",5.54970376460575,0,8.92403807806894,0
"2018-05-05 07:50:39",4.77161271123427,0,10.2251044437874,0
"2018-05-05 07:51:39",8.26904817395344,0,21.6505110489882,0
"2018-05-05 07:52:40",6.87039639234756,0,20.2158142897672,0
"2018-05-05 07:53:40",3.87503301615911,0,8.98002751715156,0
"2018-05-05 07:54:40",4.14722290352146,0,9.63715532113082,0
"2018-05-05 07:55:40",4.2342888775808,0,8.12832691835077,0
"2018-05-05 07:56:40",4.12618410530008,0,7.82386804354893,0
"2018-05-05 07:57:40",7.94813922694638,0,28.6094572893756,0
"2018-05-05 07:58:40",3.42088583611516,0,10.5921667092629,0
"2018-05-05 07:59:40",3.20727426901079,0,15.6654556445829,0
"2018-05-05 08:00:40",4.80830398101278,0,8.31395896745545,0
"2018-05-05 08:01:40",4.60294528633314,0,17.5201015452359,0
"2018-05-05 08:02:40",7.19124796339657,0,24.2069345662639,0
"2018-05-05 08:03:40",7.71686759700179,0,21.0960661389933,0
"2018-05-05 08:04:40",5.33417367952399,0,10.6186129393023,0
"2018-05-05 08:05:40",4.59369458254892,0,10.9053680529691,0
"2018-05-05 08:06:40",4.05561709576811,0,13.1422792112115,0
"2018-05-05 08:07:40",24.9140242919496,0,112.413823681248,0
"2018-05-05 08:08:40",11.1847517081352,0,25.8692749801834,0
"2018-05-05 08:09:40",4.95726011159145,0,16.7966908746657,0
"2018-05-05 08:10:40",5.34350673206818,0,11.5157353109156,0
"2018-05-05 08:11:40",7.69470144526995,0,8.97650119892268,0
"2018-05-05 08:12:40",3.25351317129353,0,13.2676344984327,0
"2018-05-05 08:13:40",6.91218238069875,0,8.50578008374392,0
"2018-05-05 08:14:40",5.86104238946761,0,14.4022233554562,0
"2018-05-05 08:15:40",5.72343358829457,0,8.53282188883723,0
"2018-05-05 08:16:40",4.24673121301719,0,13.1608708386824,0
"2018-05-05 08:17:41",5.36739062178625,0,11.638339187783,0
"2018-05-05 08:18:41",6.36618845304861,0,11.685687459865,0
"2018-05-05 08:19:41",6.39457757993526,0,22.4870299169902,0
"2018-05-05 08:20:41",5.06451324550833,0,16.0793414744499,0
"2018-05-05 08:21:41",3.81562110917362,0,12.811606834454,0
"2018-05-05 08:22:41",4.64122627848475,0,12.6047238193899,0
"2018-05-05 08:23:41",3.79005453718137,0,12.1112974003305,0
"2018-05-05 08:24:41",4.71667290492498,0,11.4043618735016,0
"2018-05-05 08:25:41",7.07392813679988,0,14.7557523261149,0
"2018-05-05 08:26:41",3.1831250736021,0,11.8410142646469,0
"2018-05-05 08:27:41",5.1732789879277,0,34.807799734304,0
"2018-05-05 08:28:41",9.00048968032166,0,8.96384462254793,0
"2018-05-05 08:29:41",6.28030224670127,0,11.5658711357158,0
"2018-05-05 08:30:41",4.91282258283504,0,18.9130282322313,0
"2018-05-05 08:31:41",3.81908810738523,0,34.0655028583341,0
"2018-05-05 08:32:41",3.55211895592942,0,11.3584005459518,0
"2018-05-05 08:33:41",3.17423804861494,0,12.5705267921774,0
"2018-05-05 08:34:41",2.97422790166374,0,11.4129224690799,0
"2018-05-05 08:35:41",3.21378899705112,0,11.6395935961675,0
"2018-05-05 08:36:41",5.9684733202803,0,13.6291780572588,0
"2018-05-05 08:37:41",3.05845566323829,0,12.1673367818391,0
"2018-05-05 08:38:41",3.1368092878459,0,11.8326707497929,0
"2018-05-05 08:39:41",6.39503599254941,0,9.89840231717065,0
"2018-05-05 08:40:41",3.78747092084465,0,12.3501202679758,0
"2018-05-05 08:41:42",5.76863334044352,0,14.4512255508232,0
"2018-05-05 08:42:42",6.32427513738906,0,23.8407205612442,0
"2018-05-05 08:43:42",2.52643001204448,0,5.40269675292305,0
"2018-05-05 08:44:42",3.18734610206164,0,8.88437032293639,0
"2018-05-05 08:45:42",3.23600200977285,0,8.51515542014474,0
"2018-05-05 08:46:42",3.75599414959365,0,10.1663715859279,0
"2018-05-05 08:47:42",4.82794057127834,0,21.8913100285096,0
"2018-05-05 08:48:42",4.22735993590229,0,15.0323493284892,0
"2018-05-05 08:49:42",7.40834926314622,0,11.6864020577119,0
"2018-05-05 08:50:42",2.67500356158691,0,7.64750072632237,0
"2018-05-05 08:51:42",5.05800772282975,0,10.8254001566093,0
"2018-05-05 08:52:42",3.89156853671026,0,7.77999242430814,0
"2018-05-05 08:53:42",4.57356932434687,0,19.9785103656031,0
"2018-05-05 08:54:42",3.93788455823603,0,9.26942534195567,0
"2018-05-05 08:55:42",3.15117002043358,0,28.0824665608621,0
"2018-05-05 08:56:42",4.88878544989557,0,8.69115908700252,0
"2018-05-05 08:57:42",4.64373361516674,0,13.3242533431991,0
"2018-05-05 08:58:42",7.37710845602014,0,24.9341075913168,0
"2018-05-05 08:59:42",2.27127035630613,0,14.4079142594203,0
"2018-05-05 09:00:42",2.02026049337457,0,11.6731926952836,0
"2018-05-05 09:01:42",1.79246678075644,0,12.6967852213087,0
"2018-05-05 09:02:42",1.45329994818205,0,12.9818012150369,0
"2018-05-05 09:03:42",1.66098890072387,0,12.9748584315231,0
"2018-05-05 09:04:42",2.17401068731696,0,29.7822670725762,0
"2018-05-05 09:05:42",2.77032167456195,0,32.0845171678672,0
"2018-05-05 09:06:42",3.71584410420045,0,35.5362931237706,0
"2018-05-05 09:07:43",3.04270904852973,0,31.1237590519549,0
"2018-05-05 09:08:43",8.3722248527171,0,31.6817968413535,0
"2018-05-05 09:09:43",5.5872890796275,0,11.815816906718,0
"2018-05-05 09:10:43",5.16192853416744,0,11.2573760915837,0
"2018-05-05 09:11:43",4.14506441901268,0,10.3567840504106,0
"2018-05-05 09:12:43",4.42364581610571,0,11.3140870840865,0
"2018-05-05 09:13:43",5.05313867427696,0,16.9491037645899,0
"2018-05-05 09:14:43",4.61211142767667,0,15.2074595364603,0
"2018-05-05 09:15:43",2.96479694501063,0,10.8977359551969,0
"2018-05-05 09:16:43",2.60130661634031,0,7.18302967300204,0
"2018-05-05 09:17:43",3.15415225306717,0,9.70395520660043,0
"2018-05-05 09:18:43",5.86230760691318,0,6.49783393429362,0
"2018-05-05 09:19:43",9.49555172256878,0,34.357063052549,0
"2018-05-05 09:20:43",7.01090563170204,0,8.68480983602086,0
"2018-05-05 09:21:43",12.1040397389312,0,23.5193282296928,0
"2018-05-05 09:22:43",11.504376394167,0,9.91982902400388,0
"2018-05-05 09:23:43",12.943250752514,0,8.30121743629396,0
"2018-05-05 09:24:43",10.8508402875488,0,20.9523493420594,0
"2018-05-05 09:25:43",7.95245944243331,0,19.5344416027023,0
"2018-05-05 09:26:43",4.08075386734921,0,6.47752747014301,0
"2018-05-05 09:27:43",3.12352509542266,0,8.32567521888064,0
"2018-05-05 09:28:43",3.15777333952787,0,11.0695663682166,0
"2018-05-05 09:29:43",4.2836997522904,0,9.26968728475685,0
"2018-05-05 09:30:43",6.77705277652712,0,21.7281120524903,0
"2018-05-05 09:31:43",4.55905979196706,0,9.99137521400267,0
"2018-05-05 09:32:44",6.55136328252984,0,13.624694037483,0
"2018-05-05 09:33:44",5.49723303102441,0,7.5865521703035,0
"2018-05-05 09:34:44",6.00987726244949,0,42.3597310397414,0
"2018-05-05 09:35:44",6.37225013665542,0,11.0519686729138,0
"2018-05-05 09:36:44",6.43489070770868,0,21.8124597243532,0
"2018-05-05 09:37:44",4.81298119971637,0,9.94955623319664,0
"2018-05-05 09:38:44",3.9799271426605,0,8.47792871787503,0
"2018-05-05 09:39:44",3.1498096245426,0,7.79789646419088,0
"2018-05-05 09:40:44",2.4819098162197,0,8.9482847183453,0
"2018-05-05 09:41:44",3.18629096472576,0,19.6872933769876,0
"2018-05-05 09:42:44",3.4444088445743,0,12.5467629262722,0
"2018-05-05 09:43:44",3.29209306093297,0,10.0910189522061,0
"2018-05-05 09:44:44",2.55295231697579,0,7.06383254573094,0
"2018-05-05 09:45:44",5.46123307937688,0,11.7049780301938,0
"2018-05-05 09:46:44",3.24760713853124,0,6.58899707629268,0
"2018-05-05 09:47:44",4.86511247026914,0,110.12500058425,0
"2018-05-05 09:48:44",3.29244508060951,0,8.11864448734126,0
"2018-05-05 09:49:44",3.78433510884691,0,9.81932324875415,0
"2018-05-05 09:50:44",2.5242053741136,0,9.09695046134414,0
"2018-05-05 09:51:44",2.61920139037314,0,9.72392993809348,0
"2018-05-05 09:52:44",4.20467954966721,0,18.1020016045089,0
"2018-05-05 09:53:44",3.88726449062508,0,16.4682932351996,0
"2018-05-05 09:54:44",3.26230553302441,0,10.1325146642239,0
"2018-05-05 09:55:45",3.7276570858011,0,9.06947184074908,0
"2018-05-05 09:56:45",3.88657356846055,0,10.8455524333882,0
"2018-05-05 09:57:45",3.31459994049024,0,7.86420886657392,0
"2018-05-05 09:58:45",7.46914637286758,0,17.4377058634117,0
"2018-05-05 09:59:45",3.84898345684974,0,8.654757446558,0
"2018-05-05 10:00:45",2.8644471055703,0,203.286029417245,1
"2018-05-05 10:01:45",4.09077150348219,0,11.5264532338509,0
"2018-05-05 10:02:45",4.29859706548619,0,13.2454549295699,0
"2018-05-05 10:03:45",3.74880766046867,0,18.3435960197429,0
"2018-05-05 10:04:45",5.86758998523166,0,20.8962623037416,0
"2018-05-05 10:05:45",3.89369909869556,0,9.92483506919322,0
"2018-05-05 10:06:45",2.73782110406703,0,10.6535785766627,0
"2018-05-05 10:07:45",2.99593790229926,0,10.883685914444,0
"2018-05-05 10:08:45",18.7608773355839,0,115.561409197949,0
"2018-05-05 10:09:45",7.61572277952707,0,22.8244981071781,0
"2018-05-05 10:10:45",3.62771629506374,0,12.8184460106504,0
"2018-05-05 10:11:45",2.76843819142923,0,21.7847151879319,0
"2018-05-05 10:12:45",3.74128956724305,0,13.5994937212479,0
"2018-05-05 10:13:45",3.47935336732203,0,129.519700760851,0
"2018-05-05 10:14:45",5.82871907829609,0,17.4221788024805,0
"2018-05-05 10:15:45",4.87318575755235,0,18.4459969891576,0
"2018-05-05 10:16:45",3.7538273646544,0,6.87553932601855,0
"2018-05-05 10:17:46",4.33076230957008,0,10.6269155271265,0
"2018-05-05 10:18:46",4.92227243357672,0,9.49755140497612,0
"2018-05-05 10:19:46",4.05922944344621,0,10.7725621687113,0
"2018-05-05 10:20:46",4.93563194365546,0,23.4192226392001,0
"2018-05-05 10:21:46",6.00677146857215,0,11.3000797355072,0
"2018-05-05 10:22:46",3.59244806055385,0,11.4997383022382,0
"2018-05-05 10:23:46",3.5903966623241,0,10.6567752037466,0
"2018-05-05 10:24:46",3.86619222328071,0,14.0700293222833,0
"2018-05-05 10:25:46",3.77538993107051,0,12.0823207477483,0
"2018-05-05 10:26:46",4.34114977833754,0,89.5273176509262,0
"2018-05-05 10:27:46",5.01121108040024,0,11.5580381345873,0
"2018-05-05 10:28:46",5.23209403805017,0,12.7704648066745,0
"2018-05-05 10:29:46",4.73695918830881,0,9.17869667492658,0
"2018-05-05 10:30:46",4.35675853085078,0,10.8515616882251,0
"2018-05-05 10:31:46",5.10513564242641,0,21.6829541006673,0
"2018-05-05 10:32:46",3.37815196654287,0,15.4073604016618,0
"2018-05-05 10:33:46",3.19833593244912,0,11.5266181322441,0
"2018-05-05 10:34:46",3.54347544065275,0,10.3578552790329,0
"2018-05-05 10:35:46",4.12219715431261,0,13.7900060239508,0
"2018-05-05 10:36:46",3.02959779993002,0,12.9040794842981,0
"2018-05-05 10:37:46",6.43120775114477,0,17.4925776803482,0
"2018-05-05 10:38:46",5.3589437414779,0,5.66790886534706,0
"2018-05-05 10:39:47",7.51787180285932,0,17.0565291437122,0
"2018-05-05 10:40:47",5.61292459705215,0,11.7760031130813,0
"2018-05-05 10:41:47",5.23362512214625,0,10.060410502097,0
"2018-05-05 10:42:47",4.95183048574947,0,19.3851066999142,0
"2018-05-05 10:43:47",6.19848824087976,0,13.0413963197593,0
"2018-05-05 10:44:47",4.14451329617768,0,8.36109791359812,0
"2018-05-05 10:45:47",4.2760389256617,0,9.26395051859635,0
"2018-05-05 10:46:47",2.72909349887306,0,8.50277326588724,0
"2018-05-05 10:47:47",3.38005833925868,0,7.75589593473603,0
"2018-05-05 10:48:47",4.26694247217079,0,13.8033808405241,0
"2018-05-05 10:49:47",4.69679400916717,0,7.94507446774886,0
"2018-05-05 10:50:47",3.81061505657396,0,11.4657018657973,0
"2018-05-05 10:51:47",3.88825343410902,0,12.7740404804002,0
"2018-05-05 10:52:47",2.87753105852695,0,10.9360975640353,0
"2018-05-05 10:53:47",7.33915247631726,0,19.3233949024763,0
"2018-05-05 10:54:47",5.05802592049423,0,17.8704982069259,0
"2018-05-05 10:55:47",2.60574103396884,0,9.99389623327213,0
"2018-05-05 10:56:47",11.6023871418597,0,12.827088732039,0
"2018-05-05 10:57:47",4.26440264066997,0,8.901525987286,0
"2018-05-05 10:58:47",3.26710569043964,0,11.2492171091256,0
"2018-05-05 10:59:47",4.24526776228396,0,16.0958555990929,0
"2018-05-05 11:00:47",4.21785302780963,0,11.2893543223309,0
"2018-05-05 11:01:48",4.08266738865139,0,13.4850814581225,0
"2018-05-05 11:02:48",2.99196091619331,0,10.7711577025859,0
"2018-05-05 11:03:48",2.79348488238261,0,11.9381010945378,0
"2018-05-05 11:04:48",3.23124049546069,0,11.5331701450689,0
"2018-05-05 11:05:48",3.49773352344865,0,20.2071245574903,0
"2018-05-05 11:06:48",3.39942009577093,0,28.9360591547543,0
"2018-05-05 11:07:48",4.54209989849537,0,29.0869332843868,0
"2018-05-05 11:08:48",14.0605017972832,0,38.1410251246739,0
"2018-05-05 11:09:48",11.457129394512,0,21.1570737509084,0
"2018-05-05 11:10:48",9.30235216522953,0,15.7611732905135,0
"2018-05-05 11:11:48",7.90974956172226,0,13.5638327262358,0
"2018-05-05 11:12:48",9.40114707510169,0,19.4100753192468,0
"2018-05-05 11:13:48",6.76003873224782,0,13.0208013145598,0
"2018-05-05 11:14:48",3.84975538505915,0,12.3206186709024,0
"2018-05-05 11:15:48",5.06982779891166,0,20.2776076168939,0
"2018-05-05 11:16:48",10.240364118337,0,42.5628374969358,0
"2018-05-05 11:17:48",4.26756499750216,0,24.4680009914597,0
"2018-05-05 11:18:48",8.9751753247111,0,17.1209148684639,0
"2018-05-05 11:19:48",13.2216978776447,0,7.0603439334884,0
"2018-05-05 11:20:48",6.10709062146192,0,11.9767140342409,0
"2018-05-05 11:21:48",10.4696171720087,0,7.90676929901224,0
"2018-05-05 11:22:48",10.2669468576418,0,40.4008157323023,0
"2018-05-05 11:23:48",4.58224826343788,0,20.3287954336622,0
"2018-05-05 11:24:48",6.46196480407123,0,13.2725153523622,0
"2018-05-05 11:25:48",11.3528106256957,0,25.7521570770473,0
"2018-05-05 11:26:48",5.42472289940465,0,12.0532756906983,0
"2018-05-05 11:27:48",1.95118107737154,0,14.9925536977375,0
"2018-05-05 11:28:49",3.04462600208678,0,42.8733865158951,0
"2018-05-05 11:29:49",8.5143188464062,0,16.4460901958014,0
"2018-05-05 11:30:49",5.88013444657608,0,14.3036897974669,0
"2018-05-05 11:31:49",5.17121708009616,0,13.600132964501,0
"2018-05-05 11:32:49",3.4509355238325,0,18.591127669729,0
"2018-05-05 11:33:49",4.06697922682374,0,9.76666837237043,0
"2018-05-05 11:34:49",3.22818977423529,0,11.82219479585,0
"2018-05-05 11:35:49",4.62485329863845,0,18.5201443601342,0
"2018-05-05 11:36:49",4.12492154110279,0,9.10853839528029,0
"2018-05-05 11:37:49",7.11812891697355,0,19.3918589998514,0
"2018-05-05 11:38:49",3.48503118197854,0,17.3301530958041,0
"2018-05-05 11:39:49",14.9561050323349,0,32.7504843872662,0
"2018-05-05 11:40:49",6.37952752210798,0,13.6949324216615,0
"2018-05-05 11:41:49",3.84549668142263,0,9.59127661702187,0
"2018-05-05 11:42:49",3.52699714733767,0,26.4996087152517,0
"2018-05-05 11:43:49",3.97938211013006,0,10.7784373732202,0
"2018-05-05 11:44:49",5.62439324130983,0,9.40542634627639,0
"2018-05-05 11:45:49",9.24040900562038,0,35.6548374815798,0
"2018-05-05 11:46:49",5.14763084577961,0,16.4384078302849,0
"2018-05-05 11:47:49",6.36908367460102,0,9.29011062593504,0
"2018-05-05 11:48:49",8.34525062151617,0,21.3917051822851,0
"2018-05-05 11:49:49",5.90524346529947,0,10.8310198379237,0
"2018-05-05 11:50:49",5.06865440555949,0,10.1599623944021,0
"2018-05-05 11:51:49",4.60627752556798,0,20.8331151682784,0
"2018-05-05 11:52:49",4.30240860678544,0,47.9785407008612,0
"2018-05-05 11:53:50",5.47920821067286,0,9.6458974630467,0
"2018-05-05 11:54:50",5.82713503659321,0,9.88901786250103,0
"2018-05-05 11:55:50",7.13348848590087,0,17.3689500039669,0
"2018-05-05 11:56:50",8.20286257014629,0,10.1907182373463,0
"2018-05-05 11:57:50",5.67434454249963,0,9.76470410751641,0
"2018-05-05 11:58:50",5.76186092350301,0,20.5709967096301,0
"2018-05-05 11:59:50",7.131434277073,0,10.4165104516619,0
"2018-05-05 12:00:50",5.37239963536181,0,11.0258976610306,0
"2018-05-05 12:01:50",12.7091348255921,0,25.0986457732567,0
"2018-05-05 12:02:50",4.18262813820947,0,23.9206366550723,0
"2018-05-05 12:03:50",5.46170443744285,0,13.5197782324515,0
"2018-05-05 12:04:50",5.9665275224525,0,13.8694121315468,0
"2018-05-05 12:05:50",9.71343655329362,0,24.8632435810201,0
"2018-05-05 12:06:50",5.14466549178931,0,13.940826492086,0
"2018-05-05 12:07:50",4.35048144360745,0,13.0329609065717,0
"2018-05-05 12:08:50",8.29368116659156,0,34.8674871352171,0
"2018-05-05 12:09:50",9.40209816295738,0,25.6034452743275,0
"2018-05-05 12:10:50",20.0423172749376,0,53.594510769341,0
"2018-05-05 12:11:50",4.70855477481456,0,15.651646254043,0
"2018-05-05 12:12:50",2.34567335153653,0,12.7582319588571,0
"2018-05-05 12:13:50",2.69525279300764,0,9.51554721362924,0
"2018-05-05 12:14:50",7.33595614674545,0,24.257660431461,0
"2018-05-05 12:15:50",3.06234224891098,0,18.4096014061373,0
"2018-05-05 12:16:50",5.48996443729991,0,14.5950529616703,0
"2018-05-05 12:17:50",4.14493615173625,0,8.84765080602173,0
"2018-05-05 12:18:51",4.85837069296227,0,6.67803690356239,0
"2018-05-05 12:19:51",2.61622028951021,0,7.92698205934193,0
"2018-05-05 12:20:51",4.38939541594992,0,19.657591899826,0
"2018-05-05 12:21:51",3.86141930861094,0,7.95518991027973,0
"2018-05-05 12:22:51",5.34511870400088,0,9.41245084607455,0
"2018-05-05 12:23:51",3.15589145317163,0,9.35383506145886,0
"2018-05-05 12:24:51",3.30252460767364,0,8.01713852648003,0
"2018-05-05 12:25:51",2.89779859373821,0,8.8409918821587,0
"2018-05-05 12:26:51",4.28675747531261,0,17.6011978729309,0
"2018-05-05 12:27:51",4.16171741594392,0,9.80687793106636,0
"2018-05-05 12:28:51",2.22584769296632,0,10.0470062984374,0
"2018-05-05 12:29:51",5.66769190105506,0,12.8045104336718,0
"2018-05-05 12:30:51",2.99910548887789,0,9.88527844103204,0
"2018-05-05 12:31:51",3.52527144566913,0,22.7085093396048,0
"2018-05-05 12:32:51",2.66294067706822,0,9.39105016535394,0
"2018-05-05 12:33:51",3.41011565464233,0,9.55174707265848,0
"2018-05-05 12:34:51",2.52890936366473,0,9.99579178205998,0
"2018-05-05 12:35:51",3.48126947569151,0,11.7565441653825,0
"2018-05-05 12:36:51",3.75570277746623,0,12.4364274620848,0
"2018-05-05 12:37:51",4.9411010085881,0,17.4730485042048,0
"2018-05-05 12:38:51",7.95325431283017,0,17.9297202882075,0
"2018-05-05 12:39:51",3.94010688260618,0,8.74527285519438,0
"2018-05-05 12:40:51",7.479623679533,0,9.89062718512217,0
"2018-05-05 12:41:51",3.98566287481604,0,8.62721858656753,0
"2018-05-05 12:42:51",5.19734062788387,0,24.7145584813466,0
"2018-05-05 12:43:51",4.14825615920296,0,8.7958491847714,0
"2018-05-05 12:44:51",5.30583074201826,0,9.50678559542529,0
"2018-05-05 12:45:52",3.24960182143899,0,8.04530641650225,0
"2018-05-05 12:46:52",5.36699073663691,0,13.053763295913,0
"2018-05-05 12:47:52",8.92318943171286,0,11.262305414953,0
"2018-05-05 12:48:52",8.22178878269572,0,16.8107633260117,0
"2018-05-05 12:49:52",5.11966003821828,0,6.19113368683788,0
"2018-05-05 12:50:52",3.60984010131065,0,6.82652520406702,0
"2018-05-05 12:51:52",3.62055603261585,0,6.55525765523561,0
"2018-05-05 12:52:52",2.8901481821063,0,8.97293307648592,0
"2018-05-05 12:53:52",8.43972460580553,0,18.583602079314,0
"2018-05-05 12:54:52",11.7103210141471,0,15.1240923869069,0
"2018-05-05 12:55:52",9.50762869227823,0,14.4386802484517,0
"2018-05-05 12:56:52",2.78161590218022,0,7.24575837468384,0
"2018-05-05 12:57:52",5.28681374327312,0,7.2610208739772,0
"2018-05-05 12:58:52",4.18612079387985,0,6.59380208330159,0
"2018-05-05 12:59:52",8.98998410796369,0,10.3129549206132,0
"2018-05-05 13:00:52",4.71220444799137,0,7.43290635258495,0
"2018-05-05 13:01:52",3.6653828626497,0,8.56712910236408,0
"2018-05-05 13:02:52",3.378924693998,0,9.54004359120611,0
"2018-05-05 13:03:52",4.05561944037358,0,10.3238025368898,0
"2018-05-05 13:04:52",4.15389110047072,0,14.6249760344551,0
"2018-05-05 13:05:52",10.1255761862741,0,18.1284493247447,0
"2018-05-05 13:06:52",7.14393096265756,0,9.86309386786666,0
"2018-05-05 13:07:53",2.92967485098902,0,11.9922984458068,0
"2018-05-05 13:08:53",6.70762684006796,0,14.1585718970608,0
"2018-05-05 13:09:53",35.4744654918745,0,102.408442746146,0
"2018-05-05 13:10:53",9.31865617023048,0,19.7176394644164,0
"2018-05-05 13:11:53",8.49408397145161,0,9.37872496284202,0
"2018-05-05 13:12:53",6.55719104170775,0,10.4535157112006,0
"2018-05-05 13:13:53",6.84043279022206,0,11.5543048961546,0
"2018-05-05 13:14:53",5.86531485565177,0,10.48040625438,0
"2018-05-05 13:15:53",5.94767716982213,0,10.4411573686219,0
"2018-05-05 13:16:53",6.44720126162815,0,20.183297650983,0
"2018-05-05 13:17:53",4.98273846155431,0,9.7210317319864,0
"2018-05-05 13:18:53",5.09080201986233,0,10.2461094937381,0
"2018-05-05 13:19:53",8.1439328830697,0,17.2328684425531,0
"2018-05-05 13:20:53",9.54256297394087,0,13.2056931979106,0
"2018-05-05 13:21:53",6.16680215997956,0,35.2076022064213,0
"2018-05-05 13:22:53",10.0494520266932,0,18.4551585204903,0
"2018-05-05 13:23:53",15.6135003143395,0,17.3497712999804,0
"2018-05-05 13:24:53",6.24989197217237,0,8.53439366740788,0
"2018-05-05 13:25:53",7.63744527936727,0,9.8328522026022,0
"2018-05-05 13:26:53",5.43596805882848,0,10.7752347155066,0
"2018-05-05 13:27:53",9.93200951656642,0,21.8202096139757,0
"2018-05-05 13:28:53",4.76495863975312,0,12.4004346006619,0
"2018-05-05 13:29:53",4.85910555961929,0,13.4580080369556,0
"2018-05-05 13:30:53",5.82787465427441,0,18.743186080061,0
"2018-05-05 13:31:53",5.2637485439193,0,14.4172157956276,0
"2018-05-05 13:32:53",5.58285841952464,0,28.1316395256805,0
"2018-05-05 13:33:53",5.61541627589207,0,17.330525016873,0
"2018-05-05 13:34:54",5.91233835105614,0,16.5804596169854,0
"2018-05-05 13:35:54",6.17540070859526,0,10.0579071558059,0
"2018-05-05 13:36:54",7.462544204438,0,13.2839330230034,0
"2018-05-05 13:37:54",6.80551009284089,0,14.9669985337287,0
"2018-05-05 13:38:54",10.71054032293,0,28.3256820313099,0
"2018-05-05 13:39:54",5.15906205297816,0,9.67896561021236,0
"2018-05-05 13:40:54",4.02232895130068,0,12.4777748226212,0
"2018-05-05 13:41:54",3.70681688573286,0,12.1891407981473,0
"2018-05-05 13:42:54",4.38245071228494,0,14.344284487139,0
"2018-05-05 13:43:54",3.89061529677288,0,29.0001959257189,0
"2018-05-05 13:44:54",8.32695732013879,0,27.7683130196799,0
"2018-05-05 13:45:54",5.41963834728742,0,16.2048287988866,0
"2018-05-05 13:46:54",6.03479889626702,0,11.2144755524957,0
"2018-05-05 13:47:54",5.70013680182953,0,17.3153125312972,0
"2018-05-05 13:48:54",4.78847512217085,0,13.0469242950417,0
"2018-05-05 13:49:54",5.8300540037509,0,36.4634346705914,0
"2018-05-05 13:50:54",4.85899675736387,0,12.6662639035117,0
"2018-05-05 13:51:54",4.53322870311827,0,14.2228988566835,0
"2018-05-05 13:52:54",5.04248361704306,0,12.7001939656295,0
"2018-05-05 13:53:54",4.81994136562857,0,15.2685658144033,0
"2018-05-05 13:54:54",5.47449892050377,0,13.5518993643295,0
"2018-05-05 13:55:55",7.98154394225072,0,28.4970640357555,0
"2018-05-05 13:56:55",4.69899092520103,0,14.4185512241923,0
"2018-05-05 13:57:55",5.67532517272648,0,13.1729608468347,0
"2018-05-05 13:58:55",5.30971973235515,0,16.4330237839491,0
"2018-05-05 13:59:55",5.65517260663919,0,14.4809539558369,0
"2018-05-05 14:00:55",6.76599127008901,0,23.0298343733855,0
"2018-05-05 14:01:55",5.38557339027198,0,14.4918446663958,0
"2018-05-05 14:02:55",5.57488326759948,0,18.3765972698214,0
"2018-05-05 14:03:55",4.57948700639657,0,15.9350492306339,0
"2018-05-05 14:04:55",4.78173975065129,0,16.1442677906256,0
"2018-05-05 14:05:55",4.70946979638626,0,14.9381248069111,0
"2018-05-05 14:06:55",7.22838889209216,0,27.9392392935421,0
"2018-05-05 14:07:55",4.12287961707324,0,37.9842117808872,0
"2018-05-05 14:08:55",4.09376614640289,0,38.4928359484438,0
"2018-05-05 14:09:55",4.38228664396045,0,37.8903581923179,0
"2018-05-05 14:10:55",10.7722237514847,0,26.0613188028207,0
"2018-05-05 14:11:55",6.05357334697904,0,17.7154686766152,0
"2018-05-05 14:12:55",4.86989010224945,0,10.6697291012201,0
"2018-05-05 14:13:55",5.31891299660722,0,12.1012144346584,0
"2018-05-05 14:14:55",6.03523307680648,0,7.9728175588439,0
"2018-05-05 14:15:55",6.31570117529996,0,18.0759040749692,0
"2018-05-05 14:16:55",4.70074802605819,0,7.21742117374603,0
"2018-05-05 14:17:55",4.9677174391216,0,8.65941437519402,0
"2018-05-05 14:18:55",3.5395976767013,0,6.81085412177794,0
"2018-05-05 14:19:55",5.04565179629726,0,6.33102241493851,0
"2018-05-05 14:20:55",6.3912586611019,0,10.3886691432788,0
"2018-05-05 14:21:56",11.5989222206457,0,14.2743004958935,0
"2018-05-05 14:22:56",5.91333061950858,0,9.79668395476448,0
"2018-05-05 14:23:56",7.87139814307436,0,8.08660633391321,0
"2018-05-05 14:24:56",6.19548242020919,0,9.00230216732667,0
"2018-05-05 14:25:56",4.85983625862878,0,8.92638345925898,0
"2018-05-05 14:26:56",9.78580675560338,0,19.1284226043077,0
"2018-05-05 14:27:56",3.4921583363477,0,16.907273178737,0
"2018-05-05 14:28:56",5.50983548469131,0,9.15375740430413,0
"2018-05-05 14:29:56",3.57345903103768,0,9.03538773541488,0
"2018-05-05 14:30:56",5.90150095162681,0,7.6761399385144,0
"2018-05-05 14:31:56",5.54314834112608,0,7.14239163664904,0
"2018-05-05 14:32:56",6.33933375647175,0,13.9872823744682,0
"2018-05-05 14:33:56",14.396346052895,0,8.88688236814744,0
"2018-05-05 14:34:56",3.20332727958291,0,8.27193909865788,0
"2018-05-05 14:35:56",3.82031547081803,0,7.59957270388931,0
"2018-05-05 14:36:56",3.70355927196243,0,8.40384552612292,0
"2018-05-05 14:37:56",6.59264836332588,0,8.45151750991188,0
"2018-05-05 14:38:56",3.0412792327358,0,18.3346111927465,0
"2018-05-05 14:39:56",6.05532108687088,0,11.1585337233802,0
"2018-05-05 14:40:56",4.81162155387385,0,4.08147312603081,0
"2018-05-05 14:41:56",5.12662350383299,0,5.73817494927995,0
"2018-05-05 14:42:56",3.74625641553707,0,9.49437655781677,0
"2018-05-05 14:43:57",9.2282270240736,0,19.807409263807,0
"2018-05-05 14:44:57",4.65641872085817,0,4.64143819614586,0
"2018-05-05 14:45:57",4.01661999456454,0,6.90281430870249,0
"2018-05-05 14:46:57",3.40350171650994,0,6.56973593573361,0
"2018-05-05 14:47:57",3.37285255506353,0,6.77950389720283,0
"2018-05-05 14:48:57",4.04315544840928,0,7.26981559160878,0
"2018-05-05 14:49:57",4.21879168271076,0,16.9656378560951,0
"2018-05-05 14:50:57",5.27216771085338,0,7.93048179782493,0
"2018-05-05 14:51:57",3.06838999030286,0,6.6678995747209,0
"2018-05-05 14:52:57",6.74024205367724,0,9.68965133224358,0
"2018-05-05 14:53:57",4.59525977243467,0,12.0569971348463,0
"2018-05-05 14:54:57",7.03113625277917,0,17.7635627832902,0
"2018-05-05 14:55:57",4.64907930106266,0,5.27132574069232,0
"2018-05-05 14:56:57",4.98161237553883,0,7.1723429501792,0
"2018-05-05 14:57:57",5.32837198116603,0,8.30212965027462,0
"2018-05-05 14:58:57",4.24110779523601,0,7.85963598299727,0
"2018-05-05 14:59:57",4.25306745204315,0,6.81527083546177,0
"2018-05-05 15:00:57",7.08215575264435,0,15.9962526601406,0
"2018-05-05 15:01:57",3.57885978539028,0,7.4379103017276,0
"2018-05-05 15:02:57",3.96149791673656,0,8.48037121113786,0
"2018-05-05 15:03:57",5.38240202691107,0,9.17357181108359,0
"2018-05-05 15:04:57",3.1529619073955,0,9.35713729353025,0
"2018-05-05 15:05:57",6.5084747832987,0,22.2911995404935,0
"2018-05-05 15:06:57",10.5076956485077,0,86.6618177502047,0
"2018-05-05 15:07:57",5.12048527071919,0,9.65403353557173,0
"2018-05-05 15:08:57",2.65907671010304,0,9.38329699246614,0
"2018-05-05 15:09:58",4.35863685559346,0,10.4857228236754,0
"2018-05-05 15:10:58",16.1439314695222,0,110.924465662727,0
"2018-05-05 15:11:58",10.7248812152373,0,20.3539035008253,0
"2018-05-05 15:12:58",6.54836571041806,0,8.94889221951927,0
"2018-05-05 15:13:58",4.84842600600827,0,7.96072630596849,0
"2018-05-05 15:14:58",5.04732856305456,0,8.68184688777754,0
"2018-05-05 15:15:58",5.48241567718175,0,7.16465052978666,0
"2018-05-05 15:16:58",5.1387072057903,0,17.8900600196874,0
"2018-05-05 15:17:58",9.92021513603364,0,18.6181398397075,0
"2018-05-05 15:18:58",5.63578204372891,0,14.3358656404438,0
"2018-05-05 15:19:58",5.70707978510157,0,10.3235399817533,0
"2018-05-05 15:20:58",7.49711343233682,0,9.22060897252629,0
"2018-05-05 15:21:58",7.04654966288824,0,8.89121576620738,0
"2018-05-05 15:22:58",8.22220905390875,0,23.8229669602566,0
"2018-05-05 15:23:58",7.76218247594704,0,15.4847536451226,0
"2018-05-05 15:24:58",5.74594752127388,0,8.83308323870265,0
"2018-05-05 15:25:58",6.60072080802693,0,7.71175786092823,0
"2018-05-05 15:26:58",8.03970377977472,0,14.8017489952425,0
"2018-05-05 15:27:58",4.90370898855458,0,10.7907938447167,0
"2018-05-05 15:28:58",6.13792822128329,0,17.6405584621205,0
"2018-05-05 15:29:58",4.83616839900202,0,15.3980117400209,0
"2018-05-05 15:30:58",4.87088869939466,0,11.3310468548673,0
"2018-05-05 15:31:58",4.68278025499787,0,15.9355944970754,0
"2018-05-05 15:32:58",6.91292229038295,0,20.0105754297681,0
"2018-05-05 15:33:58",4.10331257027961,0,20.4122616337533,0
"2018-05-05 15:34:59",5.34909113174016,0,8.53598289899769,0
"2018-05-05 15:35:59",3.82397711133201,0,12.1879087393266,0
"2018-05-05 15:36:59",3.48083498456974,0,11.3763545536773,0
"2018-05-05 15:37:59",4.56766026573994,0,13.3459414146929,0
"2018-05-05 15:38:59",6.67754701377057,0,13.4481608230861,0
"2018-05-05 15:39:59",8.85505019422619,0,19.5464552592463,0
"2018-05-05 15:40:59",4.40692054805077,0,7.76958177082861,0
"2018-05-05 15:41:59",4.55165194872087,0,8.10471525287185,0
"2018-05-05 15:42:59",4.78261797345152,0,10.4402227546121,0
"2018-05-05 15:43:59",3.30374012045161,0,8.68371377866146,0
"2018-05-05 15:44:59",3.58647387667968,0,25.1480348484287,0
"2018-05-05 15:45:59",3.7099728822851,0,7.54164166789517,0
"2018-05-05 15:46:59",3.37182573824947,0,13.3259650964001,0
"2018-05-05 15:47:59",2.7921443461467,0,9.46300542415541,0
"2018-05-05 15:48:59",3.10830257831473,0,11.4289643363191,0
"2018-05-05 15:49:59",2.64739016461465,0,9.49435758372639,0
"2018-05-05 15:50:59",7.8644761458738,0,14.0576324563362,0
"2018-05-05 15:51:59",4.60795184358106,0,7.7661466153245,0
"2018-05-05 15:52:59",3.57804740420132,0,11.0970642921701,0
"2018-05-05 15:53:59",3.28262107687057,0,12.6642964764226,0
"2018-05-05 15:54:59",3.13141726325256,0,11.5005882106015,0
"2018-05-05 15:55:59",3.3303015110558,0,26.8832970648338,0
"2018-05-05 15:56:59",7.52522005995593,0,23.859920192103,0
"2018-05-05 15:57:59",4.74736335659869,0,16.7405925631707,0
"2018-05-05 15:58:59",5.42622591245852,0,9.16783386536108,0
"2018-05-05 15:59:59",3.41861229482574,0,9.7650082673669,0
"2018-05-05 16:00:59",3.00003634151148,0,11.643804000728,0
"2018-05-05 16:01:59",5.10018100850955,0,36.8891262324558,0
"2018-05-05 16:02:59",4.51018696126537,0,14.2449466586036,0
"2018-05-05 16:03:59",3.37210393612219,0,16.6143654342489,0
"2018-05-05 16:05:00",4.31452423405722,0,18.0058442288243,0
"2018-05-05 16:06:00",4.63085302594059,0,20.3714395652195,0
"2018-05-05 16:07:00",6.24874747684389,0,27.0279864830521,0
"2018-05-05 16:08:00",11.4872523056278,0,31.0386618917549,0
"2018-05-05 16:09:00",5.5946683138224,0,22.5464084153703,0
"2018-05-05 16:10:00",4.52717962892059,0,22.7531619374361,0
"2018-05-05 16:11:00",19.5050848288658,0,159.427310124352,0
"2018-05-05 16:12:00",5.78105192806558,0,39.5444582274818,0
"2018-05-05 16:13:00",7.52779732051921,0,27.6809287472668,0
"2018-05-05 16:14:00",4.21208314617051,0,25.903030555414,0
"2018-05-05 16:15:00",5.73054592782699,0,23.9400598822637,0
"2018-05-05 16:16:00",6.24001160327289,0,22.4764831320167,0
"2018-05-05 16:17:00",7.44315994615111,0,35.949830136443,0
"2018-05-05 16:18:00",5.95910499256274,0,18.2304273501566,0
"2018-05-05 16:19:00",6.00177200570945,0,17.91220226414,0
"2018-05-05 16:20:00",7.95779129114044,0,18.0885034766598,0
"2018-05-05 16:21:00",8.08802172786082,0,15.218602406367,0
"2018-05-05 16:22:00",11.3307044926797,0,30.5538088774076,0
"2018-05-05 16:23:00",7.79125345122897,0,28.8494079513809,0
"2018-05-05 16:24:00",11.9158655374487,0,16.4845481139528,0
"2018-05-05 16:25:01",8.39894633128237,0,16.1998171824642,0
"2018-05-05 16:26:01",9.67106897693197,0,14.5546112387433,0
"2018-05-05 16:27:01",5.88072518699959,0,16.092478635383,0
"2018-05-05 16:28:01",7.97992081710682,0,26.3157933158829,0
"2018-05-05 16:29:01",6.8371602129531,0,12.9637367523868,0
"2018-05-05 16:30:01",6.6551154164737,0,11.9208909337239,0
"2018-05-05 16:31:01",4.55100644593794,0,14.242502633479,0
"2018-05-05 16:32:01",7.34370694071761,0,10.7693727909771,0
"2018-05-05 16:33:01",5.99036040731903,0,11.5815042275711,0
"2018-05-05 16:34:01",4.90487995969894,0,24.4207368040732,0
"2018-05-05 16:35:01",6.36945189218415,0,15.8371898810613,0
"2018-05-05 16:36:01",5.43743118968217,0,16.6906914102781,0
"2018-05-05 16:37:01",8.09063544771899,0,14.4327285198376,0
"2018-05-05 16:38:01",6.0625776995289,0,12.3021241444993,0
"2018-05-05 16:39:01",8.78185881836789,0,22.6031053569566,0
"2018-05-05 16:40:01",6.41931952946173,0,9.35834402091721,0
"2018-05-05 16:41:01",5.45443561926376,0,10.0147251128777,0
"2018-05-05 16:42:01",4.34239713145428,0,10.1908876422837,0
"2018-05-05 16:43:01",5.38464164067608,0,10.5129734072499,0
"2018-05-05 16:44:01",3.54008263365338,0,10.3800795044686,0
"2018-05-05 16:45:01",6.41347056406862,0,20.2612995472573,0
"2018-05-05 16:46:01",7.84360746505626,0,7.9142031832317,0
"2018-05-05 16:47:01",4.92986315229555,0,10.5350055117591,0
"2018-05-05 16:48:01",8.4197855071154,0,15.3602065180537,0
"2018-05-05 16:49:02",3.07151351586841,0,11.3987579415387,0
"2018-05-05 16:50:02",6.66341439659853,0,20.8238426353473,0
"2018-05-05 16:51:02",5.16468211850303,0,13.0547587108061,0
"2018-05-05 16:52:02",5.37831838197417,0,12.4263105186416,0
"2018-05-05 16:53:02",2.37801091151909,0,8.85040538655051,0
"2018-05-05 16:54:02",3.40247743701169,0,9.10838739828191,0
"2018-05-05 16:55:02",3.81561332547199,0,8.573751521593,0
"2018-05-05 16:56:02",5.42069932021255,0,16.9382238874673,0
"2018-05-05 16:57:02",2.63471939600542,0,9.17107433785352,0
"2018-05-05 16:58:02",3.99346958581227,0,9.69676193252325,0
"2018-05-05 16:59:02",4.58294671190738,0,9.41431220110242,0
"2018-05-05 17:00:02",6.20922484384081,0,15.2205623434692,0
"2018-05-05 17:01:02",6.14324232778864,0,16.560763294396,0
"2018-05-05 17:02:02",4.27944786445567,0,13.7502546678682,0
"2018-05-05 17:03:02",6.37180451831492,0,12.2553815353765,0
"2018-05-05 17:04:02",3.84278743831664,0,12.0005787048299,0
"2018-05-05 17:05:02",4.04943284740015,0,9.08780800563384,0
"2018-05-05 17:06:02",3.79525352457815,0,8.6622949268127,0
"2018-05-05 17:07:02",5.70721346280365,0,21.9049801069717,0
"2018-05-05 17:08:02",4.41648364009272,0,8.33454085451627,0
"2018-05-05 17:09:02",3.61859526334103,0,9.01013952240534,0
"2018-05-05 17:10:02",2.6371180443372,0,9.1590399107236,0
"2018-05-05 17:11:02",6.50821310504107,0,29.2208560594686,0
"2018-05-05 17:12:02",11.7645247886197,0,19.1746525502134,0
"2018-05-05 17:13:03",9.22253301995261,0,12.8493318529336,0
"2018-05-05 17:14:03",7.14045542466429,0,10.6135364237341,0
"2018-05-05 17:15:03",6.86145070528047,0,7.9301892131883,0
"2018-05-05 17:16:03",5.93850790646979,0,12.0717646037469,0
"2018-05-05 17:17:03",10.822006387049,0,18.4028550953403,0
"2018-05-05 17:18:03",8.60862016301853,0,22.8167596122489,0
"2018-05-05 17:19:03",6.78529056611741,0,5.86192144956451,0
"2018-05-05 17:20:03",4.11080102740687,0,6.85434859683294,0
"2018-05-05 17:21:03",5.39071663653602,0,7.64051632378706,0
"2018-05-05 17:22:03",6.90762972792502,0,9.46358318467763,0
"2018-05-05 17:23:03",10.2249716066061,0,13.0390586626423,0
"2018-05-05 17:24:03",6.36096895861673,0,12.4495882993562,0
"2018-05-05 17:25:03",6.97876760651981,0,11.5700694106452,0
"2018-05-05 17:26:03",6.70201380412884,0,7.95967237857521,0
"2018-05-05 17:27:03",6.10790961945894,0,11.5173068467051,0
"2018-05-05 17:28:03",4.83802062201239,0,15.7794129189717,0
"2018-05-05 17:29:03",7.83093467640182,0,25.3545618838873,0
"2018-05-05 17:30:03",5.62533096397144,0,7.70011587830027,0
"2018-05-05 17:31:03",2.77042835836056,0,13.1392632114384,0
"2018-05-05 17:32:03",3.96747757272414,0,10.8980635819891,0
"2018-05-05 17:33:03",2.31797425860619,0,13.2747400804443,0
"2018-05-05 17:34:03",2.37835049066774,0,24.7688900865313,0
"2018-05-05 17:35:03",3.99087160186528,0,14.5498175303597,0
"2018-05-05 17:36:03",4.25889355999974,0,8.96284737850042,0
"2018-05-05 17:37:03",5.35360656003043,0,7.78329013222057,0
"2018-05-05 17:38:03",6.04147556241153,0,10.3717101136098,0
"2018-05-05 17:39:04",6.83978914866798,0,8.67716135249109,0
"2018-05-05 17:40:04",5.50514855380624,0,21.3198141603628,0
"2018-05-05 17:41:04",6.61709209429198,0,8.23339464315302,0
"2018-05-05 17:42:04",4.27499243912028,0,11.2698065073274,0
"2018-05-05 17:43:04",6.06809602248152,0,7.53157284136223,0
"2018-05-05 17:44:04",4.68491610858778,0,11.3791647130874,0
"2018-05-05 17:45:04",4.4944017598156,0,20.7290898911479,0
"2018-05-05 17:46:04",2.58649852942861,0,15.6932649646166,0
"2018-05-05 17:47:04",5.30174927697496,0,8.71469747611806,0
"2018-05-05 17:48:04",5.76621417353259,0,11.3798532706194,0
"2018-05-05 17:49:04",5.79251256757413,0,10.415779952105,0
"2018-05-05 17:50:04",6.34272589830426,0,9.86812433697896,0
"2018-05-05 17:51:04",10.5548081579852,0,13.8845095448102,0
"2018-05-05 17:52:04",6.72583946992714,0,9.383970805194,0
"2018-05-05 17:53:04",5.21883214510876,0,10.8351641684632,0
"2018-05-05 17:54:04",7.15442177046631,0,8.22914925083234,0
"2018-05-05 17:55:04",5.53019224582571,0,12.4740693671611,0
"2018-05-05 17:56:04",7.78393659913983,0,20.6328076093492,0
"2018-05-05 17:57:04",6.01821680455493,0,13.8746154929889,0
"2018-05-05 17:58:04",6.26473142246474,0,14.4546662239438,0
"2018-05-05 17:59:04",4.03041657816811,0,15.4839532647797,0
"2018-05-05 18:00:04",4.27570692301732,0,14.529956270509,0
"2018-05-05 18:01:04",4.53653192634963,0,15.5346676447267,0
"2018-05-05 18:02:04",6.73487510839671,0,23.2819276717193,0
"2018-05-05 18:03:04",4.17843507637491,0,14.4348006259319,0
"2018-05-05 18:04:05",3.5631087302148,0,14.9674785662749,0
"2018-05-05 18:05:05",4.28778590478214,0,15.107698248457,0
"2018-05-05 18:06:05",4.95991492504485,0,16.2993628262148,0
"2018-05-05 18:07:05",6.5868171580014,0,26.6133138876512,0
"2018-05-05 18:08:05",8.82617231566137,0,30.6507951619816,0
"2018-05-05 18:09:05",6.32280688276208,0,16.2037574261811,0
"2018-05-05 18:10:05",5.69173050509791,0,28.545106563847,0
"2018-05-05 18:11:05",4.40863494593901,0,16.067596405737,0
"2018-05-05 18:12:05",7.49274371091162,0,137.94014502338,0
"2018-05-05 18:13:05",6.07356488481403,0,17.4936993759246,0
"2018-05-05 18:14:05",2.38789570362033,0,16.204143751131,0
"2018-05-05 18:15:05",1.51416045277465,0,15.4028920283718,0
"2018-05-05 18:16:05",3.21949380669728,0,13.4242354516972,0
"2018-05-05 18:17:05",2.24120455970334,0,10.2260438640124,0
"2018-05-05 18:18:05",3.54655752361046,0,16.5397310220725,0
"2018-05-05 18:19:05",2.29680241560354,0,9.81581747762492,0
"2018-05-05 18:20:05",1.67654782184308,0,8.94192613514349,0
"2018-05-05 18:21:05",3.55307621585621,0,10.2775591478869,0
"2018-05-05 18:22:05",3.00626825891684,0,10.9528840773474,0
"2018-05-05 18:23:05",3.39179788597967,0,17.0818573256507,0
"2018-05-05 18:24:05",3.34007850843258,0,20.2075287014346,0
"2018-05-05 18:25:05",4.76959527687787,0,9.22895842357378,0
"2018-05-05 18:26:05",3.92350737582381,0,12.3668846498983,0
"2018-05-05 18:27:05",6.10133111912555,0,9.50430706125941,0
"2018-05-05 18:28:05",3.74202633069927,0,8.17036979656213,0
"2018-05-05 18:29:06",3.90538127647688,0,11.6502640760948,0
"2018-05-05 18:30:06",2.46393460682934,0,8.43404850634197,0
"2018-05-05 18:31:06",2.11479666443441,0,9.15225689159516,0
"2018-05-05 18:32:06",2.48601714237451,0,8.4012020367413,0
"2018-05-05 18:33:06",3.88135500601759,0,7.35219883799832,0
"2018-05-05 18:34:06",6.08832746786054,0,17.7106589071874,0
"2018-05-05 18:35:06",2.69455237681081,0,28.9472649821078,0
"2018-05-05 18:36:06",4.63674347088246,0,11.7040043631771,0
"2018-05-05 18:37:06",2.8060051090273,0,14.7412764587073,0
"2018-05-05 18:38:06",4.64938865031089,0,15.9479055089541,0
"2018-05-05 18:39:06",12.8297090294951,0,16.2902323607849,0
"2018-05-05 18:40:06",2.19907814972297,0,21.1456016874516,0
"2018-05-05 18:41:06",3.50949641411071,0,8.24637616626191,0
"2018-05-05 18:42:06",1.93542815742873,0,8.19457533345646,0
"2018-05-05 18:43:06",0.560495411827441,0,9.66324152428846,0
"2018-05-05 18:44:06",1.75482611667232,0,10.5691089296858,0
"2018-05-05 18:45:06",1.7246713751688,0,9.8353754917672,0
"2018-05-05 18:46:06",4.5408340224233,0,24.816979817762,0
"2018-05-05 18:47:06",3.05240538964667,0,10.0396556566248,0
"2018-05-05 18:48:06",0.866655688846025,0,9.72159258183997,0
"2018-05-05 18:49:06",1.45934049118281,0,9.3450603668518,0
"2018-05-05 18:50:06",1.90467688730606,0,8.033448921395,0
"2018-05-05 18:51:07",5.03389083591301,0,21.9634570335418,0
"2018-05-05 18:52:07",3.12925131976791,0,7.91338485925081,0
"2018-05-05 18:53:07",4.68765480013524,0,12.1514024699916,0
"2018-05-05 18:54:07",5.76898266982604,0,8.99866878831315,0
"2018-05-05 18:55:07",1.58251810273296,0,6.28307978564463,0
"2018-05-05 18:56:07",1.83994170203152,0,6.74916583283471,0
"2018-05-05 18:57:07",3.24286782780654,0,15.7393938356624,0
"2018-05-05 18:58:07",2.4878509841799,0,7.14428789068755,0
"2018-05-05 18:59:07",0.967780693066579,0,7.5098754158392,0
"2018-05-05 19:00:07",2.03292016892492,0,8.0731495116301,0
"2018-05-05 19:01:07",2.38805459045393,0,10.3862383548911,0
"2018-05-05 19:02:07",4.5802792107336,0,17.9330938990511,0
"2018-05-05 19:03:07",2.5037105611511,0,7.65390884484101,0
"2018-05-05 19:04:07",1.26077397825447,0,12.5966789188841,0
"2018-05-05 19:05:07",0.380327874373393,0,10.4367768368824,0
"2018-05-05 19:06:07",1.95384510765098,0,8.19461318187329,0
"2018-05-05 19:07:07",0.848361557345918,0,8.78384320544,0
"2018-05-05 19:08:07",7.00751515974537,0,16.1623390478117,0
"2018-05-05 19:09:07",0.595446712434924,0,8.28123418647353,0
"2018-05-05 19:10:07",0.5072032879422,0,7.97240648832027,0
"2018-05-05 19:11:07",2.56947813306464,0,30.8792202479283,0
"2018-05-05 19:12:08",1.65119119463369,0,27.4900000161548,0
"2018-05-05 19:13:08",6.54725363996498,0,21.7055482291867,0
"2018-05-05 19:14:08",6.52464374826151,0,11.0095103147549,0
"2018-05-05 19:15:08",4.09299240090636,0,16.5618690461522,0
"2018-05-05 19:16:08",4.31583896967544,0,7.50641126759333,0
"2018-05-05 19:17:08",3.97832907110412,0,9.63230520531197,0
"2018-05-05 19:18:08",5.92607566303876,0,20.0404877651677,0
"2018-05-05 19:19:08",2.01339350942892,0,8.13579481931409,0
"2018-05-05 19:20:08",2.18669853423531,0,9.30669767156297,0
"2018-05-05 19:21:08",2.19646093220597,0,8.22587993724386,0
"2018-05-05 19:22:08",2.17460995649467,0,6.90673911251652,0
"2018-05-05 19:23:08",4.54669137896232,0,7.51329287962366,0
"2018-05-05 19:24:08",6.11460709752194,0,17.0719733144401,0
"2018-05-05 19:25:08",3.91490073661033,0,10.0065486037932,0
"2018-05-05 19:26:08",4.49107022694361,0,18.8687339695227,0
"2018-05-05 19:27:08",5.59928772646197,0,10.4784507208423,0
"2018-05-05 19:28:08",6.03667806090845,0,99.6241137142377,0
"2018-05-05 19:29:08",7.20829010698789,0,19.9699983252166,0
"2018-05-05 19:30:08",4.46758594193782,0,18.4757412378934,0
"2018-05-05 19:31:08",3.53530905292375,0,10.6344094082109,0
"2018-05-05 19:32:08",5.07214533698587,0,9.74030378704352,0
"2018-05-05 19:33:08",3.29521266723105,0,10.4257698688461,0
"2018-05-05 19:34:09",3.48905529996341,0,10.9764217150092,0
"2018-05-05 19:35:09",6.46687379684959,0,19.1884555142466,0
"2018-05-05 19:36:09",3.09697699803838,0,9.98150017558829,0
"2018-05-05 19:37:09",2.59840376921364,0,11.6676752302322,0
"2018-05-05 19:38:09",3.33248139090425,0,7.63263880757701,0
"2018-05-05 19:39:09",1.77626104162356,0,12.7388667705817,0
"2018-05-05 19:40:09",5.65120940078182,0,15.4039833096069,0
"2018-05-05 19:41:09",8.60299944278872,0,207.533920472261,1
"2018-05-05 19:42:09",1.96385462362359,0,8.70895909981922,0
"2018-05-05 19:43:09",6.04653780320284,0,8.55262052303416,0
"2018-05-05 19:44:09",1.80847025521336,0,8.72649017171998,0
"2018-05-05 19:45:09",1.97873314837846,0,7.55896999400797,0
"2018-05-05 19:46:09",4.90975927275758,0,21.3252424788864,0
"2018-05-05 19:47:09",2.71571895749649,0,7.84344820381399,0
"2018-05-05 19:48:09",2.95225486132135,0,8.60559426417446,0
"2018-05-05 19:49:09",2.26423754444627,0,7.58678200725999,0
"2018-05-05 19:50:09",1.62827778249932,0,9.35352030631968,0
"2018-05-05 19:51:09",3.23704922433597,0,9.21708126671097,0
"2018-05-05 19:52:09",3.2824745533958,0,20.9102951328208,0
"2018-05-05 19:53:09",2.5057594173103,0,9.94219096303216,0
"2018-05-05 19:54:09",2.91183481374283,0,197.881554171486,0
"2018-05-05 19:55:09",2.88869134220255,0,8.3434601349384,0
"2018-05-05 19:56:10",2.42074723086491,0,9.31168692093098,0
"2018-05-05 19:57:10",5.65486959755338,0,21.4599428524584,0
"2018-05-05 19:58:10",2.52586002777072,0,9.8298703728147,0
"2018-05-05 19:59:10",1.97234760278705,0,9.52471480496019,0
"2018-05-05 20:00:10",2.63538525530684,0,10.1711133221684,0
"2018-05-05 20:01:10",2.87400284773379,0,12.3090382273724,0
"2018-05-05 20:02:10",2.2059402137189,0,11.2137198424738,0
"2018-05-05 20:03:10",3.39785424019341,0,22.9994595628265,0
"2018-05-05 20:04:10",1.80294000644561,0,10.1776298196055,0
"2018-05-05 20:05:10",1.90207464156086,0,12.9415292220624,0
"2018-05-05 20:06:10",2.2314561717494,0,11.3906444359998,0
"2018-05-05 20:07:10",2.15610348788383,0,15.4879311925115,0
"2018-05-05 20:08:10",3.57719122239089,0,25.5313730882509,0
"2018-05-05 20:09:10",1.64284248301084,0,15.7209714440847,0
"2018-05-05 20:10:10",1.86365170209116,0,14.4603024256392,0
"2018-05-05 20:11:10",2.15436150376887,0,14.159727919596,0
"2018-05-05 20:12:10",1.71168766260456,0,13.0491098726609,0
"2018-05-05 20:13:10",4.99271869410998,0,33.7231393736656,0
"2018-05-05 20:14:10",7.08731251985755,0,24.2715189821074,0
"2018-05-05 20:15:10",2.04141997580621,0,15.0342772244891,0
"2018-05-05 20:16:11",2.12954141696346,0,12.7547625464489,0
"2018-05-05 20:17:11",1.34490899062865,0,12.0850845501598,0
"2018-05-05 20:18:11",1.37935402929744,0,10.6626206865739,0
"2018-05-05 20:19:11",3.2876725008547,0,21.1835401734115,0
"2018-05-05 20:20:11",6.77795678120594,0,23.6684558048196,0
"2018-05-05 20:21:11",2.46188246112109,0,7.50480545473688,0
"2018-05-05 20:22:11",3.21357863172886,0,7.52937617328213,0
"2018-05-05 20:23:11",3.12432935578837,0,9.64092505692798,0
"2018-05-05 20:24:11",3.24582331034184,0,11.0195062521688,0
"2018-05-05 20:25:11",4.67036390878537,0,31.6083685223437,0
"2018-05-05 20:26:11",2.97346035551507,0,11.9464517319182,0
"2018-05-05 20:27:11",2.70196405975933,0,12.7318912662934,0
"2018-05-05 20:28:11",2.74334055380745,0,10.2635834801545,0
"2018-05-05 20:29:11",3.15221067476932,0,10.8486970998304,0
"2018-05-05 20:30:11",6.58858318936653,0,21.2875078553192,0
"2018-05-05 20:31:11",7.18816870576787,0,22.340774919461,0
"2018-05-05 20:32:11",2.07647101915534,0,10.9275365501496,0
"2018-05-05 20:33:11",3.62524414598878,0,10.4305181300164,0
"2018-05-05 20:34:11",4.15256946793386,0,8.64561642402617,0
"2018-05-05 20:35:12",3.43386042831947,0,10.5215057384307,0
"2018-05-05 20:36:12",3.33322039092708,0,25.0782373520993,0
"2018-05-05 20:37:12",2.24036012593214,0,10.8959102363986,0
"2018-05-05 20:38:12",3.30750948364357,0,12.0502477360277,0
"2018-05-05 20:39:12",2.34455864417882,0,9.81901398444575,0
"2018-05-05 20:40:12",2.54252192709269,0,11.2029552203203,0
"2018-05-05 20:41:12",6.46621549493606,0,22.367206329356,0
"2018-05-05 20:42:12",2.61291840735942,0,23.2712051087456,0
"2018-05-05 20:43:12",1.35956196555584,0,7.4885717965152,0
"2018-05-05 20:44:12",3.8011771716314,0,7.91180655291805,0
"2018-05-05 20:45:12",2.70887126968161,0,8.35282511924558,0
"2018-05-05 20:46:12",2.19517463081945,0,48.6410152507418,0
"2018-05-05 20:47:12",4.56994528295755,0,23.3248813305652,0
"2018-05-05 20:48:12",4.21783147893781,0,15.8510690936396,0
"2018-05-05 20:49:12",1.26085550240981,0,8.51624763628281,0
"2018-05-05 20:50:12",3.07690317616223,0,8.38502561498449,0
"2018-05-05 20:51:12",2.15402693834839,0,7.57063354531657,0
"2018-05-05 20:52:12",1.09484477027551,0,6.99231754593994,0
"2018-05-05 20:53:12",4.62972172712431,0,23.0690495506107,0
"2018-05-05 20:54:12",3.7531866387543,0,7.66651148978196,0
"2018-05-05 20:55:12",1.32756207267039,0,9.84347746301836,0
"2018-05-05 20:56:12",1.11913898650587,0,9.37893414235783,0
"2018-05-05 20:57:12",1.59679129174631,0,10.188475179437,0
"2018-05-05 20:58:13",2.63012973019,0,19.4634056116835,0
"2018-05-05 20:59:13",2.46621476638931,0,13.3700117707627,0
"2018-05-05 21:00:13",2.91848829934807,0,11.0874834453648,0
"2018-05-05 21:01:13",2.58996008253076,0,7.65729803147437,0
"2018-05-05 21:02:13",1.6267512930217,0,7.85994503412878,0
"2018-05-05 21:03:13",8.01730077917906,0,8.66511870916638,0
"2018-05-05 21:04:13",2.48052057804228,0,14.5721154377923,0
"2018-05-05 21:05:13",1.76421371659355,0,9.07340562997108,0
"2018-05-05 21:06:13",0.833614028309714,0,10.18878219704,0
"2018-05-05 21:07:13",2.01944214341657,0,9.56458586342645,0
"2018-05-05 21:08:13",1.1070599138026,0,10.4427476682306,0
"2018-05-05 21:09:13",0.772419742966802,0,22.5160919552033,0
"2018-05-05 21:10:13",1.39869320121592,0,14.6586420296167,0
"2018-05-05 21:11:13",1.48110805581728,0,11.0104267786158,0
"2018-05-05 21:12:13",1.86247932239542,0,35.3195080683626,0
"2018-05-05 21:13:13",34.4057314836685,0,150.724204098398,0
"2018-05-05 21:14:13",7.78800307086554,0,16.4815666265938,0
"2018-05-05 21:15:13",6.34570154226816,0,9.25086414972667,0
"2018-05-05 21:16:13",4.48542473408342,0,10.3127017736931,0
"2018-05-05 21:17:13",2.96044845179539,0,9.31572313090719,0
"2018-05-05 21:18:13",2.50470530061235,0,11.1425737657078,0
"2018-05-05 21:19:13",7.17283844337033,0,14.8299185379076,0
"2018-05-05 21:20:13",2.58636363897902,0,8.7897368063135,0
"2018-05-05 21:21:13",2.45180388871843,0,10.4391705315528,0
"2018-05-05 21:22:13",2.84437047628848,0,10.4148839190288,0
"2018-05-05 21:23:13",4.32571036211818,0,9.69333605350417,0
"2018-05-05 21:24:13",5.98775002284396,0,19.5335020953924,0
"2018-05-05 21:25:14",4.77361986854449,0,24.0828676780095,0
"2018-05-05 21:26:14",3.73910022315389,0,12.7734140949696,0
"2018-05-05 21:27:14",4.49173102513608,0,16.1484278407984,0
"2018-05-05 21:28:14",5.303443256456,0,11.9326714659478,0
"2018-05-05 21:29:14",4.53426011663805,0,12.369713226327,0
"2018-05-05 21:30:14",6.9520811715034,0,13.6985455336622,0
"2018-05-05 21:31:14",4.55434354689058,0,11.3901548951505,0
"2018-05-05 21:32:14",3.49411937916858,0,10.2992207649928,0
"2018-05-05 21:33:14",7.35545645050221,0,15.7292955437306,0
"2018-05-05 21:34:14",4.88298199129547,0,14.7118532537547,0
"2018-05-05 21:35:14",3.22130605754596,0,13.5082395311901,0
"2018-05-05 21:36:14",2.76470109956429,0,20.5974262182369,0
"2018-05-05 21:37:14",2.47719931251574,0,13.1150922241121,0
"2018-05-05 21:38:14",2.67033118812308,0,12.4868237845207,0
"2018-05-05 21:39:14",3.80727444077985,0,7.68767601832112,0
"2018-05-05 21:40:14",1.95197534898462,0,10.9149551043764,0
"2018-05-05 21:41:14",3.64932410503795,0,21.3672635562813,0
"2018-05-05 21:42:14",2.94849282583401,0,14.1469028557596,0
"2018-05-05 21:43:14",1.87724610762042,0,7.38886725056304,0
"2018-05-05 21:44:14",2.89383549924803,0,8.88671814125335,0
"2018-05-05 21:45:14",2.38554839850993,0,8.33870758741853,0
"2018-05-05 21:46:14",2.79540684574221,0,9.72195799972221,0
"2018-05-05 21:47:14",5.60714163041585,0,14.422507151887,0
"2018-05-05 21:48:15",2.56898089865298,0,9.07188683867427,0
"2018-05-05 21:49:15",2.90702310472064,0,11.3571602042363,0
"2018-05-05 21:50:15",3.04053233147333,0,8.27448397706231,0
"2018-05-05 21:51:15",3.53168212243095,0,13.8351139025603,0
"2018-05-05 21:52:15",2.91397749698387,0,22.7958972142703,0
"2018-05-05 21:53:15",3.07280406235957,0,11.7785003379412,0
"2018-05-05 21:54:15",2.28528029298598,0,11.6176234000213,0
"2018-05-05 21:55:15",2.70360507696621,0,10.0696806248142,0
"2018-05-05 21:56:15",2.62855214410022,0,9.20620110753962,0
"2018-05-05 21:57:15",2.39050457107017,0,11.1517644252857,0
"2018-05-05 21:58:15",4.87374127004504,0,21.3712795386672,0
"2018-05-05 21:59:15",4.07300666550448,0,15.9861033425576,0
"2018-05-05 22:00:15",3.42223873473799,0,12.3509246854096,0
"2018-05-05 22:01:15",2.33392574035788,0,12.2574297131463,0
"2018-05-05 22:02:15",2.95269648938616,0,14.4760578334895,0
"2018-05-05 22:03:15",5.96437550431552,0,22.6237845577563,0
"2018-05-05 22:04:15",8.65576861783182,0,30.2800469117032,0
"2018-05-05 22:05:15",4.1679313291155,0,13.1574375269466,0
"2018-05-05 22:06:15",2.61803276933875,0,13.034313173988,0
"2018-05-05 22:07:15",2.49302381072232,0,12.5247367859011,0
"2018-05-05 22:08:15",2.20443512334926,0,14.3015612728624,0
"2018-05-05 22:09:15",7.71253615423739,0,20.8889487936581,0
"2018-05-05 22:10:15",1.98538167216112,0,15.4956000336444,0
"2018-05-05 22:11:15",1.37409640660987,0,13.0457585220762,0
"2018-05-05 22:12:16",1.53848290566662,0,12.8583560828912,0
"2018-05-05 22:13:16",1.52037383902474,0,13.8871751331523,0
"2018-05-05 22:14:16",6.4636317034247,0,23.944161391318,0
"2018-05-05 22:15:16",10.100207059254,0,23.2819911497327,0
"2018-05-05 22:16:16",2.49138486246574,0,15.1561915461613,0
"2018-05-05 22:17:16",3.37433537637033,0,17.0494725003366,0
"2018-05-05 22:18:16",5.64424195399063,0,12.290423286179,0
"2018-05-05 22:19:16",1.81448571370369,0,9.37788062952018,0
"2018-05-05 22:20:16",3.36228381946246,0,31.8703707044584,0
"2018-05-05 22:21:16",2.12081166443485,0,11.3649095505563,0
"2018-05-05 22:22:16",1.09813572770937,0,8.48776458820819,0
"2018-05-05 22:23:16",1.50399476624809,0,9.11729954520616,0
"2018-05-05 22:24:16",1.41487552917177,0,10.3632898007704,0
"2018-05-05 22:25:16",2.18148820767857,0,11.3209634673947,0
"2018-05-05 22:26:16",3.66324351221701,0,19.7638159182632,0
"2018-05-05 22:27:16",5.75255077113096,0,11.7315046848515,0
"2018-05-05 22:28:16",2.60141582417711,0,9.65103263856532,0
"2018-05-05 22:29:16",1.90362614889751,0,9.96314803635589,0
"2018-05-05 22:30:16",3.6236909530103,0,11.4990385015087,0
"2018-05-05 22:31:16",3.53836677946703,0,36.5960774891393,0
"2018-05-05 22:32:17",2.49881271573969,0,9.74534839971948,0
"2018-05-05 22:33:17",2.75493974462619,0,9.41484315731477,0
"2018-05-05 22:34:17",4.00866332247888,0,10.0790233829311,0
"2018-05-05 22:35:17",3.16144065109962,0,9.93419627035288,0
"2018-05-05 22:36:17",1.30430693470067,0,9.06469144659861,0
"2018-05-05 22:37:17",3.60176488114591,0,20.541691400798,0
"2018-05-05 22:38:17",1.76249580670125,0,11.395777911518,0
"2018-05-05 22:39:17",1.53202861269808,0,9.05703798335742,0
"2018-05-05 22:40:17",1.34769241578308,0,8.50108959992472,0
"2018-05-05 22:41:17",1.69490078561356,0,9.8359257611937,0
"2018-05-05 22:42:17",4.15964506804231,0,23.2854988359468,0
"2018-05-05 22:43:17",4.36266589302939,0,13.0718120546612,0
"2018-05-05 22:44:17",17.786017821728,0,11.271225249579,0
"2018-05-05 22:45:17",2.87891544882778,0,6.94200768060253,0
"2018-05-05 22:46:17",2.25228540132816,0,5.26660188811079,0
"2018-05-05 22:47:17",2.83368940790712,0,5.79313413133552,0
"2018-05-05 22:48:17",3.80864771261407,0,13.355826971464,0
"2018-05-05 22:49:17",2.43455061603411,0,11.0833808720288,0
"2018-05-05 22:50:17",0.906966020245999,0,8.164406296226,0
"2018-05-05 22:51:17",1.83951650249635,0,9.45020468438399,0
"2018-05-05 22:52:17",10.9923611002701,0,80.8979880884195,0
"2018-05-05 22:53:17",2.6477967228005,0,18.5301321286208,0
"2018-05-05 22:54:17",2.22709580066469,0,11.0600068830355,0
"2018-05-05 22:55:17",1.65686081055243,0,6.67524228905105,0
"2018-05-05 22:56:18",1.69205055389157,0,8.26895349783254,0
"2018-05-05 22:57:18",1.45781362454223,0,7.22508458553929,0
"2018-05-05 22:58:18",4.68851572236263,0,10.4583816082555,0
"2018-05-05 22:59:18",2.86896772140915,0,26.4822816019981,0
"2018-05-05 23:00:18",2.36217003995259,0,8.64763887392242,0
"2018-05-05 23:01:18",2.38318896586242,0,7.30614559847594,0
"2018-05-05 23:02:18",1.34770239169367,0,6.20793501097751,0
"2018-05-05 23:03:18",2.01632778736618,0,10.7895862047227,0
"2018-05-05 23:04:18",8.59260684856025,0,16.169096512725,0
"2018-05-05 23:05:18",5.34314982307756,0,17.7915542045499,0
"2018-05-05 23:06:18",0.8654039836511,0,8.71425237133361,0
"2018-05-05 23:07:18",0.945836516925059,0,10.3265227474423,0
"2018-05-05 23:08:18",1.61028340268461,0,10.8077355954091,0
"2018-05-05 23:09:18",3.24309096044079,0,14.0012422149993,0
"2018-05-05 23:10:18",4.54098958731237,0,30.7296585251131,0
"2018-05-05 23:11:18",2.51404039873298,0,28.227301434363,0
"2018-05-05 23:12:18",31.1151157985714,0,47.540864258141,0
"2018-05-05 23:13:18",1.38424479397937,0,37.1173395134876,0
"2018-05-05 23:14:18",2.18634458512924,0,137.325384462029,0
"2018-05-05 23:15:18",6.33902127884296,0,12.8073295979972,0
"2018-05-05 23:16:18",3.47996761148428,0,10.3383411811703,0
"2018-05-05 23:17:18",3.1004864729098,0,9.34684473738896,0
"2018-05-05 23:18:19",2.55717693941052,0,13.4300137944093,0
"2018-05-05 23:19:19",2.34083142726226,0,10.4776926161857,0
"2018-05-05 23:20:19",5.84871328410634,0,16.9517051805624,0
"2018-05-05 23:21:19",2.77745220085848,0,10.8728362006708,0
"2018-05-05 23:22:19",2.6333398070253,0,12.8614408783137,0
"2018-05-05 23:23:19",5.1587934909991,0,10.1136560450641,0
"2018-05-05 23:24:19",5.40771132190303,0,11.0494507479709,0
"2018-05-05 23:25:19",5.16854257075421,0,19.5647728141439,0
"2018-05-05 23:26:19",3.64331762574579,0,18.2035557619786,0
"2018-05-05 23:27:19",4.14363949446802,0,12.9904685366928,0
"2018-05-05 23:28:19",5.88510850250971,0,15.3754755692001,0
"2018-05-05 23:29:19",11.429316875833,0,9.56921824556358,0
"2018-05-05 23:30:19",4.63083082647409,0,6.65603718079845,0
"2018-05-05 23:31:19",8.62376367164452,0,15.0223239949936,0
"2018-05-05 23:32:19",4.3457369741078,0,7.06644859883043,0
"2018-05-05 23:33:19",2.1957929389139,0,9.31263982692522,0
"2018-05-05 23:34:19",4.4655849873831,0,14.2840995707225,0
"2018-05-05 23:35:19",3.57653275237674,0,14.1661090730884,0
"2018-05-05 23:36:19",6.85006816973631,0,20.8918039775859,0
"2018-05-05 23:37:19",6.1991665759896,0,22.6615787354282,0
"2018-05-05 23:38:19",3.41011429127428,0,9.14889723990098,0
"2018-05-05 23:39:19",2.36684119714193,0,11.8061234369989,0
"2018-05-05 23:40:19",2.04765808793473,0,9.39676000155742,0
"2018-05-05 23:41:19",1.19756942801931,0,9.12079688476028,0
"2018-05-05 23:42:20",5.60928058175285,0,37.0527079916268,0
"2018-05-05 23:43:20",1.91234408092532,0,7.70103664664966,0
"2018-05-05 23:44:20",1.15389280172567,0,8.30973629235643,0
"2018-05-05 23:45:20",1.70985194978298,0,9.23570745830235,0
"2018-05-05 23:46:20",1.09903973411974,0,7.38110382840325,0
"2018-05-05 23:47:20",1.49314888591421,0,9.67657142534267,0
"2018-05-05 23:48:20",1.26141425229529,0,21.3996278663297,0
"2018-05-05 23:49:20",3.14955526776847,0,9.29400734574666,0
"2018-05-05 23:50:20",1.80318041010518,0,9.94931113137499,0
"2018-05-05 23:51:20",1.2533347339986,0,7.08875813197231,0
"2018-05-05 23:52:20",1.74601250822075,0,10.6226808727524,0
"2018-05-05 23:53:20",2.9201407593337,0,16.6297859773157,0
"2018-05-05 23:54:20",5.7584621015095,0,59.6345347433006,0
"2018-05-05 23:55:20",0.796653580797962,0,8.59660625191612,0
"2018-05-05 23:56:20",0.914651377947623,0,8.20855617870003,0
"2018-05-05 23:57:20",0.914662482438815,0,8.52124568578114,0
"2018-05-05 23:58:20",0.775110972706903,0,6.98180130606765,0
"2018-05-05 23:59:20",3.10168031625361,0,16.4987020606783,0
"2018-05-06 00:00:09",1.49936522769449,0,9.76852559102509,0
"2018-05-06 00:00:20",0.775199784945229,0,9.32476152227265,0
"2018-05-06 00:01:20",2.59045686890974,0,13.0305512081286,0
"2018-05-06 00:02:20",2.16984255186376,0,14.7739294657711,0
"2018-05-06 00:03:20",2.51717593064965,0,11.9157245049828,0
"2018-05-06 00:04:20",2.78152981788492,0,23.8918796107612,0
"2018-05-06 00:05:20",4.21702329110057,0,12.7192821045115,0
"2018-05-06 00:06:20",0.737048717689176,0,11.3742274281001,0
"2018-05-06 00:07:21",1.20295608385709,0,12.1133091574744,0
"2018-05-06 00:08:21",0.792750949054855,0,12.531415222467,0
"2018-05-06 00:09:21",0.692599790654435,0,12.5618305857484,0
"2018-05-06 00:10:21",1.99281712079848,0,21.6285591285702,0
"2018-05-06 00:11:21",0.486046678031852,0,12.2044720901269,0
"2018-05-06 00:12:21",0.750340896542977,0,15.2934443903111,0
"2018-05-06 00:13:21",0.695709770234153,0,11.8807556999057,0
"2018-05-06 00:14:21",14.1997817861223,0,19.4512253139056,0
"2018-05-06 00:15:21",7.58630595278153,0,27.3078814172369,0
"2018-05-06 00:16:21",5.33514401807013,0,19.8607770890802,0
"2018-05-06 00:17:21",2.18916194723738,0,15.7101339821548,0
"2018-05-06 00:18:21",2.43616210909912,0,14.462915151194,0
"2018-05-06 00:19:21",1.39611162330905,0,13.0055672858232,0
"2018-05-06 00:20:21",0.605463139109902,0,11.9550832943865,0
"2018-05-06 00:21:21",2.25680122146616,0,14.7969451497718,0
"2018-05-06 00:22:21",2.47370161044617,0,41.1725201969581,0
"2018-05-06 00:23:21",1.06819147785645,0,10.0752473833878,0
"2018-05-06 00:24:21",1.35878522033822,0,8.7165078594098,0
"2018-05-06 00:25:21",2.46973644061738,0,11.5771937532363,0
"2018-05-06 00:26:21",3.7754729008014,0,16.7974394416664,0
"2018-05-06 00:27:21",8.87463231617368,0,21.5417445444591,0
"2018-05-06 00:28:21",2.96059165963987,0,8.6721031761218,0
"2018-05-06 00:29:21",3.94704772522489,0,10.5465389164716,0
"2018-05-06 00:30:21",1.79703648334471,0,10.9132588441556,0
"2018-05-06 00:31:21",3.53151566691011,0,9.02135479663832,0
"2018-05-06 00:32:21",2.73698228242758,0,32.6492189126668,0
"2018-05-06 00:33:22",2.42112143519388,0,11.4887077745713,0
"2018-05-06 00:34:22",1.52069683553543,0,12.5239336415349,0
"2018-05-06 00:35:22",3.34849241545055,0,6.85878013159496,0
"2018-05-06 00:36:22",2.10167639122381,0,8.02503922772398,0
"2018-05-06 00:37:22",6.5333224840671,0,19.7022678676013,0
"2018-05-06 00:38:22",1.77494213716892,0,16.4644877054649,0
"2018-05-06 00:39:22",2.04640936548477,0,11.8351547585547,0
"2018-05-06 00:40:22",3.90711794430438,0,11.0791682115829,0
"2018-05-06 00:41:22",3.43242468282127,0,9.08997284370202,0
"2018-05-06 00:42:22",2.04433157816373,0,8.69659015128244,0
"2018-05-06 00:43:22",3.40714622617323,0,24.7849812589926,0
"2018-05-06 00:44:22",2.79150246424293,0,8.45481863722016,0
"2018-05-06 00:45:22",2.26782588430525,0,7.18115575964599,0
"2018-05-06 00:46:22",3.93143094626488,0,22.5175732392351,0
"2018-05-06 00:47:22",1.7559124574162,0,5.8208364167463,0
"2018-05-06 00:48:22",2.67465614847709,0,8.27560023647333,0
"2018-05-06 00:49:22",1.38052754295487,0,19.1257417229273,0
"2018-05-06 00:50:22",0.960542386737219,0,7.455461169974,0
"2018-05-06 00:51:22",0.77132198250611,0,7.67492613707761,0
"2018-05-06 00:52:22",1.44191133264414,0,10.0205960373881,0
"2018-05-06 00:53:22",1.85298415409988,0,12.6603346129261,0
"2018-05-06 00:54:22",3.48899581635242,0,22.124409833972,0
"2018-05-06 00:55:23",8.31809849313797,0,9.71832307493953,0
"2018-05-06 00:56:23",1.20448767883173,0,7.34804524678356,0
"2018-05-06 00:57:23",2.95236038774666,0,7.23855155073784,0
"2018-05-06 00:58:23",1.06893691296486,0,6.67961867853187,0
"2018-05-06 00:59:23",0.985556268058692,0,7.41579553441627,0
"2018-05-06 01:00:09",2.92491935844473,0,16.128402492798,0
"2018-05-06 01:01:10",1.07159290240104,0,5.05021802511361,0
"2018-05-06 01:02:10",0.757330523643061,0,6.82569358462492,0
"2018-05-06 01:03:10",1.52845833046003,0,7.49064598897794,0
"2018-05-06 01:04:10",3.62539459093181,0,9.70339480963144,0
"2018-05-06 01:05:10",8.71625223447482,0,18.466639725358,0
"2018-05-06 01:06:10",2.19972063808081,0,12.2300432580874,0
"2018-05-06 01:07:10",1.31503746119731,0,10.1936686215387,0
"2018-05-06 01:08:10",2.0087446185828,0,10.8901279663202,0
"2018-05-06 01:09:10",2.11851098688443,0,9.22280064371506,0
"2018-05-06 01:10:10",2.10967477824236,0,8.57338526386959,0
"2018-05-06 01:11:10",2.56503713381802,0,20.4567390646952,0
"2018-05-06 01:12:10",2.22247681132361,0,8.68257281597581,0
"2018-05-06 01:13:10",1.75491042238977,0,32.0993409571214,0
"2018-05-06 01:14:10",2.14985856182825,0,29.2889931110827,0
"2018-05-06 01:15:10",8.05020372858655,0,20.2467970514012,0
"2018-05-06 01:16:10",4.46992610410737,0,13.137692297428,0
"2018-05-06 01:17:10",2.76986121712878,0,19.0951139327491,0
"2018-05-06 01:18:10",2.19661042426883,0,11.8461108925888,0
"2018-05-06 01:19:10",3.49813654423973,0,13.0819975777596,0
"2018-05-06 01:20:10",4.76534203713199,0,19.7665881529385,0
"2018-05-06 01:21:10",6.07627554869102,0,24.8161662270321,0
"2018-05-06 01:22:10",0.81270618899813,0,9.79797302084977,0
"2018-05-06 01:23:10",2.1436614180332,0,8.54155285099753,0
"2018-05-06 01:24:10",2.52057318004001,0,6.63339953563361,0
"2018-05-06 01:25:10",4.08403662756938,0,10.005848558251,0
"2018-05-06 01:26:10",5.07078122867947,0,12.616474648307,0
"2018-05-06 01:27:10",2.50390562840626,0,10.556555105591,0
"2018-05-06 01:28:11",3.13466229943828,0,13.7381545440684,0
"2018-05-06 01:29:11",2.9705029977963,0,9.95064594013676,0
"2018-05-06 01:30:11",3.04145673565513,0,9.59857979949019,0
"2018-05-06 01:31:11",3.07798069715164,0,13.232236297168,0
"2018-05-06 01:32:11",2.99051358360652,0,19.8798317242168,0
"2018-05-06 01:33:11",8.53791288647307,0,8.42787409693649,0
"2018-05-06 01:34:11",3.75786772719494,0,14.5159440008445,0
"2018-05-06 01:35:11",2.4373179501947,0,11.8015762921371,0
"2018-05-06 01:36:11",1.73567926263386,0,12.8210524606788,0
"2018-05-06 01:37:11",3.28240591873975,0,22.1799220803181,0
"2018-05-06 01:38:11",1.75907408010821,0,12.6702347683278,0
"2018-05-06 01:39:11",1.03535430772525,0,9.21000996403766,0
"2018-05-06 01:40:11",2.26784208691165,0,7.82868337007043,0
"2018-05-06 01:41:11",1.35075677679382,0,11.3369589980295,0
"2018-05-06 01:42:11",2.2182265746365,0,13.2295598093189,0
"2018-05-06 01:43:11",3.43855352552725,0,21.5897985762858,0
"2018-05-06 01:44:11",5.16023530628376,0,15.3654627939499,0
"2018-05-06 01:45:11",6.61041111898333,0,9.68930318844622,0
"2018-05-06 01:46:11",4.99320636484294,0,6.59640277824092,0
"2018-05-06 01:47:11",7.44290872465806,0,15.0845102100677,0
"2018-05-06 01:48:11",1.02700328315134,0,22.0292468307052,0
"2018-05-06 01:49:11",1.04285520181765,0,9.44665854354619,0
"2018-05-06 01:50:11",1.80075634081183,0,6.33049229420207,0
"2018-05-06 01:51:11",1.47740839539072,0,8.52838881782232,0
"2018-05-06 01:52:11",2.61396054040461,0,7.96353674009648,0
"2018-05-06 01:53:11",2.31153981073139,0,8.11776313386945,0
"2018-05-06 01:54:11",5.78945042414332,0,19.1951450787019,0
"2018-05-06 01:55:11",2.09114209947978,0,7.10020500063672,0
"2018-05-06 01:56:11",2.83094770852037,0,12.6732177482389,0
"2018-05-06 01:57:11",2.47205214122921,0,7.51473530754963,0
"2018-05-06 01:58:11",2.7554269678645,0,10.034405953585,0
"2018-05-06 01:59:12",2.36146476239184,0,18.706098236859,0
"2018-05-06 02:00:12",2.20627586117786,0,12.3363451730439,0
"2018-05-06 02:01:12",2.52709559494653,0,6.85810781766337,0
"2018-05-06 02:02:12",2.3080563489436,0,7.98829356225155,0
"2018-05-06 02:03:12",2.82537107668055,0,7.72125144399214,0
"2018-05-06 02:04:12",2.85197297179918,0,7.71125497339086,0
"2018-05-06 02:05:12",6.61108314458298,0,14.8049074746715,0
"2018-05-06 02:06:12",2.57414864599665,0,11.49018320442,0
"2018-05-06 02:07:12",1.65707874084184,0,12.1154837723535,0
"2018-05-06 02:08:12",1.20649099303661,0,12.2824533053754,0
"2018-05-06 02:09:12",2.1938983688729,0,12.6704564940471,0
"2018-05-06 02:10:12",2.25833896987118,0,23.5804133809507,0
"2018-05-06 02:11:12",3.41752470686753,0,21.7998764402276,0
"2018-05-06 02:12:12",2.30556922981895,0,15.9147232629359,0
"2018-05-06 02:13:12",2.75117446351934,0,13.736305758323,0
"2018-05-06 02:14:12",1.69917262409839,0,13.270275802876,0
"2018-05-06 02:15:12",14.9023823857963,0,118.787304964795,0
"2018-05-06 02:16:12",3.88953878927368,0,27.5599078557983,0
"2018-05-06 02:17:12",3.18893919227107,0,15.7508998452329,0
"2018-05-06 02:18:12",2.20912738938982,0,13.7384190321506,0
"2018-05-06 02:19:12",1.03449295097575,0,14.7781483106502,0
"2018-05-06 02:20:12",1.30544438468182,0,14.2967000030859,0
"2018-05-06 02:21:13",2.18732520604808,0,11.4625170697455,0
"2018-05-06 02:22:13",1.87913473524947,0,26.3531010872487,0
"2018-05-06 02:23:13",1.27857398109679,0,12.4037282400414,0
"2018-05-06 02:24:13",1.66803527353402,0,11.8053115080071,0
"2018-05-06 02:25:13",2.9831008450949,0,13.6053699437157,0
"2018-05-06 02:26:13",5.57912425597933,0,13.200738662126,0
"2018-05-06 02:27:13",2.56509283319961,0,20.6576855521875,0
"2018-05-06 02:28:13",4.00038736170856,0,12.6954161434645,0
"2018-05-06 02:29:13",2.13515044693403,0,16.6966651183871,0
"2018-05-06 02:30:13",3.81836009164687,0,11.8475057521026,0
"2018-05-06 02:31:13",1.7923773426603,0,17.3217811415288,0
"2018-05-06 02:32:13",2.52903655909612,0,11.517218224344,0
"2018-05-06 02:33:13",2.88400262022732,0,18.7863650184148,0
"2018-05-06 02:34:13",1.22540062113665,0,10.6223178419993,0
"2018-05-06 02:35:13",2.0796164550354,0,11.9892557933975,0
"2018-05-06 02:36:13",3.50826334040219,0,8.04589318812934,0
"2018-05-06 02:37:13",3.38537984806278,0,11.0864884585109,0
"2018-05-06 02:38:13",2.62675779222188,0,19.7874701434205,0
"2018-05-06 02:39:13",1.81079613659066,0,10.0779607293391,0
"2018-05-06 02:40:13",1.10799388215483,0,8.87844427667701,0
"2018-05-06 02:41:13",3.18645569778772,0,9.24199612224081,0
"2018-05-06 02:42:13",2.20677059360461,0,8.57418475009579,0
"2018-05-06 02:43:13",3.82330143272546,0,8.91772368145958,0
"2018-05-06 02:44:13",6.22414900009014,0,14.5235115022764,0
"2018-05-06 02:45:13",9.35866194104619,0,7.79363739380892,0
"2018-05-06 02:46:13",4.90048745435291,0,6.57164237862316,0
"2018-05-06 02:47:13",2.38579347336668,0,5.59729685087732,0
"2018-05-06 02:48:13",2.15928001801311,0,4.78397245444932,0
"2018-05-06 02:49:14",1.88047521036203,0,17.0543495985865,0
"2018-05-06 02:50:14",8.97378450875589,0,15.1993611685783,0
"2018-05-06 02:51:14",1.16299383395363,0,7.15330614219794,0
"2018-05-06 02:52:14",1.24421957595269,0,7.17513141965441,0
"2018-05-06 02:53:14",1.2320597081198,0,7.58428614706444,0
"2018-05-06 02:54:14",2.46447259969276,0,5.16435363810139,0
"2018-05-06 02:55:14",2.62345509093664,0,9.08405746444115,0
"2018-05-06 02:56:14",1.75424759282497,0,5.29349063405392,0
"2018-05-06 02:57:14",1.25893902423175,0,5.30874089374256,0
"2018-05-06 02:58:14",0.599946197171587,0,6.67623551146242,0
"2018-05-06 02:59:14",0.56032174680697,0,8.16388739152549,0
"2018-05-06 03:00:14",2.56024174302909,0,14.768982801611,0
"2018-05-06 03:01:14",6.69669829423819,0,17.5080398084449,0
"2018-05-06 03:02:14",1.88222118051271,0,9.6715538329881,0
"2018-05-06 03:03:14",1.68738511024584,0,5.91444486997111,0
"2018-05-06 03:04:14",1.05155905133818,0,7.85254626886351,0
"2018-05-06 03:05:14",3.10186487001061,0,12.2654207397369,0
"2018-05-06 03:06:14",3.18460269856174,0,20.5675224395663,0
"2018-05-06 03:07:14",1.49544727900683,0,9.05156911678789,0
"2018-05-06 03:08:14",0.633815164919915,0,8.39660554230882,0
"2018-05-06 03:09:14",1.14183074262979,0,9.43805847894465,0
"2018-05-06 03:10:14",0.561743691022819,0,7.83888942196997,0
"2018-05-06 03:11:14",1.17476764491082,0,8.28056931670619,0
"2018-05-06 03:12:14",1.45543743698685,0,17.7618232570083,0
"2018-05-06 03:13:15",0.96645474960876,0,8.68562598907408,0
"2018-05-06 03:14:15",0.890233741889004,0,8.98120600813296,0
"2018-05-06 03:15:15",2.94491103050924,0,28.5509381868704,0
"2018-05-06 03:16:15",6.53655032171107,0,21.1973135352266,0
"2018-05-06 03:17:15",3.64450415538291,0,10.5445036825133,0
"2018-05-06 03:18:15",8.1091542689421,0,6.17712792347034,0
"2018-05-06 03:19:15",4.40156540019606,0,10.6933129343135,0
"2018-05-06 03:20:15",1.98082613897566,0,7.71897170017472,0
"2018-05-06 03:21:15",3.95127010851469,0,19.2248590621709,0
"2018-05-06 03:22:15",2.14606037150303,0,9.91911581548174,0
"2018-05-06 03:23:15",1.61151492427123,0,8.91705891932674,0
"2018-05-06 03:24:15",1.32756658891593,0,8.91966622424106,0
"2018-05-06 03:25:15",1.21602582573259,0,10.6131624067922,0
"2018-05-06 03:26:15",4.25717742728734,0,10.4947677677701,0
"2018-05-06 03:27:15",5.79959287381433,0,18.8402663158479,0
"2018-05-06 03:28:15",2.80838965222994,0,15.9323811285467,0
"2018-05-06 03:29:15",7.69881337214906,0,23.243267817135,0
"2018-05-06 03:30:15",5.24793309880712,0,15.0786795289482,0
"2018-05-06 03:31:15",3.59833247019345,0,207.944934683323,1
"2018-05-06 03:32:15",5.57781493014745,0,24.5118918030868,0
"2018-05-06 03:33:15",3.90831931483783,0,22.3897744126756,0
"2018-05-06 03:34:15",3.80981327547641,0,13.1628998935179,0
"2018-05-06 03:35:15",3.77882933371686,0,14.6582034687016,0
"2018-05-06 03:36:15",2.85391877057776,0,12.0752751802129,0
"2018-05-06 03:37:15",2.15873691221774,0,10.1815919769977,0
"2018-05-06 03:38:15",4.9776434618712,0,13.3277184997125,0
"2018-05-06 03:39:15",1.93966251466089,0,10.4120129369881,0
"2018-05-06 03:40:15",1.86110712582291,0,8.27770419693586,0
"2018-05-06 03:41:16",1.41223462622875,0,8.59102824772394,0
"2018-05-06 03:42:16",2.98511654378857,0,9.18765239504226,0
"2018-05-06 03:43:16",2.73876181077537,0,17.9404598691506,0
"2018-05-06 03:44:16",5.39103031859915,0,148.031957685113,0
"2018-05-06 03:45:16",3.08594140240839,0,8.56583837420226,0
"2018-05-06 03:46:16",2.46705748365434,0,23.1327083315027,0
"2018-05-06 03:47:16",1.47547021391734,0,8.59756617614279,0
"2018-05-06 03:48:16",1.51925201445828,0,6.9119425965802,0
"2018-05-06 03:49:16",1.55574262656492,0,14.1450218335532,0
"2018-05-06 03:50:16",1.52618445516359,0,7.31929403452415,0
"2018-05-06 03:51:16",1.22908160192176,0,7.15009661207535,0
"2018-05-06 03:52:16",0.9117093728154,0,6.34649802759286,0
"2018-05-06 03:53:16",1.28854752372779,0,6.03082138670122,0
"2018-05-06 03:54:16",1.42115404685087,0,6.29601724958106,0
"2018-05-06 03:55:16",3.60252087934152,0,15.0039297979074,0
"2018-05-06 03:56:16",1.6926506300217,0,9.40120672632772,0
"2018-05-06 03:57:16",1.69552643014383,0,14.1446944404251,0
"2018-05-06 03:58:16",0.821595664033044,0,7.5613477647006,0
"2018-05-06 03:59:16",1.44687000042869,0,6.7702664787365,0
"2018-05-06 04:00:16",1.86383517387562,0,19.922488564091,0
"2018-05-06 04:01:16",2.35333267274446,0,7.72236015279004,0
"2018-05-06 04:02:16",0.74897435848393,0,6.92803000125416,0
"2018-05-06 04:03:16",1.3024581010251,0,7.05744668101422,0
"2018-05-06 04:04:16",0.877510146869973,0,14.5211166642867,0
"2018-05-06 04:05:16",0.672009282365409,0,6.30132875881505,0
"2018-05-06 04:06:16",4.17654143505617,0,14.6130759912976,0
"2018-05-06 04:07:17",0.726433548666018,0,7.03714475330876,0
"2018-05-06 04:08:17",1.96297865877818,0,9.839611120202,0
"2018-05-06 04:09:17",2.51577068489631,0,10.4947822467545,0
"2018-05-06 04:10:17",2.62569393067507,0,130.194745246204,0
"2018-05-06 04:11:17",2.34140067540476,0,21.7563359408145,0
"2018-05-06 04:12:17",2.56278691163703,0,9.38669642306571,0
"2018-05-06 04:13:17",0.653806606134267,0,7.55729073045416,0
"2018-05-06 04:14:17",0.815041783171961,0,7.7831916527206,0
"2018-05-06 04:15:17",0.730411135802099,0,8.25178135969056,0
"2018-05-06 04:16:17",19.3550106004548,0,109.545286227241,0
"2018-05-06 04:17:17",6.04062643422686,0,19.0814314075737,0
"2018-05-06 04:18:17",2.82097366528192,0,9.69398506622539,0
"2018-05-06 04:19:17",2.07804555687817,0,10.8873499911759,0
"2018-05-06 04:20:17",1.19628456236143,0,8.46231739884355,0
"2018-05-06 04:21:17",2.73380245930615,0,11.3015907973963,0
"2018-05-06 04:22:17",2.89489681954074,0,19.9957873031789,0
"2018-05-06 04:23:17",6.6393554326223,0,37.6307054874883,0
"2018-05-06 04:24:17",1.50816606995845,0,6.38180747882687,0
"2018-05-06 04:25:17",2.39761621264187,0,8.68064846400587,0
"2018-05-06 04:26:17",2.06396038965145,0,11.3475300567796,0
"2018-05-06 04:27:17",2.22740959495814,0,11.6875126563576,0
"2018-05-06 04:28:17",5.76372740115573,0,23.5364725416706,0
"2018-05-06 04:29:17",3.50348448504008,0,13.4127023012734,0
"2018-05-06 04:30:17",1.65739116598876,0,13.851822299078,0
"2018-05-06 04:31:17",2.76810284748893,0,11.8945739965401,0
"2018-05-06 04:32:17",2.09227312420989,0,14.2707686565435,0
"2018-05-06 04:33:18",2.87621893231542,0,12.8061247686566,0
"2018-05-06 04:34:18",4.81104619349896,0,17.4548700956976,0
"2018-05-06 04:35:18",2.11271518510762,0,10.322709263446,0
"2018-05-06 04:36:18",3.30267349781856,0,15.103072154561,0
"2018-05-06 04:37:18",2.88209494371698,0,10.2011210821534,0
"2018-05-06 04:38:18",3.15766705741979,0,8.5550848079937,0
"2018-05-06 04:39:18",3.59934896189253,0,17.5431997129577,0
"2018-05-06 04:40:18",4.03766325634497,0,10.5326886261989,0
"2018-05-06 04:41:18",2.75890140119251,0,11.451700064885,0
"2018-05-06 04:42:18",10.5980183438412,0,7.33989048846344,0
"2018-05-06 04:43:18",2.23636484135147,0,7.01864307086946,0
"2018-05-06 04:44:18",2.5647589287286,0,7.04087650490917,0
"2018-05-06 04:45:18",4.66930696508063,0,17.253184803916,0
"2018-05-06 04:46:18",2.35347125676823,0,6.71666871987785,0
"2018-05-06 04:47:18",4.90595983646867,0,7.7783116997606,0
"2018-05-06 04:48:18",3.11278083998661,0,11.8684363111404,0
"2018-05-06 04:49:18",14.8657665564155,0,8.92928266664297,0
"2018-05-06 04:50:18",7.5470124915212,0,17.2613203577308,0
"2018-05-06 04:51:18",6.37825760432359,0,6.23279855556803,0
"2018-05-06 04:52:18",3.46746310259603,0,5.27590738912435,0
"2018-05-06 04:53:18",4.54749623105283,0,6.61380771848492,0
"2018-05-06 04:54:18",2.96607196916072,0,5.26057270384195,0
"2018-05-06 04:55:18",2.57123100074109,0,5.77625330250115,0
"2018-05-06 04:56:18",4.91982269645732,0,16.0874752659123,0
"2018-05-06 04:57:18",3.18989704398866,0,5.02412311591253,0
"2018-05-06 04:58:19",2.43558101845095,0,6.0963577463992,0
"2018-05-06 04:59:19",1.62373031520434,0,6.27652935070789,0
"2018-05-06 05:00:19",4.19680166354495,0,5.18735959455584,0
"2018-05-06 05:01:19",1.9606419353486,0,17.9711273600107,0
"2018-05-06 05:02:19",4.87482508295678,0,12.7188149804102,0
"2018-05-06 05:03:19",1.71680028926013,0,6.88266418047016,0
"2018-05-06 05:04:19",1.55081756730168,0,10.1376708407298,0
"2018-05-06 05:05:19",1.57467888594685,0,6.19235512961526,0
"2018-05-06 05:06:19",3.12075515884836,0,6.04247310930988,0
"2018-05-06 05:07:19",1.99674202789687,0,9.73860016944042,0
"2018-05-06 05:08:19",2.71789174988205,0,7.25384546800056,0
"2018-05-06 05:09:19",1.61366016161421,0,7.37237811837613,0
"2018-05-06 05:10:19",1.611156447646,0,6.89617912950451,0
"2018-05-06 05:11:19",2.05134807657823,0,7.33848721024088,0
"2018-05-06 05:12:19",2.26734233795532,0,16.1463245096261,0
"2018-05-06 05:13:19",3.90289898532907,0,12.7813595934835,0
"2018-05-06 05:14:19",1.06045737427597,0,10.1775042911438,0
"2018-05-06 05:15:19",1.78068065889268,0,24.920718115446,0
"2018-05-06 05:16:19",57.60872109388,1,166.24170549973,0
"2018-05-06 05:17:19",7.612433412554,0,13.5054157913865,0
"2018-05-06 05:18:19",6.06301496501235,0,8.38855945582826,0
"2018-05-06 05:19:19",6.34180285936768,0,6.74039536420215,0
"2018-05-06 05:20:19",5.23809080724771,0,7.10499608004629,0
"2018-05-06 05:21:19",3.34643771145337,0,8.21119369538945,0
"2018-05-06 05:22:19",4.45044664190645,0,17.4003164395232,0
"2018-05-06 05:23:19",4.15840105659347,0,6.10091109490129,0
"2018-05-06 05:24:19",3.09781086840718,0,8.91640062877404,0
"2018-05-06 05:25:20",2.33610562243257,0,10.1256464091098,0
"2018-05-06 05:26:20",5.99579728068298,0,10.1655946128742,0
"2018-05-06 05:27:20",5.0891423898385,0,17.2532339944791,0
"2018-05-06 05:28:20",6.39511500439568,0,23.1894407410562,0
"2018-05-06 05:29:20",3.46697999750311,0,13.9342542282998,0
"2018-05-06 05:30:20",5.1432964393211,0,16.1974203966018,0
"2018-05-06 05:31:20",5.88324393893299,0,11.4977906397103,0
"2018-05-06 05:32:20",3.47680084081585,0,13.2418754780527,0
"2018-05-06 05:33:20",5.47536954411817,0,24.0020170398217,0
"2018-05-06 05:34:20",4.4751642015293,0,14.3272766676363,0
"2018-05-06 05:35:20",3.03682169471315,0,12.4033492622709,0
"2018-05-06 05:36:20",2.45997712166253,0,15.8019057894244,0
"2018-05-06 05:37:20",3.40774470947006,0,13.3731826342407,0
"2018-05-06 05:38:20",3.92507249998271,0,29.1998306455538,0
"2018-05-06 05:39:20",7.11084248558835,0,25.7284509546169,0
"2018-05-06 05:40:20",3.14155724140817,0,12.4436700387543,0
"2018-05-06 05:41:20",6.89805109103161,0,13.3349656833521,0
"2018-05-06 05:42:20",3.93561765054721,0,13.410713809861,0
"2018-05-06 05:43:20",3.29897198429854,0,12.3520316565291,0
"2018-05-06 05:44:20",3.98367264412713,0,24.7790997169021,0
"2018-05-06 05:45:20",4.3814487223263,0,15.1406117652622,0
"2018-05-06 05:46:20",7.02430082238173,0,10.0926293369116,0
"2018-05-06 05:47:20",3.44660123380509,0,9.32104195586033,0
"2018-05-06 05:48:20",2.1303622573424,0,19.6598442097851,0
"2018-05-06 05:49:20",1.53586329130993,0,9.67181735349654,0
"2018-05-06 05:50:20",3.37848757456012,0,16.8737220549372,0
"2018-05-06 05:51:20",1.2148887607998,0,11.2498234582593,0
"2018-05-06 05:52:20",3.25477973990129,0,14.614477941182,0
"2018-05-06 05:53:20",1.2416933830764,0,13.5805272845868,0
"2018-05-06 05:54:20",3.35388523329554,0,15.0157246420205,0
"2018-05-06 05:55:20",1.53050548424875,0,22.7351517981939,0
"2018-05-06 05:56:21",2.32457254532798,0,12.6937428931236,0
"2018-05-06 05:57:21",1.96328318257094,0,11.3815195327775,0
"2018-05-06 05:58:21",1.67565470099279,0,10.5523613031202,0
"2018-05-06 05:59:21",2.38450274548233,0,9.65473470234365,0
"2018-05-06 06:00:21",2.98730686833965,0,11.1511715549024,0
"2018-05-06 06:01:21",5.72288043641151,0,15.7476024917367,0
"2018-05-06 06:02:21",2.92375653551597,0,9.31858158548234,0
"2018-05-06 06:03:21",2.92352958171295,0,10.2179756462366,0
"2018-05-06 06:04:21",4.10446143268318,0,10.9752120907701,0
"2018-05-06 06:05:21",2.93622466695599,0,14.0077709426934,0
"2018-05-06 06:06:21",5.24030706717016,0,23.8629244466064,0
"2018-05-06 06:07:21",9.59768533078444,0,25.8111169748691,0
"2018-05-06 06:08:21",3.05093925338605,0,13.1551986783279,0
"2018-05-06 06:09:21",3.26354772859274,0,12.2678024239927,0
"2018-05-06 06:10:21",2.8121512303075,0,12.0543046893883,0
"2018-05-06 06:11:21",3.08459149341679,0,22.0314203127374,0
"2018-05-06 06:12:21",4.60360194010698,0,17.6758013924429,0
"2018-05-06 06:13:21",4.18168532237457,0,10.4887775727511,0
"2018-05-06 06:14:21",2.1426376688101,0,14.6113282817872,0
"2018-05-06 06:15:21",2.67669547567066,0,11.7358709809626,0
"2018-05-06 06:16:21",2.01036635371183,0,11.2706609767188,0
"2018-05-06 06:17:21",4.62552305318977,0,19.7918158785827,0
"2018-05-06 06:18:21",6.4317239107576,0,24.3837680602993,0
"2018-05-06 06:19:22",2.98499759753016,0,11.9172480089432,0
"2018-05-06 06:20:22",4.77811539188194,0,14.8599931585902,0
"2018-05-06 06:21:22",3.15633394554741,0,12.3145748396615,0
"2018-05-06 06:22:22",4.10239806232968,0,11.1000333527135,0
"2018-05-06 06:23:22",3.48867936825584,0,23.8811336074541,0
"2018-05-06 06:24:22",4.60841672896056,0,11.5344806996141,0
"2018-05-06 06:25:22",2.98268552218062,0,12.3075656566022,0
"2018-05-06 06:26:22",2.32834345263273,0,11.5312529448226,0
"2018-05-06 06:27:22",2.25664910380688,0,14.7386337114959,0
"2018-05-06 06:28:22",2.41388003664609,0,14.2856028153344,0
"2018-05-06 06:29:22",4.14211236213703,0,22.4980614656799,0
"2018-05-06 06:30:22",2.41794381650425,0,16.5089510091393,0
"2018-05-06 06:31:22",3.29070463730439,0,17.2239862348478,0
"2018-05-06 06:32:22",2.42077255408938,0,17.3481153682296,0
"2018-05-06 06:33:22",3.86395972979025,0,17.0565289989021,0
"2018-05-06 06:34:22",3.27125115756803,0,29.0533642595338,0
"2018-05-06 06:35:22",4.20653778590598,0,14.8176640524098,0
"2018-05-06 06:36:22",2.11405329352396,0,13.1092377246172,0
"2018-05-06 06:37:22",4.37282906008962,0,11.2408167545455,0
"2018-05-06 06:38:22",3.24796508157754,0,10.2183490897188,0
"2018-05-06 06:39:22",1.43660579963178,0,11.0163305748677,0
"2018-05-06 06:40:22",5.23779738503826,0,19.483887215049,0
"2018-05-06 06:41:22",2.36412739074749,0,9.52803174788296,0
"2018-05-06 06:42:22",1.50962244377841,0,9.72952690224023,0
"2018-05-06 06:43:22",1.1830769379338,0,8.43288616318542,0
"2018-05-06 06:44:22",2.654931432492,0,9.15443299396181,0
"2018-05-06 06:45:23",1.97920748398956,0,19.3906401294082,0
"2018-05-06 06:46:23",3.78609450544978,0,12.2453705882745,0
"2018-05-06 06:47:23",3.66858414077376,0,8.05419913501667,0
"2018-05-06 06:48:23",4.27099935051393,0,15.9658480704482,0
"2018-05-06 06:49:23",3.45574570420771,0,6.3998415358793,0
"2018-05-06 06:50:23",3.33092442023153,0,8.98347827922506,0
"2018-05-06 06:51:23",5.6757398169227,0,14.1082759425623,0
"2018-05-06 06:52:23",4.51430857405245,0,6.53759971305099,0
"2018-05-06 06:53:23",2.82164741473504,0,9.8927846890395,0
"2018-05-06 06:54:23",2.24702838482199,0,5.48127417251898,0
"2018-05-06 06:55:23",3.18124851563491,0,5.19891272409546,0
"2018-05-06 06:56:23",2.55098770130546,0,15.8841945504599,0
"2018-05-06 06:57:23",7.37891328161247,0,16.6652602208324,0
"2018-05-06 06:58:23",0.912997969728805,0,7.05146075868852,0
"2018-05-06 06:59:23",3.51455362795563,0,10.7735486220825,0
"2018-05-06 07:00:23",2.14308944150875,0,10.5931274936667,0
"2018-05-06 07:01:23",2.52736403564277,0,7.04840960129298,0
"2018-05-06 07:02:23",2.95754130582624,0,14.2081258253616,0
"2018-05-06 07:03:23",3.95853197764023,0,6.7132920274425,0
"2018-05-06 07:04:23",1.13397448963134,0,5.97044885037919,0
"2018-05-06 07:05:23",2.56440214071906,0,9.76337684870021,0
"2018-05-06 07:06:23",9.99999694857987,0,7.38500043224253,0
"2018-05-06 07:07:24",1.53484200149928,0,6.44172688011085,0
"2018-05-06 07:08:24",3.18410357617752,0,15.6596328835948,0
"2018-05-06 07:09:24",1.17830409847635,0,8.73775195702047,0
"2018-05-06 07:10:24",1.98937752893866,0,9.84625875688445,0
"2018-05-06 07:11:24",1.15202499191526,0,11.8318397966321,0
"2018-05-06 07:12:24",3.13590886408276,0,11.5739184756128,0
"2018-05-06 07:13:24",2.2496504405741,0,20.492101669563,0
"2018-05-06 07:14:24",2.43542212195574,0,12.0412087088519,0
"2018-05-06 07:15:24",1.60002257425198,0,10.4581126205438,0
"2018-05-06 07:16:24",2.99819697752199,0,29.4933565353019,0
"2018-05-06 07:17:24",2.62040177849035,0,136.589152160421,0
"2018-05-06 07:18:24",5.27937481437851,0,11.9846514010467,0
"2018-05-06 07:19:24",2.47017177345124,0,11.8940124643323,0
"2018-05-06 07:20:24",2.77206610270418,0,9.63212647266764,0
"2018-05-06 07:21:24",3.41174026851027,0,9.01260545796903,0
"2018-05-06 07:22:24",2.35131698189284,0,8.66506769769835,0
"2018-05-06 07:23:24",4.56590017501196,0,17.4617548047549,0
"2018-05-06 07:24:24",2.32903925652078,0,14.0399329813811,0
"2018-05-06 07:25:24",4.50541949736052,0,7.41893356071968,0
"2018-05-06 07:26:24",3.33256247235583,0,9.42223477554638,0
"2018-05-06 07:27:24",4.49505936509525,0,6.99558894319916,0
"2018-05-06 07:28:24",3.88616978558445,0,18.511222166892,0
"2018-05-06 07:29:24",3.32552831358428,0,15.0810117048469,0
"2018-05-06 07:30:24",3.05925673637061,0,9.78694767731733,0
"2018-05-06 07:31:24",2.93692869025694,0,12.767776009295,0
"2018-05-06 07:32:24",3.97812696076487,0,8.4388960034673,0
"2018-05-06 07:33:24",2.81508371278283,0,10.3872738743561,0
"2018-05-06 07:34:24",10.3921869999218,0,49.708390555093,0
"2018-05-06 07:35:24",3.48861129464594,0,13.3501658675706,0
"2018-05-06 07:36:24",2.51464412151453,0,10.5285009661421,0
"2018-05-06 07:37:25",1.34010049660534,0,9.04679795124955,0
"2018-05-06 07:38:25",2.47831771927243,0,12.1761463082074,0
"2018-05-06 07:39:25",1.69724990000284,0,15.3251022077471,0
"2018-05-06 07:40:25",5.59865904308764,0,17.8815330820924,0
"2018-05-06 07:41:25",2.35149020938105,0,7.074889681898,0
"2018-05-06 07:42:25",2.943106144557,0,8.16185709956687,0
"2018-05-06 07:43:25",2.35712640324744,0,6.09404968340419,0
"2018-05-06 07:44:25",1.9690933134301,0,8.39580941501142,0
"2018-05-06 07:45:25",2.07727152114676,0,18.7600618297959,0
"2018-05-06 07:46:25",1.21260731452106,0,10.803352656044,0
"2018-05-06 07:47:25",7.09395995998147,0,5.05565423889741,0
"2018-05-06 07:48:25",4.87326309025082,0,36.7438573994896,0
"2018-05-06 07:49:25",2.980313819937,0,7.15867724499193,0
"2018-05-06 07:50:25",3.13872392545918,0,7.62831076876464,0
"2018-05-06 07:51:25",7.83922023130773,0,17.3434757549479,0
"2018-05-06 07:52:25",3.01604301078419,0,5.8053778582784,0
"2018-05-06 07:53:25",3.03337415770672,0,6.87330616147419,0
"2018-05-06 07:54:25",2.03383357301455,0,8.42050780242933,0
"2018-05-06 07:55:25",2.69943550620874,0,5.95202359840025,0
"2018-05-06 07:56:25",2.76275073577953,0,20.5932451100192,0
"2018-05-06 07:57:25",2.77670399493558,0,8.9704832961496,0
"2018-05-06 07:58:25",2.8478030287709,0,6.6317220641932,0
"2018-05-06 07:59:25",2.64688859952214,0,7.77412300414502,0
"2018-05-06 08:00:25",1.52255880892704,0,11.1729399656567,0
"2018-05-06 08:01:26",1.38758960160004,0,8.00199010387942,0
"2018-05-06 08:02:26",2.81235609170729,0,15.948797604507,0
"2018-05-06 08:03:26",1.64749858851938,0,10.4608226639835,0
"2018-05-06 08:04:26",3.65973836855152,0,9.91828496534076,0
"2018-05-06 08:05:26",2.32662158042137,0,28.17716091078,0
"2018-05-06 08:06:26",2.63663119603454,0,10.130833235151,0
"2018-05-06 08:07:26",2.99665979851968,0,22.8331986140134,0
"2018-05-06 08:08:26",3.85565409160345,0,12.6855612115678,0
"2018-05-06 08:09:26",1.53370441814132,0,9.68483770231972,0
"2018-05-06 08:10:26",1.37590032877412,0,10.3677892855598,0
"2018-05-06 08:11:26",1.47094248264564,0,11.7872842658354,0
"2018-05-06 08:12:26",1.47059602330967,0,9.69396524469992,0
"2018-05-06 08:13:26",4.25620480425333,0,18.6896839048902,0
"2018-05-06 08:14:26",1.66840608397221,0,10.3194490244676,0
"2018-05-06 08:15:26",2.66147182665472,0,11.6302531219727,0
"2018-05-06 08:16:26",2.57745904387379,0,10.8032721616661,0
"2018-05-06 08:17:26",3.15634663615123,0,13.1479046716395,0
"2018-05-06 08:18:26",7.13929956606492,0,35.2481210819457,0
"2018-05-06 08:19:26",9.84067608404913,0,26.0909275352695,0
"2018-05-06 08:20:26",6.41805869496489,0,12.4685851086107,0
"2018-05-06 08:21:26",3.27628084628737,0,13.6602873555513,0
"2018-05-06 08:22:26",2.57315146500304,0,11.2347150458654,0
"2018-05-06 08:23:26",1.44135265435377,0,11.4712473371512,0
"2018-05-06 08:24:26",3.57399718649405,0,18.244200771994,0
"2018-05-06 08:25:26",1.58053771307437,0,10.1803535819083,0
"2018-05-06 08:26:26",1.7412855416549,0,10.7171440677812,0
"2018-05-06 08:27:26",2.33814855850483,0,10.439010846379,0
"2018-05-06 08:28:27",3.19322814984972,0,15.6073647434055,0
"2018-05-06 08:29:27",3.41400002872605,0,22.0746763401917,0
"2018-05-06 08:30:27",6.9990639219728,0,31.8836791023966,0
"2018-05-06 08:31:27",4.49987151050547,0,14.7000139751936,0
"2018-05-06 08:32:27",3.04442223660766,0,19.6520611585594,0
"2018-05-06 08:33:27",2.52327691129199,0,2540.06047745794,1
"2018-05-06 08:34:27",4.29816175096868,0,12.5376574556888,0
"2018-05-06 08:35:27",2.70699297351697,0,18.8801381090145,0
"2018-05-06 08:36:27",3.18371799508665,0,13.2162252198101,0
"2018-05-06 08:37:27",1.62405803045141,0,15.8381236429726,0
"2018-05-06 08:38:27",4.07725444654145,0,10.6569097840646,0
"2018-05-06 08:39:27",2.54924440074676,0,9.49920788207258,0
"2018-05-06 08:40:27",1.43034304638941,0,7.24489720048296,0
"2018-05-06 08:41:27",2.31379827269221,0,19.0216688270903,0
"2018-05-06 08:42:27",0.967900796175301,0,9.16052494520001,0
"2018-05-06 08:43:27",3.0688064273614,0,14.257519044899,0
"2018-05-06 08:44:27",3.03488425791973,0,12.5494427317767,0
"2018-05-06 08:45:27",2.44431979905257,0,11.6689767000604,0
"2018-05-06 08:46:27",1.76058982234219,0,21.2414114407833,0
"2018-05-06 08:47:27",3.01267840012063,0,7.80165762755622,0
"2018-05-06 08:48:27",2.56545588991229,0,9.06704407794411,0
"2018-05-06 08:49:27",3.39232597030209,0,10.7172736922747,0
"2018-05-06 08:50:27",2.87577680226661,0,7.10015000374175,0
"2018-05-06 08:51:27",2.37282762173272,0,6.82331825438527,0
"2018-05-06 08:52:27",3.8733604263014,0,22.6647753728328,0
"2018-05-06 08:53:27",1.3718548947194,0,9.20173554386757,0
"2018-05-06 08:54:28",1.97962397274803,0,10.1554561506665,0
"2018-05-06 08:55:28",0.854442029612704,0,6.45808375046053,0
"2018-05-06 08:56:28",4.46852816328075,0,12.8027300154593,0
"2018-05-06 08:57:28",2.14728919440467,0,20.8377074406441,0
"2018-05-06 08:58:28",1.41930454772663,0,10.5611378663401,0
"2018-05-06 08:59:28",1.46642289296374,0,10.8338937499786,0
"2018-05-06 09:00:28",1.43173030772314,0,11.2394139232659,0
"2018-05-06 09:01:28",0.751479684067277,0,8.05158882195949,0
"2018-05-06 09:02:28",0.610702385164249,0,8.8616656852407,0
"2018-05-06 09:03:28",4.43902427152661,0,13.7703697232732,0
"2018-05-06 09:04:28",2.01172364547926,0,8.20090163906624,0
"2018-05-06 09:05:28",1.04227614234906,0,10.0595219498033,0
"2018-05-06 09:06:28",0.871354153873258,0,6.58225766528143,0
"2018-05-06 09:07:28",2.35166402513107,0,7.8521036907854,0
"2018-05-06 09:08:28",2.23914060209169,0,19.6539632914331,0
"2018-05-06 09:09:28",7.07088468505001,0,21.8683558981754,0
"2018-05-06 09:10:28",2.07996528842321,0,11.1481534006407,0
"2018-05-06 09:11:28",1.09553713147867,0,9.75065941946995,0
"2018-05-06 09:12:28",0.73089439466743,0,9.50001301318403,0
"2018-05-06 09:13:28",1.81601352496718,0,10.7833781116396,0
"2018-05-06 09:14:28",3.36600566044476,0,22.1321218316546,0
"2018-05-06 09:15:28",1.4040137063462,0,9.72031481450777,0
"2018-05-06 09:16:28",0.988235147777963,0,10.4304336105539,0
"2018-05-06 09:17:28",1.87993208975975,0,29.5173868126314,0
"2018-05-06 09:18:28",10.1659159177189,0,31.4882512530794,0
"2018-05-06 09:19:29",5.33789772349445,0,12.6685769670546,0
"2018-05-06 09:20:29",17.0440335646727,0,22.7671739169069,0
"2018-05-06 09:21:29",3.3353465729286,0,11.4407614494881,0
"2018-05-06 09:22:29",2.88892697938926,0,13.6376601776526,0
"2018-05-06 09:23:29",1.89021749195936,0,17.2642930367661,0
"2018-05-06 09:24:29",2.8390488581768,0,11.3183828481131,0
"2018-05-06 09:25:29",2.05617315483895,0,7.59940816974417,0
"2018-05-06 09:26:29",3.76173771628178,0,13.0355839516139,0
"2018-05-06 09:27:29",1.9810662197718,0,6.01827317100242,0
"2018-05-06 09:28:29",3.9596808823906,0,8.8270577642135,0
"2018-05-06 09:29:29",3.94085201134196,0,8.12483631061798,0
"2018-05-06 09:30:29",3.19000267939145,0,10.9374514628525,0
"2018-05-06 09:31:29",3.10195972701223,0,21.4567936186058,0
"2018-05-06 09:32:29",1.98202158096063,0,167.451022212044,0
"2018-05-06 09:33:29",2.12690401719081,0,6.06259332968675,0
"2018-05-06 09:34:29",2.32646742841442,0,12.6274088069603,0
"2018-05-06 09:35:29",2.10956011302159,0,7.92238470709961,0
"2018-05-06 09:36:29",2.1288354086992,0,6.60618795949699,0
"2018-05-06 09:37:29",3.94234774787366,0,14.4329260815429,0
"2018-05-06 09:38:29",1.72586523724748,0,12.1639605152368,0
"2018-05-06 09:39:29",1.17314173195986,0,13.1731615209056,0
"2018-05-06 09:40:29",0.804903060942675,0,9.04415822126009,0
"2018-05-06 09:41:29",1.48223331949852,0,15.5079373209969,0
"2018-05-06 09:42:29",1.12427696330768,0,18.5187810819192,0
"2018-05-06 09:43:29",3.75056833620934,0,21.5536850383868,0
"2018-05-06 09:44:29",2.08320864518003,0,9.31609516445362,0
"2018-05-06 09:45:29",2.23041779072064,0,102.909365712865,0
"2018-05-06 09:46:30",2.35801763635521,0,9.93735712756181,0
"2018-05-06 09:47:30",4.47000601749793,0,21.0257831829941,0
"2018-05-06 09:48:30",7.37864617961002,0,12.9477532195609,0
"2018-05-06 09:49:30",4.17056141614954,0,9.61290881389678,0
"2018-05-06 09:50:30",1.6362422980932,0,7.35102575073375,0
"2018-05-06 09:51:30",2.10940964222665,0,6.89216765422546,0
"2018-05-06 09:52:30",1.62418431573138,0,12.7591129130465,0
"2018-05-06 09:53:30",1.52209570108319,0,17.971736534661,0
"2018-05-06 09:54:30",3.46701723169648,0,16.3774089228478,0
"2018-05-06 09:55:30",2.06811155661201,0,8.79248146463995,0
"2018-05-06 09:56:30",3.20939896802096,0,9.64578684572309,0
"2018-05-06 09:57:30",2.88375289603251,0,13.2770766781608,0
"2018-05-06 09:58:30",4.17915507168583,0,11.9597837086254,0
"2018-05-06 09:59:30",5.13818533275466,0,10.4180268115935,0
"2018-05-06 10:00:30",3.74463095131867,0,10.1132276890759,0
"2018-05-06 10:01:30",3.67203948958241,0,10.2114389436197,0
"2018-05-06 10:02:30",4.93547261126334,0,8.33667731399511,0
"2018-05-06 10:03:30",3.61594285746389,0,9.73765601725143,0
"2018-05-06 10:04:30",3.74980721930148,0,15.3210471971921,0
"2018-05-06 10:05:30",4.51363536556028,0,17.6112319521973,0
"2018-05-06 10:06:30",4.20961140797886,0,6.99590704451367,0
"2018-05-06 10:07:31",4.56778420796612,0,9.27610370720765,0
"2018-05-06 10:08:31",3.1217191295942,0,9.26394901606861,0
"2018-05-06 10:09:31",4.51736435790963,0,11.1580831416557,0
"2018-05-06 10:10:31",3.88335109430109,0,20.1254578399251,0
"2018-05-06 10:11:31",4.28617134924849,0,12.3934121408324,0
"2018-05-06 10:12:31",3.24674859524923,0,9.43461854517263,0
"2018-05-06 10:13:31",3.58885054035286,0,9.40050275060892,0
"2018-05-06 10:14:31",3.48352543945788,0,8.51252021422171,0
"2018-05-06 10:15:31",3.6015444076058,0,9.66381087065984,0
"2018-05-06 10:16:31",4.42475999329339,0,16.4001374820184,0
"2018-05-06 10:17:31",3.84914409120957,0,9.90369354984986,0
"2018-05-06 10:18:31",24.421646761546,0,150.739305093781,0
"2018-05-06 10:19:31",3.80143440848042,0,14.9011573057798,0
"2018-05-06 10:20:31",4.14951683400766,0,15.3144746475838,0
"2018-05-06 10:21:31",4.81317526821338,0,22.2628987380313,0
"2018-05-06 10:22:31",3.3618112465953,0,13.1644484010781,0
"2018-05-06 10:23:31",4.63270146426379,0,8.16271951455403,0
"2018-05-06 10:24:31",1.99073772376857,0,60.4198875711844,0
"2018-05-06 10:25:31",2.06624448710237,0,7.3066477053072,0
"2018-05-06 10:26:31",1.71819666930673,0,11.1537003190731,0
"2018-05-06 10:27:31",5.28503502922484,0,13.9686117418685,0
"2018-05-06 10:28:31",4.16341940852598,0,9.92517937027819,0
"2018-05-06 10:29:31",3.10559842696742,0,9.75060262997686,0
"2018-05-06 10:30:31",3.80922259472403,0,11.8955490729459,0
"2018-05-06 10:31:31",4.4457522525911,0,9.9977655495122,0
"2018-05-06 10:32:31",4.57180436071657,0,21.3449719929006,0
"2018-05-06 10:33:32",10.2571008288232,0,18.0572616055451,0
"2018-05-06 10:34:32",2.78679279064807,0,9.66594705979827,0
"2018-05-06 10:35:32",2.98907339844098,0,14.5739130345116,0
"2018-05-06 10:36:32",2.70590821530982,0,14.1874310936577,0
"2018-05-06 10:37:32",5.3288956481099,0,14.3538352146707,0
"2018-05-06 10:38:32",3.25434915300841,0,12.5384367649621,0
"2018-05-06 10:39:32",3.63721583783025,0,10.288360707681,0
"2018-05-06 10:40:32",2.97084100724675,0,9.92744913829758,0
"2018-05-06 10:41:32",1.9309730879307,0,12.6024027444164,0
"2018-05-06 10:42:32",4.68401103417078,0,12.1590670250582,0
"2018-05-06 10:43:32",4.70314293882009,0,24.9247673426434,0
"2018-05-06 10:44:32",8.92392788557005,0,18.1468551065422,0
"2018-05-06 10:45:32",1.83158384044739,0,9.43680401624619,0
"2018-05-06 10:46:32",1.74968799912492,0,11.799488898419,0
"2018-05-06 10:47:32",0.924348339970638,0,10.5193927940312,0
"2018-05-06 10:48:32",2.99336481799027,0,9.67451245735786,0
"2018-05-06 10:49:32",2.55895435064274,0,20.269555444151,0
"2018-05-06 10:50:32",6.52849051039608,0,14.6623043182502,0
"2018-05-06 10:51:32",7.15657201795402,0,8.23561846084458,0
"2018-05-06 10:52:32",2.73228263954293,0,6.90719480863281,0
"2018-05-06 10:53:32",1.55648715311624,0,8.65517092936715,0
"2018-05-06 10:54:32",2.22392559115702,0,12.5284063791973,0
"2018-05-06 10:55:32",2.04904709003993,0,18.8439084317261,0
"2018-05-06 10:56:32",2.01482233463117,0,6.75984660071981,0
"2018-05-06 10:57:32",0.791560676934903,0,7.24457200090994,0
"2018-05-06 10:58:33",1.5349446267347,0,5.17345561175129,0
"2018-05-06 10:59:33",0.484805932090855,0,8.78536714436913,0
"2018-05-06 11:00:33",3.47427139453356,0,16.2346714030261,0
"2018-05-06 11:01:33",2.83831157350778,0,9.22078526680104,0
"2018-05-06 11:02:33",1.39419641414712,0,10.7690696395985,0
"2018-05-06 11:03:33",5.71564970008758,0,13.2776023072222,0
"2018-05-06 11:04:33",8.89236252324148,0,8.30784921505986,0
"2018-05-06 11:05:33",2.50734393421069,0,7.01758707823014,0
"2018-05-06 11:06:33",3.52768190366436,0,14.0775441855901,0
"2018-05-06 11:07:33",3.02621526375127,0,7.52052074806637,0
"2018-05-06 11:08:33",1.1711377124847,0,8.2531563414316,0
"2018-05-06 11:09:33",2.60634298331667,0,6.69135187417642,0
"2018-05-06 11:10:33",0.675303371534188,0,10.7115346109696,0
"2018-05-06 11:11:33",1.06277080519759,0,21.3235708389951,0
"2018-05-06 11:12:33",2.02768292120696,0,13.3372263010939,0
"2018-05-06 11:13:33",0.828320503944223,0,9.69521787902687,0
"2018-05-06 11:14:33",1.94131988522956,0,11.13590780708,0
"2018-05-06 11:15:33",0.915684528296947,0,11.6491382450248,0
"2018-05-06 11:16:33",3.22774498093129,0,11.6550373294586,0
"2018-05-06 11:17:33",1.03999367824436,0,10.9882886359321,0
"2018-05-06 11:18:33",4.12972549080696,0,29.9714610755377,0
"2018-05-06 11:19:33",7.48630922816893,0,28.8720445196805,0
"2018-05-06 11:20:34",5.28015333989944,0,29.4389070974081,0
"2018-05-06 11:21:34",5.74995502702607,0,13.9948132841107,0
"2018-05-06 11:22:34",5.2482747929657,0,35.3086256337088,0
"2018-05-06 11:23:34",4.13158897538283,0,13.5218773058498,0
"2018-05-06 11:24:34",2.7873734465408,0,13.9899860146517,0
"2018-05-06 11:25:34",6.93011210021201,0,19.856205603841,0
"2018-05-06 11:26:34",6.0327131519116,0,12.4779499364863,0
"2018-05-06 11:27:34",2.30459874931952,0,14.4106761052621,0
"2018-05-06 11:28:34",2.50935499780755,0,11.6894022525984,0
"2018-05-06 11:29:34",8.05655497740771,0,18.9675412026212,0
"2018-05-06 11:30:34",3.81678984189826,0,14.4340734691859,0
"2018-05-06 11:31:34",8.04683968982214,0,17.4445320757297,0
"2018-05-06 11:32:34",11.2441538469572,0,36.2165851276013,0
"2018-05-06 11:33:34",3.44814107042232,0,29.3095496571605,0
"2018-05-06 11:34:34",3.1221514259142,0,14.9521798010031,0
"2018-05-06 11:35:34",5.34047056330271,0,25.9626589778451,0
"2018-05-06 11:36:34",2.72137955098842,0,13.5170861712526,0
"2018-05-06 11:37:34",5.06193585221688,0,8.48233057291608,0
"2018-05-06 11:38:34",6.86089322085563,0,15.8717624327358,0
"2018-05-06 11:39:34",19.7568097310276,0,34.617286440872,0
"2018-05-06 11:40:34",6.4146080095591,0,22.4093306224135,0
"2018-05-06 11:41:34",4.03929202377574,0,14.0744572631973,0
"2018-05-06 11:42:34",6.70103128072864,0,35.9836599213831,0
"2018-05-06 11:43:35",2.30592162139431,0,12.3785761045629,0
"2018-05-06 11:44:35",4.88572800977349,0,15.6514981872036,0
"2018-05-06 11:45:35",11.1520451600048,0,22.3358243628425,0
"2018-05-06 11:46:35",16.3435250479163,0,14.2063689276338,0
"2018-05-06 11:47:35",6.13793113527214,0,9.22838138095937,0
"2018-05-06 11:48:35",2.5198403015303,0,11.165235353775,0
"2018-05-06 11:49:35",2.35579225403264,0,19.051174914164,0
"2018-05-06 11:50:35",0.803699899573697,0,10.4013794056431,0
"2018-05-06 11:51:35",1.28052433111848,0,12.5844141505651,0
"2018-05-06 11:52:35",3.43131086858493,0,11.3791402734474,0
"2018-05-06 11:53:35",1.6243593763175,0,8.70248285746888,0
"2018-05-06 11:54:35",1.39533399883022,0,10.3519474748495,0
"2018-05-06 11:55:35",4.54545249623303,0,19.6198455230841,0
"2018-05-06 11:56:35",10.2351307692706,0,13.4594847915516,0
"2018-05-06 11:57:35",2.2673473421611,0,32.3857676407626,0
"2018-05-06 11:58:35",14.0554465391768,0,22.0529243212316,0
"2018-05-06 11:59:35",6.01124877888673,0,20.0127816271061,0
"2018-05-06 12:00:35",6.43529365298102,0,8.95236916767311,0
"2018-05-06 12:01:35",4.66145351614685,0,8.22010899940773,0
"2018-05-06 12:02:35",5.82536151104009,0,10.1516635771931,0
"2018-05-06 12:03:35",3.94041205631712,0,9.32527829389947,0
"2018-05-06 12:04:35",4.20520550617067,0,8.30677805605059,0
"2018-05-06 12:05:35",3.00305826612363,0,20.6731819351149,0
"2018-05-06 12:06:35",3.03067424800364,0,12.5534748187108,0
"2018-05-06 12:07:35",3.20448399634171,0,18.443319127504,0
"2018-05-06 12:08:36",3.56839712664502,0,31.8869282811466,0
"2018-05-06 12:09:36",3.72568556699879,0,22.1565569571023,0
"2018-05-06 12:10:36",5.45317411381779,0,11.0441093317234,0
"2018-05-06 12:11:36",3.36543907885924,0,22.0538419024622,0
"2018-05-06 12:12:36",4.39409295456381,0,47.1868043123104,0
"2018-05-06 12:13:36",3.67329135415491,0,15.8029863217243,0
"2018-05-06 12:14:36",2.16865959081112,0,37.3765377694717,0
"2018-05-06 12:15:36",2.54057366784649,0,31.7367633886331,0
"2018-05-06 12:16:36",4.2826414801462,0,24.4342928913599,0
"2018-05-06 12:17:36",2.27757720780972,0,24.2411779234191,0
"2018-05-06 12:18:36",5.87308499108583,0,52.3292841072653,0
"2018-05-06 12:19:36",9.32296330373447,0,156.081664460095,0
"2018-05-06 12:20:36",6.03572100902104,0,49.2918506740752,0
"2018-05-06 12:21:36",2.79306624237341,0,16.3271479059474,0
"2018-05-06 12:22:36",2.25121308430571,0,16.132899254951,0
"2018-05-06 12:23:36",1.90293841632066,0,18.0902278742652,0
"2018-05-06 12:24:36",1.95957830133826,0,19.970048502962,0
"2018-05-06 12:25:36",2.12004125298687,0,23.62917462455,0
"2018-05-06 12:26:36",4.48412401242094,0,11.280010702244,0
"2018-05-06 12:27:36",0.923056719546584,0,13.6734922087298,0
"2018-05-06 12:28:36",1.48889105806993,0,10.1103111410722,0
"2018-05-06 12:29:36",3.14681410434214,0,11.7868615557299,0
"2018-05-06 12:30:36",3.9172546056362,0,26.0953536844278,0
"2018-05-06 12:31:36",10.5550396926097,0,20.6767560098901,0
"2018-05-06 12:32:37",4.24659984967493,0,10.5786749417754,0
"2018-05-06 12:33:37",3.17491287686126,0,10.3263310709222,0
"2018-05-06 12:34:37",2.37067405578866,0,10.8411308610354,0
"2018-05-06 12:35:37",3.7834867368439,0,13.5146659682463,0
"2018-05-06 12:36:37",4.97802040287467,0,14.9138254317842,0
"2018-05-06 12:37:37",2.22197113031212,0,77.946812406845,0
"2018-05-06 12:38:37",2.34015502200053,0,9.14956470586131,0
"2018-05-06 12:39:37",3.15532566979928,0,13.4929289963217,0
"2018-05-06 12:40:37",3.19983548814465,0,8.27896876330321,0
"2018-05-06 12:41:37",2.9150839012169,0,24.1853008309746,0
"2018-05-06 12:42:37",9.72537096855295,0,18.2229981152433,0
"2018-05-06 12:43:37",1.36953575631912,0,10.0005981125152,0
"2018-05-06 12:44:37",1.53650378143644,0,11.5674604120106,0
"2018-05-06 12:45:37",0.618079261433348,0,10.5340417243746,0
"2018-05-06 12:46:37",1.62198319526757,0,9.23038146483373,0
"2018-05-06 12:47:37",1.66713600281141,0,13.3318557337389,0
"2018-05-06 12:48:37",1.53007787288074,0,16.8126445501072,0
"2018-05-06 12:49:37",5.31020057047958,0,10.3305271795358,0
"2018-05-06 12:50:37",4.45404173429896,0,20.0426310817034,0
"2018-05-06 12:51:37",4.710202183914,0,4.65139608490989,0
"2018-05-06 12:52:37",3.04884167346653,0,19.4427104723064,0
"2018-05-06 12:53:37",2.17141068376268,0,19.3698577774224,0
"2018-05-06 12:54:37",4.17975850501407,0,13.3736222464122,0
"2018-05-06 12:55:37",10.9966859886949,0,9.22445315699503,0
"2018-05-06 12:56:38",1.93623013520186,0,7.69461568789396,0
"2018-05-06 12:57:38",1.78792001569036,0,8.82214779906798,0
"2018-05-06 12:58:38",6.21521013284263,0,18.1493200128101,0
"2018-05-06 12:59:38",2.60327118225626,0,13.8213486291905,0
"2018-05-06 13:00:38",1.67913416391221,0,8.55174767891146,0
"2018-05-06 13:01:38",1.87433236777257,0,12.8197761245906,0
"2018-05-06 13:02:38",1.37344787262226,0,8.04643670053755,0
"2018-05-06 13:03:38",3.43002192793804,0,14.5979823106024,0
"2018-05-06 13:04:38",5.80495138363207,0,23.0057148492294,0
"2018-05-06 13:05:38",8.70175825908719,0,11.7810648288177,0
"2018-05-06 13:06:38",1.76644326665056,0,8.0969016680423,0
"2018-05-06 13:07:38",3.6568537147934,0,10.0140959742585,0
"2018-05-06 13:08:38",1.75691603879434,0,9.88760557921696,0
"2018-05-06 13:09:38",8.21448631207827,0,19.2452080088367,0
"2018-05-06 13:10:38",2.90061522742553,0,10.9628854811787,0
"2018-05-06 13:11:38",1.67247218963027,0,12.0952920601492,0
"2018-05-06 13:12:38",1.68808944840816,0,14.731041424718,0
"2018-05-06 13:13:38",1.77788054192209,0,12.019068318303,0
"2018-05-06 13:14:38",3.86275428393722,0,18.1003853995059,0
"2018-05-06 13:15:38",4.46702661851571,0,17.8047350435726,0
"2018-05-06 13:16:38",2.25519032132196,0,13.2259707719608,0
"2018-05-06 13:17:38",1.83167234894494,0,11.3943970607725,0
"2018-05-06 13:18:38",3.42020848252415,0,12.8360937196428,0
"2018-05-06 13:19:38",18.2011912035587,0,102.28212644684,0
"2018-05-06 13:20:38",4.33775319961504,0,32.414505478631,0
"2018-05-06 13:21:38",6.48585238150614,0,12.2888510044524,0
"2018-05-06 13:22:39",4.85876935071378,0,11.9982254967701,0
"2018-05-06 13:23:39",3.07948864083585,0,14.9130108570077,0
"2018-05-06 13:24:39",2.24608064106714,0,14.3947686885853,0
"2018-05-06 13:25:39",1.70217933260662,0,12.9190441564927,0
"2018-05-06 13:26:39",2.09208323602976,0,16.2670867748788,0
"2018-05-06 13:27:39",3.03829997616091,0,13.2912397959431,0
"2018-05-06 13:28:39",1.54610706704408,0,11.9410337203909,0
"2018-05-06 13:29:39",7.10748788864883,0,18.6293965375702,0
"2018-05-06 13:30:39",4.55272652779577,0,8.46693331363652,0
"2018-05-06 13:31:39",6.42202077531152,0,26.2966002471239,0
"2018-05-06 13:32:39",10.4186132509524,0,22.1077174094948,0
"2018-05-06 13:33:39",4.596375853768,0,18.544451396992,0
"2018-05-06 13:34:39",4.12745835054792,0,13.9580560198812,0
"2018-05-06 13:35:39",3.97077042715716,0,14.4448186555481,0
"2018-05-06 13:36:39",3.25697793235696,0,12.0128189518,0
"2018-05-06 13:37:39",4.29245569096473,0,41.4087214728684,0
"2018-05-06 13:38:39",6.35706349020526,0,16.0508579652192,0
"2018-05-06 13:39:39",4.42235061805522,0,15.572811626026,0
"2018-05-06 13:40:39",2.92495057838469,0,16.9955439125508,0
"2018-05-06 13:41:40",3.02832871553066,0,10.648512876994,0
"2018-05-06 13:42:40",11.7582221338131,0,31.4495495026999,0
"2018-05-06 13:43:40",5.11068487837045,0,25.4837150256224,0
"2018-05-06 13:44:40",2.00448355676017,0,17.1080022553665,0
"2018-05-06 13:45:40",2.13535215286105,0,14.2570193486066,0
"2018-05-06 13:46:40",1.40604650666712,0,13.9082602644491,0
"2018-05-06 13:47:40",1.43346373089157,0,11.6447195486357,0
"2018-05-06 13:48:40",7.31809904678081,0,22.9289727933817,0
"2018-05-06 13:49:40",5.91162155811617,0,11.4099925609249,0
"2018-05-06 13:50:40",2.61584663194214,0,8.29975881582484,0
"2018-05-06 13:51:40",1.54713408501624,0,10.1594705215371,0
"2018-05-06 13:52:40",1.14733045857468,0,8.46572302449098,0
"2018-05-06 13:53:40",4.8912956922253,0,14.9694945467212,0
"2018-05-06 13:54:40",5.56695324857192,0,16.411168059977,0
"2018-05-06 13:55:40",3.84111038521327,0,15.6512411864241,0
"2018-05-06 13:56:40",2.17152006650026,0,11.3204154833653,0
"2018-05-06 13:57:40",3.26971206808543,0,11.6963569487901,0
"2018-05-06 13:58:40",1.90662658625074,0,9.36512175616934,0
"2018-05-06 13:59:40",2.68647856068702,0,24.4679227715744,0
"2018-05-06 14:00:40",1.68762866502356,0,11.7035732773122,0
"2018-05-06 14:01:40",1.89484080593684,0,11.6523915269429,0
"2018-05-06 14:02:40",1.46037215706455,0,11.0746818203396,0
"2018-05-06 14:03:40",1.91743847651118,0,11.193057171296,0
"2018-05-06 14:04:40",1.86723342775907,0,11.9665011281101,0
"2018-05-06 14:05:40",3.0812636326084,0,22.9822083351124,0
"2018-05-06 14:06:40",2.05308765927012,0,15.7439264326501,0
"2018-05-06 14:07:40",1.19995430628388,0,14.3841188934816,0
"2018-05-06 14:08:41",5.44912901715964,0,19.6154640235691,0
"2018-05-06 14:09:41",2.07936576371049,0,12.8101265184581,0
"2018-05-06 14:10:41",2.8114868026743,0,29.8731871905503,0
"2018-05-06 14:11:41",3.27058072931854,0,14.633670231713,0
"2018-05-06 14:12:41",2.75522239565674,0,14.8349025136852,0
"2018-05-06 14:13:41",1.50271162182037,0,12.6998530270226,0
"2018-05-06 14:14:41",2.95204799305288,0,15.2905559590633,0
"2018-05-06 14:15:41",1.59550767673171,0,14.5992938393924,0
"2018-05-06 14:16:41",2.69844459195385,0,20.8455219939443,0
"2018-05-06 14:17:41",1.43345140203406,0,15.6102985378057,0
"2018-05-06 14:18:41",1.30062289967402,0,15.1080801546715,0
"2018-05-06 14:19:41",3.50336144552542,0,16.4009712205333,0
"2018-05-06 14:20:41",4.86371033496088,0,22.2870687533436,0
"2018-05-06 14:21:41",4.93780013146703,0,28.9852266120902,0
"2018-05-06 14:22:41",2.73666656965708,0,22.2322738989812,0
"2018-05-06 14:23:41",6.02814056104781,0,13.5219964504072,0
"2018-05-06 14:24:41",1.8453356297838,0,13.6186444705138,0
"2018-05-06 14:25:41",6.75571453317776,0,16.4736954665087,0
"2018-05-06 14:26:41",1.30276548504712,0,10.8638248624942,0
"2018-05-06 14:27:41",8.95186097096432,0,21.1801659148385,0
"2018-05-06 14:28:41",1.47407600987784,0,8.92921019890962,0
"2018-05-06 14:29:41",3.03485368698665,0,8.44062189519301,0
"2018-05-06 14:30:41",3.19093935081598,0,9.99957122126965,0
"2018-05-06 14:31:41",3.56535915866034,0,8.85582262220958,0
"2018-05-06 14:32:41",12.5424265839825,0,26.8996449335852,0
"2018-05-06 14:33:42",5.45899442152863,0,21.9746084607322,0
"2018-05-06 14:34:42",8.14781198522138,0,11.2656013419419,0
"2018-05-06 14:35:42",3.31975923969412,0,10.3118871705794,0
"2018-05-06 14:36:42",3.44124398634846,0,10.7747666367797,0
"2018-05-06 14:37:42",2.59515200611859,0,10.681807129168,0
"2018-05-06 14:38:42",9.52427474051736,0,20.9100333733065,0
"2018-05-06 14:39:42",2.12386407504688,0,9.34472980235407,0
"2018-05-06 14:40:42",5.12586070101188,0,9.58063138827595,0
"2018-05-06 14:41:42",3.20355899705847,0,10.6207752735777,0
"2018-05-06 14:42:42",3.52943007841889,0,9.43890661210917,0
"2018-05-06 14:43:42",5.73143174332058,0,16.5466924269958,0
"2018-05-06 14:44:42",3.63470592819316,0,23.3138334933442,0
"2018-05-06 14:45:42",4.08381804595331,0,10.636001917883,0
"2018-05-06 14:46:42",2.87098144952828,0,10.0180239043599,0
"2018-05-06 14:47:42",5.88866099656471,0,14.5465186025258,0
"2018-05-06 14:48:42",3.05647210345988,0,9.41296571177678,0
"2018-05-06 14:49:42",7.81375086971523,0,30.5652143484572,0
"2018-05-06 14:50:42",5.62805268279446,0,5.80268349725825,0
"2018-05-06 14:51:42",4.25680269178634,0,8.29047930282762,0
"2018-05-06 14:52:42",1.9603286808587,0,6.47521462170349,0
"2018-05-06 14:53:42",3.69816031761457,0,10.3500861792199,0
"2018-05-06 14:54:43",3.21489884723496,0,6.5019347918731,0
"2018-05-06 14:55:43",3.7612383977187,0,14.4094231756265,0
"2018-05-06 14:56:43",3.62891122012066,0,6.15384814023502,0
"2018-05-06 14:57:43",1.82718028094476,0,8.76417541432664,0
"2018-05-06 14:58:43",4.65750438134749,0,11.6505266858817,0
"2018-05-06 14:59:43",2.15224409340677,0,6.83383312577658,0
"2018-05-06 15:00:43",4.43153424707421,0,21.3365694883815,0
"2018-05-06 15:01:43",4.51086746666127,0,7.81779710731927,0
"2018-05-06 15:02:43",3.99491472946347,0,11.5707274126306,0
"2018-05-06 15:03:43",9.78655513001795,0,11.1191367607159,0
"2018-05-06 15:04:43",3.36707858099882,0,7.86023165863777,0
"2018-05-06 15:05:43",1.74692498355741,0,6.966809335017,0
"2018-05-06 15:06:43",5.7903760483953,0,13.9593067975458,0
"2018-05-06 15:07:43",2.22420673230257,0,9.74910228721757,0
"2018-05-06 15:08:43",4.56804108103134,0,10.8863657557111,0
"2018-05-06 15:09:43",6.33399186579613,0,9.59339035254023,0
"2018-05-06 15:10:43",2.84435839587806,0,9.00637351217586,0
"2018-05-06 15:11:43",5.78633766917442,0,17.5720960889431,0
"2018-05-06 15:12:43",2.90254288009517,0,15.2236865735155,0
"2018-05-06 15:13:43",5.93656393056993,0,14.1452332603045,0
"2018-05-06 15:14:43",1.20590417721385,0,10.6642669822336,0
"2018-05-06 15:15:43",4.1835191947741,0,11.0789836106832,0
"2018-05-06 15:16:43",1.95423486829348,0,10.239098219723,0
"2018-05-06 15:17:44",9.29131527888923,0,17.7104465143358,0
"2018-05-06 15:18:44",1.1835731636399,0,11.0633531486451,0
"2018-05-06 15:19:44",2.80159871521436,0,11.4840692392431,0
"2018-05-06 15:20:44",26.7276964691888,0,116.327551443817,0
"2018-05-06 15:21:44",6.57342508635935,0,14.0092558820118,0
"2018-05-06 15:22:44",9.04314958326814,0,19.6689185396684,0
"2018-05-06 15:23:44",9.50904140767641,0,21.0428773495883,0
"2018-05-06 15:24:44",8.82982050466699,0,23.0810564022421,0
"2018-05-06 15:25:44",4.65770504631212,0,11.4500565246448,0
"2018-05-06 15:26:44",5.85132649344897,0,11.2889994527248,0
"2018-05-06 15:27:44",3.92210537594073,0,16.9419427969617,0
"2018-05-06 15:28:44",3.8433639374175,0,22.4440719098388,0
"2018-05-06 15:29:44",4.95493087581605,0,11.7473242626341,0
"2018-05-06 15:30:44",7.13462887519255,0,11.7996321101709,0
"2018-05-06 15:31:44",5.54295661322001,0,9.41416801843761,0
"2018-05-06 15:32:44",5.00362075295088,0,13.7174515031872,0
"2018-05-06 15:33:44",5.5946013750883,0,16.8358311190935,0
"2018-05-06 15:34:44",9.7139261030046,0,26.7800101264653,0
"2018-05-06 15:35:44",4.77880816677157,0,13.8246383014246,0
"2018-05-06 15:36:44",4.20289009835278,0,13.3215198318001,0
"2018-05-06 15:37:44",5.82954435702022,0,14.3673356520078,0
"2018-05-06 15:38:44",5.23402444691535,0,16.7455522827005,0
"2018-05-06 15:39:44",12.3588330106759,0,31.7298287053521,0
"2018-05-06 15:40:44",4.24645846035043,0,13.9126932087289,0
"2018-05-06 15:41:44",4.14707326818867,0,14.1889409733609,0
"2018-05-06 15:42:44",3.64963019903396,0,14.3358817627255,0
"2018-05-06 15:43:45",4.1475643217439,0,18.6573237958929,0
"2018-05-06 15:44:45",2.03056035898393,0,13.2675541883544,0
"2018-05-06 15:45:45",3.89356178024858,0,18.4085649435025,0
"2018-05-06 15:46:45",2.27638467050909,0,12.6770107457299,0
"2018-05-06 15:47:45",2.70846435832086,0,10.4299151605035,0
"2018-05-06 15:48:45",2.84652682706342,0,13.0041399640326,0
"2018-05-06 15:49:45",5.93113547551939,0,18.21529016904,0
"2018-05-06 15:50:45",3.82822909155944,0,24.6223713103225,0
"2018-05-06 15:51:45",2.21698403433296,0,17.7558863342524,0
"2018-05-06 15:52:45",4.67234630912202,0,13.3285974421126,0
"2018-05-06 15:53:45",1.77035383884479,0,17.6388376275499,0
"2018-05-06 15:54:45",1.90734109958531,0,10.4040627688561,0
"2018-05-06 15:55:45",1.34261813355502,0,9.95102724558141,0
"2018-05-06 15:56:45",1.52801164538181,0,15.7771808634814,0
"2018-05-06 15:57:45",1.55750845793135,0,8.89923758717208,0
"2018-05-06 15:58:45",1.63939821902467,0,10.3960534872372,0
"2018-05-06 15:59:45",1.47150451126706,0,9.83651443086605,0
"2018-05-06 16:00:45",2.2319674151842,0,11.3990725718236,0
"2018-05-06 16:01:45",2.79667759486974,0,26.2779774238753,0
"2018-05-06 16:02:45",7.53711660496701,0,22.6360469829888,0
"2018-05-06 16:03:45",3.46989504417432,0,13.8752408029291,0
"2018-05-06 16:04:45",1.51963936836693,0,9.97376694312138,0
"2018-05-06 16:05:46",4.17141830499451,0,14.3314014025001,0
"2018-05-06 16:06:46",1.73094368034552,0,13.1779623251219,0
"2018-05-06 16:07:46",2.81631755755777,0,24.3949383217077,0
"2018-05-06 16:08:46",1.76203055831546,0,10.5106059027106,0
"2018-05-06 16:09:46",2.00525041812228,0,11.7936303389226,0
"2018-05-06 16:10:46",1.95623398043656,0,9.83436897647925,0
"2018-05-06 16:11:46",2.24891529385868,0,12.5755464605195,0
"2018-05-06 16:12:46",1.68764956808649,0,20.1621375455281,0
"2018-05-06 16:13:46",3.47967945286263,0,23.3388882785283,0
"2018-05-06 16:14:46",1.89635344203998,0,13.2512954117792,0
"2018-05-06 16:15:46",1.32364124657973,0,13.0355251319228,0
"2018-05-06 16:16:46",2.25264233780061,0,13.1202155180036,0
"2018-05-06 16:17:46",1.16250485516842,0,12.9530878652785,0
"2018-05-06 16:18:46",7.45390581751004,0,35.1961656408382,0
"2018-05-06 16:19:46",1.70717296376408,0,12.8477536388774,0
"2018-05-06 16:20:46",1.94113321734491,0,13.9140690571975,0
"2018-05-06 16:21:46",4.24656150097784,0,17.3947506802758,0
"2018-05-06 16:22:46",2.77637659666603,0,17.7760626844363,0
"2018-05-06 16:23:46",2.55540810453452,0,13.8446192285807,0
"2018-05-06 16:24:46",3.40053497797356,0,24.1650718360476,0
"2018-05-06 16:25:46",3.30150310035224,0,12.0155469148242,0
"2018-05-06 16:26:46",1.36515706825741,0,10.8349105214753,0
"2018-05-06 16:27:46",1.38633861108956,0,14.342194589015,0
"2018-05-06 16:28:46",3.45778398628463,0,10.3565548303588,0
"2018-05-06 16:29:46",4.12615973534725,0,24.3554057962262,0
"2018-05-06 16:30:46",3.6181377836273,0,11.2839392968548,0
"2018-05-06 16:31:46",5.69363209051434,0,15.6456988783427,0
"2018-05-06 16:32:46",2.92172943420071,0,10.5459492053645,0
"2018-05-06 16:33:47",3.97347207287315,0,12.5253071967409,0
"2018-05-06 16:34:47",3.48465973871476,0,13.2480199261746,0
"2018-05-06 16:35:47",5.63221520015045,0,18.8537198799224,0
"2018-05-06 16:36:47",2.80043510333513,0,10.2005199948723,0
"2018-05-06 16:37:47",3.33010087533932,0,14.1262481627686,0
"2018-05-06 16:38:47",2.45437031604187,0,11.8317637673959,0
"2018-05-06 16:39:47",3.64266451420143,0,10.4034164898846,0
"2018-05-06 16:40:47",2.67249699266678,0,21.3324419288091,0
"2018-05-06 16:41:47",11.2135229072862,0,18.328490323643,0
"2018-05-06 16:42:47",6.84437929508064,0,10.1999300471365,0
"2018-05-06 16:43:47",1.44251966446013,0,10.0975958459441,0
"2018-05-06 16:44:47",5.99806593473598,0,13.4524938293327,0
"2018-05-06 16:45:47",3.14345807429469,0,13.1210433980514,0
"2018-05-06 16:46:47",4.35251788662277,0,15.9956645109718,0
"2018-05-06 16:47:47",2.61277998405498,0,12.0785777554867,0
"2018-05-06 16:48:47",4.47268745802459,0,14.4206397296805,0
"2018-05-06 16:49:47",2.86603287477947,0,15.3297485576244,0
"2018-05-06 16:50:47",2.55893219124213,0,10.9443445107216,0
"2018-05-06 16:51:47",3.97014985469531,0,21.7964325388253,0
"2018-05-06 16:52:47",10.2560175856429,0,26.1581708256281,0
"2018-05-06 16:53:48",5.28383686234505,0,12.7457924756042,0
"2018-05-06 16:54:48",6.67065011267736,0,10.3522546975404,0
"2018-05-06 16:55:48",3.82765308012693,0,9.6501909479977,0
"2018-05-06 16:56:48",2.72742732513398,0,9.07665551733549,0
"2018-05-06 16:57:48",12.9318865726895,0,17.2779637145437,0
"2018-05-06 16:58:48",2.88744470984699,0,10.6280947688586,0
"2018-05-06 16:59:48",11.7019464765336,0,14.9490913505309,0
"2018-05-06 17:00:48",3.28564284431972,0,10.8606719729239,0
"2018-05-06 17:01:48",3.37516871222392,0,11.5951472483825,0
"2018-05-06 17:02:48",2.15889593064817,0,9.08452840228877,0
"2018-05-06 17:03:48",4.89916891092428,0,24.4204750727317,0
"2018-05-06 17:04:48",1.03947579664811,0,11.7029538453772,0
"2018-05-06 17:05:48",2.06097419940914,0,12.030257888797,0
"2018-05-06 17:06:48",1.68705910277756,0,12.5110504234046,0
"2018-05-06 17:07:48",2.03365814948058,0,13.8038970977597,0
"2018-05-06 17:08:48",3.02515641691789,0,23.2032158719977,0
"2018-05-06 17:09:48",1.69589872209773,0,13.9252161868363,0
"2018-05-06 17:10:48",6.84618596076531,0,17.8820623745888,0
"2018-05-06 17:11:48",2.68113029923452,0,12.2437941298533,0
"2018-05-06 17:12:48",2.87535328745258,0,14.4745696242637,0
"2018-05-06 17:13:48",1.37475792235881,0,13.6523904061756,0
"2018-05-06 17:14:48",5.67607051405262,0,73.027425115028,0
"2018-05-06 17:15:48",1.31104353316664,0,13.42031894861,0
"2018-05-06 17:16:48",2.37039177567242,0,14.8275713786018,0
"2018-05-06 17:17:48",1.63006777820225,0,14.0766852212358,0
"2018-05-06 17:18:49",1.84436967366121,0,14.6551218774162,0
"2018-05-06 17:19:49",2.73352307773307,0,29.5624394332864,0
"2018-05-06 17:20:49",2.79036941981409,0,33.1698183823607,0
"2018-05-06 17:21:49",7.09285404940602,0,122.204889068014,0
"2018-05-06 17:22:49",7.16026725895517,0,18.6057380406317,0
"2018-05-06 17:23:49",8.04829144964387,0,19.1946816820445,0
"2018-05-06 17:24:49",5.58478352043972,0,16.2019116619483,0
"2018-05-06 17:25:49",6.60225630776015,0,13.5497553883035,0
"2018-05-06 17:26:49",2.05419379811476,0,16.714053519022,0
"2018-05-06 17:27:49",7.11347094644703,0,56.4955485933328,0
"2018-05-06 17:28:49",2.28337553998309,0,12.4595555894836,0
"2018-05-06 17:29:49",3.413500306118,0,12.5472439930686,0
"2018-05-06 17:30:49",3.33371539044951,0,16.6738589539701,0
"2018-05-06 17:31:49",4.31090515799317,0,15.6956377790719,0
"2018-05-06 17:32:49",3.08440086959422,0,30.1656781797772,0
"2018-05-06 17:33:49",3.91232307037594,0,18.2891827535374,0
"2018-05-06 17:34:49",5.52591424746399,0,20.4999659252059,0
"2018-05-06 17:35:49",2.99188819209422,0,20.4024349146828,0
"2018-05-06 17:36:49",7.21465127820448,0,12.8983908760983,0
"2018-05-06 17:37:49",6.06708652063298,0,14.1635165183943,0
"2018-05-06 17:38:49",7.65391160381343,0,21.5184793147063,0
"2018-05-06 17:39:49",4.52848076339663,0,18.8604786720692,0
"2018-05-06 17:40:50",5.11497459633896,0,16.6906550589182,0
"2018-05-06 17:41:50",2.22418477306189,0,14.4636109938546,0
"2018-05-06 17:42:50",4.29591257843409,0,31.8029597574326,0
"2018-05-06 17:43:50",7.57452065887101,0,28.5223876079135,0
"2018-05-06 17:44:50",4.12937434535526,0,23.7023918761276,0
"2018-05-06 17:45:50",2.17638960459435,0,17.068865773508,0
"2018-05-06 17:46:50",1.75563366970965,0,12.4066748804148,0
"2018-05-06 17:47:50",3.37244549798267,0,12.5098505970936,0
"2018-05-06 17:48:50",2.51386356978494,0,11.7112578313298,0
"2018-05-06 17:49:50",6.7210878508266,0,20.9489634059875,0
"2018-05-06 17:50:50",8.47462668874592,0,18.7411031458672,0
"2018-05-06 17:51:50",3.58749317544488,0,12.9927957647128,0
"2018-05-06 17:52:50",1.96246500846288,0,11.3596693429254,0
"2018-05-06 17:53:50",2.79527571508033,0,12.1685977566388,0
"2018-05-06 17:54:50",2.34904441113351,0,19.6117121104657,0
"2018-05-06 17:55:50",4.80317939955897,0,21.2815598722492,0
"2018-05-06 17:56:50",2.51018895988265,0,11.426038341728,0
"2018-05-06 17:57:50",2.19575007799349,0,12.4250694169231,0
"2018-05-06 17:58:50",2.23156813212549,0,11.1962753654125,0
"2018-05-06 17:59:50",2.30539829347026,0,11.0458445997877,0
"2018-05-06 18:00:50",8.90503478131677,0,21.0023771451578,0
"2018-05-06 18:01:50",1.99200955172593,0,12.97329183785,0
"2018-05-06 18:02:51",4.65360844165367,0,12.8956678092363,0
"2018-05-06 18:03:51",2.84158401728005,0,12.1541632220783,0
"2018-05-06 18:04:51",3.92381158912775,0,12.218540082653,0
"2018-05-06 18:05:51",6.93405550668031,0,25.3071008947916,0
"2018-05-06 18:06:51",5.27509284387741,0,21.9510882494538,0
"2018-05-06 18:07:51",2.03934830198522,0,9.74761446383961,0
"2018-05-06 18:08:51",2.2529626975192,0,11.7836452154366,0
"2018-05-06 18:09:51",2.18208564690312,0,12.2268772733109,0
"2018-05-06 18:10:51",2.3384921752555,0,11.6418325540954,0
"2018-05-06 18:11:51",4.4572259780658,0,27.0040913543074,0
"2018-05-06 18:12:51",3.68880680936584,0,13.1736549692952,0
"2018-05-06 18:13:51",4.12833961673055,0,13.413851198613,0
"2018-05-06 18:14:51",2.08130486259606,0,15.3438840234762,0
"2018-05-06 18:15:51",3.70293051503477,0,16.5817750468799,0
"2018-05-06 18:16:51",3.16764195525929,0,14.3500470525497,0
"2018-05-06 18:17:51",5.93728875296641,0,21.5323415587364,0
"2018-05-06 18:18:51",2.63858441050881,0,14.7785809453205,0
"2018-05-06 18:19:51",2.72857793859387,0,13.6453104915181,0
"2018-05-06 18:20:51",1.76586403937904,0,14.3294334331285,0
"2018-05-06 18:21:51",19.8689231335972,0,127.030451333152,0
"2018-05-06 18:22:51",5.025720264852,0,30.0555661222055,0
"2018-05-06 18:23:51",4.8705606047016,0,17.7616705458375,0
"2018-05-06 18:24:51",1.34908895751337,0,15.9021002199507,0
"2018-05-06 18:25:51",2.38232932171339,0,14.0780993605389,0
"2018-05-06 18:26:51",3.17014434594803,0,12.5388711327657,0
"2018-05-06 18:27:51",1.89968092906713,0,13.3196829313178,0
"2018-05-06 18:28:51",7.5664490132214,0,17.9883830795206,0
"2018-05-06 18:29:51",3.15733518134173,0,14.481589182143,0
"2018-05-06 18:30:51",3.66324897641371,0,12.2315156690181,0
"2018-05-06 18:31:52",2.53103806305018,0,9.11871277073928,0
"2018-05-06 18:32:52",5.11404434281968,0,10.6913317515145,0
"2018-05-06 18:33:52",4.32662492835901,0,19.5560186309727,0
"2018-05-06 18:34:52",5.57385956446682,0,21.1360392503771,0
"2018-05-06 18:35:52",5.0754397456344,0,11.5150777385111,0
"2018-05-06 18:36:52",6.88071328422922,0,10.7634006497673,0
"2018-05-06 18:37:52",6.331413684461,0,9.17125189180511,0
"2018-05-06 18:38:52",4.79402774358005,0,9.99230935546512,0
"2018-05-06 18:39:52",6.68019322152289,0,12.5010609623497,0
"2018-05-06 18:40:52",5.36372360013041,0,15.7662778899991,0
"2018-05-06 18:41:52",11.9200758183548,0,11.3019874348238,0
"2018-05-06 18:42:52",6.03512061266341,0,15.7442812775567,0
"2018-05-06 18:43:52",6.93542790221757,0,10.6741735136532,0
"2018-05-06 18:44:52",4.62949087691199,0,23.6253673754084,0
"2018-05-06 18:45:52",4.57596137484703,0,27.4072654948555,0
"2018-05-06 18:46:52",2.26683620705023,0,16.6627897323846,0
"2018-05-06 18:47:52",3.48253005026527,0,14.4607727744719,0
"2018-05-06 18:48:52",6.06159621057211,0,17.4582861596448,0
"2018-05-06 18:49:53",4.51260915871788,0,10.2994509785811,0
"2018-05-06 18:50:53",4.91091964060619,0,19.336682714496,0
"2018-05-06 18:51:53",3.71659146174679,0,13.6907010476591,0
"2018-05-06 18:52:53",2.76889990784042,0,11.2630936195705,0
"2018-05-06 18:53:53",2.20704236504928,0,10.4492726313758,0
"2018-05-06 18:54:53",4.13001530988276,0,12.69215009056,0
"2018-05-06 18:55:53",2.46125559419941,0,16.9083397056303,0
"2018-05-06 18:56:53",8.38393988005307,0,22.8208272841955,0
"2018-05-06 18:57:53",2.51041481443403,0,13.1833874339706,0
"2018-05-06 18:58:53",3.10498125367063,0,10.2513854477301,0
"2018-05-06 18:59:53",3.42453687179915,0,10.2029776177568,0
"2018-05-06 19:00:53",3.89232777851149,0,9.0334501346256,0
"2018-05-06 19:01:53",4.37255936931865,0,22.3888774193373,0
"2018-05-06 19:02:53",4.84337279663396,0,8.71739944132246,0
"2018-05-06 19:03:53",1.31128243140992,0,9.65855455135053,0
"2018-05-06 19:04:53",2.36462578729935,0,13.215986765427,0
"2018-05-06 19:05:53",1.3983008778791,0,9.77002853924176,0
"2018-05-06 19:06:53",1.83880800972806,0,9.47954942223622,0
"2018-05-06 19:07:53",5.19968623117333,0,20.2183171792419,0
"2018-05-06 19:08:53",3.6735882783124,0,13.7906063222233,0
"2018-05-06 19:09:53",3.03712287430497,0,11.6993455240915,0
"2018-05-06 19:10:53",2.25795323151264,0,9.92287929346327,0
"2018-05-06 19:11:53",3.96052779590476,0,8.51055316071247,0
"2018-05-06 19:12:53",3.00336331635845,0,22.8009366364309,0
"2018-05-06 19:13:54",9.78329809404046,0,18.9275928166947,0
"2018-05-06 19:14:54",2.45678198118168,0,11.754708616244,0
"2018-05-06 19:15:54",2.26212515542288,0,11.1252464028482,0
"2018-05-06 19:16:54",1.8544333561132,0,12.1961047654815,0
"2018-05-06 19:17:54",1.07037918944874,0,11.355930469676,0
"2018-05-06 19:18:54",4.4266710513699,0,13.4301645332029,0
"2018-05-06 19:19:54",1.40467511654802,0,11.0326849653152,0
"2018-05-06 19:20:54",5.26722174443043,0,12.5549996342745,0
"2018-05-06 19:21:54",4.80911416969129,0,33.2507766521032,0
"2018-05-06 19:22:54",8.47333078958577,0,29.5417694557541,0
"2018-05-06 19:23:54",5.99172940791916,0,15.2294497808955,0
"2018-05-06 19:24:54",6.55442786123902,0,13.2522170998727,0
"2018-05-06 19:25:54",3.65743828823728,0,14.6891982269848,0
"2018-05-06 19:26:54",8.58264443015896,0,10.5233835580317,0
"2018-05-06 19:27:54",4.61699897155956,0,21.198692584769,0
"2018-05-06 19:28:54",6.72639072665962,0,10.156319754328,0
"2018-05-06 19:29:54",2.85097680733808,0,13.0687980238913,0
"2018-05-06 19:30:54",3.98217617363336,0,11.8752430809639,0
"2018-05-06 19:31:54",2.97315858029864,0,10.9377593319837,0
"2018-05-06 19:32:54",4.13168686875898,0,11.4430735711704,0
"2018-05-06 19:33:54",9.16052893857366,0,35.5626924816118,0
"2018-05-06 19:34:54",5.64727704862655,0,14.2705439213004,0
"2018-05-06 19:35:55",5.72154873183469,0,209.440602404326,1
"2018-05-06 19:36:55",12.255914967941,0,13.0566687689338,0
"2018-05-06 19:37:55",11.4502634912491,0,9.13738454224055,0
"2018-05-06 19:38:55",9.31378351575921,0,24.4763085192932,0
"2018-05-06 19:39:55",6.24977382275087,0,18.393052950764,0
"2018-05-06 19:40:55",5.74087769452999,0,7.05674850519647,0
"2018-05-06 19:41:55",3.44881111112505,0,12.6800694224666,0
"2018-05-06 19:42:55",4.11202397467459,0,16.133174658481,0
"2018-05-06 19:43:55",2.65474737401843,0,12.6090694637195,0
"2018-05-06 19:44:55",6.24488560781038,0,38.6456183390585,0
"2018-05-06 19:45:55",1.57978168427798,0,11.5743452230528,0
"2018-05-06 19:46:55",4.32845379900404,0,11.7873777495019,0
"2018-05-06 19:47:55",2.68342388044245,0,11.8498973879671,0
"2018-05-06 19:48:55",5.0048009505275,0,11.9085517890049,0
"2018-05-06 19:49:55",3.59955687274678,0,18.5163175806893,0
"2018-05-06 19:50:55",5.77981557106636,0,19.9354936678012,0
"2018-05-06 19:51:55",3.38766596209822,0,15.7419641473228,0
"2018-05-06 19:52:55",2.26010714196145,0,7.65345627200645,0
"2018-05-06 19:53:55",3.13630793645482,0,11.3427740876241,0
"2018-05-06 19:54:55",3.7357400981623,0,8.73517759804311,0
"2018-05-06 19:55:55",6.03026767961797,0,21.7331833222433,0
"2018-05-06 19:56:56",8.38812097860477,0,11.2879351640206,0
"2018-05-06 19:57:56",4.3012478226892,0,16.240690679222,0
"2018-05-06 19:58:56",2.41333905465849,0,8.03018489913882,0
"2018-05-06 19:59:56",6.59912951881861,0,9.39884180778009,0
"2018-05-06 20:00:56",2.61998857565718,0,11.0797046513893,0
"2018-05-06 20:01:56",3.58230254698895,0,141.426918942941,0
"2018-05-06 20:02:56",3.69354536591038,0,11.3189998900412,0
"2018-05-06 20:03:56",3.64791541652706,0,9.05981161160632,0
"2018-05-06 20:04:56",3.87414218043306,0,8.51079216998641,0
"2018-05-06 20:05:56",3.84404786504413,0,9.35771873709789,0
"2018-05-06 20:06:56",4.04695086476455,0,20.6146363416818,0
"2018-05-06 20:07:56",4.12539560524385,0,13.0443643641348,0
"2018-05-06 20:08:56",3.05681082216166,0,8.15500797484344,0
"2018-05-06 20:09:56",2.10174172264363,0,9.8053775292093,0
"2018-05-06 20:10:56",3.40056505804103,0,12.0240393762343,0
"2018-05-06 20:11:56",2.21234935635559,0,15.1060713637512,0
"2018-05-06 20:12:56",5.95626749418603,0,15.3090965301228,0
"2018-05-06 20:13:56",3.30382538751064,0,13.4183135623184,0
"2018-05-06 20:14:56",4.46284539030013,0,40.7816749655513,0
"2018-05-06 20:15:56",4.24052838151993,0,8.75638034250873,0
"2018-05-06 20:16:56",5.76959939829173,0,8.63023855933547,0
"2018-05-06 20:17:56",5.28102208728298,0,18.222723545195,0
"2018-05-06 20:18:56",4.73175869457314,0,30.5514613973303,0
"2018-05-06 20:19:56",3.94143455775178,0,8.66112669542473,0
"2018-05-06 20:20:57",3.02207381084557,0,9.21455940201956,0
"2018-05-06 20:21:57",3.32758296667862,0,9.50351198987543,0
"2018-05-06 20:22:57",24.2246070757512,0,113.148430093728,0
"2018-05-06 20:23:57",15.112338049866,0,26.9846335624221,0
"2018-05-06 20:24:57",7.38421271702083,0,11.4999045778237,0
"2018-05-06 20:25:57",6.24201166394177,0,14.8179833593663,0
"2018-05-06 20:26:57",4.27822250577959,0,13.6250703092563,0
"2018-05-06 20:27:57",6.8658959830433,0,17.1058161606239,0
"2018-05-06 20:28:57",5.52602209756839,0,20.3368170786757,0
"2018-05-06 20:29:57",7.29999619708861,0,18.8095297134566,0
"2018-05-06 20:30:57",6.31363059331187,0,8.73884638958071,0
"2018-05-06 20:31:57",3.55543901331363,0,10.2258245354839,0
"2018-05-06 20:32:57",2.59557472155833,0,13.7145213129162,0
"2018-05-06 20:33:57",3.74942331795439,0,14.7352909969424,0
"2018-05-06 20:34:57",7.87989643243085,0,24.8869262398834,0
"2018-05-06 20:35:57",3.59610832890703,0,15.4117030949727,0
"2018-05-06 20:36:57",2.04552421696106,0,13.0982977785434,0
"2018-05-06 20:37:57",2.76644250319172,0,14.5004202130665,0
"2018-05-06 20:38:57",8.99434683454188,0,14.8323894634022,0
"2018-05-06 20:39:57",5.20789520007729,0,28.1572034597538,0
"2018-05-06 20:40:57",6.56785223452413,0,23.1981622878374,0
"2018-05-06 20:41:57",3.2383829950335,0,16.6387385068865,0
"2018-05-06 20:42:57",5.49154693377275,0,12.3177944287608,0
"2018-05-06 20:43:58",3.08198233282555,0,11.5975662137479,0
"2018-05-06 20:44:58",3.50801937337346,0,12.0994131246843,0
"2018-05-06 20:45:58",3.20712220298749,0,25.6180511261122,0
"2018-05-06 20:46:58",3.28255791491913,0,17.7924086530488,0
"2018-05-06 20:47:58",1.04583961286256,0,14.7674874717427,0
"2018-05-06 20:48:58",1.24020645182609,0,14.362207760112,0
"2018-05-06 20:49:58",1.32743967559426,0,15.9826057914877,0
"2018-05-06 20:50:58",1.49736965279504,0,13.9632995933814,0
"2018-05-06 20:51:58",6.53970034102561,0,24.8990536433255,0
"2018-05-06 20:52:58",1.72028953871123,0,12.3393527036983,0
"2018-05-06 20:53:58",3.54547516822251,0,15.0351506472261,0
"2018-05-06 20:54:58",1.98530078226364,0,11.1253572868337,0
"2018-05-06 20:55:58",3.31633969275799,0,12.646126699221,0
"2018-05-06 20:56:58",3.56207579031236,0,25.0953637449565,0
"2018-05-06 20:57:58",3.80995696007075,0,18.5759883140696,0
"2018-05-06 20:58:58",2.42151085844766,0,13.9091855026562,0
"2018-05-06 20:59:58",2.375856262402,0,10.7159369407112,0
"2018-05-06 21:00:58",2.78022633993699,0,9.58817829529262,0
"2018-05-06 21:01:58",2.02441205468867,0,12.8190770496604,0
"2018-05-06 21:02:58",3.68879373416342,0,19.4880005325861,0
"2018-05-06 21:03:58",1.48164792110307,0,11.65968893567,0
"2018-05-06 21:04:58",5.30625913187105,0,11.7854646973067,0
"2018-05-06 21:05:59",1.52185063245568,0,12.4375645577449,0
"2018-05-06 21:06:59",3.13928720916628,0,18.7356903783689,0
"2018-05-06 21:07:59",3.91862513083186,0,24.3355465832656,0
"2018-05-06 21:08:59",8.35080575691523,0,22.9686306276337,0
"2018-05-06 21:09:59",2.80794501326072,0,8.50746811004567,0
"2018-05-06 21:10:59",2.11072146024288,0,9.90683397082014,0
"2018-05-06 21:11:59",0.762006157683293,0,9.92490701836146,0
"2018-05-06 21:12:59",4.14540688518642,0,10.2840998099226,0
"2018-05-06 21:13:59",7.20126520762316,0,19.9497879107899,0
"2018-05-06 21:14:59",2.82489950853031,0,10.2366369331784,0
"2018-05-06 21:15:59",2.27392509728097,0,10.8122351555064,0
"2018-05-06 21:16:59",1.43359363167225,0,10.3198007867233,0
"2018-05-06 21:17:59",2.48357235923746,0,14.2503348899017,0
"2018-05-06 21:18:59",3.19009240888745,0,19.6390495640132,0
"2018-05-06 21:19:59",6.05477731888277,0,22.3343367181195,0
"2018-05-06 21:20:59",2.00787914225333,0,14.868755669564,0
"2018-05-06 21:21:59",3.8255339246512,0,11.2925307935333,0
"2018-05-06 21:22:59",13.8971455165434,0,40.6821771896418,0
"2018-05-06 21:23:59",21.5184020910008,0,21.0987420486352,0
"2018-05-06 21:24:59",5.40818608428113,0,21.901786964981,0
"2018-05-06 21:25:59",5.345654916057,0,18.4497778172548,0
"2018-05-06 21:27:00",4.60149501622086,0,28.3632186468806,0
"2018-05-06 21:28:00",5.52355499065139,0,13.7112280540018,0
"2018-05-06 21:29:00",5.11044514296445,0,12.9233475778623,0
"2018-05-06 21:30:00",4.13414918056592,0,24.7532166354526,0
"2018-05-06 21:31:00",3.00336627774892,0,13.5268660162655,0
"2018-05-06 21:32:00",5.67500152693714,0,14.1258667680711,0
"2018-05-06 21:33:00",8.58797226023227,0,20.2100049177329,0
"2018-05-06 21:34:00",10.7495030459421,0,14.8185736360905,0
"2018-05-06 21:35:00",5.64961925247048,0,11.559618108993,0
"2018-05-06 21:36:00",4.57795824491464,0,11.3416335555118,0
"2018-05-06 21:37:00",3.51509501447793,0,25.3287066575117,0
"2018-05-06 21:38:00",5.75101658681458,0,11.7626437556271,0
"2018-05-06 21:39:00",13.7684886772131,0,41.7710631348695,0
"2018-05-06 21:40:00",23.2603000260593,0,48.9932507151719,0
"2018-05-06 21:41:00",17.7562493791473,0,13.3057716146974,0
"2018-05-06 21:42:00",9.69874331675683,0,10.1666527501818,0
"2018-05-06 21:43:00",11.0000244199935,0,23.3468607545172,0
"2018-05-06 21:44:00",5.58944571590619,0,24.7827197690032,0
"2018-05-06 21:45:00",4.65606477743921,0,18.9629541426247,0
"2018-05-06 21:46:00",7.31058032882418,0,13.1683740485474,0
"2018-05-06 21:47:00",14.8647495858118,0,17.602245101282,0
"2018-05-06 21:48:00",2.27627742499445,0,15.1933967880103,0
"2018-05-06 21:49:00",2.23390496921229,0,13.4723599958954,0
"2018-05-06 21:50:00",2.98116134325964,0,22.7491088235447,0
"2018-05-06 21:51:00",2.69839057934112,0,26.6330042349251,0
"2018-05-06 21:52:00",1.57540579699739,0,25.1896218168193,0
"2018-05-06 21:53:01",4.14519882294184,0,24.4574351539179,0
"2018-05-06 21:54:01",8.44276228534312,0,23.8628083566985,0
"2018-05-06 21:55:01",1.33720122040645,0,27.060907155397,0
"2018-05-06 21:56:01",1.82204746619969,0,16.2514445451682,0
"2018-05-06 21:57:01",2.5123517125364,0,22.0907762687376,0
"2018-05-06 21:58:01",1.44560684724422,0,12.2550955752645,0
"2018-05-06 21:59:01",5.01884245095789,0,11.3787408589325,0
"2018-05-06 22:00:01",5.01089552064756,0,53.2240770238642,0
"2018-05-06 22:01:01",4.82471699504001,0,10.4724915718528,0
"2018-05-06 22:02:01",7.9049302499392,0,24.9684103188121,0
"2018-05-06 22:03:01",4.37273212474695,0,26.2027126231828,0
"2018-05-06 22:04:01",22.4107117584985,0,13.8903222600653,0
"2018-05-06 22:05:01",4.91971450015204,0,11.1759743440474,0
"2018-05-06 22:06:01",6.63421694862649,0,16.9656559846862,0
"2018-05-06 22:07:01",8.46403053910678,0,26.6688598941952,0
"2018-05-06 22:08:01",8.61315918853989,0,15.2484628428229,0
"2018-05-06 22:09:01",4.32760261004967,0,10.7255947598727,0
"2018-05-06 22:10:01",4.35198367611932,0,17.5716568681218,0
"2018-05-06 22:11:01",2.06242908737067,0,19.886553625881,0
"2018-05-06 22:12:01",2.86296166108952,0,13.9479365838433,0
"2018-05-06 22:13:01",4.72094055746237,0,21.814889499604,0
"2018-05-06 22:14:01",15.9669454425386,0,17.3962508681634,0
"2018-05-06 22:15:01",4.33731089605938,0,9.51724030302893,0
"2018-05-06 22:16:02",8.10984370228979,0,28.7614095888742,0
"2018-05-06 22:17:02",3.37130458401392,0,20.3123693836675,0
"2018-05-06 22:18:02",6.1529096913252,0,9.77964069926247,0
"2018-05-06 22:19:02",7.58093132486439,0,20.6217092551393,0
"2018-05-06 22:20:02",17.4920243064958,0,33.8060440071896,0
"2018-05-06 22:21:02",8.49387930414891,0,17.3504203207535,0
"2018-05-06 22:22:02",19.389678403792,0,51.2890763228622,0
"2018-05-06 22:23:02",17.0624209741599,0,46.5771043314982,0
"2018-05-06 22:24:02",16.1577760024399,0,32.8133761829427,0
"2018-05-06 22:25:02",7.34711679910026,0,19.358449437199,0
"2018-05-06 22:26:02",5.19486522833408,0,14.4713369644045,0
"2018-05-06 22:27:02",4.03080919472789,0,15.6860725547713,0
"2018-05-06 22:28:02",4.274419766003,0,11.5459148363146,0
"2018-05-06 22:29:02",3.7490084314008,0,11.491449379009,0
"2018-05-06 22:30:02",4.39150303917377,0,19.342061253769,0
"2018-05-06 22:31:02",3.64274343912128,0,58.8728410599667,0
"2018-05-06 22:32:02",3.41693167609029,0,9.7264724181383,0
"2018-05-06 22:33:02",6.72101946299426,0,10.8305049301275,0
"2018-05-06 22:34:02",1.94167976573694,0,14.4714040039701,0
"2018-05-06 22:35:02",2.62356106210162,0,33.3324113702074,0
"2018-05-06 22:36:02",2.33422096621233,0,14.7078088171896,0
"2018-05-06 22:37:02",2.97299312261006,0,14.136216614837,0
"2018-05-06 22:38:02",2.59938565045303,0,14.974666663703,0
"2018-05-06 22:39:02",2.51029627519223,0,14.96041320829,0
"2018-05-06 22:40:02",2.99369575601237,0,12.114889652158,0
"2018-05-06 22:41:02",4.59084873922069,0,23.241406806538,0
"2018-05-06 22:42:02",3.30997204542341,0,13.1636473906952,0
"2018-05-06 22:43:03",1.33753727056488,0,14.4085994018838,0
"2018-05-06 22:44:03",4.67251629860568,0,12.7082975711297,0
"2018-05-06 22:45:03",4.30559253690285,0,10.7299105083963,0
"2018-05-06 22:46:03",4.6461986801194,0,24.1573890580064,0
"2018-05-06 22:47:03",10.5565871076215,0,18.0082645445114,0
"2018-05-06 22:48:03",2.58429306062268,0,16.6596569642708,0
"2018-05-06 22:49:03",2.01114572945674,0,16.0235160091634,0
"2018-05-06 22:50:03",1.59223818774635,0,14.3015916799994,0
"2018-05-06 22:51:03",1.24798130173731,0,13.5321504068753,0
"2018-05-06 22:52:03",3.09396308707852,0,17.1749730464255,0
"2018-05-06 22:53:03",1.36895736418197,0,11.8822005936333,0
"2018-05-06 22:54:03",1.69908823771746,0,12.3226207445537,0
"2018-05-06 22:55:03",5.08764023525206,0,10.9051064562273,0
"2018-05-06 22:56:03",2.56696981423907,0,11.1058330269457,0
"2018-05-06 22:57:03",6.20565494275187,0,28.7636928818425,0
"2018-05-06 22:58:03",9.55670885577214,0,15.0853553256076,0
"2018-05-06 22:59:03",4.53319379174338,0,13.0853662147559,0
"2018-05-06 23:00:03",2.23119660853953,0,14.155860691973,0
"2018-05-06 23:01:03",2.97613758902442,0,16.4591703013515,0
"2018-05-06 23:02:03",3.58446789164277,0,10.244521543031,0
"2018-05-06 23:03:03",3.51573930126669,0,16.6884077338523,0
"2018-05-06 23:04:04",2.71337097963544,0,10.1491432619144,0
"2018-05-06 23:05:04",2.67549130477268,0,8.94503394418307,0
"2018-05-06 23:06:04",2.33287646153496,0,11.5980097829712,0
"2018-05-06 23:07:04",3.28906120472404,0,8.69337035798833,0
"2018-05-06 23:08:04",7.42041919146168,0,20.0639380853304,0
"2018-05-06 23:09:04",2.8717622184491,0,26.114157746045,0
"2018-05-06 23:10:04",18.0204695334156,0,14.4786103179674,0
"2018-05-06 23:11:04",3.47965383203436,0,9.08332344516397,0
"2018-05-06 23:12:04",5.62915330159806,0,8.744527806893,0
"2018-05-06 23:13:04",2.88968365486134,0,8.17633818291458,0
"2018-05-06 23:14:04",11.4356480499425,0,57.7571423962518,0
"2018-05-06 23:15:04",3.41620282175574,0,9.34914805726435,0
"2018-05-06 23:16:04",2.83741658879674,0,10.8040530937332,0
"2018-05-06 23:17:04",2.46630282484718,0,13.6644385318443,0
"2018-05-06 23:18:04",2.28483900086733,0,9.18048199122285,0
"2018-05-06 23:19:04",3.41937650813862,0,11.0607516807171,0
"2018-05-06 23:20:04",8.07871051416753,0,17.9091884484688,0
"2018-05-06 23:21:04",4.2794285390499,0,11.0768656455937,0
"2018-05-06 23:22:04",3.42789537052192,0,12.0148013326763,0
"2018-05-06 23:23:04",4.7544193887676,0,10.9139511818793,0
"2018-05-06 23:24:04",17.4528582185384,0,113.895835222719,0
"2018-05-06 23:25:04",5.90299163962577,0,25.424010237698,0
"2018-05-06 23:26:04",6.92635672918958,0,10.5945226796295,0
"2018-05-06 23:27:04",4.79533849309221,0,11.672980816055,0
"2018-05-06 23:28:04",4.48213316623549,0,12.4388924253581,0
"2018-05-06 23:29:04",3.94476145584125,0,10.8985367201974,0
"2018-05-06 23:30:05",2.43192680830191,0,10.7828779696279,0
"2018-05-06 23:31:05",5.78465038064879,0,18.5443623503369,0
"2018-05-06 23:32:05",3.39273787098232,0,9.3453468721321,0
"2018-05-06 23:33:05",2.2501823414033,0,11.4226882046768,0
"2018-05-06 23:34:05",4.58921796320155,0,13.2193945019878,0
"2018-05-06 23:35:05",3.72049935049395,0,9.44045616066069,0
"2018-05-06 23:36:05",2.98906972929775,0,53.2962089619781,0
"2018-05-06 23:37:05",12.1363077193866,0,28.5384777447383,0
"2018-05-06 23:38:05",9.86302539831477,0,9.58511497510093,0
"2018-05-06 23:39:05",6.5158712998656,0,7.79133489403546,0
"2018-05-06 23:40:05",5.90544291859706,0,10.6683247868675,0
"2018-05-06 23:41:05",3.47429756137028,0,10.1680790719964,0
"2018-05-06 23:42:05",2.85325538144565,0,18.0996279946627,0
"2018-05-06 23:43:05",3.90732582021677,0,18.2037985988326,0
"2018-05-06 23:44:05",2.75466209983073,0,10.8252820156639,0
"2018-05-06 23:45:05",1.68964153025605,0,14.2067755785959,0
"2018-05-06 23:46:05",2.51228793883775,0,13.8288220222234,0
"2018-05-06 23:47:05",1.23617688736198,0,31.6324896222374,0
"2018-05-06 23:48:05",7.12441108293435,0,23.4472996893413,0
"2018-05-06 23:49:05",4.0828724479064,0,16.3494128342605,0
"2018-05-06 23:50:05",2.69559662904348,0,17.4439608706812,0
"2018-05-06 23:51:05",3.44004734836978,0,15.7186232319066,0
"2018-05-06 23:52:06",1.29545481002176,0,11.8866185596414,0
"2018-05-06 23:53:06",1.48906229742892,0,40.5425380905001,0
"2018-05-06 23:54:06",2.52469669679051,0,10.7659034281059,0
"2018-05-06 23:55:06",1.65774283608032,0,10.5724205988546,0
"2018-05-06 23:56:06",0.923131243818433,0,13.1176620904336,0
"2018-05-06 23:57:06",0.883273677763057,0,11.6583323855197,0
"2018-05-06 23:58:06",2.59676389832269,0,15.4308948217285,0
"2018-05-06 23:59:06",3.83905202717844,0,20.8167544815889,0
"2018-05-07 00:00:06",2.24969138423533,0,14.1988459594178,0
"2018-05-07 00:00:13",2.36514984561909,0,15.1809272974126,0
"2018-05-07 00:01:06",1.72079792453102,0,11.1688162568333,0
"2018-05-07 00:02:06",3.06956392445441,0,14.6482737145942,0
"2018-05-07 00:03:06",1.30300616025401,0,11.4727429460228,0
"2018-05-07 00:04:06",4.0707310816403,0,22.9611502242406,0
"2018-05-07 00:05:06",2.11974299904278,0,11.8732616319389,0
"2018-05-07 00:06:06",2.13439035139194,0,18.3366969817493,0
"2018-05-07 00:07:06",0.776776198724202,0,11.7716597368639,0
"2018-05-07 00:08:06",1.65710021285492,0,13.5138990469842,0
"2018-05-07 00:09:06",1.95474627461138,0,11.8128746822254,0
"2018-05-07 00:10:06",2.73353354957747,0,21.3331302662105,0
"2018-05-07 00:11:06",1.20694604086127,0,14.302283159475,0
"2018-05-07 00:12:06",1.29150845726895,0,12.7260903891754,0
"2018-05-07 00:13:06",2.62755570692267,0,13.2233319948693,0
"2018-05-07 00:14:06",1.44505652678204,0,12.8435568416902,0
"2018-05-07 00:15:06",2.27148489029592,0,28.6440017501342,0
"2018-05-07 00:16:06",3.93739776329316,0,20.8885992288466,0
"2018-05-07 00:17:06",2.96202415427971,0,16.1912381345065,0
"2018-05-07 00:18:06",3.36927458182693,0,13.0121142187572,0
"2018-05-07 00:19:07",2.49834583714777,0,13.9135801712495,0
"2018-05-07 00:20:07",1.49161468273688,0,13.9125414427179,0
"2018-05-07 00:21:07",4.06557557520714,0,20.5612787742183,0
"2018-05-07 00:22:07",1.43217672381635,0,13.813295611867,0
"2018-05-07 00:23:07",2.16444717460982,0,12.2366702617821,0
"2018-05-07 00:24:07",3.47333466391784,0,35.8946594176802,0
"2018-05-07 00:25:07",6.91815997798784,0,30.0119340912864,0
"2018-05-07 00:26:07",5.09534911287542,0,15.4254165361639,0
"2018-05-07 00:27:07",4.42030134358833,0,12.7732943914013,0
"2018-05-07 00:28:07",5.26229845026205,0,16.3647244590273,0
"2018-05-07 00:29:07",3.92798013339741,0,11.4722111551843,0
"2018-05-07 00:30:07",4.06844546442957,0,24.1078958820517,0
"2018-05-07 00:31:07",2.57573154683604,0,12.2545980133728,0
"2018-05-07 00:32:07",4.38437434945179,0,12.9415491947911,0
"2018-05-07 00:33:07",3.38285851750716,0,10.5121714209294,0
"2018-05-07 00:34:07",2.66247359637894,0,12.3467518367615,0
"2018-05-07 00:35:07",1.74893794190214,0,14.4678864804432,0
"2018-05-07 00:36:07",4.7763540205196,0,17.5760222156123,0
"2018-05-07 00:37:07",3.42065265981874,0,15.1014334307148,0
"2018-05-07 00:38:07",3.21803217186745,0,16.1465475912647,0
"2018-05-07 00:39:07",8.38451084676875,0,13.4848592866279,0
"2018-05-07 00:40:07",3.47045299399429,0,15.1930313069504,0
"2018-05-07 00:41:07",7.00790430886864,0,25.0184530584754,0
"2018-05-07 00:42:07",7.02862684750166,0,18.0481936573917,0
"2018-05-07 00:43:07",5.01378336419805,0,16.0866911446474,0
"2018-05-07 00:44:07",1.42331683091392,0,13.7040681306549,0
"2018-05-07 00:45:07",5.38841252994828,0,13.3159638829579,0
"2018-05-07 00:46:07",2.14655760617833,0,15.6125428982718,0
"2018-05-07 00:47:08",5.21750099667484,0,14.752774108903,0
"2018-05-07 00:48:08",2.27424084455822,0,14.716706875684,0
"2018-05-07 00:49:08",2.24770018513739,0,13.3159821419213,0
"2018-05-07 00:50:08",1.91434151817105,0,15.4849544621533,0
"2018-05-07 00:51:08",1.65160696683494,0,11.1236928539503,0
"2018-05-07 00:52:08",2.53619860085087,0,21.3931860673423,0
"2018-05-07 00:53:08",3.05197254637458,0,25.1490444213104,0
"2018-05-07 00:54:08",7.22539418898799,0,17.5513965320363,0
"2018-05-07 00:55:08",4.41834172019748,0,8.34253099438325,0
"2018-05-07 00:56:08",5.39971772529569,0,11.3889166223838,0
"2018-05-07 00:57:08",2.6648758847273,0,8.70188195993104,0
"2018-05-07 00:58:08",3.4830022371935,0,24.8489574727189,0
"2018-05-07 00:59:08",4.30353050223163,0,13.0312864571533,0
"2018-05-07 01:00:08",11.1925579768921,0,12.3815515306441,0
"2018-05-07 01:01:08",3.68920587172167,0,7.57050227396401,0
"2018-05-07 01:02:08",3.84797360762227,0,9.35619156374206,0
"2018-05-07 01:03:08",2.83303228698385,0,8.31965248794991,0
"2018-05-07 01:04:08",3.84846041422243,0,16.6477084101018,0
"2018-05-07 01:05:08",2.52786285001644,0,9.9090988251467,0
"2018-05-07 01:06:08",2.15518147503814,0,10.4533142739895,0
"2018-05-07 01:07:08",6.23730703911304,0,13.725093548456,0
"2018-05-07 01:08:08",4.63692557752956,0,19.7891899123642,0
"2018-05-07 01:09:08",2.8818708543804,0,26.8203368848254,0
"2018-05-07 01:10:08",3.87400259723368,0,8.03845892196552,0
"2018-05-07 01:11:08",4.51977034020041,0,11.6919044239021,0
"2018-05-07 01:12:08",3.22254290872328,0,10.4036852342652,0
"2018-05-07 01:13:08",3.16409167829473,0,10.0952308947087,0
"2018-05-07 01:14:09",2.9494811818831,0,11.1674424358712,0
"2018-05-07 01:15:09",14.1528547384047,0,20.9934282101714,0
"2018-05-07 01:16:09",3.08875586786335,0,11.8541954859224,0
"2018-05-07 01:17:09",2.58110489663821,0,13.3566901778165,0
"2018-05-07 01:18:09",4.37492624059495,0,14.5672702979012,0
"2018-05-07 01:19:09",3.04784625302456,0,14.8874822895761,0
"2018-05-07 01:20:09",3.72308566223079,0,30.1408879011006,0
"2018-05-07 01:21:09",9.43924234452598,0,21.5989015313694,0
"2018-05-07 01:22:09",5.78795418680326,0,17.9509791464417,0
"2018-05-07 01:23:09",4.07083257832484,0,11.8232159394338,0
"2018-05-07 01:24:09",5.64188231651778,0,12.9345427099343,0
"2018-05-07 01:25:09",14.9183436530755,0,98.3995536169511,0
"2018-05-07 01:26:09",8.60945400717411,0,18.3263513210612,0
"2018-05-07 01:27:09",4.49319285150834,0,13.5891235017155,0
"2018-05-07 01:28:09",4.43317546572052,0,12.5898947773555,0
"2018-05-07 01:29:09",4.09575452095903,0,14.030367892667,0
"2018-05-07 01:30:09",2.6749986451847,0,13.9973620920455,0
"2018-05-07 01:31:09",4.60428353902413,0,24.4643251593409,0
"2018-05-07 01:32:09",7.29076064678524,0,37.1227633551084,0
"2018-05-07 01:33:09",7.63087726917137,0,17.0976362616754,0
"2018-05-07 01:34:09",4.60290708454939,0,10.266199892891,0
"2018-05-07 01:35:09",5.36881211454004,0,13.0839109445733,0
"2018-05-07 01:36:09",3.2320973078119,0,13.0101118027974,0
"2018-05-07 01:37:09",6.21137013349599,0,18.2732011952015,0
"2018-05-07 01:38:09",3.07354587799791,0,17.1633071864839,0
"2018-05-07 01:39:09",5.00191602032344,0,15.6201875095686,0
"2018-05-07 01:40:09",4.81225244882762,0,14.6333715307863,0
"2018-05-07 01:41:09",10.5378956545857,0,14.3711744065979,0
"2018-05-07 01:42:09",5.83441992394622,0,19.1067736850149,0
"2018-05-07 01:43:10",8.78601222183995,0,24.2662398334405,0
"2018-05-07 01:44:10",5.4999868705266,0,17.1925246525861,0
"2018-05-07 01:45:10",2.35474283279902,0,16.6441107795665,0
"2018-05-07 01:46:10",6.21450234824292,0,21.2771230224446,0
"2018-05-07 01:47:10",3.94270547694137,0,34.0365226737733,0
"2018-05-07 01:48:10",3.61484601957747,0,28.3617580659515,0
"2018-05-07 01:49:10",2.64659947808372,0,11.6923160137806,0
"2018-05-07 01:50:10",3.52309679637698,0,14.5300403840394,0
"2018-05-07 01:51:10",2.6526013454115,0,10.1240706229007,0
"2018-05-07 01:52:10",3.18761223868951,0,15.8014240839516,0
"2018-05-07 01:53:10",2.1486502603906,0,12.3847425968127,0
"2018-05-07 01:54:10",4.02694169435853,0,24.5297081549119,0
"2018-05-07 01:55:10",7.21972846877747,0,12.3181070600677,0
"2018-05-07 01:56:10",4.43530811794303,0,11.4106067007821,0
"2018-05-07 01:57:10",4.31164750919556,0,13.349876307872,0
"2018-05-07 01:58:10",4.15784978768777,0,10.9038638657642,0
"2018-05-07 01:59:10",4.82553336791438,0,28.0040770524512,0
"2018-05-07 02:00:10",3.94088698368081,0,14.675640998315,0
"2018-05-07 02:01:10",5.57179091242015,0,13.6198538868036,0
"2018-05-07 02:02:10",3.86665125276271,0,9.68447938960302,0
"2018-05-07 02:03:10",3.81699374031254,0,12.0664481112836,0
"2018-05-07 02:04:10",3.42021355659473,0,10.0408541961582,0
"2018-05-07 02:05:10",9.04716189583044,0,18.1813356244861,0
"2018-05-07 02:06:10",3.79442949036692,0,14.040966580287,0
"2018-05-07 02:07:10",3.29646102333678,0,12.74079521552,0
"2018-05-07 02:08:10",4.56140057887819,0,14.3735897961571,0
"2018-05-07 02:09:10",2.99905384430902,0,11.4153345947139,0
"2018-05-07 02:10:10",5.144755120552,0,24.2310713226208,0
"2018-05-07 02:11:10",7.27251990815423,0,22.7534623297034,0
"2018-05-07 02:12:10",6.03584955921212,0,16.7220830108989,0
"2018-05-07 02:13:11",6.81407114233394,0,17.9230251729665,0
"2018-05-07 02:14:11",4.28423508468643,0,14.3664161551176,0
"2018-05-07 02:15:11",5.93152224879528,0,12.6898177301716,0
"2018-05-07 02:16:11",4.52623539358443,0,13.7827097183172,0
"2018-05-07 02:17:11",3.52425280899128,0,12.1866358155127,0
"2018-05-07 02:18:11",4.98783039281221,0,29.8739630418679,0
"2018-05-07 02:19:11",3.37839244852108,0,11.2592537012906,0
"2018-05-07 02:20:11",2.58019561217562,0,11.7387282624583,0
"2018-05-07 02:21:11",3.08221177364286,0,26.1361579838631,0
"2018-05-07 02:22:11",7.07004173991028,0,27.0952164576096,0
"2018-05-07 02:23:11",4.61298816415959,0,13.3190212206981,0
"2018-05-07 02:24:11",1.87517464154208,0,12.807483045843,0
"2018-05-07 02:25:11",27.8173258423326,0,139.843289885274,0
"2018-05-07 02:26:11",8.33510272064961,0,28.2778797351373,0
"2018-05-07 02:27:11",7.83741115201398,0,15.5222002110609,0
"2018-05-07 02:28:11",4.9793282263441,0,12.3907191360957,0
"2018-05-07 02:29:11",5.63440305089997,0,10.8297891156442,0
"2018-05-07 02:30:11",2.87861838179659,0,10.7209179157883,0
"2018-05-07 02:31:11",4.16813467750081,0,25.5999135730685,0
"2018-05-07 02:32:11",4.26171859830228,0,9.51258925643736,0
"2018-05-07 02:33:11",2.82319791713407,0,8.75112041796822,0
"2018-05-07 02:34:11",1.65555668865277,0,9.83526237959608,0
"2018-05-07 02:35:11",1.77357371974145,0,10.8148982250624,0
"2018-05-07 02:36:12",3.29958527973801,0,12.1435235388104,0
"2018-05-07 02:37:12",2.88830225464363,0,23.5854440217739,0
"2018-05-07 02:38:12",4.70062018142272,0,17.9964142732261,0
"2018-05-07 02:39:12",3.42051628509955,0,32.5853515566448,0
"2018-05-07 02:40:12",5.97946483312706,0,13.1387318539843,0
"2018-05-07 02:41:12",3.94884349148324,0,16.5657458184954,0
"2018-05-07 02:42:12",7.40479424753427,0,26.8851882739412,0
"2018-05-07 02:43:12",3.50194089815134,0,14.8029954822893,0
"2018-05-07 02:44:12",6.57512358529643,0,11.4153144680458,0
"2018-05-07 02:45:12",2.00995101226503,0,13.6087479012557,0
"2018-05-07 02:46:12",4.59043837683313,0,12.0782365893204,0
"2018-05-07 02:47:12",2.43082459126407,0,10.7856406496959,0
"2018-05-07 02:48:12",5.83716018291675,0,17.6617141713255,0
"2018-05-07 02:49:12",3.99953806670324,0,11.5290487566662,0
"2018-05-07 02:50:12",2.27255832531602,0,12.7702041435516,0
"2018-05-07 02:51:12",6.47917893684973,0,11.6008539320541,0
"2018-05-07 02:52:12",3.15749118651546,0,16.4254342276797,0
"2018-05-07 02:53:12",5.58001410994889,0,19.9130557353021,0
"2018-05-07 02:54:12",3.41187044984577,0,20.0592001950453,0
"2018-05-07 02:55:12",7.70981070539859,0,10.0018557555766,0
"2018-05-07 02:56:12",4.49279268144561,0,8.98040803571965,0
"2018-05-07 02:57:12",5.33968086777694,0,6.28663356458484,0
"2018-05-07 02:58:12",3.90817059249411,0,6.58240825139139,0
"2018-05-07 02:59:12",6.07713462101464,0,8.43004944158716,0
"2018-05-07 03:00:12",4.75586004827159,0,7.13554209631548,0
"2018-05-07 03:01:13",3.64759654053913,0,10.7006831554346,0
"2018-05-07 03:02:13",5.50951995863029,0,10.4135951546429,0
"2018-05-07 03:03:13",3.46910951577917,0,12.3274777937757,0
"2018-05-07 03:04:13",8.39192178043647,0,16.1478539902001,0
"2018-05-07 03:05:13",4.11363119435772,0,20.3453626282015,0
"2018-05-07 03:06:13",6.86740392595315,0,5.55368202985509,0
"2018-05-07 03:07:13",2.53050485420688,0,7.45586149926834,0
"2018-05-07 03:08:13",5.72437309746552,0,5.68843842596721,0
"2018-05-07 03:09:13",2.78013419957739,0,7.17097582078495,0
"2018-05-07 03:10:13",3.93378317810778,0,20.8873185524094,0
"2018-05-07 03:11:13",1.92709406571219,0,7.24804771593285,0
"2018-05-07 03:12:13",4.39336535099227,0,6.3932440892549,0
"2018-05-07 03:13:13",1.65158482716068,0,10.3646189506373,0
"2018-05-07 03:14:13",6.57686159480306,0,11.8075241530464,0
"2018-05-07 03:15:13",9.41929658724712,0,7.85072737032841,0
"2018-05-07 03:16:13",4.23817450890231,0,15.1780904312131,0
"2018-05-07 03:17:13",5.59763763618858,0,8.80840364042629,0
"2018-05-07 03:18:13",2.77002556196423,0,14.6912996028487,0
"2018-05-07 03:19:13",4.36670450640719,0,11.7359145677657,0
"2018-05-07 03:20:13",2.9443452145497,0,9.12479498473396,0
"2018-05-07 03:21:13",3.94973707458811,0,25.6456141024934,0
"2018-05-07 03:22:13",2.67556971273617,0,10.6600389866787,0
"2018-05-07 03:23:13",4.2999015501187,0,10.6171260006447,0
"2018-05-07 03:24:14",3.01705619909183,0,9.80616703761138,0
"2018-05-07 03:25:14",2.8002318909963,0,8.47271638379062,0
"2018-05-07 03:26:14",15.4410975512356,0,24.741259515776,0
"2018-05-07 03:27:14",6.96368204211799,0,14.9486940003908,0
"2018-05-07 03:28:14",9.25778107270247,0,16.5363336002792,0
"2018-05-07 03:29:14",4.69904507182646,0,13.662474146159,0
"2018-05-07 03:30:14",6.73936454770767,0,15.4931278903018,0
"2018-05-07 03:31:14",7.88356088936421,0,20.8111409462159,0
"2018-05-07 03:32:14",7.87074129557784,0,23.6947361443918,0
"2018-05-07 03:33:14",4.01975434786195,0,12.2494978319443,0
"2018-05-07 03:34:14",5.25675876392363,0,14.3128142598442,0
"2018-05-07 03:35:14",4.39902076291421,0,13.9409123406216,0
"2018-05-07 03:36:14",5.64130516268083,0,15.5287195273494,0
"2018-05-07 03:37:14",7.31639844770586,0,23.3738034611951,0
"2018-05-07 03:38:14",3.40249925535019,0,21.1762460839402,0
"2018-05-07 03:39:14",3.77008557693073,0,21.4265890832221,0
"2018-05-07 03:40:14",4.51997531013368,0,21.7121047706031,0
"2018-05-07 03:41:14",10.8509010700175,0,19.02025544958,0
"2018-05-07 03:42:14",4.78219148177784,0,20.4683691324251,0
"2018-05-07 03:43:14",14.9607622456387,0,26.9127305818653,0
"2018-05-07 03:44:14",7.66963986991836,0,17.5908244915992,0
"2018-05-07 03:45:14",8.03681569414986,0,21.3466308332431,0
"2018-05-07 03:46:14",14.242107641984,0,20.4633382901343,0
"2018-05-07 03:47:15",11.2093408295014,0,16.4857908334208,0
"2018-05-07 03:48:15",4.86010534150072,0,26.4215755891116,0
"2018-05-07 03:49:15",5.83004763402245,0,18.7084478381275,0
"2018-05-07 03:50:15",4.96649445563398,0,18.2101086062685,0
"2018-05-07 03:51:15",3.23009572411196,0,15.4109984786495,0
"2018-05-07 03:52:15",3.95220124040206,0,15.347014904344,0
"2018-05-07 03:53:15",3.24640528629585,0,16.3524819963779,0
"2018-05-07 03:54:15",8.79791043365413,0,21.9733799184901,0
"2018-05-07 03:55:15",2.42014359710057,0,18.1564599646653,0
"2018-05-07 03:56:15",7.68818912631193,0,15.9413248586419,0
"2018-05-07 03:57:15",4.90227063974587,0,19.5258234689996,0
"2018-05-07 03:58:15",3.85985671054173,0,15.787571153466,0
"2018-05-07 03:59:15",4.76569942865262,0,27.0561476989859,0
"2018-05-07 04:00:15",6.53594749675027,0,30.4980206900099,0
"2018-05-07 04:01:15",3.07408372058548,0,14.9330649870437,0
"2018-05-07 04:02:15",4.30842875941748,0,15.0533414205379,0
"2018-05-07 04:03:15",2.63382871087408,0,15.5366453910583,0
"2018-05-07 04:04:15",4.16065200521234,0,15.3441533404259,0
"2018-05-07 04:05:15",3.03235983963255,0,20.2580302382308,0
"2018-05-07 04:06:15",2.52565693171985,0,16.0253587574717,0
"2018-05-07 04:07:15",3.40527744456506,0,15.7323640365954,0
"2018-05-07 04:08:15",2.30358260049203,0,17.9536400878882,0
"2018-05-07 04:09:15",7.86084068570877,0,18.869615614245,0
"2018-05-07 04:10:15",4.28027839083057,0,31.4735642394765,0
"2018-05-07 04:11:15",7.3426642972101,0,31.0495153269922,0
"2018-05-07 04:12:15",3.08383343439883,0,17.9879197618236,0
"2018-05-07 04:13:15",4.7684729510168,0,14.627487631518,0
"2018-05-07 04:14:15",3.77939690251412,0,16.1864880233157,0
"2018-05-07 04:15:15",4.16094271969723,0,13.8843816810035,0
"2018-05-07 04:16:15",4.693801679344,0,36.266851373537,0
"2018-05-07 04:17:16",6.39606079957611,0,24.6034160342837,0
"2018-05-07 04:18:16",3.77408340202402,0,16.690574116451,0
"2018-05-07 04:19:16",2.79434227452427,0,17.5750644480576,0
"2018-05-07 04:20:16",4.24320396139482,0,16.3969092230298,0
"2018-05-07 04:21:16",9.21229523046275,0,22.7559133457718,0
"2018-05-07 04:22:16",9.15759918141939,0,25.4003400761762,0
"2018-05-07 04:23:16",3.51325956377033,0,17.0315346096577,0
"2018-05-07 04:24:16",5.41077144286228,0,15.5631203725922,0
"2018-05-07 04:25:16",5.22392638307432,0,35.7774439128029,0
"2018-05-07 04:26:16",14.1288758478771,0,141.739685465949,0
"2018-05-07 04:27:16",7.24595145687764,0,14.2611701461307,0
"2018-05-07 04:28:16",6.14171204543744,0,14.1227269195445,0
"2018-05-07 04:29:16",5.01376546386479,0,12.2608683306016,0
"2018-05-07 04:30:16",3.7076877477412,0,12.1366883582195,0
"2018-05-07 04:31:16",3.95774198424698,0,12.1682839113669,0
"2018-05-07 04:32:16",7.064287971026,0,17.5690023089448,0
"2018-05-07 04:33:16",2.83356713730658,0,15.3123690416869,0
"2018-05-07 04:34:16",3.07264415857252,0,12.8177832818591,0
"2018-05-07 04:35:16",8.3056598618758,0,13.9853990794569,0
"2018-05-07 04:36:16",2.58962827788703,0,23.2198506742202,0
"2018-05-07 04:37:16",3.80131991735154,0,27.7313086525745,0
"2018-05-07 04:38:16",2.18599587440466,0,27.5250721235803,0
"2018-05-07 04:39:17",4.76956752663086,0,17.7581275477685,0
"2018-05-07 04:40:17",4.2374326726245,0,22.2283073859475,0
"2018-05-07 04:41:17",6.05933833314608,0,18.4998264875255,0
"2018-05-07 04:42:17",3.69833469116726,0,19.2575009702861,0
"2018-05-07 04:43:17",8.81519466000263,0,26.9009703719538,0
"2018-05-07 04:44:17",3.38311053642391,0,17.374136860426,0
"2018-05-07 04:45:17",4.76506123108951,0,16.4831552612006,0
"2018-05-07 04:46:17",6.50919886031771,0,14.5504250366356,0
"2018-05-07 04:47:17",2.81448845150781,0,14.1556195627376,0
"2018-05-07 04:48:17",14.8652933088284,0,23.0147334912859,0
"2018-05-07 04:49:17",2.92314214882628,0,29.9938414027499,0
"2018-05-07 04:50:17",5.13896749812706,0,27.9523000354258,0
"2018-05-07 04:51:17",5.32364942258299,0,16.190792532843,0
"2018-05-07 04:52:17",6.8899867455327,0,15.645225493441,0
"2018-05-07 04:53:17",4.45342881606532,0,14.3701506640736,0
"2018-05-07 04:54:17",13.2438244793794,0,20.5822570619377,0
"2018-05-07 04:55:17",5.7536669819167,0,12.1433728845343,0
"2018-05-07 04:56:17",7.19051300722799,0,14.3446205831779,0
"2018-05-07 04:57:17",8.72587920731071,0,12.3318125665562,0
"2018-05-07 04:58:17",7.30875707796887,0,10.5370219032808,0
"2018-05-07 04:59:17",12.5556954296453,0,21.1965268001379,0
"2018-05-07 05:00:17",7.78788632715692,0,24.8774513454904,0
"2018-05-07 05:01:17",14.1574616599117,0,18.1423047784022,0
"2018-05-07 05:02:17",7.99221803921047,0,10.7241715523139,0
"2018-05-07 05:03:17",9.78058713009275,0,10.2620701742992,0
"2018-05-07 05:04:18",6.682234969088,0,10.7678737173611,0
"2018-05-07 05:05:18",8.1847990391858,0,22.7691602372386,0
"2018-05-07 05:06:18",7.09448704154739,0,13.6991727747595,0
"2018-05-07 05:07:18",8.37979352235973,0,9.26035244796341,0
"2018-05-07 05:08:18",5.10166922507438,0,6.83699166075179,0
"2018-05-07 05:09:18",6.74833568131659,0,10.7144718420259,0
"2018-05-07 05:10:18",4.78859817169388,0,7.94796704150975,0
"2018-05-07 05:11:18",5.97006858392122,0,12.7908590263882,0
"2018-05-07 05:12:18",5.88269771577389,0,6.60277810810219,0
"2018-05-07 05:13:18",4.02893512646259,0,11.5718364447405,0
"2018-05-07 05:14:18",6.47979539800115,0,7.80537121431553,0
"2018-05-07 05:15:18",3.26399643751322,0,9.15362254052341,0
"2018-05-07 05:16:18",14.2350834389562,0,19.472157777784,0
"2018-05-07 05:17:18",9.97470773299171,0,8.44799502637516,0
"2018-05-07 05:18:18",6.57415731321841,0,8.94770594797123,0
"2018-05-07 05:19:18",5.10623668644711,0,9.09859632970046,0
"2018-05-07 05:20:18",5.56683147867755,0,9.79056065497607,0
"2018-05-07 05:21:18",3.72762939236675,0,10.1757876843881,0
"2018-05-07 05:22:18",4.42383588889026,0,14.5681440614201,0
"2018-05-07 05:23:18",5.72944388354742,0,11.0537725192073,0
"2018-05-07 05:24:18",4.62798893602894,0,10.6190309002775,0
"2018-05-07 05:25:18",4.22385729376818,0,10.4730428029073,0
"2018-05-07 05:26:18",3.22250419392846,0,9.62041283512928,0
"2018-05-07 05:27:18",12.2428607786308,0,21.5704086543656,0
"2018-05-07 05:28:18",9.38417140678666,0,22.4551728229755,0
"2018-05-07 05:29:19",10.2089869569582,0,9.99987597130822,0
"2018-05-07 05:30:19",7.40748799175306,0,8.34499698106372,0
"2018-05-07 05:31:19",9.03560347535716,0,9.44609518111356,0
"2018-05-07 05:32:19",6.55771826389341,0,9.39361676611634,0
"2018-05-07 05:33:19",12.6965463366534,0,17.6607249329297,0
"2018-05-07 05:34:19",4.81622423442754,0,12.4219172951624,0
"2018-05-07 05:35:19",4.90117587439935,0,12.5026669063055,0
"2018-05-07 05:36:19",6.36190732665746,0,13.3711234931874,0
"2018-05-07 05:37:19",4.69475315280556,0,16.556551845406,0
"2018-05-07 05:38:19",6.9406530307989,0,22.8738669176879,0
"2018-05-07 05:39:19",5.53331734598795,0,27.4994374098432,0
"2018-05-07 05:40:19",4.39332340966819,0,28.2029210108746,0
"2018-05-07 05:41:19",7.2793166734841,0,17.5212433856138,0
"2018-05-07 05:42:19",8.40462165846778,0,15.958896212457,0
"2018-05-07 05:43:19",8.31332185795084,0,21.3988125261624,0
"2018-05-07 05:44:19",7.5295155615298,0,32.8859690290522,0
"2018-05-07 05:45:19",6.24040990529936,0,18.8890330756044,0
"2018-05-07 05:46:19",7.73744242966024,0,17.5135416681069,0
"2018-05-07 05:47:19",4.82057863928656,0,17.0187512990525,0
"2018-05-07 05:48:19",3.904023599495,0,19.4163601547343,0
"2018-05-07 05:49:19",4.59949632036575,0,18.0132657653729,0
"2018-05-07 05:50:19",6.21068657667461,0,22.6427772595808,0
"2018-05-07 05:51:19",4.24151952292903,0,17.0351401883821,0
"2018-05-07 05:52:19",4.72457641205456,0,19.4945630447063,0
"2018-05-07 05:53:20",12.3324909040879,0,15.1928834375105,0
"2018-05-07 05:54:20",2.93363020562303,0,14.3700301408669,0
"2018-05-07 05:55:20",4.04440414667228,0,57.3776319495943,0
"2018-05-07 05:56:20",2.96967825071358,0,16.1980062116561,0
"2018-05-07 05:57:20",7.58281500842357,0,13.6516491181926,0
"2018-05-07 05:58:20",3.27081086742819,0,14.2990321236361,0
"2018-05-07 05:59:20",3.85901559867505,0,12.484646274543,0
"2018-05-07 06:00:20",1.99918708012738,0,14.6737753735627,0
"2018-05-07 06:01:20",4.50718608295045,0,23.3756763595162,0
"2018-05-07 06:02:20",2.43346479456011,0,13.6739713299837,0
"2018-05-07 06:03:20",2.11759974777644,0,13.2826902887631,0
"2018-05-07 06:04:20",3.31696304978441,0,13.122801090182,0
"2018-05-07 06:05:20",1.54348346933977,0,14.2864094437553,0
"2018-05-07 06:06:20",5.15645073493304,0,26.8747127088101,0
"2018-05-07 06:07:20",6.94475650520082,0,26.6731718829082,0
"2018-05-07 06:08:20",4.68053304320195,0,16.310221490588,0
"2018-05-07 06:09:20",2.11621485803358,0,14.7754486217989,0
"2018-05-07 06:10:20",4.04528880718964,0,12.2460282422894,0
"2018-05-07 06:11:20",2.0293471062415,0,12.4227720058146,0
"2018-05-07 06:12:20",4.19032843960455,0,12.4821523810086,0
"2018-05-07 06:13:20",2.91894519841483,0,12.9511769420014,0
"2018-05-07 06:14:20",2.6797138557222,0,11.6890691739034,0
"2018-05-07 06:15:20",3.59476683330743,0,14.7306152344045,0
"2018-05-07 06:16:20",3.04806279184691,0,11.3144121094284,0
"2018-05-07 06:17:20",6.41946255065993,0,21.6591107195066,0
"2018-05-07 06:18:20",8.6279423888654,0,28.2293159653038,0
"2018-05-07 06:19:20",5.38202810373032,0,17.9686654686529,0
"2018-05-07 06:20:20",2.33559095574489,0,19.0867690500813,0
"2018-05-07 06:21:20",2.88190777085521,0,45.473273534273,0
"2018-05-07 06:22:21",3.22373596287935,0,18.3187953510669,0
"2018-05-07 06:23:21",6.24161447439018,0,18.9209764106948,0
"2018-05-07 06:24:21",2.32967085615928,0,17.6401780011679,0
"2018-05-07 06:25:21",3.99331211177759,0,18.3312611991799,0
"2018-05-07 06:26:21",3.75823882760662,0,41.8125755237511,0
"2018-05-07 06:27:21",10.5564108899656,0,120.349379659031,0
"2018-05-07 06:28:21",7.67333619301179,0,20.0112367498789,0
"2018-05-07 06:29:21",1.84738499214885,0,20.1848236169551,0
"2018-05-07 06:30:21",3.18649789253691,0,19.0418170629884,0
"2018-05-07 06:31:21",4.08072611296959,0,19.5483650788636,0
"2018-05-07 06:32:21",4.44667476818409,0,14.4206011725234,0
"2018-05-07 06:33:21",1.61370062516799,0,23.4163168108963,0
"2018-05-07 06:34:21",3.42680604975097,0,18.1536129048439,0
"2018-05-07 06:35:21",1.85787655198683,0,14.7411277277115,0
"2018-05-07 06:36:21",3.81928702940326,0,14.5430544969119,0
"2018-05-07 06:37:21",2.41091627670818,0,14.5959791643428,0
"2018-05-07 06:38:21",4.78538336246997,0,25.2374606532148,0
"2018-05-07 06:39:21",4.30801947940129,0,14.1982933781723,0
"2018-05-07 06:40:21",4.88519934847583,0,13.6578145792843,0
"2018-05-07 06:41:21",4.46745396781985,0,15.2945815789686,0
"2018-05-07 06:42:21",3.56441318453676,0,14.2346684936907,0
"2018-05-07 06:43:21",2.58947767743954,0,14.8165584878419,0
"2018-05-07 06:44:21",3.85026929955498,0,16.2562559977096,0
"2018-05-07 06:45:21",6.59286621095325,0,13.9686424357598,0
"2018-05-07 06:46:21",5.0532766276825,0,13.8332398749075,0
"2018-05-07 06:47:22",3.31764936109987,0,105.894800542461,0
"2018-05-07 06:48:22",3.34717862335266,0,10.9205375076792,0
"2018-05-07 06:49:22",7.19448268375781,0,21.0351608700999,0
"2018-05-07 06:50:22",2.71847807229041,0,18.8850074774231,0
"2018-05-07 06:51:22",3.98234090422379,0,11.0737402831265,0
"2018-05-07 06:52:22",3.20097614854365,0,14.1278660211015,0
"2018-05-07 06:53:22",6.46754573629959,0,11.949545095666,0
"2018-05-07 06:54:22",5.29175680608284,0,11.7464990725823,0
"2018-05-07 06:55:22",2.59490212537367,0,16.26950809915,0
"2018-05-07 06:56:22",2.84661627116652,0,13.3319860673146,0
"2018-05-07 06:57:22",3.62297605941125,0,11.1658282898149,0
"2018-05-07 06:58:22",7.43629699083374,0,8.82564694155169,0
"2018-05-07 06:59:22",2.55174489017431,0,10.4996873706053,0
"2018-05-07 07:00:22",15.7332927959746,0,20.6267301257933,0
"2018-05-07 07:01:22",2.37047663917084,0,22.2995719674433,0
"2018-05-07 07:02:22",5.37130080808964,0,11.4481348634868,0
"2018-05-07 07:03:22",2.85904493695938,0,10.7123714933083,0
"2018-05-07 07:04:22",3.96223908745992,0,11.2633909628782,0
"2018-05-07 07:05:22",2.20549247461359,0,13.7195365809627,0
"2018-05-07 07:06:22",6.20989338470483,0,22.3794754190347,0
"2018-05-07 07:07:22",2.33374679843178,0,15.9605318659794,0
"2018-05-07 07:08:22",5.77558624831198,0,12.6116361273308,0
"2018-05-07 07:09:23",5.63220316509751,0,8.59790866971158,0
"2018-05-07 07:10:23",1.94765778762166,0,7.83181555812382,0
"2018-05-07 07:11:23",5.85682739984467,0,15.5154777541817,0
"2018-05-07 07:12:23",2.04795469102762,0,21.4108862641244,0
"2018-05-07 07:13:23",2.92218499812342,0,164.406847766131,0
"2018-05-07 07:14:23",2.06114510866778,0,10.0324660244666,0
"2018-05-07 07:15:23",5.4381262670459,0,7.54561824979211,0
"2018-05-07 07:16:23",1.62113564840446,0,7.88248741017453,0
"2018-05-07 07:17:23",7.79287838263097,0,20.8975838786564,0
"2018-05-07 07:18:23",3.91549168326109,0,8.44565242339399,0
"2018-05-07 07:19:23",3.09441225715966,0,8.40607713827758,0
"2018-05-07 07:20:23",2.82616007632978,0,7.9595547073659,0
"2018-05-07 07:21:23",1.95050704203967,0,8.78874675669232,0
"2018-05-07 07:22:23",2.3156282482283,0,8.78873540714915,0
"2018-05-07 07:23:23",2.8588777395886,0,22.3536510881761,0
"2018-05-07 07:24:23",5.61407042894778,0,7.93603276384978,0
"2018-05-07 07:25:23",1.44903937450861,0,9.63797077980074,0
"2018-05-07 07:26:23",4.62001512231959,0,11.4634738771597,0
"2018-05-07 07:27:23",49.1188728335874,1,151.136223325949,0
"2018-05-07 07:28:23",8.53074288732823,0,18.1636083428932,0
"2018-05-07 07:29:23",17.1747190223255,0,61.5083150945513,0
"2018-05-07 07:30:23",6.57922213245745,0,10.8431680509237,0
"2018-05-07 07:31:24",3.22243549716009,0,13.1654346778438,0
"2018-05-07 07:32:24",5.51221539334474,0,13.1978845718686,0
"2018-05-07 07:33:24",9.44365265862357,0,20.0637390932526,0
"2018-05-07 07:34:24",4.87467507443503,0,10.957214998113,0
"2018-05-07 07:35:24",3.08000008735343,0,11.2443623886662,0
"2018-05-07 07:36:24",3.12252123867138,0,12.7654476678972,0
"2018-05-07 07:37:24",4.72747498034947,0,15.1334467309637,0
"2018-05-07 07:38:24",6.13315057524444,0,12.3575772506649,0
"2018-05-07 07:39:24",7.57065133751487,0,110.583544299829,0
"2018-05-07 07:40:24",6.01035567335464,0,10.6111290299507,0
"2018-05-07 07:41:24",3.28607581532745,0,18.4267328801882,0
"2018-05-07 07:42:24",7.10306845459922,0,15.6109547095617,0
"2018-05-07 07:43:24",6.91893671601058,0,12.8299010997718,0
"2018-05-07 07:44:24",6.0559310039596,0,24.0587642152576,0
"2018-05-07 07:45:24",5.90668492684601,0,14.3662850449148,0
"2018-05-07 07:46:24",5.58709274969224,0,12.9585153233207,0
"2018-05-07 07:47:24",4.14429715441437,0,10.9758744794464,0
"2018-05-07 07:48:24",2.91766481624791,0,14.0460831451149,0
"2018-05-07 07:49:24",3.11622147932392,0,18.5376700604358,0
"2018-05-07 07:50:24",14.4539171392768,0,25.1327025527021,0
"2018-05-07 07:51:24",7.23656478742889,0,15.8950721449783,0
"2018-05-07 07:52:24",4.92223571011288,0,20.6139611481272,0
"2018-05-07 07:53:24",3.65314339426656,0,14.3994751658777,0
"2018-05-07 07:54:24",3.65770535866588,0,16.2323981033833,0
"2018-05-07 07:55:24",2.73559571014275,0,29.0108726968426,0
"2018-05-07 07:56:24",8.41073846075283,0,32.5058258649967,0
"2018-05-07 07:57:24",12.4534670243037,0,15.8378482399385,0
"2018-05-07 07:58:24",6.02262503971291,0,13.4498481760799,0
"2018-05-07 07:59:24",5.10306533558476,0,14.6791783529334,0
"2018-05-07 08:00:25",2.50035398754031,0,13.6972434647096,0
"2018-05-07 08:01:25",3.6432113884954,0,22.9520859379907,0
"2018-05-07 08:02:25",4.18986872271673,0,11.0168649739953,0
"2018-05-07 08:03:25",3.90182060016206,0,20.8921725714013,0
"2018-05-07 08:04:25",2.15346169862998,0,15.1373361172097,0
"2018-05-07 08:05:25",2.35113085549751,0,17.1306297968774,0
"2018-05-07 08:06:25",3.61503595547812,0,28.7638106654034,0
"2018-05-07 08:07:25",6.83424552521752,0,25.2249523779518,0
"2018-05-07 08:08:25",1.58200017097409,0,14.1333707750284,0
"2018-05-07 08:09:25",3.10424197922462,0,15.0930678817625,0
"2018-05-07 08:10:25",1.93612396514883,0,14.6412867541868,0
"2018-05-07 08:11:25",2.5361075999275,0,13.0437268554983,0
"2018-05-07 08:12:25",4.91038440825081,0,18.3695643160105,0
"2018-05-07 08:13:25",3.35271750758496,0,13.0721502508915,0
"2018-05-07 08:14:25",2.793236412788,0,14.3020254131334,0
"2018-05-07 08:15:25",1.64659770223154,0,12.9804045507831,0
"2018-05-07 08:16:25",3.59512664366828,0,16.8527269505259,0
"2018-05-07 08:17:25",3.16649934330002,0,19.6429386213477,0
"2018-05-07 08:18:25",6.90524802698012,0,24.259063862812,0
"2018-05-07 08:19:25",4.48440380245007,0,12.7436761238305,0
"2018-05-07 08:20:25",4.99707757564202,0,13.1945045821219,0
"2018-05-07 08:21:25",4.08522002682782,0,14.633015856882,0
"2018-05-07 08:22:25",4.30591499542541,0,14.5007790296426,0
"2018-05-07 08:23:25",4.93255130434351,0,17.9793202501363,0
"2018-05-07 08:24:25",4.53708977179811,0,12.7970733282926,0
"2018-05-07 08:25:25",4.59185220657829,0,17.6081453795133,0
"2018-05-07 08:26:25",2.99407416611225,0,13.9316258563893,0
"2018-05-07 08:27:26",3.4061565615732,0,16.0627280246869,0
"2018-05-07 08:28:26",8.54619987785849,0,22.5267875751674,0
"2018-05-07 08:29:26",3.62214078594952,0,17.0151065881427,0
"2018-05-07 08:30:26",3.55609949441314,0,12.2100870284633,0
"2018-05-07 08:31:26",4.56540334533964,0,18.4591515761939,0
"2018-05-07 08:32:26",5.28929043927593,0,10.7007820065878,0
"2018-05-07 08:33:26",7.72378410339306,0,22.5320928671492,0
"2018-05-07 08:34:26",4.8200587536447,0,12.5559226952714,0
"2018-05-07 08:35:26",4.32401415038217,0,10.4849262889557,0
"2018-05-07 08:36:26",2.8261483324686,0,10.2955140346879,0
"2018-05-07 08:37:26",3.76487345762299,0,8.10507796029168,0
"2018-05-07 08:38:26",3.68439479817741,0,13.6512823989176,0
"2018-05-07 08:39:26",3.88550914030732,0,35.6683515448321,0
"2018-05-07 08:40:26",3.0549697293538,0,12.1228934255912,0
"2018-05-07 08:41:26",3.37736451768745,0,12.2820219474963,0
"2018-05-07 08:42:26",3.66893492204732,0,15.8820012760674,0
"2018-05-07 08:43:26",4.20380795826835,0,12.3629981670859,0
"2018-05-07 08:44:26",10.4103828823961,0,18.6965062025992,0
"2018-05-07 08:45:26",4.91646106098797,0,23.4533881613425,0
"2018-05-07 08:46:26",6.00356505503906,0,14.1975082284642,0
"2018-05-07 08:47:26",2.93775135205379,0,14.73561928774,0
"2018-05-07 08:48:26",6.87956824699161,0,12.9154095914704,0
"2018-05-07 08:49:26",2.13342987173096,0,11.1381886150584,0
"2018-05-07 08:50:26",6.65547957750401,0,30.1162131136576,0
"2018-05-07 08:51:26",1.95410697288161,0,12.0800145197234,0
"2018-05-07 08:52:26",2.05377555715034,0,13.2662050969361,0
"2018-05-07 08:53:27",3.33414763670793,0,12.0470691011613,0
"2018-05-07 08:54:27",2.33795848374375,0,11.1567640619894,0
"2018-05-07 08:55:27",8.69332591328634,0,17.3928415610658,0
"2018-05-07 08:56:27",2.51869571609348,0,23.44945289526,0
"2018-05-07 08:57:27",4.65213630390376,0,16.2876112715701,0
"2018-05-07 08:58:27",5.45406651637841,0,13.7242239093613,0
"2018-05-07 08:59:27",12.2690909216153,0,10.7707240925716,0
"2018-05-07 09:00:27",5.11426379371604,0,8.9935674491789,0
"2018-05-07 09:01:27",7.18790934360023,0,24.9091821150279,0
"2018-05-07 09:02:27",4.20367308774388,0,9.53447787548456,0
"2018-05-07 09:03:27",3.75046073573681,0,9.00821608270086,0
"2018-05-07 09:04:27",2.58275995100383,0,10.1374306133023,0
"2018-05-07 09:05:27",3.91775202094365,0,6.65909731001957,0
"2018-05-07 09:06:27",3.23473481228062,0,6.83267432631835,0
"2018-05-07 09:07:27",2.52305896568228,0,15.0350005143638,0
"2018-05-07 09:08:27",1.18226830858779,0,25.0647670798373,0
"2018-05-07 09:09:27",1.11180336126632,0,8.08857296389279,0
"2018-05-07 09:10:27",4.79055637699833,0,11.5441779338838,0
"2018-05-07 09:11:27",2.1983459193796,0,7.26066130241061,0
"2018-05-07 09:12:27",4.80550506175259,0,21.6892026310552,0
"2018-05-07 09:13:27",5.46981388953408,0,12.0697611022763,0
"2018-05-07 09:14:27",3.3740410806223,0,6.46980075793627,0
"2018-05-07 09:15:27",1.55897905570221,0,8.5762290823703,0
"2018-05-07 09:16:27",3.74948541176036,0,9.7405531501825,0
"2018-05-07 09:17:27",1.57228768722594,0,6.51516199551491,0
"2018-05-07 09:18:28",6.80401632111042,0,13.5447267883669,0
"2018-05-07 09:19:28",2.50190916256587,0,10.7991169735473,0
"2018-05-07 09:20:28",1.50605156850049,0,8.34758656071288,0
"2018-05-07 09:21:28",4.35067415517641,0,8.55842834279034,0
"2018-05-07 09:22:28",1.69874416455879,0,11.4233581083191,0
"2018-05-07 09:23:28",7.65954698748957,0,17.7199903618667,0
"2018-05-07 09:24:28",1.86383768685939,0,19.6463546427439,0
"2018-05-07 09:25:28",3.36319704776565,0,10.4964289013321,0
"2018-05-07 09:26:28",1.69591150282876,0,8.80379439136165,0
"2018-05-07 09:27:28",3.31545788889842,0,9.44051732564424,0
"2018-05-07 09:28:28",2.26411837066962,0,123.901947735629,0
"2018-05-07 09:29:28",6.76722680082156,0,13.488266815989,0
"2018-05-07 09:30:28",3.22956481188829,0,12.3579603087143,0
"2018-05-07 09:31:28",3.7189114379598,0,10.6806680655356,0
"2018-05-07 09:32:28",3.67497550571483,0,10.995442940648,0
"2018-05-07 09:33:28",2.66174622222061,0,12.5911531418349,0
"2018-05-07 09:34:28",4.0821768602933,0,20.4133195054066,0
"2018-05-07 09:35:28",1.44287675231602,0,10.4641029640259,0
"2018-05-07 09:36:28",3.13769733621871,0,11.3463648390388,0
"2018-05-07 09:37:28",3.42359486599543,0,9.62533220393861,0
"2018-05-07 09:38:28",5.97226557814582,0,11.4387787404852,0
"2018-05-07 09:39:28",4.98407525512848,0,25.7913832632857,0
"2018-05-07 09:40:28",9.45935109682517,0,59.0988003081676,0
"2018-05-07 09:41:28",4.56983641810451,0,18.5673108358291,0
"2018-05-07 09:42:28",4.1791694358102,0,14.2831814896377,0
"2018-05-07 09:43:28",4.25917230874995,0,11.4164828190275,0
"2018-05-07 09:44:28",3.98099252571051,0,15.7064781237043,0
"2018-05-07 09:45:29",12.3753662426824,0,20.4918102640109,0
"2018-05-07 09:46:29",5.2374246142206,0,12.8562419850462,0
"2018-05-07 09:47:29",6.92649500931228,0,12.6007957381126,0
"2018-05-07 09:48:29",2.5569785491427,0,16.4589299180876,0
"2018-05-07 09:49:29",3.4291069634202,0,22.5012883276537,0
"2018-05-07 09:50:29",3.12654874275289,0,24.5832266910102,0
"2018-05-07 09:51:29",7.77518586899097,0,31.4410434478634,0
"2018-05-07 09:52:29",3.35628823177268,0,10.0093659929851,0
"2018-05-07 09:53:29",3.02593245756731,0,11.0200618416307,0
"2018-05-07 09:54:29",2.09987826322532,0,15.2163098000391,0
"2018-05-07 09:55:29",3.81377691181732,0,16.6727432805024,0
"2018-05-07 09:56:29",8.89169261358144,0,15.2738991593877,0
"2018-05-07 09:57:29",2.92687527650777,0,11.3685491288329,0
"2018-05-07 09:58:29",2.51739207816484,0,12.0298423480493,0
"2018-05-07 09:59:29",2.586046777629,0,12.4810725132357,0
"2018-05-07 10:00:29",2.3633804711387,0,16.0259131901203,0
"2018-05-07 10:01:29",1.67189872520946,0,19.6502360571815,0
"2018-05-07 10:02:29",7.45328865527778,0,22.3410236850169,0
"2018-05-07 10:03:29",1.79730660500291,0,12.8832170801689,0
"2018-05-07 10:04:30",3.39163667148253,0,10.2723359792391,0
"2018-05-07 10:05:30",1.72880879134097,0,10.1383265694342,0
"2018-05-07 10:06:30",3.28335960885541,0,10.5131133210694,0
"2018-05-07 10:07:30",2.44526170348058,0,23.2012302358242,0
"2018-05-07 10:08:30",2.02080739350132,0,12.8553956739416,0
"2018-05-07 10:09:30",2.25309675563527,0,11.4495357118317,0
"2018-05-07 10:10:30",1.82791707811993,0,10.3881288489971,0
"2018-05-07 10:11:30",1.30252180046476,0,16.008673984976,0
"2018-05-07 10:12:30",0.998876900665294,0,10.4328361986251,0
"2018-05-07 10:13:30",4.95718324510453,0,22.9041510285634,0
"2018-05-07 10:14:30",0.877880240447633,0,13.4236728838245,0
"2018-05-07 10:15:30",2.49668510879419,0,21.7094592720146,0
"2018-05-07 10:16:30",1.44881237543839,0,14.3185223017651,0
"2018-05-07 10:17:30",2.70958305966129,0,12.0684391864126,0
"2018-05-07 10:18:30",2.52112725245341,0,27.0405491512017,0
"2018-05-07 10:19:30",3.32518372300627,0,14.4605472602753,0
"2018-05-07 10:20:30",2.90988045245641,0,9.7559142307666,0
"2018-05-07 10:21:30",2.79915101038041,0,13.0707923062264,0
"2018-05-07 10:22:30",1.92988974765976,0,14.3854824917454,0
"2018-05-07 10:23:30",2.15858361399673,0,12.1404094365461,0
"2018-05-07 10:24:30",6.18669911600293,0,18.2270480373558,0
"2018-05-07 10:25:30",1.9579700566759,0,12.4018494694256,0
"2018-05-07 10:26:30",2.42284615374238,0,21.3626954202709,0
"2018-05-07 10:27:30",1.64394185041115,0,12.475062296336,0
"2018-05-07 10:28:31",15.1211562335724,0,16.8833463197092,0
"2018-05-07 10:29:31",7.23290553047543,0,25.8301728812216,0
"2018-05-07 10:30:31",10.513468909494,0,26.6831343425242,0
"2018-05-07 10:31:31",5.46480169318287,0,10.8721220292659,0
"2018-05-07 10:32:31",4.01773419515172,0,16.7324089558734,0
"2018-05-07 10:33:31",2.70804293267099,0,14.1542320122497,0
"2018-05-07 10:34:31",2.44490149699229,0,12.2388524126125,0
"2018-05-07 10:35:31",3.7063769168811,0,10.89573302263,0
"2018-05-07 10:36:31",4.05917633753133,0,8.95814011367944,0
"2018-05-07 10:37:31",2.52497438767857,0,11.9509893798232,0
"2018-05-07 10:38:31",1.65025532880115,0,10.7980826881136,0
"2018-05-07 10:39:31",1.7801579748892,0,14.0149116014013,0
"2018-05-07 10:40:31",2.09978691305973,0,25.2467286435808,0
"2018-05-07 10:41:31",8.3544531432868,0,28.6475588390378,0
"2018-05-07 10:42:31",3.12533958191363,0,16.1809168260135,0
"2018-05-07 10:43:31",4.80008509980649,0,12.321566002706,0
"2018-05-07 10:44:31",2.78468775443994,0,15.3458730444875,0
"2018-05-07 10:45:31",4.14422391462579,0,12.5952990415486,0
"2018-05-07 10:46:31",3.95223272280148,0,14.6326168379953,0
"2018-05-07 10:47:31",5.85450514661011,0,12.0523801577112,0
"2018-05-07 10:48:31",2.80136757632098,0,12.7852325103233,0
"2018-05-07 10:49:31",3.8084104903619,0,9.97373646381457,0
"2018-05-07 10:50:31",3.67235644248254,0,11.1536759926355,0
"2018-05-07 10:51:31",3.21310040884637,0,17.2303037296777,0
"2018-05-07 10:52:31",5.00204296123222,0,27.0800176097419,0
"2018-05-07 10:53:31",1.49519603368535,0,12.8701331725431,0
"2018-05-07 10:54:32",5.88040876495327,0,17.5179168854028,0
"2018-05-07 10:55:32",3.85381560860436,0,18.8720316743301,0
"2018-05-07 10:56:32",3.81146131312601,0,14.083978399348,0
"2018-05-07 10:57:32",4.43843138315031,0,18.76031252397,0
"2018-05-07 10:58:32",4.74160551303826,0,13.7494745900586,0
"2018-05-07 10:59:32",2.22662848266265,0,8.38037467136806,0
"2018-05-07 11:00:32",2.94031699297511,0,10.0652703595334,0
"2018-05-07 11:01:32",3.92583045848435,0,13.0031995829973,0
"2018-05-07 11:02:32",2.22849514622864,0,7.46370074346674,0
"2018-05-07 11:03:32",3.07644577099971,0,17.1775293325666,0
"2018-05-07 11:04:32",1.30718594250752,0,8.28769025246302,0
"2018-05-07 11:05:32",3.44977572852758,0,9.4326222509199,0
"2018-05-07 11:06:32",1.48357866121588,0,6.68087111689222,0
"2018-05-07 11:07:32",5.85207624900365,0,9.87227394377624,0
"2018-05-07 11:08:32",3.2237016987146,0,33.4285272176786,0
"2018-05-07 11:09:32",7.56915759792087,0,10.8550887605184,0
"2018-05-07 11:10:32",2.69776042311702,0,8.31098051795259,0
"2018-05-07 11:11:32",3.44815589253929,0,6.88883285163456,0
"2018-05-07 11:12:32",1.28458667290565,0,8.29612784263652,0
"2018-05-07 11:13:32",2.74746500321863,0,7.64215151193384,0
"2018-05-07 11:14:32",5.04000621614506,0,20.3858343093763,0
"2018-05-07 11:15:32",5.42111646344839,0,11.0864230293441,0
"2018-05-07 11:16:32",9.43176682005608,0,10.5193691123423,0
"2018-05-07 11:17:32",2.52360919944276,0,22.4592505799971,0
"2018-05-07 11:18:33",2.80325842050384,0,9.5338487051027,0
"2018-05-07 11:19:33",1.91848047779655,0,21.4908126467647,0
"2018-05-07 11:20:33",7.82814399654376,0,28.9640727141989,0
"2018-05-07 11:21:33",3.21123269315665,0,15.841271330237,0
"2018-05-07 11:22:33",3.05847410810748,0,14.77983743557,0
"2018-05-07 11:23:33",1.41983380508788,0,11.3302660377221,0
"2018-05-07 11:24:33",2.89462796124343,0,12.5092963773572,0
"2018-05-07 11:25:33",5.76919426175064,0,17.9782567994439,0
"2018-05-07 11:26:33",2.7213914137127,0,12.6518810472582,0
"2018-05-07 11:27:33",1.52232249986312,0,12.7265403263534,0
"2018-05-07 11:28:33",1.86983899571883,0,13.120791986382,0
"2018-05-07 11:29:33",5.99498780184081,0,42.1868799936235,0
"2018-05-07 11:30:33",6.40300447872729,0,23.7296788331198,0
"2018-05-07 11:31:33",9.5185753810275,0,24.179719251014,0
"2018-05-07 11:32:33",1.81262743277204,0,11.092221443362,0
"2018-05-07 11:33:33",3.19693808790509,0,14.2222390088657,0
"2018-05-07 11:34:33",2.34247264534543,0,10.5390108228681,0
"2018-05-07 11:35:33",4.22441652145432,0,10.0552270682326,0
"2018-05-07 11:36:33",6.04089431326157,0,23.0448013554405,0
"2018-05-07 11:37:33",5.34457741759636,0,11.101586141711,0
"2018-05-07 11:38:33",1.49668502381123,0,10.1240935293597,0
"2018-05-07 11:39:33",4.49482075031861,0,10.9639675943914,0
"2018-05-07 11:40:33",3.91618741976229,0,11.5366723409392,0
"2018-05-07 11:41:33",3.11282957517349,0,16.1422628042406,0
"2018-05-07 11:42:33",5.74904878563145,0,24.2387886575575,0
"2018-05-07 11:43:33",8.72800793489367,0,12.5690472016204,0
"2018-05-07 11:44:33",6.85973450390431,0,11.706290778644,0
"2018-05-07 11:45:33",4.13272496094647,0,8.84916033690697,0
"2018-05-07 11:46:34",6.36155338225589,0,14.0889564541816,0
"2018-05-07 11:47:34",6.25329687160624,0,19.1858121515823,0
"2018-05-07 11:48:34",4.79827515687477,0,12.3976610033091,0
"2018-05-07 11:49:34",3.89251925164246,0,19.5937407965688,0
"2018-05-07 11:50:34",2.50366809036586,0,14.7493891514006,0
"2018-05-07 11:51:34",1.54274773253946,0,13.7344848509334,0
"2018-05-07 11:52:34",1.64766230374643,0,9.66968325237067,0
"2018-05-07 11:53:34",2.60970990636743,0,20.9900813159923,0
"2018-05-07 11:54:34",1.92191479310259,0,11.7627116293879,0
"2018-05-07 11:55:34",0.99611789056737,0,12.1669604383831,0
"2018-05-07 11:56:34",1.09541379104478,0,13.5646598050858,0
"2018-05-07 11:57:34",1.62995411623736,0,15.8378548540102,0
"2018-05-07 11:58:34",0.855333129990048,0,23.7334998379616,0
"2018-05-07 11:59:34",6.82718739404916,0,18.8197360791696,0
"2018-05-07 12:00:34",2.54112212820379,0,10.2381079081403,0
"2018-05-07 12:01:34",3.39542454017226,0,12.012890747521,0
"2018-05-07 12:02:34",1.38004431295178,0,9.95164554244814,0
"2018-05-07 12:03:34",2.0357473753001,0,10.8013069582282,0
"2018-05-07 12:04:34",4.05304872530481,0,15.3094634435066,0
"2018-05-07 12:05:34",2.15840877462674,0,9.1907269731809,0
"2018-05-07 12:06:34",1.27550756036826,0,10.5533127905506,0
"2018-05-07 12:07:34",1.32595179876034,0,24.9504764732714,0
"2018-05-07 12:08:34",1.41751151743651,0,9.7389556790861,0
"2018-05-07 12:09:35",1.00978005026595,0,22.8823174070843,0
"2018-05-07 12:10:35",8.08827556752335,0,22.9935934609134,0
"2018-05-07 12:11:35",1.42021661548831,0,10.3693169673033,0
"2018-05-07 12:12:35",2.56739864245831,0,17.0429710004192,0
"2018-05-07 12:13:35",1.21885102557045,0,10.7505789486747,0
"2018-05-07 12:14:35",2.90469651001495,0,10.9373962791825,0
"2018-05-07 12:15:35",1.20732373826789,0,15.7486707441862,0
"2018-05-07 12:16:35",3.48387581059383,0,11.241576833708,0
"2018-05-07 12:17:35",1.5631746192184,0,10.0606363575593,0
"2018-05-07 12:18:35",1.72418109738382,0,11.4541610310392,0
"2018-05-07 12:19:35",1.89242407719416,0,10.513985211942,0
"2018-05-07 12:20:35",2.28777076389192,0,19.1426144835116,0
"2018-05-07 12:21:35",2.89506457770295,0,21.8851815364482,0
"2018-05-07 12:22:35",1.49241225632601,0,9.65783991448133,0
"2018-05-07 12:23:35",3.36394991191797,0,11.9156229755341,0
"2018-05-07 12:24:35",1.46961024059948,0,11.583618538023,0
"2018-05-07 12:25:35",5.21994563853676,0,13.6318764252724,0
"2018-05-07 12:26:35",5.56471420569288,0,25.8610516673965,0
"2018-05-07 12:27:35",5.28955650207535,0,13.6644300869427,0
"2018-05-07 12:28:35",1.31372242797557,0,10.6449237141658,0
"2018-05-07 12:29:35",18.7043690903333,0,94.7538576933809,0
"2018-05-07 12:30:35",6.661426882342,0,12.4110658772694,0
"2018-05-07 12:31:35",9.4490361502682,0,16.8349814848187,0
"2018-05-07 12:32:35",6.05686212383461,0,20.3547840607041,0
"2018-05-07 12:33:35",5.33179675333148,0,10.3703861380151,0
"2018-05-07 12:34:35",1.98658598238403,0,11.9111061202699,0
"2018-05-07 12:35:35",1.55194482453419,0,9.67735265035894,0
"2018-05-07 12:36:35",2.43575094915993,0,31.6569496268136,0
"2018-05-07 12:37:36",3.95925600119296,0,31.7911648192045,0
"2018-05-07 12:38:36",5.72779311889231,0,12.2479245291533,0
"2018-05-07 12:39:36",1.28504357904731,0,11.2219179874121,0
"2018-05-07 12:40:36",2.98816768450478,0,11.7799167303261,0
"2018-05-07 12:41:36",3.52873778816131,0,11.6586994524597,0
"2018-05-07 12:42:36",6.79801047606233,0,12.1698307427674,0
"2018-05-07 12:43:36",4.29882403381656,0,22.6100281385334,0
"2018-05-07 12:44:36",6.66866209190815,0,11.0577644828418,0
"2018-05-07 12:45:36",2.61227663873968,0,13.1701316929085,0
"2018-05-07 12:46:36",3.82483486903477,0,11.1161729355928,0
"2018-05-07 12:47:36",2.82313353601797,0,11.2438893674317,0
"2018-05-07 12:48:36",4.32664905571709,0,23.9551991941039,0
"2018-05-07 12:49:36",3.91222600515312,0,15.7222654866975,0
"2018-05-07 12:50:36",3.04510453581604,0,12.1370885899211,0
"2018-05-07 12:51:36",4.77079008004393,0,15.2924901296603,0
"2018-05-07 12:52:36",2.24226428730339,0,14.5139240566695,0
"2018-05-07 12:53:36",5.52381979044047,0,13.4247443309703,0
"2018-05-07 12:54:36",4.46564153051712,0,19.7790460027798,0
"2018-05-07 12:55:36",5.4064822845703,0,13.2002452750889,0
"2018-05-07 12:56:36",2.93645778311381,0,11.2536860961008,0
"2018-05-07 12:57:36",2.57401871416889,0,15.5714402189456,0
"2018-05-07 12:58:36",2.05249718208329,0,13.0624509088154,0
"2018-05-07 12:59:36",6.04972737601291,0,21.3260706691732,0
"2018-05-07 13:00:36",5.28509792729766,0,12.579017993997,0
"2018-05-07 13:01:36",2.15040344453685,0,11.4431392168003,0
"2018-05-07 13:02:36",4.14641369836557,0,9.17857371979835,0
"2018-05-07 13:03:36",1.12498268018266,0,10.1992053484359,0
"2018-05-07 13:04:36",5.03890322038818,0,15.719288870715,0
"2018-05-07 13:05:37",4.91881469256501,0,30.9576972297491,0
"2018-05-07 13:06:37",4.16003908028785,0,7.61594715670021,0
"2018-05-07 13:07:37",1.87990450871382,0,10.7365842219307,0
"2018-05-07 13:08:37",3.85736957329436,0,8.41349069877107,0
"2018-05-07 13:09:37",1.92793116754367,0,7.18435864640345,0
"2018-05-07 13:10:37",10.6261037100707,0,19.0524442920194,0
"2018-05-07 13:11:37",1.75727097185426,0,19.5145885146991,0
"2018-05-07 13:12:37",1.87580271309805,0,10.8556155222451,0
"2018-05-07 13:13:37",1.2012315572439,0,11.7059581182837,0
"2018-05-07 13:14:37",9.92504356468133,0,10.9746339761116,0
"2018-05-07 13:15:37",6.34692461663921,0,8.92321449520089,0
"2018-05-07 13:16:37",7.60620008502875,0,17.6278964853506,0
"2018-05-07 13:17:37",5.45620491033855,0,10.2182659975384,0
"2018-05-07 13:18:37",3.05379318534364,0,10.9275433425634,0
"2018-05-07 13:19:37",3.23389626590049,0,9.97420920977672,0
"2018-05-07 13:20:37",1.90608992806449,0,9.63904899374204,0
"2018-05-07 13:21:37",6.82031305942771,0,54.7505911038494,0
"2018-05-07 13:22:37",2.80732565118165,0,20.4014281107173,0
"2018-05-07 13:23:37",3.8380543767228,0,10.8169014721899,0
"2018-05-07 13:24:37",2.08029534813366,0,12.2158626420021,0
"2018-05-07 13:25:37",2.96621739577193,0,11.7415330087785,0
"2018-05-07 13:26:37",2.15003896094721,0,11.4496047277083,0
"2018-05-07 13:27:37",2.64574997892433,0,24.9960640702797,0
"2018-05-07 13:28:37",4.75004478272305,0,30.9975629314222,0
"2018-05-07 13:29:37",2.29853836239864,0,30.4459670405784,0
"2018-05-07 13:30:38",12.5321484072123,0,28.8740651601071,0
"2018-05-07 13:31:38",5.3118940529133,0,18.2981539676631,0
"2018-05-07 13:32:38",8.79722072658308,0,13.2479781093454,0
"2018-05-07 13:33:38",5.50473800990105,0,17.6936964412228,0
"2018-05-07 13:34:38",6.40316697665673,0,13.4686584424735,0
"2018-05-07 13:35:38",4.14958838795191,0,24.1880115693968,0
"2018-05-07 13:36:38",5.20361019097467,0,13.2717315587771,0
"2018-05-07 13:37:38",0.594522341019832,0,15.7815369562081,0
"2018-05-07 13:38:38",4.86418060725082,0,11.0520066249489,0
"2018-05-07 13:39:38",1.00118154355509,0,12.2354301282602,0
"2018-05-07 13:40:38",4.74276177718937,0,11.6123763740215,0
"2018-05-07 13:41:38",8.12631763525618,0,18.1182402228256,0
"2018-05-07 13:42:38",3.17593526965742,0,15.5036228620278,0
"2018-05-07 13:43:38",9.64099809560296,0,24.1254943976308,0
"2018-05-07 13:44:38",6.28207342636485,0,19.8277383402584,0
"2018-05-07 13:45:38",13.2841012442863,0,13.0300778791387,0
"2018-05-07 13:46:38",8.21764952721718,0,20.1581638091408,0
"2018-05-07 13:47:38",8.72511510524076,0,16.9062059514286,0
"2018-05-07 13:48:38",4.97958080595051,0,14.4700990955194,0
"2018-05-07 13:49:38",7.36122639420564,0,12.0492440526083,0
"2018-05-07 13:50:38",3.67959463701137,0,18.0978951302874,0
"2018-05-07 13:51:38",3.13716533277619,0,15.4741045594312,0
"2018-05-07 13:52:38",3.88752252679456,0,25.1879457534011,0
"2018-05-07 13:53:38",2.46231466343556,0,12.0857181973718,0
"2018-05-07 13:54:39",2.38275150714942,0,13.5274341176414,0
"2018-05-07 13:55:39",0.912863832137275,0,14.7770030883578,0
"2018-05-07 13:56:39",2.97637267472686,0,13.5498142552679,0
"2018-05-07 13:57:39",2.45762762521284,0,17.1000153397259,0
"2018-05-07 13:58:39",4.37130960960251,0,24.4946208335189,0
"2018-05-07 13:59:39",1.69334126653207,0,10.6160059991684,0
"2018-05-07 14:00:39",3.22716391042771,0,8.9812740164365,0
"2018-05-07 14:01:39",1.52626620602019,0,8.93275826452171,0
"2018-05-07 14:02:39",4.12715323093665,0,10.2061416997577,0
"2018-05-07 14:03:39",7.16009235653164,0,23.7432680439869,0
"2018-05-07 14:04:39",3.86165100463105,0,9.74454660483828,0
"2018-05-07 14:05:39",1.77930583597383,0,8.6015868074775,0
"2018-05-07 14:06:39",2.69357698786489,0,9.71443850774834,0
"2018-05-07 14:07:39",1.8273399744247,0,10.1565177885132,0
"2018-05-07 14:08:39",8.29943757118799,0,23.4589688139942,0
"2018-05-07 14:09:39",8.30210325614449,0,22.7272185412397,0
"2018-05-07 14:10:39",1.28648344969725,0,11.7657709440885,0
"2018-05-07 14:11:39",3.6670901033863,0,12.724270007264,0
"2018-05-07 14:12:39",1.96536791453209,0,9.90534011375864,0
"2018-05-07 14:13:39",2.27167326615588,0,10.4690979423078,0
"2018-05-07 14:14:39",2.48021590513372,0,23.6237544112002,0
"2018-05-07 14:15:39",5.10449256599741,0,11.8708504541641,0
"2018-05-07 14:16:39",1.80348506458835,0,12.4985577017741,0
"2018-05-07 14:17:39",4.56233121387016,0,13.2838391806325,0
"2018-05-07 14:18:39",2.63683740064585,0,13.9820050057987,0
"2018-05-07 14:19:39",2.25923843201658,0,12.6053444849155,0
"2018-05-07 14:20:39",4.12823601104681,0,21.5081384319416,0
"2018-05-07 14:21:39",4.81283681414064,0,15.5791053374292,0
"2018-05-07 14:22:39",9.01034186336401,0,14.4991717685035,0
"2018-05-07 14:23:40",2.74315540500122,0,20.5748251184813,0
"2018-05-07 14:24:40",3.23678303067128,0,19.6547036028203,0
"2018-05-07 14:25:40",5.8239156938966,0,29.1270404374818,0
"2018-05-07 14:26:40",7.3749370275106,0,15.8811280216083,0
"2018-05-07 14:27:40",4.05290602534356,0,16.3919327012015,0
"2018-05-07 14:28:40",4.94547460316014,0,15.6564548146738,0
"2018-05-07 14:29:40",2.52357169945576,0,16.8423081978331,0
"2018-05-07 14:30:40",17.6271369790772,0,118.784670511367,0
"2018-05-07 14:31:40",7.13671250439079,0,29.6206046604015,0
"2018-05-07 14:32:40",4.84945260346281,0,17.3261368335997,0
"2018-05-07 14:33:40",3.31239529785477,0,22.7941818937643,0
"2018-05-07 14:34:40",2.52117054078534,0,17.1998056411811,0
"2018-05-07 14:35:40",6.41055632465099,0,16.0082274366871,0
"2018-05-07 14:36:40",2.91359450896221,0,26.931623336098,0
"2018-05-07 14:37:40",14.7884515205425,0,22.7494831449053,0
"2018-05-07 14:38:40",4.30381757336185,0,12.4407583885182,0
"2018-05-07 14:39:40",5.61455639555158,0,11.3653669003289,0
"2018-05-07 14:40:40",2.41454708342314,0,14.4641803930982,0
"2018-05-07 14:41:40",3.59026046481463,0,15.1618919902424,0
"2018-05-07 14:42:40",5.05283248268994,0,18.7606133381761,0
"2018-05-07 14:43:40",6.283816807295,0,17.4103708536682,0
"2018-05-07 14:44:40",4.50828399268841,0,17.4124575536081,0
"2018-05-07 14:45:40",6.2470819575991,0,17.419411744485,0
"2018-05-07 14:46:40",4.13039138357162,0,18.4525241644629,0
"2018-05-07 14:47:40",4.75002003770281,0,20.9936112178588,0
"2018-05-07 14:48:40",10.1213901496864,0,24.5272320129175,0
"2018-05-07 14:49:41",2.83103781092671,0,16.3585879287966,0
"2018-05-07 14:50:41",7.31837302841621,0,14.307492954568,0
"2018-05-07 14:51:41",4.79737754051683,0,13.6507172809591,0
"2018-05-07 14:52:41",4.5529645232538,0,15.320117974295,0
"2018-05-07 14:53:41",5.44089730917476,0,29.2497956952057,0
"2018-05-07 14:54:41",4.6297317330202,0,16.3475064909916,0
"2018-05-07 14:55:41",2.32385837622322,0,15.470438530211,0
"2018-05-07 14:56:41",4.90816430217255,0,13.9622096485467,0
"2018-05-07 14:57:41",1.99968061723312,0,17.572536265465,0
"2018-05-07 14:58:41",2.97245233926786,0,15.4490088949916,0
"2018-05-07 14:59:41",5.31410307134173,0,28.6742336991996,0
"2018-05-07 15:00:41",4.21509178154754,0,13.1140024299192,0
"2018-05-07 15:01:41",7.16861420770298,0,14.5957687139321,0
"2018-05-07 15:02:41",4.91763349105026,0,11.8945640806932,0
"2018-05-07 15:03:41",4.24922487469931,0,81.8768409937997,0
"2018-05-07 15:04:41",5.9910411193129,0,23.662882415663,0
"2018-05-07 15:05:41",9.5505088998223,0,14.7038489916795,0
"2018-05-07 15:06:41",4.84481462526262,0,12.1434913029207,0
"2018-05-07 15:07:41",6.21290820303929,0,11.3795682148587,0
"2018-05-07 15:08:41",4.61749328372029,0,15.1993976534052,0
"2018-05-07 15:09:41",11.6355825984956,0,13.6497957239605,0
"2018-05-07 15:10:41",4.07445267456245,0,21.1491585299402,0
"2018-05-07 15:11:41",4.73905729427046,0,9.50080829042018,0
"2018-05-07 15:12:41",4.11050965696157,0,10.6866862218869,0
"2018-05-07 15:13:41",6.40724097659895,0,16.6738830240939,0
"2018-05-07 15:14:41",7.30870152251657,0,11.6338953539926,0
"2018-05-07 15:15:41",5.3600573639565,0,22.121306619421,0
"2018-05-07 15:16:41",2.15487340944847,0,162.108250845451,0
"2018-05-07 15:17:41",6.60869208616491,0,14.1279042666404,0
"2018-05-07 15:18:42",6.47929102829798,0,10.1173491889974,0
"2018-05-07 15:19:42",3.34353967436641,0,11.0296835160119,0
"2018-05-07 15:20:42",2.46607358620333,0,29.7558648454688,0
"2018-05-07 15:21:42",8.24345733826656,0,19.797312589915,0
"2018-05-07 15:22:42",5.47971547065804,0,12.3163117138779,0
"2018-05-07 15:23:42",3.74684404555469,0,15.3018396074161,0
"2018-05-07 15:24:42",3.03888993405656,0,14.6572767176293,0
"2018-05-07 15:25:42",4.61230190326171,0,14.1355447560812,0
"2018-05-07 15:26:42",3.59048696785563,0,22.3384546844145,0
"2018-05-07 15:27:42",6.07637657307284,0,27.0411462735144,0
"2018-05-07 15:28:42",2.28447188108733,0,15.3005355498743,0
"2018-05-07 15:29:42",5.23042786226234,0,13.5634744895177,0
"2018-05-07 15:30:42",17.359697607036,0,127.003106873799,0
"2018-05-07 15:31:42",16.2303035492583,0,23.4246214196614,0
"2018-05-07 15:32:42",5.5580221290813,0,26.3910124715962,0
"2018-05-07 15:33:42",3.50859157645873,0,21.4636036126387,0
"2018-05-07 15:34:42",3.89972537361084,0,30.36149209159,0
"2018-05-07 15:35:42",2.81868221920664,0,21.0481179010552,0
"2018-05-07 15:36:42",3.03294279567828,0,17.7338766113552,0
"2018-05-07 15:37:42",7.49126439827519,0,33.4192747975202,0
"2018-05-07 15:38:42",4.15840884774137,0,17.1960638050234,0
"2018-05-07 15:39:42",2.04840116241153,0,18.9268384534818,0
"2018-05-07 15:40:43",7.01122544661352,0,23.5742612595801,0
"2018-05-07 15:41:43",13.5991905681122,0,20.9866141259885,0
"2018-05-07 15:42:43",8.37500080653854,0,27.3676457110065,0
"2018-05-07 15:43:43",8.72320863732011,0,22.3907722061645,0
"2018-05-07 15:44:43",8.83264845476186,0,35.6061698509632,0
"2018-05-07 15:45:43",6.80112907370626,0,19.8039821402425,0
"2018-05-07 15:46:43",8.19369643451729,0,21.059396207061,0
"2018-05-07 15:47:43",18.0415578096992,0,52.545713972692,0
"2018-05-07 15:48:43",13.6395042065258,0,27.6836401573762,0
"2018-05-07 15:49:43",4.63141435640178,0,15.3245006399341,0
"2018-05-07 15:50:43",9.78130448016325,0,35.6141264921997,0
"2018-05-07 15:51:43",8.3285297854869,0,26.7187266784987,0
"2018-05-07 15:52:43",2.34652923628987,0,19.9958107538419,0
"2018-05-07 15:53:43",12.5621780447052,0,53.5278402523792,0
"2018-05-07 15:54:43",3.92910604281637,0,25.9963372864157,0
"2018-05-07 15:55:43",1.84473286182664,0,21.2314041752486,0
"2018-05-07 15:56:43",5.43912805278923,0,18.1240412998885,0
"2018-05-07 15:57:43",3.6716809308032,0,31.4562646727146,0
"2018-05-07 15:58:43",3.54124328329487,0,21.3517570293889,0
"2018-05-07 15:59:43",2.66702769210218,0,17.9339907995382,0
"2018-05-07 16:00:43",5.39648505924892,0,28.5505106653775,0
"2018-05-07 16:01:44",9.35524379546153,0,25.146780867711,0
"2018-05-07 16:02:44",2.65915697414655,0,22.6825336654229,0
"2018-05-07 16:03:44",7.63971029466186,0,20.2698117965585,0
"2018-05-07 16:04:44",8.6049651758092,0,34.6925200169555,0
"2018-05-07 16:05:44",3.73737762115617,0,19.0675491791881,0
"2018-05-07 16:06:44",2.82503047047235,0,22.3980818891637,0
"2018-05-07 16:07:44",9.86648807620684,0,37.4483352028493,0
"2018-05-07 16:08:44",5.14066960062263,0,14.912717916082,0
"2018-05-07 16:09:44",9.50186069488142,0,23.7304113447188,0
"2018-05-07 16:10:44",4.49237659666128,0,27.6867957308768,0
"2018-05-07 16:11:44",5.42810698609672,0,21.256161810049,0
"2018-05-07 16:12:44",3.21038522032948,0,16.9288977583201,0
"2018-05-07 16:13:44",6.3133083757133,0,23.9793767823396,0
"2018-05-07 16:14:44",4.76359597601147,0,25.2927988654178,0
"2018-05-07 16:15:44",9.34090528952354,0,23.6588136484624,0
"2018-05-07 16:16:44",4.55083007678151,0,18.7204226537902,0
"2018-05-07 16:17:44",10.371856839723,0,22.6383647827473,0
"2018-05-07 16:18:44",3.62856017965772,0,15.2029460974397,0
"2018-05-07 16:19:44",4.0128607926476,0,19.7549390264811,0
"2018-05-07 16:20:44",6.67417595267938,0,34.2509445276427,0
"2018-05-07 16:21:44",10.4937703126087,0,20.2030898733096,0
"2018-05-07 16:22:44",6.74795371960004,0,14.3915741241066,0
"2018-05-07 16:23:44",4.80724288284299,0,21.6762752832026,0
"2018-05-07 16:24:45",5.30713360412317,0,27.70121759132,0
"2018-05-07 16:25:45",9.04838448456145,0,15.5458881971765,0
"2018-05-07 16:26:45",5.79632365445049,0,16.3558306852643,0
"2018-05-07 16:27:45",18.4128550033576,0,36.0655525177448,0
"2018-05-07 16:28:45",13.7825622331546,0,34.275572936893,0
"2018-05-07 16:29:45",5.61435143764425,0,18.5643581583904,0
"2018-05-07 16:30:45",12.6708731423893,0,39.1547891531831,0
"2018-05-07 16:31:45",9.33497178745281,0,32.1528295129895,0
"2018-05-07 16:32:45",5.89092693971095,0,26.6000815048131,0
"2018-05-07 16:33:45",3.90783447214755,0,23.4359517368136,0
"2018-05-07 16:34:45",5.75672896722335,0,20.5612597657786,0
"2018-05-07 16:35:45",3.31160960607992,0,19.4790897407125,0
"2018-05-07 16:36:45",7.56140940897092,0,28.7257969021587,0
"2018-05-07 16:37:45",10.392167710139,0,26.6556244235669,0
"2018-05-07 16:38:45",6.32158242827449,0,23.9904576219179,0
"2018-05-07 16:39:45",2.26385120808644,0,34.4348612575665,0
"2018-05-07 16:40:45",4.5793377999517,0,17.3871950165632,0
"2018-05-07 16:41:45",1.53017380372105,0,22.2915444276257,0
"2018-05-07 16:42:45",6.32048795304852,0,30.3913875609346,0
"2018-05-07 16:43:45",6.07667659292765,0,25.2718102108276,0
"2018-05-07 16:44:45",3.68484843364884,0,20.795525565018,0
"2018-05-07 16:45:45",4.61068856014174,0,18.8517818150745,0
"2018-05-07 16:46:45",4.10839820736674,0,21.657278207337,0
"2018-05-07 16:47:46",3.78870607377575,0,19.8547821935322,0
"2018-05-07 16:48:46",4.36188689972223,0,29.4694769810276,0
"2018-05-07 16:49:46",6.94707497621821,0,20.0899914802321,0
"2018-05-07 16:50:46",3.51024315212858,0,19.8142262450641,0
"2018-05-07 16:51:46",14.2636231115514,0,23.6529442824221,0
"2018-05-07 16:52:46",4.71050393806872,0,18.182772642921,0
"2018-05-07 16:53:46",6.00822771432773,0,34.7743758170224,0
"2018-05-07 16:54:46",7.94217914192265,0,19.8334195613698,0
"2018-05-07 16:55:46",5.63947483988775,0,16.2886378311891,0
"2018-05-07 16:56:46",2.92788412829612,0,16.1659420320084,0
"2018-05-07 16:57:46",4.76229538973926,0,17.6445951626871,0
"2018-05-07 16:58:46",3.21753575607848,0,16.8611311383253,0
"2018-05-07 16:59:46",5.92713912179327,0,27.980015049571,0
"2018-05-07 17:00:46",3.14158873721311,0,18.6134721754717,0
"2018-05-07 17:01:46",4.3997096338434,0,18.3314556731276,0
"2018-05-07 17:02:46",6.39597073945715,0,18.2916755800822,0
"2018-05-07 17:03:46",6.03755670777425,0,13.7183061161254,0
"2018-05-07 17:04:46",7.97736682392512,0,29.5179792093075,0
"2018-05-07 17:05:46",10.625906931957,0,21.9417379909442,0
"2018-05-07 17:06:46",7.40039086904936,0,18.7886115191233,0
"2018-05-07 17:07:46",4.58481673012227,0,13.2024734701865,0
"2018-05-07 17:08:46",7.18108869490534,0,13.7328713552592,0
"2018-05-07 17:09:46",3.8606522917072,0,14.7610096177851,0
"2018-05-07 17:10:47",6.12810529745516,0,16.9885759464639,0
"2018-05-07 17:11:47",4.14408760569361,0,12.6956128118781,0
"2018-05-07 17:12:47",3.83726407990273,0,14.7221486372027,0
"2018-05-07 17:13:47",5.0020227858892,0,18.6303727398745,0
"2018-05-07 17:14:47",5.975459039362,0,16.9690744711878,0
"2018-05-07 17:15:47",4.61262048988116,0,30.7365278263095,0
"2018-05-07 17:16:47",4.26634971989292,0,20.0099507498328,0
"2018-05-07 17:17:47",7.98375855715062,0,23.9253193674718,0
"2018-05-07 17:18:47",11.3653754992966,0,19.8236425025804,0
"2018-05-07 17:19:47",4.88260437702968,0,18.8233070093227,0
"2018-05-07 17:20:47",4.83385272727912,0,16.8024485772995,0
"2018-05-07 17:21:47",10.9398770549621,0,28.664280073817,0
"2018-05-07 17:22:47",3.34075743171403,0,18.0336296228708,0
"2018-05-07 17:23:47",6.35773745587937,0,19.8161679996152,0
"2018-05-07 17:24:47",3.30803217390721,0,16.7970369507705,0
"2018-05-07 17:25:47",3.53700664053875,0,21.1124333088433,0
"2018-05-07 17:26:47",7.46299031550192,0,21.9912090974205,0
"2018-05-07 17:27:47",5.61353921165595,0,29.4565691760282,0
"2018-05-07 17:28:47",4.41914643386846,0,20.635771538798,0
"2018-05-07 17:29:47",1.92406319968817,0,19.773259736661,0
"2018-05-07 17:30:47",5.17269659553868,0,22.7293429632167,0
"2018-05-07 17:31:47",6.36218003873337,0,148.584049084281,0
"2018-05-07 17:32:48",10.0169066339928,0,20.3579107217554,0
"2018-05-07 17:33:48",6.74861289693818,0,18.1872564670929,0
"2018-05-07 17:34:48",8.23861960874915,0,18.7125387905656,0
"2018-05-07 17:35:48",6.52177399907148,0,16.3880659133908,0
"2018-05-07 17:36:48",7.1345751256575,0,20.285187638406,0
"2018-05-07 17:37:48",8.3475238554409,0,24.2864120198274,0
"2018-05-07 17:38:48",5.53139733730038,0,16.5876993457373,0
"2018-05-07 17:39:48",4.94334683572955,0,19.4155478612728,0
"2018-05-07 17:40:48",4.11856458113148,0,23.4725280595019,0
"2018-05-07 17:41:48",7.1823574705249,0,19.480625123879,0
"2018-05-07 17:42:48",5.01131045677739,0,30.7876980013423,0
"2018-05-07 17:43:48",8.25211493789923,0,40.4346198441408,0
"2018-05-07 17:44:48",3.07065156835455,0,25.0976801664125,0
"2018-05-07 17:45:48",4.18061509540268,0,38.0738364070654,0
"2018-05-07 17:46:48",9.44198472089334,0,22.0370312100274,0
"2018-05-07 17:47:48",10.4486649933872,0,20.137425124044,0
"2018-05-07 17:48:48",12.8900621110129,0,26.3503289769177,0
"2018-05-07 17:49:48",16.3596798991863,0,125.970372294608,0
"2018-05-07 17:50:48",6.1572464422229,0,17.8304157369242,0
"2018-05-07 17:51:48",4.88292494728799,0,20.6859469346868,0
"2018-05-07 17:52:48",5.26025830250168,0,22.133890639858,0
"2018-05-07 17:53:49",11.6007864002023,0,40.2670162236528,0
"2018-05-07 17:54:49",6.95016698433698,0,27.8627134491617,0
"2018-05-07 17:55:49",2.33082417725643,0,21.1216861788377,0
"2018-05-07 17:56:49",7.3296173672138,0,23.4194758676595,0
"2018-05-07 17:57:49",3.70246198268303,0,21.5611280887266,0
"2018-05-07 17:58:49",4.84525979001504,0,25.2518039879671,0
"2018-05-07 17:59:49",10.393009033384,0,36.359854765396,0
"2018-05-07 18:00:49",9.2760950517492,0,18.7736575842428,0
"2018-05-07 18:01:49",1.46918938813445,0,14.603210960646,0
"2018-05-07 18:02:49",2.35930016114606,0,16.2177337252738,0
"2018-05-07 18:03:49",2.17159540609921,0,16.7645863353175,0
"2018-05-07 18:04:49",8.07104123439624,0,22.9193046409425,0
"2018-05-07 18:05:49",4.58482320213486,0,25.0439624458154,0
"2018-05-07 18:06:49",1.51790319156876,0,14.9585682211206,0
"2018-05-07 18:07:49",2.68454307970949,0,18.1758237256306,0
"2018-05-07 18:08:49",1.5292685165809,0,16.9381561165284,0
"2018-05-07 18:09:49",4.90448834376067,0,17.7047307257735,0
"2018-05-07 18:10:49",3.23101150438944,0,31.5182719548044,0
"2018-05-07 18:11:49",3.2495519378085,0,20.4945363993012,0
"2018-05-07 18:12:49",2.59918017878977,0,14.343662006732,0
"2018-05-07 18:13:49",2.51663663353429,0,16.4025166683926,0
"2018-05-07 18:14:49",3.18886881497026,0,17.0385658818813,0
"2018-05-07 18:15:49",3.62665897793926,0,20.6904988731092,0
"2018-05-07 18:16:49",4.64987898535964,0,23.1528398564438,0
"2018-05-07 18:17:49",3.23417879235838,0,18.9067307609454,0
"2018-05-07 18:18:49",3.84699017290393,0,16.5390831884821,0
"2018-05-07 18:19:49",2.41603391018674,0,19.3430946510746,0
"2018-05-07 18:20:49",3.81444097003076,0,58.6294700066226,0
"2018-05-07 18:21:49",1.79855350161974,0,34.070911978787,0
"2018-05-07 18:22:49",5.53298804440584,0,29.045950127001,0
"2018-05-07 18:23:49",4.93732486555041,0,14.9744347985587,0
"2018-05-07 18:24:50",3.78284358451301,0,17.1043312870231,0
"2018-05-07 18:25:50",2.40435606866709,0,18.2081812042409,0
"2018-05-07 18:26:50",3.57126387272788,0,16.9135851131169,0
"2018-05-07 18:27:50",2.90567059220206,0,22.9318084658227,0
"2018-05-07 18:28:50",3.26779254637511,0,17.1201979002978,0
"2018-05-07 18:29:50",2.1731806320939,0,16.1610598023696,0
"2018-05-07 18:30:50",3.36886169777831,0,17.7463806934307,0
"2018-05-07 18:31:50",4.36418606682393,0,37.9551540028939,0
"2018-05-07 18:32:50",8.97011638349564,0,29.6526239064748,0
"2018-05-07 18:33:50",5.82581611872678,0,19.6191278104831,0
"2018-05-07 18:34:50",3.48721720829266,0,18.8944334622747,0
"2018-05-07 18:35:50",3.81969901352306,0,21.9020786976795,0
"2018-05-07 18:36:50",5.76099957163622,0,13.0180767962972,0
"2018-05-07 18:37:50",6.00335905734605,0,25.128837411203,0
"2018-05-07 18:38:50",5.95060136067081,0,13.5645695810522,0
"2018-05-07 18:39:50",3.81595304086271,0,12.0277161889636,0
"2018-05-07 18:40:50",3.2234298164371,0,12.3308952099207,0
"2018-05-07 18:41:50",4.86163738473872,0,10.9965090518722,0
"2018-05-07 18:42:50",2.20830616327587,0,17.7957745231433,0
"2018-05-07 18:43:50",5.77804325838129,0,26.6264663928117,0
"2018-05-07 18:44:50",2.83275801007482,0,17.09139954795,0
"2018-05-07 18:45:50",4.80781128325009,0,16.8111461924518,0
"2018-05-07 18:46:51",5.90460996700347,0,14.9354847346828,0
"2018-05-07 18:47:51",2.1921639618501,0,14.7046556528123,0
"2018-05-07 18:48:51",9.19447108224249,0,32.1916001193272,0
"2018-05-07 18:49:51",5.0199914764151,0,16.1973423172865,0
"2018-05-07 18:50:51",3.77690178451006,0,15.0568174626069,0
"2018-05-07 18:51:51",3.0983961131446,0,16.4880379393347,0
"2018-05-07 18:52:51",7.20165824248473,0,17.0846314505699,0
"2018-05-07 18:53:51",4.3026584706144,0,17.8051034405809,0
"2018-05-07 18:54:51",8.20850708505336,0,29.6832638892193,0
"2018-05-07 18:55:51",2.64463930414611,0,22.5681495941483,0
"2018-05-07 18:56:51",4.6775410906331,0,16.6593461449959,0
"2018-05-07 18:57:51",2.10611689904488,0,18.1092333179542,0
"2018-05-07 18:58:51",2.24801555981604,0,18.2126098418248,0
"2018-05-07 18:59:51",5.26456289867626,0,62.1595533658943,0
"2018-05-07 19:00:51",8.73366225724337,0,26.6929282509648,0
"2018-05-07 19:01:51",4.60634391823205,0,19.3661230247228,0
"2018-05-07 19:02:51",5.27845445571822,0,13.3242794622245,0
"2018-05-07 19:03:51",7.59951190555039,0,12.9457340601434,0
"2018-05-07 19:04:51",5.35738951080105,0,18.1588027533687,0
"2018-05-07 19:05:51",8.55605702554632,0,15.9049298854897,0
"2018-05-07 19:06:51",4.5397208535081,0,13.4379177290984,0
"2018-05-07 19:07:51",5.10196236861096,0,15.4016858390871,0
"2018-05-07 19:08:52",3.98417588746194,0,12.6606654938488,0
"2018-05-07 19:09:52",3.99899523541305,0,15.4954006041431,0
"2018-05-07 19:10:52",3.8816732296651,0,19.1007942707759,0
"2018-05-07 19:11:52",8.67957615553485,0,26.7619222584609,0
"2018-05-07 19:12:52",11.255126756645,0,17.1486001506061,0
"2018-05-07 19:13:52",2.57581115951732,0,13.7206568409074,0
"2018-05-07 19:14:52",8.58893529675245,0,16.9783968744849,0
"2018-05-07 19:15:52",2.20816797985962,0,15.5592114870056,0
"2018-05-07 19:16:52",5.77974564000399,0,28.2759758955447,0
"2018-05-07 19:17:52",3.0686897345127,0,16.1133800123558,0
"2018-05-07 19:18:52",5.83489496247485,0,17.1648032401752,0
"2018-05-07 19:19:52",4.82797140549767,0,18.3069368352619,0
"2018-05-07 19:20:52",4.59022338025416,0,16.1134290938314,0
"2018-05-07 19:21:52",3.49828340111372,0,18.0057455056715,0
"2018-05-07 19:22:52",14.564235261924,0,27.5472876176122,0
"2018-05-07 19:23:52",3.47884833125899,0,15.4616309431207,0
"2018-05-07 19:24:52",3.87107024430338,0,18.617421748169,0
"2018-05-07 19:25:52",5.3118634781017,0,18.0148869833254,0
"2018-05-07 19:26:52",2.90706497239531,0,19.3963989944748,0
"2018-05-07 19:27:52",10.2801130137598,0,36.4315454420497,0
"2018-05-07 19:28:52",5.88307570253039,0,18.3159374040456,0
"2018-05-07 19:29:52",5.53910759764625,0,17.4113708951261,0
"2018-05-07 19:30:52",4.78966022539553,0,19.9832457420586,0
"2018-05-07 19:31:52",5.47989833444919,0,19.8961655023667,0
"2018-05-07 19:32:52",4.46215274756417,0,79.0966021863579,0
"2018-05-07 19:33:53",10.1275782218248,0,19.49649297236,0
"2018-05-07 19:34:53",3.57618797571403,0,20.5270775667112,0
"2018-05-07 19:35:53",3.42492202739532,0,18.8057368703828,0
"2018-05-07 19:36:53",3.05149175141504,0,21.2609333656502,0
"2018-05-07 19:37:53",1.77953362627042,0,20.1368804157287,0
"2018-05-07 19:38:53",5.57219911761005,0,25.0559535994993,0
"2018-05-07 19:39:53",2.10334294923266,0,19.77794125736,0
"2018-05-07 19:40:53",6.32953596657689,0,22.9845686700877,0
"2018-05-07 19:41:53",3.47011655308512,0,17.1290914448794,0
"2018-05-07 19:42:53",5.78474562807273,0,17.368150662046,0
"2018-05-07 19:43:53",3.48763609865627,0,36.8073208412425,0
"2018-05-07 19:44:53",5.75010525614571,0,22.3435535420416,0
"2018-05-07 19:45:53",2.68590498887913,0,24.1989747041272,0
"2018-05-07 19:46:53",6.76313584180355,0,18.0770776128521,0
"2018-05-07 19:47:53",5.19857826360917,0,21.678034710604,0
"2018-05-07 19:48:53",9.01312278526209,0,18.8703084588732,0
"2018-05-07 19:49:53",9.39425448681903,0,24.0221636752271,0
"2018-05-07 19:50:53",5.99517186587945,0,15.7360609116839,0
"2018-05-07 19:51:54",6.70388528662265,0,16.7946815859118,0
"2018-05-07 19:52:54",3.09100133547385,0,22.0912134051265,0
"2018-05-07 19:53:54",6.00751113151156,0,33.2681749071314,0
"2018-05-07 19:54:54",10.4829607698472,0,31.5010077354441,0
"2018-05-07 19:55:54",3.55849861437152,0,28.3895565184022,0
"2018-05-07 19:56:54",3.58164303367102,0,15.8410331757035,0
"2018-05-07 19:57:54",3.1703219539904,0,19.0555428803477,0
"2018-05-07 19:58:54",3.23043331836558,0,19.2891426997684,0
"2018-05-07 19:59:54",5.90063271111575,0,25.5276703670971,0
"2018-05-07 20:00:54",13.7650150527435,0,21.1970497300256,0
"2018-05-07 20:01:54",3.27839557526347,0,13.5492476522758,0
"2018-05-07 20:02:54",2.14921515350862,0,12.6602197789565,0
"2018-05-07 20:03:54",1.22553742919941,0,13.6710736577258,0
"2018-05-07 20:04:54",2.17029936014832,0,35.2528524309576,0
"2018-05-07 20:05:54",3.12382951442872,0,24.006036039931,0
"2018-05-07 20:06:54",7.04686995298326,0,27.300327321673,0
"2018-05-07 20:07:54",2.0308713355943,0,12.6267950981592,0
"2018-05-07 20:08:54",3.11351029826962,0,15.4701794167535,0
"2018-05-07 20:09:54",1.5351143538026,0,15.6747626469777,0
"2018-05-07 20:10:54",2.63444117556222,0,13.9938041446552,0
"2018-05-07 20:11:54",6.28445217344351,0,25.3838504252089,0
"2018-05-07 20:12:54",3.5207196609885,0,14.9429545529295,0
"2018-05-07 20:13:54",1.83850563131583,0,12.7831452382246,0
"2018-05-07 20:14:54",1.52331202353604,0,14.8351218035399,0
"2018-05-07 20:15:55",2.49927908258748,0,14.2100253901593,0
"2018-05-07 20:16:55",4.08822102321896,0,20.6641410819038,0
"2018-05-07 20:17:55",6.5733476591933,0,22.7959959542784,0
"2018-05-07 20:18:55",2.79877640942684,0,14.6316729034345,0
"2018-05-07 20:19:55",3.53791498204928,0,15.2978192964607,0
"2018-05-07 20:20:55",3.68868398027202,0,15.0579945025582,0
"2018-05-07 20:21:55",3.09409676381692,0,208.926647966932,1
"2018-05-07 20:22:55",4.15367547098221,0,30.7912201315757,0
"2018-05-07 20:23:55",4.09234728111992,0,18.511093418294,0
"2018-05-07 20:24:55",3.15004292478253,0,14.4193004038034,0
"2018-05-07 20:25:55",2.88460048987479,0,16.1365044636202,0
"2018-05-07 20:26:55",2.79722462776182,0,14.2383670184596,0
"2018-05-07 20:27:55",2.95631822012411,0,14.2635252777846,0
"2018-05-07 20:28:55",4.58305250886807,0,25.5756878916449,0
"2018-05-07 20:29:55",2.74567689325784,0,17.5887287626806,0
"2018-05-07 20:30:55",3.48505789113686,0,17.5623491324582,0
"2018-05-07 20:31:55",2.60167790824442,0,17.4642933996655,0
"2018-05-07 20:32:55",24.3323933940276,0,115.188391746122,0
"2018-05-07 20:33:55",7.75252605783082,0,27.4027628637988,0
"2018-05-07 20:34:55",3.36708043803817,0,54.7232649127935,0
"2018-05-07 20:35:55",6.5560781978568,0,12.9458643559005,0
"2018-05-07 20:36:55",5.58977405168425,0,14.4593100329857,0
"2018-05-07 20:37:55",4.10592752788287,0,13.3341112366241,0
"2018-05-07 20:38:55",5.07095500672865,0,38.3375557286124,0
"2018-05-07 20:39:56",5.32257249884483,0,19.8449732555531,0
"2018-05-07 20:40:56",2.73636967277536,0,12.3886764038777,0
"2018-05-07 20:41:56",2.77076374779536,0,12.8014327227648,0
"2018-05-07 20:42:56",2.8515264182106,0,14.3387180251329,0
"2018-05-07 20:43:56",2.41724538401089,0,18.2467638720808,0
"2018-05-07 20:44:56",2.23200776145729,0,27.7280190114527,0
"2018-05-07 20:45:56",6.26700255367592,0,30.8304146860337,0
"2018-05-07 20:46:56",3.28080979212889,0,18.3904792845029,0
"2018-05-07 20:47:56",3.98769435003044,0,17.9612502320081,0
"2018-05-07 20:48:56",4.44445392042753,0,14.9546268721269,0
"2018-05-07 20:49:56",5.20601684322539,0,14.1297433751717,0
"2018-05-07 20:50:56",3.37661893356585,0,17.9232993487763,0
"2018-05-07 20:51:56",5.64751871320113,0,13.5193278428541,0
"2018-05-07 20:52:56",2.3782782047614,0,14.3754794197412,0
"2018-05-07 20:53:56",3.78200095625937,0,11.5796535188293,0
"2018-05-07 20:54:56",2.25653664250748,0,14.0119504000478,0
"2018-05-07 20:55:56",4.04369944572891,0,24.2165869982216,0
"2018-05-07 20:56:56",5.86658418726523,0,22.1235364456426,0
"2018-05-07 20:57:56",1.78672014188811,0,17.5277692622356,0
"2018-05-07 20:58:56",4.46104044277798,0,17.6056754704853,0
"2018-05-07 20:59:56",4.54232643214251,0,17.498186529603,0
"2018-05-07 21:00:56",2.11748400358982,0,207.462599572768,1
"2018-05-07 21:01:56",4.89277018364981,0,30.0275427742048,0
"2018-05-07 21:02:56",5.14357140716454,0,14.940508330428,0
"2018-05-07 21:03:57",3.26860186608953,0,16.484456336179,0
"2018-05-07 21:04:57",5.57014683707936,0,19.2267444016507,0
"2018-05-07 21:05:57",1.79464483212442,0,15.4183531125658,0
"2018-05-07 21:06:57",2.15603612809183,0,17.2841028308265,0
"2018-05-07 21:07:57",2.55820944669819,0,26.6882500894658,0
"2018-05-07 21:08:57",2.28553767891401,0,14.3831669990254,0
"2018-05-07 21:09:57",2.60507818255238,0,14.2859004207953,0
"2018-05-07 21:10:57",1.61843964163184,0,17.4299788630607,0
"2018-05-07 21:11:57",4.54127604892745,0,14.5763753654964,0
"2018-05-07 21:12:57",3.48641318416813,0,28.7892241949484,0
"2018-05-07 21:13:57",4.51898324510912,0,17.0733403674589,0
"2018-05-07 21:14:57",3.01091975623189,0,14.9463092763901,0
"2018-05-07 21:15:57",3.35060377535402,0,15.2668407544883,0
"2018-05-07 21:16:57",2.61599091389709,0,14.7985262971394,0
"2018-05-07 21:17:57",5.89015539447532,0,17.3659281544652,0
"2018-05-07 21:18:57",13.3586757452807,0,25.5699628778943,0
"2018-05-07 21:19:57",4.60149989958341,0,12.4331293574172,0
"2018-05-07 21:20:57",5.68334900393701,0,12.7376491138774,0
"2018-05-07 21:21:57",3.64397833599077,0,12.5591528364784,0
"2018-05-07 21:22:57",2.90368448121674,0,14.3701039213878,0
"2018-05-07 21:23:57",7.42590246167302,0,25.3827342762726,0
"2018-05-07 21:24:57",4.62968658086456,0,15.6540518904923,0
"2018-05-07 21:25:58",2.04994670730968,0,15.5619279667456,0
"2018-05-07 21:26:58",4.69295323451141,0,16.4149784085353,0
"2018-05-07 21:27:58",4.18039767133247,0,17.3385840608316,0
"2018-05-07 21:28:58",5.33103569229919,0,14.0221872100275,0
"2018-05-07 21:29:58",5.67440493001499,0,22.6479035414753,0
"2018-05-07 21:30:58",4.94473825253917,0,14.7643952109688,0
"2018-05-07 21:31:58",5.43101076864111,0,33.069859124065,0
"2018-05-07 21:32:58",6.80520634115319,0,32.140807204728,0
"2018-05-07 21:33:58",9.68253550658586,0,30.4569079008134,0
"2018-05-07 21:34:58",4.258140371549,0,17.0800411459105,0
"2018-05-07 21:35:58",3.87227154748729,0,18.5433874081355,0
"2018-05-07 21:36:58",2.4129311409289,0,17.1177866949793,0
"2018-05-07 21:37:58",4.14881261558621,0,16.8578539103641,0
"2018-05-07 21:38:58",3.46144772890362,0,25.1421817403606,0
"2018-05-07 21:39:58",3.70758548904666,0,13.1435764502668,0
"2018-05-07 21:40:58",3.46565050581592,0,11.6960981587459,0
"2018-05-07 21:41:58",5.39425149112138,0,12.6230098737346,0
"2018-05-07 21:42:58",3.03511783785759,0,14.4396474708125,0
"2018-05-07 21:43:58",5.66757233027593,0,13.9643203058906,0
"2018-05-07 21:44:58",3.15275416976378,0,39.1240230046895,0
"2018-05-07 21:45:58",3.40941949750557,0,17.680467438792,0
"2018-05-07 21:46:58",9.82006803564118,0,22.249525593795,0
"2018-05-07 21:47:59",11.568265930082,0,15.8042513570111,0
"2018-05-07 21:48:59",4.3759167007126,0,11.9449948452645,0
"2018-05-07 21:49:59",7.13786410270608,0,18.8339368298758,0
"2018-05-07 21:50:59",12.4217316846546,0,77.9966081868648,0
"2018-05-07 21:51:59",3.4665274510105,0,15.5593482776427,0
"2018-05-07 21:52:59",6.24189601281785,0,20.7953643313927,0
"2018-05-07 21:53:59",3.23322188535862,0,17.0716354740668,0
"2018-05-07 21:54:59",4.98859850562971,0,16.5134862700449,0
"2018-05-07 21:55:59",7.40582778787527,0,28.6047378073232,0
"2018-05-07 21:56:59",4.87010341933203,0,19.7763071082472,0
"2018-05-07 21:57:59",2.57895152173378,0,16.936864888717,0
"2018-05-07 21:58:59",2.86379592266326,0,16.3729498841392,0
"2018-05-07 21:59:59",1.63306172359288,0,16.2317173232957,0
"2018-05-07 22:00:59",4.89571765554784,0,25.0577890895946,0
"2018-05-07 22:01:59",3.38755311032214,0,24.7146888453916,0
"2018-05-07 22:02:59",2.22639497679164,0,16.1714349218347,0
"2018-05-07 22:03:59",7.72850401654917,0,15.2045001818487,0
"2018-05-07 22:04:59",1.78616261493198,0,12.9109591538903,0
"2018-05-07 22:05:59",5.00323889062401,0,13.8466312755611,0
"2018-05-07 22:06:59",4.14416010155512,0,24.1729581184224,0
"2018-05-07 22:08:00",4.71714162124079,0,14.2359605273056,0
"2018-05-07 22:09:00",3.75391965761355,0,14.2450040038833,0
"2018-05-07 22:10:00",3.18274101654533,0,12.6240203954224,0
"2018-05-07 22:11:00",2.03737427683055,0,11.280798140345,0
"2018-05-07 22:12:00",1.79903605912747,0,13.3247436813747,0
"2018-05-07 22:13:00",4.30904511361926,0,19.2204917042277,0
"2018-05-07 22:14:00",2.12424296556981,0,12.0208639224309,0
"2018-05-07 22:15:00",2.50163392537414,0,14.0056796569643,0
"2018-05-07 22:16:00",1.40615550303064,0,13.0729207866424,0
"2018-05-07 22:17:00",3.05867436269277,0,13.8111424398603,0
"2018-05-07 22:18:00",1.02164161851788,0,25.5249342846081,0
"2018-05-07 22:19:00",3.19505926355916,0,19.8065691385027,0
"2018-05-07 22:20:00",1.56160535341647,0,12.1936982825507,0
"2018-05-07 22:21:00",2.24321539488211,0,12.9028514499653,0
"2018-05-07 22:22:00",1.80341322227091,0,12.3818078276776,0
"2018-05-07 22:23:00",1.77722640640239,0,15.0602240566796,0
"2018-05-07 22:24:00",2.20263574599044,0,20.3846107568975,0
"2018-05-07 22:25:00",4.36145896990741,0,11.7664389838637,0
"2018-05-07 22:26:00",1.70897738357131,0,13.5724208754645,0
"2018-05-07 22:27:00",2.82061867302993,0,11.7529540822051,0
"2018-05-07 22:28:00",1.99106877831878,0,15.1196864232778,0
"2018-05-07 22:29:00",1.65741488674851,0,25.5629520019249,0
"2018-05-07 22:30:00",4.87171161586938,0,20.3336743315352,0
"2018-05-07 22:31:01",1.61342543678886,0,13.7377092696836,0
"2018-05-07 22:32:01",5.87900803275366,0,15.678522893786,0
"2018-05-07 22:33:01",3.34095406587323,0,13.4211791720284,0
"2018-05-07 22:34:01",24.119164792984,0,109.90238748731,0
"2018-05-07 22:35:01",11.079006003272,0,28.8544183039199,0
"2018-05-07 22:36:01",7.35339230423119,0,14.0479387419273,0
"2018-05-07 22:37:01",5.41865739530069,0,13.0349361848119,0
"2018-05-07 22:38:01",5.42128405376739,0,12.0217362026965,0
"2018-05-07 22:39:01",2.36447836442139,0,12.2307207123391,0
"2018-05-07 22:40:01",4.15745179795405,0,18.0665577218839,0
"2018-05-07 22:41:01",4.42472498849462,0,19.6860497033458,0
"2018-05-07 22:42:01",2.60396055225362,0,10.801436361216,0
"2018-05-07 22:43:01",5.48786288666376,0,14.7541034027632,0
"2018-05-07 22:44:01",2.86921155086202,0,14.6080686454517,0
"2018-05-07 22:45:01",6.67731587633423,0,21.2725925021375,0
"2018-05-07 22:46:01",6.64315098753945,0,26.37595704807,0
"2018-05-07 22:47:01",6.52817096161665,0,96.0937869227214,0
"2018-05-07 22:48:01",3.43372051958402,0,15.4294496751168,0
"2018-05-07 22:49:01",4.36140436184974,0,15.7135790482635,0
"2018-05-07 22:50:01",2.88885287877367,0,18.8429168992348,0
"2018-05-07 22:51:01",9.11713172466837,0,29.6201363668456,0
"2018-05-07 22:52:01",4.02578700747077,0,26.6601385301953,0
"2018-05-07 22:53:01",3.11885958912037,0,17.8353677407821,0
"2018-05-07 22:54:01",6.60157882367537,0,15.539075146503,0
"2018-05-07 22:55:01",5.59888501103662,0,12.4003496093675,0
"2018-05-07 22:56:02",4.25387101780885,0,16.1502616639246,0
"2018-05-07 22:57:02",3.37064551082194,0,30.0700249897238,0
"2018-05-07 22:58:02",2.84825288841325,0,38.6231629030667,0
"2018-05-07 22:59:02",5.499429955818,0,19.6313241968723,0
"2018-05-07 23:00:02",4.88205654329845,0,16.0696091063122,0
"2018-05-07 23:01:02",2.63309366807375,0,18.2415741268763,0
"2018-05-07 23:02:02",2.96473228213329,0,15.2980191298812,0
"2018-05-07 23:03:02",4.02987774498009,0,26.1577124406732,0
"2018-05-07 23:04:02",3.50150567123113,0,15.197042031255,0
"2018-05-07 23:05:02",2.61626041560103,0,16.6839295479528,0
"2018-05-07 23:06:02",3.29935939981487,0,16.2125146125025,0
"2018-05-07 23:07:02",2.8158634048834,0,20.2655705159001,0
"2018-05-07 23:08:02",4.86185339733705,0,25.1821328773508,0
"2018-05-07 23:09:02",7.11892022849964,0,15.4994549205507,0
"2018-05-07 23:10:02",3.12391618446623,0,21.4403118237094,0
"2018-05-07 23:11:02",12.1985533038876,0,14.3644240335174,0
"2018-05-07 23:12:02",4.87550663617912,0,13.2900925284327,0
"2018-05-07 23:13:02",4.79984639705971,0,12.7731676461475,0
"2018-05-07 23:14:02",2.76208179496962,0,21.7345964140439,0
"2018-05-07 23:15:02",5.73606282049228,0,16.2555370434688,0
"2018-05-07 23:16:02",2.75207535578819,0,12.424535264269,0
"2018-05-07 23:17:02",2.64763372805141,0,13.7945028069347,0
"2018-05-07 23:18:03",2.53040537574409,0,16.8580269720596,0
"2018-05-07 23:19:03",3.51928400477376,0,22.8732437614836,0
"2018-05-07 23:20:03",4.01845362838843,0,22.2379930491164,0
"2018-05-07 23:21:03",4.45556355318157,0,18.4416621928627,0
"2018-05-07 23:22:03",5.64166172618988,0,12.0256768385372,0
"2018-05-07 23:23:03",2.85267737117256,0,13.1903412466835,0
"2018-05-07 23:24:03",7.42698848563189,0,14.0198506693608,0
"2018-05-07 23:25:03",6.40250701550853,0,15.0719985004605,0
"2018-05-07 23:26:03",5.23785222732776,0,13.2416405977846,0
"2018-05-07 23:27:03",2.464924035815,0,15.1100741997204,0
"2018-05-07 23:28:03",4.01809206699238,0,12.9287709863188,0
"2018-05-07 23:29:03",1.36204915771907,0,14.8270301302016,0
"2018-05-07 23:30:03",5.72251585233583,0,20.7852865604234,0
"2018-05-07 23:31:03",2.09980545026471,0,20.338883499726,0
"2018-05-07 23:32:03",3.24357833397185,0,13.3376868460745,0
"2018-05-07 23:33:03",5.56773875854868,0,25.8357865384928,0
"2018-05-07 23:34:03",11.1609787643983,0,33.5298556262678,0
"2018-05-07 23:35:03",9.757620165912,0,36.6552156437382,0
"2018-05-07 23:36:03",4.3217948286015,0,16.5850520850088,0
"2018-05-07 23:37:03",6.66197106200019,0,17.5896123090745,0
"2018-05-07 23:38:03",3.40270416235257,0,16.2238388529525,0
"2018-05-07 23:39:03",6.86446335438503,0,13.3128133496684,0
"2018-05-07 23:40:03",6.12147955160833,0,23.8218848370166,0
"2018-05-07 23:41:03",8.62603277192335,0,11.2580760756632,0
"2018-05-07 23:42:03",3.56698021975338,0,12.2280808777637,0
"2018-05-07 23:43:03",4.057896271558,0,11.6997575304067,0
"2018-05-07 23:44:03",3.61572052537355,0,14.420156696778,0
"2018-05-07 23:45:04",4.66409413310126,0,11.9021739294975,0
"2018-05-07 23:46:04",4.49255042758539,0,24.9811604495914,0
"2018-05-07 23:47:04",2.81614024117495,0,15.7449303693965,0
"2018-05-07 23:48:04",4.59077152167082,0,17.3740452279048,0
"2018-05-07 23:49:04",4.40775386711702,0,11.5749152818442,0
"2018-05-07 23:50:04",9.27683593585502,0,10.1822890826303,0
"2018-05-07 23:51:04",5.72043828924705,0,30.6500530812849,0
"2018-05-07 23:52:04",6.52421658954939,0,14.2029934898276,0
"2018-05-07 23:53:04",5.09641805966483,0,10.5297115161528,0
"2018-05-07 23:54:04",4.41604823091227,0,14.3208307320537,0
"2018-05-07 23:55:04",1.90282591705665,0,15.5646576983072,0
"2018-05-07 23:56:04",3.65114610097093,0,19.4311040563938,0
"2018-05-07 23:57:04",2.41973345330303,0,22.9379972915509,0
"2018-05-07 23:58:04",2.74285450016656,0,17.4677933512861,0
"2018-05-07 23:59:04",12.0008636389064,0,18.9737880736616,0
"2018-05-08 00:00:04",8.2809978174171,0,17.1446282169066,0
"2018-05-08 00:00:06",8.70262230308147,0,17.6864859895862,0
"2018-05-08 00:01:04",4.45539403724012,0,30.5691176014941,0
"2018-05-08 00:02:04",6.03591013355547,0,19.9106116315378,0
"2018-05-08 00:03:04",4.6453339180664,0,31.599717993935,0
"2018-05-08 00:04:04",3.17525246358317,0,18.5242587930668,0
"2018-05-08 00:05:04",4.48019428140084,0,11.3783448977159,0
"2018-05-08 00:06:04",1.84527252148446,0,14.1345328440723,0
"2018-05-08 00:07:04",2.93071637189289,0,20.0062136638912,0
"2018-05-08 00:08:04",6.21989181220068,0,24.1412581770505,0
"2018-05-08 00:09:05",3.34360861197203,0,14.6088563886728,0
"2018-05-08 00:10:05",2.26611602879868,0,12.5716867992902,0
"2018-05-08 00:11:05",2.05187433578121,0,12.4502540721919,0
"2018-05-08 00:12:05",1.98584618931149,0,14.2953327579683,0
"2018-05-08 00:13:05",2.48760174685109,0,20.2050838530691,0
"2018-05-08 00:14:05",6.17648572283049,0,22.7918467794307,0
"2018-05-08 00:15:05",1.0341714057079,0,12.809988892007,0
"2018-05-08 00:16:05",7.12225593844059,0,14.949832858432,0
"2018-05-08 00:17:05",2.38333855364103,0,17.9903829514429,0
"2018-05-08 00:18:05",5.83945501572937,0,13.9140212210314,0
"2018-05-08 00:19:05",2.70752097071106,0,25.7906597727019,0
"2018-05-08 00:20:05",5.92329794823187,0,15.6731501902743,0
"2018-05-08 00:21:05",1.5583704283837,0,12.6795774405654,0
"2018-05-08 00:22:05",3.45129113611814,0,12.8431931870102,0
"2018-05-08 00:23:05",2.70467327062618,0,13.2364277708594,0
"2018-05-08 00:24:05",1.97315666134748,0,13.5564274591944,0
"2018-05-08 00:25:05",4.89859880352013,0,20.0640634826008,0
"2018-05-08 00:26:05",3.86709355298664,0,12.4266032906522,0
"2018-05-08 00:27:05",5.23647313144523,0,13.607430817794,0
"2018-05-08 00:28:05",3.26783712645143,0,14.3035096123814,0
"2018-05-08 00:29:05",5.02978570938429,0,15.1087767321978,0
"2018-05-08 00:30:05",6.76998501794515,0,24.9585656658567,0
"2018-05-08 00:31:05",5.3890404730595,0,18.2882903559394,0
"2018-05-08 00:32:05",6.13264686329139,0,16.936285733196,0
"2018-05-08 00:33:06",6.7252540944691,0,14.3765749710923,0
"2018-05-08 00:34:06",4.74972559083365,0,15.7526489059289,0
"2018-05-08 00:35:06",13.8015620133912,0,16.3283663088001,0
"2018-05-08 00:36:06",11.5501701436078,0,21.734678028597,0
"2018-05-08 00:37:06",7.40397410278452,0,14.0827051108998,0
"2018-05-08 00:38:06",5.6198807026702,0,15.7636422853124,0
"2018-05-08 00:39:06",4.65142790441816,0,15.2947289480469,0
"2018-05-08 00:40:06",8.99807417721493,0,14.7695112791359,0
"2018-05-08 00:41:06",6.45748927377438,0,33.0435471547944,0
"2018-05-08 00:42:06",7.78582429605967,0,22.2091049279298,0
"2018-05-08 00:43:06",4.75374102234181,0,16.3820499538237,0
"2018-05-08 00:44:06",9.1295595304919,0,12.5240217441744,0
"2018-05-08 00:45:06",2.84850133230287,0,21.2828728197172,0
"2018-05-08 00:46:06",5.77623938015271,0,17.4336281452403,0
"2018-05-08 00:47:06",6.70363387799608,0,24.4145264153717,0
"2018-05-08 00:48:06",7.91354360294504,0,17.2500512140417,0
"2018-05-08 00:49:06",4.4491522920078,0,16.4329447605309,0
"2018-05-08 00:50:06",4.19638647583787,0,17.0204042669513,0
"2018-05-08 00:51:06",3.41489550754817,0,16.4907866733698,0
"2018-05-08 00:52:06",4.98841760605612,0,24.687299531006,0
"2018-05-08 00:53:06",6.75387080871656,0,23.4641785823388,0
"2018-05-08 00:54:06",3.23402633484627,0,15.1719363555382,0
"2018-05-08 00:55:06",8.90824291349112,0,13.715543722124,0
"2018-05-08 00:56:06",4.93541768275305,0,17.5623139624712,0
"2018-05-08 00:57:06",5.62148147179378,0,13.598860735302,0
"2018-05-08 00:58:07",5.28033962856329,0,29.1866420752326,0
"2018-05-08 00:59:07",5.41756422122201,0,15.9708617239765,0
"2018-05-08 01:00:07",3.46783957120155,0,14.8299213949809,0
"2018-05-08 01:01:07",3.25677188239991,0,15.543358056597,0
"2018-05-08 01:02:07",2.40784608134889,0,16.6397675078057,0
"2018-05-08 01:03:07",4.08572529952527,0,21.0928118797554,0
"2018-05-08 01:04:07",3.2973768661706,0,25.7884262900495,0
"2018-05-08 01:05:07",3.68307882085972,0,15.2629522675755,0
"2018-05-08 01:06:07",6.57493311542664,0,12.1693194339593,0
"2018-05-08 01:07:07",4.42519990519835,0,12.4305579770267,0
"2018-05-08 01:08:07",8.58125600454112,0,11.7213665940975,0
"2018-05-08 01:09:07",7.09641990754291,0,27.0534776325619,0
"2018-05-08 01:10:07",7.10097734768892,0,14.9652650228699,0
"2018-05-08 01:11:07",4.04632487455769,0,17.1487699968009,0
"2018-05-08 01:12:07",9.46142081988477,0,15.4104609727756,0
"2018-05-08 01:13:07",3.58936288851049,0,11.6459604570494,0
"2018-05-08 01:14:07",7.46303214424702,0,9.39830393563324,0
"2018-05-08 01:15:07",4.3673788279253,0,20.9454362670725,0
"2018-05-08 01:16:07",4.55643842996989,0,10.005008603489,0
"2018-05-08 01:17:07",2.74802504163893,0,10.4628821414174,0
"2018-05-08 01:18:07",2.7866770231074,0,12.5850987725746,0
"2018-05-08 01:19:07",6.15262988407815,0,15.8354337591497,0
"2018-05-08 01:20:07",10.1598562830384,0,26.7784607619712,0
"2018-05-08 01:21:07",8.54554562986022,0,11.9109887801696,0
"2018-05-08 01:22:07",5.2153799429794,0,15.8500241467909,0
"2018-05-08 01:23:07",6.5358725710209,0,10.6050949035828,0
"2018-05-08 01:24:07",2.32709883247402,0,12.9269225591798,0
"2018-05-08 01:25:08",6.3774958823038,0,11.7145054840507,0
"2018-05-08 01:26:08",4.94539424208072,0,23.690195683472,0
"2018-05-08 01:27:08",5.55152635139168,0,12.6628831763928,0
"2018-05-08 01:28:08",2.85017801801859,0,12.6975355540355,0
"2018-05-08 01:29:08",3.27618363138362,0,12.3285358980415,0
"2018-05-08 01:30:08",4.62843723811226,0,15.6455390282764,0
"2018-05-08 01:31:08",4.34262572684059,0,25.1462248967081,0
"2018-05-08 01:32:08",9.49408384948924,0,22.4459260778476,0
"2018-05-08 01:33:08",2.94169605907805,0,13.8217571959553,0
"2018-05-08 01:34:08",10.6793503548338,0,12.3248098488834,0
"2018-05-08 01:35:08",7.97942243854615,0,136.179248707886,0
"2018-05-08 01:36:08",10.8191225966998,0,15.9674977747267,0
"2018-05-08 01:37:08",5.20903370743541,0,14.3646019132604,0
"2018-05-08 01:38:08",4.84129669759321,0,13.5036294159407,0
"2018-05-08 01:39:08",3.35912832325287,0,13.1273133764857,0
"2018-05-08 01:40:08",3.5034858078441,0,12.0893683525455,0
"2018-05-08 01:41:08",5.37790950488552,0,20.7111232890733,0
"2018-05-08 01:42:08",5.63378892296397,0,10.8678503505742,0
"2018-05-08 01:43:08",4.37277949309642,0,36.9907612849606,0
"2018-05-08 01:44:08",2.40366680521313,0,12.0736650833173,0
"2018-05-08 01:45:08",6.97064932893447,0,13.3625777336708,0
"2018-05-08 01:46:08",5.61439554457281,0,20.6940557968359,0
"2018-05-08 01:47:08",13.2530705597256,0,27.4733993351142,0
"2018-05-08 01:48:08",5.15046507300256,0,16.0403866007427,0
"2018-05-08 01:49:08",7.63704109331939,0,14.8541395300278,0
"2018-05-08 01:50:08",5.20483987364451,0,12.8581638877865,0
"2018-05-08 01:51:09",7.71612521527805,0,9.2599142965197,0
"2018-05-08 01:52:09",7.46299720244769,0,36.3219358074726,0
"2018-05-08 01:53:09",8.23161537465195,0,16.2508525389857,0
"2018-05-08 01:54:09",8.29490953474787,0,14.6676742185957,0
"2018-05-08 01:55:09",9.5444106119998,0,11.3234177970931,0
"2018-05-08 01:56:09",5.02292396512847,0,14.1823457703306,0
"2018-05-08 01:57:09",5.53184930168169,0,17.8074116994354,0
"2018-05-08 01:58:09",4.70625108994064,0,37.6486040735662,0
"2018-05-08 01:59:09",2.61996345568997,0,16.7265124599635,0
"2018-05-08 02:00:09",8.86148234414399,0,16.0398744944285,0
"2018-05-08 02:01:09",4.38481771470131,0,18.4125499892742,0
"2018-05-08 02:02:09",4.20515298982772,0,12.1409363155327,0
"2018-05-08 02:03:09",8.99008781502347,0,28.5195994543097,0
"2018-05-08 02:04:09",5.69257775267773,0,15.0889571715349,0
"2018-05-08 02:05:09",6.34758923501232,0,10.3110312777802,0
"2018-05-08 02:06:09",4.48127972897789,0,11.0163034812412,0
"2018-05-08 02:07:09",2.95025361036272,0,10.9014980611709,0
"2018-05-08 02:08:09",4.17315637834212,0,12.1928717578347,0
"2018-05-08 02:09:09",2.86923400029957,0,25.3308806252772,0
"2018-05-08 02:10:09",2.09705093627586,0,10.9562060270383,0
"2018-05-08 02:11:09",4.15328176336415,0,10.6219586210542,0
"2018-05-08 02:12:09",2.70771691457043,0,12.813279717644,0
"2018-05-08 02:13:09",7.47331382370464,0,12.5018649611707,0
"2018-05-08 02:14:09",4.77159481694272,0,23.2805125109023,0
"2018-05-08 02:15:10",4.63655246707379,0,14.5127119083131,0
"2018-05-08 02:16:10",2.66910218917772,0,14.0932448524763,0
"2018-05-08 02:17:10",4.38773570479388,0,11.5296861911496,0
"2018-05-08 02:18:10",1.7194216571525,0,11.4898846703293,0
"2018-05-08 02:19:10",4.10756295969897,0,10.0301592357088,0
"2018-05-08 02:20:10",2.63421018170759,0,16.5034836502782,0
"2018-05-08 02:21:10",4.48032759077335,0,9.9124228599166,0
"2018-05-08 02:22:10",4.6344168311521,0,10.8647152775012,0
"2018-05-08 02:23:10",3.23821539431347,0,12.615946471529,0
"2018-05-08 02:24:10",4.43163581321645,0,10.8932339503499,0
"2018-05-08 02:25:10",3.44488144605459,0,22.2870875998495,0
"2018-05-08 02:26:10",8.96632760299766,0,15.4399739837342,0
"2018-05-08 02:27:10",2.47514058963683,0,15.6344834886647,0
"2018-05-08 02:28:10",3.09830145429776,0,38.5065613352459,0
"2018-05-08 02:29:10",2.82711384300363,0,14.7771012042546,0
"2018-05-08 02:30:10",3.27739461852904,0,14.1863571157709,0
"2018-05-08 02:31:10",5.41037514738384,0,28.5175825486129,0
"2018-05-08 02:32:10",5.57489787361731,0,11.7078567691248,0
"2018-05-08 02:33:10",5.34059941227437,0,12.956010394038,0
"2018-05-08 02:34:10",3.21813225550213,0,12.0425764440704,0
"2018-05-08 02:35:10",4.475284694555,0,13.7593824674087,0
"2018-05-08 02:36:10",7.49750829957718,0,50.1934457606531,0
"2018-05-08 02:37:11",8.88026488351142,0,28.4419366994007,0
"2018-05-08 02:38:11",5.81528086586182,0,16.5855417019496,0
"2018-05-08 02:39:11",8.73722688457043,0,17.5449592453259,0
"2018-05-08 02:40:11",7.84337385930012,0,15.9881571413916,0
"2018-05-08 02:41:11",9.11533308139591,0,14.2480043574941,0
"2018-05-08 02:42:11",10.0870999515382,0,24.9545074806678,0
"2018-05-08 02:43:11",6.45111307488594,0,14.4597195993585,0
"2018-05-08 02:44:11",5.12773532205749,0,13.509119399603,0
"2018-05-08 02:45:11",5.75404731831656,0,14.4138058604952,0
"2018-05-08 02:46:11",3.0879868326155,0,17.4709893175933,0
"2018-05-08 02:47:11",8.88752126348209,0,26.8536477054889,0
"2018-05-08 02:48:11",7.50606194313308,0,29.4793482684662,0
"2018-05-08 02:49:11",4.34643104641557,0,19.8948554910992,0
"2018-05-08 02:50:11",4.94893409636909,0,21.2592144379108,0
"2018-05-08 02:51:11",3.75896463296225,0,20.6720447115113,0
"2018-05-08 02:52:11",3.85288546108615,0,72.3288881194568,0
"2018-05-08 02:53:11",6.26087088484875,0,34.2401872334901,0
"2018-05-08 02:54:11",8.73612757760761,0,16.9117230192245,0
"2018-05-08 02:55:11",4.72149513226738,0,18.1608114029473,0
"2018-05-08 02:56:11",8.55567751324049,0,14.9217102061062,0
"2018-05-08 02:57:11",3.52858191926628,0,18.7754905792278,0
"2018-05-08 02:58:11",5.04812182301246,0,14.7678743064879,0
"2018-05-08 02:59:11",7.01710854992374,0,24.9074621157202,0
"2018-05-08 03:00:11",5.6102726037506,0,14.8902232465889,0
"2018-05-08 03:01:11",5.04175132914251,0,14.5874795107299,0
"2018-05-08 03:02:11",6.51866558188128,0,17.4807979082374,0
"2018-05-08 03:03:11",4.75859391869754,0,13.3702899901591,0
"2018-05-08 03:04:11",4.64512213523549,0,28.0371775487571,0
"2018-05-08 03:05:11",6.24826107785679,0,18.3966897407102,0
"2018-05-08 03:06:12",6.4515262129458,0,12.8851596818817,0
"2018-05-08 03:07:12",6.87233400113702,0,9.49741416105133,0
"2018-05-08 03:08:12",4.28738571297605,0,11.2981330303877,0
"2018-05-08 03:09:12",6.05681816240668,0,9.83304915102842,0
"2018-05-08 03:10:12",7.05805080300713,0,16.5384375563041,0
"2018-05-08 03:11:12",6.65951738782679,0,11.0183788878555,0
"2018-05-08 03:12:12",3.90103699112643,0,11.7734536658137,0
"2018-05-08 03:13:12",3.94077682679222,0,15.6960190175862,0
"2018-05-08 03:14:12",3.70703424264579,0,14.5481669203739,0
"2018-05-08 03:15:12",3.35528292836615,0,23.5767754941183,0
"2018-05-08 03:16:12",7.06360451943607,0,13.3769805726426,0
"2018-05-08 03:17:12",2.7043934051079,0,12.698053016389,0
"2018-05-08 03:18:12",5.97910370410996,0,14.2402938107151,0
"2018-05-08 03:19:12",2.75490092226738,0,12.5016080630761,0
"2018-05-08 03:20:12",7.2183411934787,0,12.1975171955091,0
"2018-05-08 03:21:12",7.49016993271363,0,24.1358120048835,0
"2018-05-08 03:22:12",14.2157791656658,0,13.7032586109029,0
"2018-05-08 03:23:12",3.82453212486604,0,12.0535646255484,0
"2018-05-08 03:24:12",5.82364173139012,0,12.1696138312326,0
"2018-05-08 03:25:12",4.4356109908443,0,11.7131841122228,0
"2018-05-08 03:26:12",5.06888895285126,0,17.1515040882756,0
"2018-05-08 03:27:12",4.80188565867877,0,21.62215232102,0
"2018-05-08 03:28:12",7.18665550225475,0,79.1636565275586,0
"2018-05-08 03:29:12",4.22327699992012,0,15.560429938682,0
"2018-05-08 03:30:12",1.99448260780877,0,15.5592033553427,0
"2018-05-08 03:31:12",5.11788801915181,0,18.0920802011336,0
"2018-05-08 03:32:12",9.0989911200645,0,24.6166597942056,0
"2018-05-08 03:33:12",5.95305176073255,0,15.5977659932714,0
"2018-05-08 03:34:12",4.68005519622835,0,33.117384446688,0
"2018-05-08 03:35:13",6.49626804314555,0,31.1706752160495,0
"2018-05-08 03:36:13",6.18991166306876,0,141.744327020242,0
"2018-05-08 03:37:13",9.77632999101581,0,15.3475944029815,0
"2018-05-08 03:38:13",1.51484728328485,0,17.4457755095402,0
"2018-05-08 03:39:13",4.69207160621809,0,14.0383736548038,0
"2018-05-08 03:40:13",3.78435924759233,0,15.7123299066498,0
"2018-05-08 03:41:13",2.87699336293635,0,12.6095185253626,0
"2018-05-08 03:42:13",7.23405560815994,0,21.3093582052786,0
"2018-05-08 03:43:13",2.48104313423784,0,12.6435842142299,0
"2018-05-08 03:44:13",5.919811974693,0,10.5964015821392,0
"2018-05-08 03:45:13",0.883879917432642,0,16.1352952799069,0
"2018-05-08 03:46:13",8.817039434302,0,13.3555670965637,0
"2018-05-08 03:47:13",5.56923959873682,0,25.4308280062046,0
"2018-05-08 03:48:13",6.91174141768248,0,22.0975200604565,0
"2018-05-08 03:49:13",5.94641537927539,0,24.7178760721339,0
"2018-05-08 03:50:13",8.21997220712454,0,13.2733520135248,0
"2018-05-08 03:51:13",5.51515619490745,0,14.7111764961499,0
"2018-05-08 03:52:13",7.50246008062378,0,13.3457932807549,0
"2018-05-08 03:53:13",5.13661489456095,0,20.715885819763,0
"2018-05-08 03:54:13",5.10756307037585,0,12.2484634510776,0
"2018-05-08 03:55:13",6.72114238927877,0,14.9468521128608,0
"2018-05-08 03:56:13",3.65356286442862,0,16.6760908407075,0
"2018-05-08 03:57:13",8.71005115826499,0,18.7662291478586,0
"2018-05-08 03:58:14",6.47471573305293,0,24.922052532691,0
"2018-05-08 03:59:14",6.18388660155976,0,20.0265364943408,0
"2018-05-08 04:00:14",4.8526507198588,0,13.6698919921899,0
"2018-05-08 04:01:14",7.57924063436339,0,10.9913319944368,0
"2018-05-08 04:02:14",5.08359185836904,0,14.4453417517502,0
"2018-05-08 04:03:14",7.5044265713245,0,11.8362307518121,0
"2018-05-08 04:04:14",6.54507787211856,0,30.3032185235074,0
"2018-05-08 04:05:14",8.5492776464506,0,12.9218661466142,0
"2018-05-08 04:06:14",8.41938410516446,0,9.25983025320488,0
"2018-05-08 04:07:14",8.21985030119724,0,10.2439509973109,0
"2018-05-08 04:08:14",9.85533043324803,0,10.5546674995147,0
"2018-05-08 04:09:14",16.8272922447877,0,22.8398302953096,0
"2018-05-08 04:10:14",15.7126422348111,0,18.1940996654687,0
"2018-05-08 04:11:14",2.39422759687643,0,13.6133939443721,0
"2018-05-08 04:12:14",4.67483778647576,0,8.18875252695531,0
"2018-05-08 04:13:14",2.77432615724044,0,8.73942925058525,0
"2018-05-08 04:14:14",5.27090728111292,0,7.9994972238455,0
"2018-05-08 04:15:14",7.35822131874132,0,21.1501102080737,0
"2018-05-08 04:16:14",4.05584626225127,0,8.03112942391471,0
"2018-05-08 04:17:14",2.38208864000571,0,8.3881018941097,0
"2018-05-08 04:18:14",2.52621152876671,0,8.13791382863989,0
"2018-05-08 04:19:14",1.76041305568515,0,7.11430543774418,0
"2018-05-08 04:20:14",6.34157018806208,0,19.6246954707823,0
"2018-05-08 04:21:14",2.86755181951458,0,19.3727672487175,0
"2018-05-08 04:22:14",0.989049254470353,0,8.36825432079198,0
"2018-05-08 04:23:14",5.55290303186695,0,9.50189903795904,0
"2018-05-08 04:24:14",1.83457819077453,0,13.9438052604426,0
"2018-05-08 04:25:14",8.64057627124758,0,17.0677341563734,0
"2018-05-08 04:26:14",7.18005694440249,0,22.8557858258095,0
"2018-05-08 04:27:15",9.54629237534459,0,11.2110102736793,0
"2018-05-08 04:28:15",4.41252758103511,0,12.0864047275115,0
"2018-05-08 04:29:15",5.32039876771091,0,9.35114933628017,0
"2018-05-08 04:30:15",4.00752713091864,0,10.3875941477307,0
"2018-05-08 04:31:15",4.46898336013557,0,10.7709007557253,0
"2018-05-08 04:32:15",4.33086891594827,0,17.615146221765,0
"2018-05-08 04:33:15",4.37266721686267,0,10.3183332406442,0
"2018-05-08 04:34:15",5.19928672728362,0,11.4932571432957,0
"2018-05-08 04:35:15",2.84199972505465,0,12.0701467543057,0
"2018-05-08 04:36:15",26.4394318575127,0,133.976212449817,0
"2018-05-08 04:37:15",14.2973559959888,0,25.5879812469972,0
"2018-05-08 04:38:15",7.93955406030179,0,144.064288954263,0
"2018-05-08 04:39:15",11.7046346789125,0,13.082601422611,0
"2018-05-08 04:40:15",9.78446529224748,0,12.9355740845698,0
"2018-05-08 04:41:15",6.35494477648766,0,13.4849931737711,0
"2018-05-08 04:42:15",12.9631644125683,0,11.5431359179467,0
"2018-05-08 04:43:15",10.9381641511868,0,19.2113029797798,0
"2018-05-08 04:44:15",8.88932141831893,0,12.60271436458,0
"2018-05-08 04:45:15",5.85480938341244,0,14.1256947085572,0
"2018-05-08 04:46:15",5.55142989789542,0,17.5956461357882,0
"2018-05-08 04:47:15",4.07076443225645,0,19.6265399282943,0
"2018-05-08 04:48:15",5.66881902042571,0,27.4278223472031,0
"2018-05-08 04:49:15",8.0734625967176,0,33.6416538153024,0
"2018-05-08 04:50:15",4.65430377844319,0,23.4303832527109,0
"2018-05-08 04:51:15",3.94290834215528,0,216.516666874126,1
"2018-05-08 04:52:15",5.11271419670256,0,24.4999538843673,0
"2018-05-08 04:53:15",8.87242358444247,0,19.4389333694828,0
"2018-05-08 04:54:16",11.485690061388,0,28.5093331332002,0
"2018-05-08 04:55:16",8.43943486618511,0,18.3471000384941,0
"2018-05-08 04:56:16",7.40767893356805,0,18.087255527236,0
"2018-05-08 04:57:16",6.98193938354161,0,15.8811626795209,0
"2018-05-08 04:58:16",3.89679613278257,0,16.7686919934462,0
"2018-05-08 04:59:16",9.06451464431874,0,27.9143267349154,0
"2018-05-08 05:00:16",6.77099100031829,0,30.9554669008821,0
"2018-05-08 05:01:16",4.38951048679151,0,16.5296810074799,0
"2018-05-08 05:02:16",7.29505144896418,0,17.098873063026,0
"2018-05-08 05:03:16",3.96742267625175,0,17.9097015916076,0
"2018-05-08 05:04:16",4.34159733294771,0,137.472428414486,0
"2018-05-08 05:05:16",5.17866153127473,0,30.333203182603,0
"2018-05-08 05:06:16",8.08919818566488,0,13.9452626564626,0
"2018-05-08 05:07:16",6.0391908310654,0,11.7945564571822,0
"2018-05-08 05:08:16",7.54823020752562,0,10.3934039861323,0
"2018-05-08 05:09:16",5.49514287272025,0,12.6674949030862,0
"2018-05-08 05:10:16",5.42429754234196,0,29.283732458864,0
"2018-05-08 05:11:16",7.86247576684203,0,20.0233770276427,0
"2018-05-08 05:12:16",5.86225784550161,0,11.9546964995582,0
"2018-05-08 05:13:16",5.17862993085803,0,10.7809927924285,0
"2018-05-08 05:14:16",4.80636471869673,0,15.1033088799094,0
"2018-05-08 05:15:16",8.01176418543952,0,10.9718279015724,0
"2018-05-08 05:16:16",6.51252414889983,0,25.930054100817,0
"2018-05-08 05:17:16",4.60847265928893,0,206.587814771166,1
"2018-05-08 05:18:16",6.10775707896807,0,13.1686005197891,0
"2018-05-08 05:19:16",6.87251171235871,0,10.9463791860354,0
"2018-05-08 05:20:16",4.52020981157212,0,13.480517026232,0
"2018-05-08 05:21:16",6.19214600675941,0,11.6604021961664,0
"2018-05-08 05:22:16",7.32873597298372,0,22.0339100144634,0
"2018-05-08 05:23:16",3.91531615252114,0,12.6734528147179,0
"2018-05-08 05:24:17",4.9419505175419,0,12.1832068690678,0
"2018-05-08 05:25:17",11.4103951444483,0,15.9825671164622,0
"2018-05-08 05:26:17",13.4455887900924,0,25.0757242387732,0
"2018-05-08 05:27:17",3.75685477839212,0,29.8697976260257,0
"2018-05-08 05:28:17",8.00066386979865,0,25.4499065988624,0
"2018-05-08 05:29:17",3.42789028107109,0,15.3207546117621,0
"2018-05-08 05:30:17",4.591351386652,0,31.0814513374503,0
"2018-05-08 05:31:17",4.34830981302377,0,15.7601516107754,0
"2018-05-08 05:32:17",6.08508625950292,0,15.7157814419304,0
"2018-05-08 05:33:17",5.8435888169386,0,22.7225825264537,0
"2018-05-08 05:34:17",7.25170915547885,0,14.5659141470827,0
"2018-05-08 05:35:17",6.02297132758084,0,31.768495922852,0
"2018-05-08 05:36:17",6.39288749483273,0,31.2144368048964,0
"2018-05-08 05:37:17",8.15577007595131,0,26.4092920480169,0
"2018-05-08 05:38:17",3.37800650159384,0,15.4337532017002,0
"2018-05-08 05:39:17",6.83486012587599,0,19.7411845724982,0
"2018-05-08 05:40:17",4.49305883686784,0,13.9655569873624,0
"2018-05-08 05:41:17",4.62717361719581,0,14.1365082510275,0
"2018-05-08 05:42:17",4.85913212016202,0,27.7754065478585,0
"2018-05-08 05:43:17",5.59295911627404,0,25.333298471974,0
"2018-05-08 05:44:17",3.06144344960322,0,12.3781563266348,0
"2018-05-08 05:45:17",7.87054217156721,0,10.7539270114471,0
"2018-05-08 05:46:17",2.6506052788217,0,15.3994005618104,0
"2018-05-08 05:47:17",6.80199743955586,0,13.0959712668797,0
"2018-05-08 05:48:17",7.58132946886865,0,38.0023225391409,0
"2018-05-08 05:49:17",4.42658562707562,0,20.906975663234,0
"2018-05-08 05:50:17",3.78895426887813,0,20.4512709338056,0
"2018-05-08 05:51:17",6.61134813666972,0,19.0738944502907,0
"2018-05-08 05:52:17",12.6604411711912,0,16.3827134393061,0
"2018-05-08 05:53:17",13.0109178244581,0,17.7088412192982,0
"2018-05-08 05:54:17",10.4319841396686,0,21.3257613486751,0
"2018-05-08 05:55:18",6.00765101024625,0,14.960345379941,0
"2018-05-08 05:56:18",12.3345112746172,0,31.3771709579662,0
"2018-05-08 05:57:18",4.32866305539579,0,18.2050179797239,0
"2018-05-08 05:58:18",4.46174164260982,0,62.408513073006,0
"2018-05-08 05:59:18",8.76092478298679,0,33.0429631537285,0
"2018-05-08 06:00:18",6.10549104679769,0,12.8116071993028,0
"2018-05-08 06:01:18",5.94643126095157,0,13.1848386103322,0
"2018-05-08 06:02:18",4.49237551749808,0,13.4336291772633,0
"2018-05-08 06:03:18",9.20326421135594,0,11.0538187746045,0
"2018-05-08 06:04:18",8.40290180922099,0,9.33267031370618,0
"2018-05-08 06:05:18",4.01368648507818,0,16.1387431602451,0
"2018-05-08 06:06:18",2.14842787272501,0,7.50450019981624,0
"2018-05-08 06:07:18",6.79208127157185,0,12.902225792657,0
"2018-05-08 06:08:18",1.47719016823953,0,13.7212599809347,0
"2018-05-08 06:09:18",4.72497920653815,0,9.1535493592324,0
"2018-05-08 06:10:18",3.01725574055331,0,20.8127184418435,0
"2018-05-08 06:11:18",4.47948359636804,0,7.66627140535906,0
"2018-05-08 06:12:18",1.65871569154834,0,8.39650642274241,0
"2018-05-08 06:13:18",2.7125201926564,0,6.90325137360849,0
"2018-05-08 06:14:18",1.84963332274127,0,8.17119137116021,0
"2018-05-08 06:15:18",1.35126435419578,0,7.66715596059749,0
"2018-05-08 06:16:18",4.13575588143211,0,15.2032678537553,0
"2018-05-08 06:17:18",1.5766725860449,0,7.7824223740515,0
"2018-05-08 06:18:19",1.55190135062007,0,7.38960354184252,0
"2018-05-08 06:19:19",0.835029721851062,0,8.84407788999671,0
"2018-05-08 06:20:19",2.82917930076137,0,7.81160185313165,0
"2018-05-08 06:21:19",3.12711650145423,0,18.2429332693507,0
"2018-05-08 06:22:19",10.0463938758557,0,20.0459592638981,0
"2018-05-08 06:23:19",2.3689472530664,0,8.97567376036795,0
"2018-05-08 06:24:19",4.10749100745284,0,7.79006861765392,0
"2018-05-08 06:25:19",2.35442743024726,0,9.5331766887482,0
"2018-05-08 06:26:19",2.56267627271859,0,7.90047334984482,0
"2018-05-08 06:27:19",9.75629802943256,0,15.6724035506848,0
"2018-05-08 06:28:19",4.41486799961614,0,7.48915907814114,0
"2018-05-08 06:29:19",2.05107039276528,0,9.00613292565852,0
"2018-05-08 06:30:19",2.41199910348661,0,10.0704306743959,0
"2018-05-08 06:31:19",4.10106675689672,0,9.0568050086796,0
"2018-05-08 06:32:19",5.49329327021838,0,21.0653161097325,0
"2018-05-08 06:33:19",6.27062223870955,0,14.3367084783133,0
"2018-05-08 06:34:19",1.26968100011161,0,13.3219175372862,0
"2018-05-08 06:35:19",8.51457928661612,0,11.9732767055774,0
"2018-05-08 06:36:19",2.73560968856089,0,13.8510076531985,0
"2018-05-08 06:37:19",21.9260202417616,0,116.772952174513,0
"2018-05-08 06:38:19",8.66611422287941,0,39.5390571841951,0
"2018-05-08 06:39:20",7.28640054285126,0,17.4199821367879,0
"2018-05-08 06:40:20",5.06911646330899,0,17.108181412031,0
"2018-05-08 06:41:20",4.97359995085553,0,16.2239865668646,0
"2018-05-08 06:42:20",3.52808143320158,0,16.0054559399357,0
"2018-05-08 06:43:20",6.21657262708254,0,26.0925901567686,0
"2018-05-08 06:44:20",5.82558168965153,0,25.137408068122,0
"2018-05-08 06:45:20",2.85176450702558,0,12.6091455733374,0
"2018-05-08 06:46:20",2.73662147044643,0,14.3916557956016,0
"2018-05-08 06:47:20",4.58471642771948,0,17.1264657854235,0
"2018-05-08 06:48:20",5.46705785325695,0,16.2100989762612,0
"2018-05-08 06:49:20",8.15726434040899,0,26.4567511560343,0
"2018-05-08 06:50:20",4.48177792248812,0,14.631354832379,0
"2018-05-08 06:51:20",4.30807768111652,0,14.1011507986945,0
"2018-05-08 06:52:20",6.70168921729407,0,14.9460041596778,0
"2018-05-08 06:53:20",5.35677157542481,0,13.7024054384602,0
"2018-05-08 06:54:20",7.92245224048387,0,14.3075406970166,0
"2018-05-08 06:55:20",4.72611854759992,0,24.3383445704898,0
"2018-05-08 06:56:20",3.63188193140639,0,14.5370189248141,0
"2018-05-08 06:57:20",4.05461867886549,0,12.0389394521391,0
"2018-05-08 06:58:20",4.0772686979683,0,13.6843645774332,0
"2018-05-08 06:59:20",4.79500136868855,0,14.0081720028652,0
"2018-05-08 07:00:20",2.97821826853414,0,27.2676188555422,0
"2018-05-08 07:01:20",4.71634442004931,0,21.6391969382659,0
"2018-05-08 07:02:20",4.59024320431223,0,13.7671735867165,0
"2018-05-08 07:03:20",4.61470840221958,0,14.2995725253356,0
"2018-05-08 07:04:21",4.28668629110231,0,14.3913473413688,0
"2018-05-08 07:05:21",4.17496379104223,0,12.7196075015134,0
"2018-05-08 07:06:21",2.16417822817567,0,16.0842153761356,0
"2018-05-08 07:07:21",3.54956373584872,0,10.8547992354964,0
"2018-05-08 07:08:21",2.69548499515334,0,13.6566701440427,0
"2018-05-08 07:09:21",5.3542153145082,0,15.1029554046379,0
"2018-05-08 07:10:21",12.1570644312436,0,11.8788975621791,0
"2018-05-08 07:11:21",4.89526856401178,0,21.7389242855294,0
"2018-05-08 07:12:21",7.75805889677261,0,11.9970282492228,0
"2018-05-08 07:13:21",3.97975868642582,0,9.06825582851054,0
"2018-05-08 07:14:21",5.58585382279417,0,13.2788278492068,0
"2018-05-08 07:15:21",3.48015564888749,0,11.0980054935922,0
"2018-05-08 07:16:21",6.54724319052996,0,10.5037061635722,0
"2018-05-08 07:17:21",4.91278393867283,0,19.2021239078769,0
"2018-05-08 07:18:21",5.30661969567069,0,10.1097586687472,0
"2018-05-08 07:19:21",3.81959311440262,0,9.34913936725514,0
"2018-05-08 07:20:21",2.7258319642789,0,9.5585313585229,0
"2018-05-08 07:21:21",2.81893767042733,0,11.7717992738568,0
"2018-05-08 07:22:21",4.30115119032139,0,15.7512423297995,0
"2018-05-08 07:23:21",4.30464676924844,0,19.3197919065284,0
"2018-05-08 07:24:21",2.502616029382,0,10.49776770898,0
"2018-05-08 07:25:21",2.73656309707615,0,14.35513889208,0
"2018-05-08 07:26:21",2.71903843207308,0,13.7017714193045,0
"2018-05-08 07:27:21",7.52165766463872,0,15.6949401117887,0
"2018-05-08 07:28:22",7.55644075661501,0,19.1627913560938,0
"2018-05-08 07:29:22",4.83103422080345,0,11.4158406823661,0
"2018-05-08 07:30:22",2.81356624934898,0,13.3040566514041,0
"2018-05-08 07:31:22",3.54458586017399,0,13.2130898622501,0
"2018-05-08 07:32:22",2.44364991517855,0,12.1699560915363,0
"2018-05-08 07:33:22",8.6876809210446,0,20.381651636784,0
"2018-05-08 07:34:22",4.7478084722962,0,21.4518690254769,0
"2018-05-08 07:35:22",3.42569871939594,0,29.9136241719288,0
"2018-05-08 07:36:22",2.89178453907135,0,28.5424579352009,0
"2018-05-08 07:37:22",2.80408177772522,0,29.0972757176241,0
"2018-05-08 07:38:22",9.97706014354,0,28.5884289752635,0
"2018-05-08 07:39:22",3.18888346068138,0,15.6418376689389,0
"2018-05-08 07:40:22",7.7251189613914,0,12.8527444481364,0
"2018-05-08 07:41:22",5.24307395262314,0,14.9553355541904,0
"2018-05-08 07:42:22",5.28908982327853,0,10.1635057798242,0
"2018-05-08 07:43:22",5.54284181880912,0,20.2390194461146,0
"2018-05-08 07:44:22",10.985528363494,0,12.2911901642812,0
"2018-05-08 07:45:22",2.48285002467102,0,10.1860396058259,0
"2018-05-08 07:46:22",2.98621516822158,0,27.0652049159034,0
"2018-05-08 07:47:22",3.0689056842942,0,8.08346463285947,0
"2018-05-08 07:48:22",5.18412112556609,0,6.41745067649404,0
"2018-05-08 07:49:22",10.8028080412189,0,17.0779912291714,0
"2018-05-08 07:50:22",3.04308101493026,0,9.85093785472895,0
"2018-05-08 07:51:22",5.02399065073826,0,8.59234967016436,0
"2018-05-08 07:52:23",5.22934474972988,0,12.2333919924148,0
"2018-05-08 07:53:23",9.54094356747146,0,12.8870782258628,0
"2018-05-08 07:54:23",6.8455811609768,0,23.2094866409149,0
"2018-05-08 07:55:23",8.18922519747096,0,16.67037965984,0
"2018-05-08 07:56:23",3.79239866196892,0,10.4390046760645,0
"2018-05-08 07:57:23",7.58687207666218,0,8.90111469857116,0
"2018-05-08 07:58:23",2.84795638330249,0,14.7065542649534,0
"2018-05-08 07:59:23",4.55232342548499,0,50.569180010193,0
"2018-05-08 08:00:23",4.29860331735269,0,28.7310187278781,0
"2018-05-08 08:01:23",2.99395845802917,0,10.1643155980737,0
"2018-05-08 08:02:23",3.33962706334579,0,9.96481995075446,0
"2018-05-08 08:03:23",3.09564831213547,0,10.6801018851348,0
"2018-05-08 08:04:23",4.02409919086039,0,11.3007926881073,0
"2018-05-08 08:05:23",6.93851566964966,0,25.523547079911,0
"2018-05-08 08:06:23",7.48095161322325,0,22.5466756744463,0
"2018-05-08 08:07:23",10.2975859507722,0,11.3087334420067,0
"2018-05-08 08:08:23",7.31564109888196,0,10.6539503606821,0
"2018-05-08 08:09:23",7.87479782932162,0,12.9162839971296,0
"2018-05-08 08:10:23",10.3251575641754,0,9.80209654837778,0
"2018-05-08 08:11:23",12.0587532910357,0,25.3599377955011,0
"2018-05-08 08:12:23",9.95942962261072,0,10.9221384413579,0
"2018-05-08 08:13:23",9.68512819031532,0,9.31536662398753,0
"2018-05-08 08:14:23",10.1228919538036,0,9.520523013847,0
"2018-05-08 08:15:23",11.9161349683251,0,9.83065552839813,0
"2018-05-08 08:16:23",9.68806907216329,0,13.6461885241503,0
"2018-05-08 08:17:23",15.4805041218884,0,26.4112564970525,0
"2018-05-08 08:18:24",9.33988033908152,0,11.0461186909417,0
"2018-05-08 08:19:24",12.9890543975329,0,11.7097976376513,0
"2018-05-08 08:20:24",9.65136436396101,0,11.9838544169954,0
"2018-05-08 08:21:24",12.5373259857783,0,10.4727281946392,0
"2018-05-08 08:22:24",10.8983393808175,0,22.2549772284047,0
"2018-05-08 08:23:24",14.5569038777715,0,13.4930382239968,0
"2018-05-08 08:24:24",10.0126679948926,0,11.1223445983967,0
"2018-05-08 08:25:24",9.40540624769868,0,12.0602085866509,0
"2018-05-08 08:26:24",9.93379511065258,0,10.372574909643,0
"2018-05-08 08:27:24",8.17598719793253,0,13.1461009267149,0
"2018-05-08 08:28:24",12.3076695742521,0,15.8114887347604,0
"2018-05-08 08:29:24",11.2517565497497,0,8.45681338140707,0
"2018-05-08 08:30:24",13.9052524980397,0,8.98687608891582,0
"2018-05-08 08:31:24",9.82028588683209,0,13.34551004524,0
"2018-05-08 08:32:24",17.1671313041927,0,11.0165227906423,0
"2018-05-08 08:33:24",11.919408879631,0,22.8770557665134,0
"2018-05-08 08:34:24",14.7483448235777,0,13.9123219532101,0
"2018-05-08 08:35:24",8.08012860731672,0,12.7437427938722,0
"2018-05-08 08:36:24",7.56887463871265,0,61.7935643464055,0
"2018-05-08 08:37:24",7.60216656647775,0,11.7225612348647,0
"2018-05-08 08:38:24",13.4469231448384,0,30.2048841277744,0
"2018-05-08 08:39:24",17.2175059562375,0,27.8068625257549,0
"2018-05-08 08:40:24",8.73090437227893,0,17.9607622300548,0
"2018-05-08 08:41:24",6.61436081780813,0,16.1695663908142,0
"2018-05-08 08:42:24",5.45514334318093,0,16.5949453917468,0
"2018-05-08 08:43:25",8.92453748129786,0,13.3413308873426,0
"2018-05-08 08:44:25",7.72306552885681,0,22.7732131802766,0
"2018-05-08 08:45:25",11.4449435390018,0,17.6706679490164,0
"2018-05-08 08:46:25",3.90068762144821,0,16.1040122153568,0
"2018-05-08 08:47:25",6.39742632548324,0,14.7928370120616,0
"2018-05-08 08:48:25",5.27598763339768,0,14.7759690993415,0
"2018-05-08 08:49:25",4.12747099227676,0,11.3639113588848,0
"2018-05-08 08:50:25",5.37373849584191,0,34.0838144167958,0
"2018-05-08 08:51:25",6.45740236639134,0,12.4600875249682,0
"2018-05-08 08:52:25",4.88893844440349,0,11.2686229831161,0
"2018-05-08 08:53:25",5.39532201230754,0,11.4056354354917,0
"2018-05-08 08:54:25",4.53330806516766,0,12.6493116987586,0
"2018-05-08 08:55:25",9.78176825552773,0,19.6205662742542,0
"2018-05-08 08:56:25",7.28810978110318,0,29.3184317718978,0
"2018-05-08 08:57:25",2.90988234420603,0,15.1462742715759,0
"2018-05-08 08:58:25",11.4112900294826,0,13.8041108896867,0
"2018-05-08 08:59:25",6.91839833061578,0,17.6265460123196,0
"2018-05-08 09:00:25",6.53068327635555,0,13.7408565955489,0
"2018-05-08 09:01:25",6.94546692297773,0,32.0504342438807,0
"2018-05-08 09:02:25",6.48259177007487,0,17.0042774096297,0
"2018-05-08 09:03:25",2.69418359022357,0,14.4810389812316,0
"2018-05-08 09:04:25",3.24927313445959,0,13.9954423430272,0
"2018-05-08 09:05:25",3.88902757371268,0,14.3873411673164,0
"2018-05-08 09:06:26",10.1124099341181,0,26.450036609854,0
"2018-05-08 09:07:26",4.96016860260826,0,23.6769083176006,0
"2018-05-08 09:08:26",7.09742609097579,0,12.8001839211839,0
"2018-05-08 09:09:26",7.19722362354356,0,10.9791470146237,0
"2018-05-08 09:10:26",5.38433644468115,0,12.8804110915039,0
"2018-05-08 09:11:26",11.7545771633323,0,14.2514368020624,0
"2018-05-08 09:12:26",9.0325888483809,0,25.955818129061,0
"2018-05-08 09:13:26",11.2315899655525,0,20.7828886801484,0
"2018-05-08 09:14:26",6.52641617357806,0,8.39280469592605,0
"2018-05-08 09:15:26",8.55684096972727,0,19.49236682811,0
"2018-05-08 09:16:26",7.72391322628415,0,9.35382820710962,0
"2018-05-08 09:17:26",6.24090135805954,0,15.3424106558104,0
"2018-05-08 09:18:26",6.92559830018825,0,14.9618242690439,0
"2018-05-08 09:19:26",7.13187418941781,0,9.28880623348677,0
"2018-05-08 09:20:26",5.73799990366427,0,8.47365449483021,0
"2018-05-08 09:21:26",5.00614406576033,0,10.9087917761575,0
"2018-05-08 09:22:26",7.11941311545918,0,17.3010551428691,0
"2018-05-08 09:23:26",5.08945632353138,0,22.9735517263975,0
"2018-05-08 09:24:26",8.12993702353076,0,12.6833215745561,0
"2018-05-08 09:25:26",5.66511903111685,0,20.4242159356123,0
"2018-05-08 09:26:26",6.2373793912488,0,23.8639672552222,0
"2018-05-08 09:27:26",5.29168360265758,0,16.7273505098036,0
"2018-05-08 09:28:26",7.39860196428063,0,11.1824341807771,0
"2018-05-08 09:29:26",5.81875255910543,0,12.1084452298283,0
"2018-05-08 09:30:26",3.40838376688505,0,12.720024134863,0
"2018-05-08 09:31:26",6.80104283147635,0,13.0156438917071,0
"2018-05-08 09:32:26",3.73563139602416,0,13.0537432480846,0
"2018-05-08 09:33:26",9.94937038553372,0,21.7870888902568,0
"2018-05-08 09:34:27",4.98834154944179,0,15.3349816841886,0
"2018-05-08 09:35:27",5.39372115239065,0,13.1907282678201,0
"2018-05-08 09:36:27",3.61778298952714,0,22.2607807925172,0
"2018-05-08 09:37:27",7.44168370248837,0,24.5106509171375,0
"2018-05-08 09:38:27",17.9189664512932,0,118.756684043775,0
"2018-05-08 09:39:27",7.35663933444251,0,21.8346788600865,0
"2018-05-08 09:40:27",7.91271739976166,0,21.7848735047973,0
"2018-05-08 09:41:27",6.76657459733415,0,17.6649132114325,0
"2018-05-08 09:42:27",5.89125765325003,0,15.0991897647113,0
"2018-05-08 09:43:27",10.09314260602,0,29.1898613762704,0
"2018-05-08 09:44:27",3.92597635332382,0,13.9973610086761,0
"2018-05-08 09:45:27",3.08302953259628,0,15.4300671421449,0
"2018-05-08 09:46:27",3.88455724514277,0,47.0470040442033,0
"2018-05-08 09:47:27",12.9886522356408,0,47.0450064942703,0
"2018-05-08 09:48:27",14.5125704872366,0,32.034297108652,0
"2018-05-08 09:49:27",4.92395393044157,0,12.443356181828,0
"2018-05-08 09:50:27",3.8739664999079,0,24.5338484598444,0
"2018-05-08 09:51:27",4.02701102387692,0,13.035296379103,0
"2018-05-08 09:52:27",11.3289211384316,0,30.45469731125,0
"2018-05-08 09:53:27",14.7879670321173,0,41.0133204010004,0
"2018-05-08 09:54:27",22.0804802144523,0,31.7492250607334,0
"2018-05-08 09:55:27",9.14112222455333,0,8.07591309846369,0
"2018-05-08 09:56:27",15.6727001448681,0,33.3071025689917,0
"2018-05-08 09:57:27",12.2971286223419,0,10.1212273913011,0
"2018-05-08 09:58:27",7.26913009540285,0,12.3050799539175,0
"2018-05-08 09:59:27",5.85273428019031,0,18.6377684189589,0
"2018-05-08 10:00:27",4.21913793617896,0,32.3399597859996,0
"2018-05-08 10:01:27",6.53290263258452,0,16.0973246774375,0
"2018-05-08 10:02:27",4.36055127432335,0,17.9072056443557,0
"2018-05-08 10:03:27",20.3768573982858,0,32.5603715680758,0
"2018-05-08 10:04:28",6.28885471287347,0,8.05451114772733,0
"2018-05-08 10:05:28",6.23356358765562,0,9.25775539472372,0
"2018-05-08 10:06:28",8.43323665561569,0,22.0036064449327,0
"2018-05-08 10:07:28",20.5821089303149,0,19.1406547335287,0
"2018-05-08 10:08:28",12.0818982135155,0,20.4425817248856,0
"2018-05-08 10:09:28",8.14961768798868,0,20.1353705766348,0
"2018-05-08 10:10:28",11.5934846965986,0,34.2938116456767,0
"2018-05-08 10:11:28",8.4030931208008,0,17.7596942137537,0
"2018-05-08 10:12:28",3.21734520445292,0,10.4262810948575,0
"2018-05-08 10:13:28",4.75437736772431,0,14.3386782785441,0
"2018-05-08 10:14:28",3.39078151824035,0,8.38157741185118,0
"2018-05-08 10:15:28",2.32032148908378,0,9.10731827607368,0
"2018-05-08 10:16:28",5.38967679201701,0,23.5766309625011,0
"2018-05-08 10:17:28",8.77695762420276,0,22.4079766703105,0
"2018-05-08 10:18:28",4.92968071309988,0,17.7556745420826,0
"2018-05-08 10:19:28",6.68763250436522,0,13.8031466509465,0
"2018-05-08 10:20:28",3.94653986777577,0,17.910504480006,0
"2018-05-08 10:21:28",4.63652382461836,0,17.0459311777148,0
"2018-05-08 10:22:28",2.73819249237249,0,10.2212847959388,0
"2018-05-08 10:23:28",6.43966420375891,0,10.468390185396,0
"2018-05-08 10:24:28",3.62567624306208,0,8.59551177475257,0
"2018-05-08 10:25:28",4.06436222071025,0,13.1678540631924,0
"2018-05-08 10:26:29",5.01239990385993,0,20.7930906894902,0
"2018-05-08 10:27:29",2.85833912719139,0,26.9032459228928,0
"2018-05-08 10:28:29",2.81543691934217,0,16.0373564572512,0
"2018-05-08 10:29:29",11.3324456185032,0,25.8591937846286,0
"2018-05-08 10:30:29",8.34395392659868,0,30.869389437401,0
"2018-05-08 10:31:29",8.08898250250994,0,20.8304412579543,0
"2018-05-08 10:32:29",5.7822931992441,0,8.92584990582455,0
"2018-05-08 10:33:29",8.03394975759754,0,10.6604869685112,0
"2018-05-08 10:34:29",5.93221309035972,0,10.5459445728543,0
"2018-05-08 10:35:29",4.87554961164431,0,8.61262991557845,0
"2018-05-08 10:36:29",3.82820583985699,0,22.7094901944509,0
"2018-05-08 10:37:29",7.2238261388044,0,13.0318853190547,0
"2018-05-08 10:38:29",9.9697209886497,0,34.7067378997867,0
"2018-05-08 10:39:29",9.02513424778105,0,69.7034575493432,0
"2018-05-08 10:40:29",7.37551098411185,0,19.3028443447437,0
"2018-05-08 10:41:29",8.74913415847607,0,11.5169999939654,0
"2018-05-08 10:42:29",7.59866855779772,0,12.6492860129825,0
"2018-05-08 10:43:29",7.67995387396454,0,10.4468445088568,0
"2018-05-08 10:44:29",6.37613786704284,0,24.0558064691778,0
"2018-05-08 10:45:29",8.18417269572194,0,19.6680207412864,0
"2018-05-08 10:46:29",11.7910692667877,0,17.8870240265415,0
"2018-05-08 10:47:29",4.86922374176301,0,7.53205359029049,0
"2018-05-08 10:48:29",2.49034162504676,0,56.7309248447924,0
"2018-05-08 10:49:29",3.15778319088751,0,21.3294578686594,0
"2018-05-08 10:50:29",9.79253016847353,0,16.5132300348837,0
"2018-05-08 10:51:29",4.4892074483242,0,10.5972550663463,0
"2018-05-08 10:52:30",6.59939127188433,0,9.53291420901101,0
"2018-05-08 10:53:30",3.80509072818062,0,12.6147742078603,0
"2018-05-08 10:54:30",8.7598495168767,0,12.7571796327837,0
"2018-05-08 10:55:30",5.89484679944166,0,18.8981897994175,0
"2018-05-08 10:56:30",7.91108533350016,0,21.1026174282656,0
"2018-05-08 10:57:30",6.11072292166376,0,11.3503730440068,0
"2018-05-08 10:58:30",4.24787309389746,0,11.3247602177837,0
"2018-05-08 10:59:30",8.03554858429772,0,10.835061717392,0
"2018-05-08 11:00:30",3.69649231330346,0,13.2615983489508,0
"2018-05-08 11:01:30",15.6267638471936,0,27.8958839543245,0
"2018-05-08 11:02:30",4.98293640915762,0,15.1092162648385,0
"2018-05-08 11:03:30",5.5145622263772,0,13.5545018794289,0
"2018-05-08 11:04:30",4.0798392644449,0,13.8322551476567,0
"2018-05-08 11:05:30",6.93850729898328,0,13.983641635266,0
"2018-05-08 11:06:30",9.6053399336224,0,27.4127807302021,0
"2018-05-08 11:07:30",8.06283331718032,0,25.1158512053401,0
"2018-05-08 11:08:30",4.87670390458517,0,13.1384690986753,0
"2018-05-08 11:09:30",6.0338999112044,0,9.67037175189751,0
"2018-05-08 11:10:30",7.09844322296623,0,10.41190026802,0
"2018-05-08 11:11:30",10.3844766804913,0,13.8717053632279,0
"2018-05-08 11:12:31",14.5112375307174,0,20.3169634246401,0
"2018-05-08 11:13:31",7.69231944404675,0,7.86386592359236,0
"2018-05-08 11:14:31",13.64589257143,0,7.3851472952538,0
"2018-05-08 11:15:31",4.62559879426488,0,9.74958944034483,0
"2018-05-08 11:16:31",13.5797594630161,0,12.7245203388869,0
"2018-05-08 11:17:31",5.72516570714271,0,10.4411122458038,0
"2018-05-08 11:18:31",9.93261430481017,0,17.0185141368029,0
"2018-05-08 11:19:31",7.85741093728024,0,19.8526841461077,0
"2018-05-08 11:20:31",8.47379181227548,0,16.5718344914739,0
"2018-05-08 11:21:31",3.76051217684689,0,9.48589252532062,0
"2018-05-08 11:22:31",5.38158656224005,0,10.7110054667872,0
"2018-05-08 11:23:31",7.8782548220011,0,30.6208489229468,0
"2018-05-08 11:24:31",7.28264925919661,0,11.726451325421,0
"2018-05-08 11:25:31",9.51184296443618,0,10.4984026819878,0
"2018-05-08 11:26:31",4.19363054427547,0,14.5528683301226,0
"2018-05-08 11:27:31",10.0742098817268,0,11.4682134420369,0
"2018-05-08 11:28:31",4.86651873364849,0,11.0877303764726,0
"2018-05-08 11:29:31",15.8586031786459,0,20.8478951227495,0
"2018-05-08 11:30:31",5.52957133990531,0,12.4347244124915,0
"2018-05-08 11:31:31",9.45810276213281,0,14.3781922514659,0
"2018-05-08 11:32:31",4.78831331552849,0,13.6291919995758,0
"2018-05-08 11:33:32",6.8233624578085,0,14.2077448788507,0
"2018-05-08 11:34:32",8.55135548273829,0,22.9000284143959,0
"2018-05-08 11:35:32",14.2252468966659,0,24.7056310537175,0
"2018-05-08 11:36:32",6.4232957653005,0,15.0415751985257,0
"2018-05-08 11:37:32",5.7060260975834,0,14.8602240546301,0
"2018-05-08 11:38:32",6.3419682446455,0,17.7624874472778,0
"2018-05-08 11:39:32",51.0287505882565,1,157.526472428965,0
"2018-05-08 11:40:32",10.2875951364207,0,16.6302338430942,0
"2018-05-08 11:41:32",7.65520966800101,0,16.4829304756605,0
"2018-05-08 11:42:32",6.30524667428638,0,18.8049451328327,0
"2018-05-08 11:43:32",3.75330752491022,0,15.5851010269663,0
"2018-05-08 11:44:32",4.7406171431744,0,20.9909610679644,0
"2018-05-08 11:45:32",4.29101244240309,0,26.261382297389,0
"2018-05-08 11:46:32",7.70898087579803,0,23.7741349354724,0
"2018-05-08 11:47:32",3.0410957570027,0,14.1012225086335,0
"2018-05-08 11:48:32",3.09648837154237,0,15.5427536410367,0
"2018-05-08 11:49:32",3.99988513074868,0,26.2861900532954,0
"2018-05-08 11:50:32",3.20864221805496,0,17.3430030910331,0
"2018-05-08 11:51:32",3.50558471671416,0,42.7868383690566,0
"2018-05-08 11:52:32",5.81725658973976,0,27.2981310949208,0
"2018-05-08 11:53:32",16.4286511857017,0,16.5677113313925,0
"2018-05-08 11:54:32",11.7669372056235,0,12.9031304182596,0
"2018-05-08 11:55:32",10.6157578722564,0,14.1520636158149,0
"2018-05-08 11:56:32",6.88963786928443,0,16.8650236741975,0
"2018-05-08 11:57:32",9.30971503159061,0,27.9445259560122,0
"2018-05-08 11:58:32",9.68851904539168,0,12.4210655520265,0
"2018-05-08 11:59:33",3.96840252912446,0,24.9511662323832,0
"2018-05-08 12:00:33",5.7242640973486,0,19.2526619820746,0
"2018-05-08 12:01:33",4.11373476459696,0,20.0696311480328,0
"2018-05-08 12:02:33",3.55352936755649,0,34.4924604059139,0
"2018-05-08 12:03:33",4.89572436803968,0,19.0986900914877,0
"2018-05-08 12:04:33",5.44186211065123,0,19.7445271738345,0
"2018-05-08 12:05:33",3.07767076101625,0,22.0256056017401,0
"2018-05-08 12:06:33",3.54583927108461,0,83.7066893221634,0
"2018-05-08 12:07:33",4.83682208749132,0,32.5174499818999,0
"2018-05-08 12:08:33",9.54101245634831,0,28.6838557964169,0
"2018-05-08 12:09:33",8.40831474149161,0,18.8328017652338,0
"2018-05-08 12:10:33",3.81145787122306,0,14.2377405073056,0
"2018-05-08 12:11:33",2.33594140622845,0,13.7519355622987,0
"2018-05-08 12:12:33",3.51862036293749,0,16.9571463938653,0
"2018-05-08 12:13:33",3.77410990203711,0,26.6828132221206,0
"2018-05-08 12:14:33",9.80796708813469,0,31.5369826116787,0
"2018-05-08 12:15:33",3.84711269039556,0,17.091944688102,0
"2018-05-08 12:16:33",2.31931362398769,0,16.2139305272835,0
"2018-05-08 12:17:33",2.74664825650323,0,15.8637058239633,0
"2018-05-08 12:18:33",1.19841066477473,0,17.7414004450779,0
"2018-05-08 12:19:33",4.78258513484683,0,19.1489294370747,0
"2018-05-08 12:20:33",3.09839555270981,0,22.9224651722356,0
"2018-05-08 12:21:33",5.69626221244626,0,16.1574607427692,0
"2018-05-08 12:22:34",2.0420093235301,0,14.7716530756665,0
"2018-05-08 12:23:34",3.65639505791375,0,16.4975629684925,0
"2018-05-08 12:24:34",2.7325019782071,0,29.0232347844787,0
"2018-05-08 12:25:34",13.0468351888628,0,28.7490682449802,0
"2018-05-08 12:26:34",1.87067108052813,0,13.3764775960816,0
"2018-05-08 12:27:34",2.27007589138564,0,17.5228383796237,0
"2018-05-08 12:28:34",1.95067810189791,0,14.0339221581327,0
"2018-05-08 12:29:34",2.53795837137868,0,16.0945907713434,0
"2018-05-08 12:30:34",7.81969153266733,0,25.8206025249924,0
"2018-05-08 12:31:34",3.23673882441369,0,16.6664415272787,0
"2018-05-08 12:32:34",9.32314708798111,0,21.5954230520489,0
"2018-05-08 12:33:34",3.87327457403503,0,18.752758903797,0
"2018-05-08 12:34:34",6.06107055460998,0,17.6907747398385,0
"2018-05-08 12:35:34",4.24516671217898,0,25.659635316982,0
"2018-05-08 12:36:34",7.38113046505358,0,29.7215945248396,0
"2018-05-08 12:37:34",4.72548612759685,0,18.0766008052914,0
"2018-05-08 12:38:34",5.50729546004745,0,18.1228931096623,0
"2018-05-08 12:39:34",15.6599809708268,0,80.334327110068,0
"2018-05-08 12:40:34",19.3438558453188,0,24.9348262787027,0
"2018-05-08 12:41:34",8.38773910359567,0,16.6239203323319,0
"2018-05-08 12:42:34",6.76835953614918,0,15.3496373213248,0
"2018-05-08 12:43:34",6.63261811765167,0,15.1835495195405,0
"2018-05-08 12:44:34",5.60023978543848,0,14.4303190194414,0
"2018-05-08 12:45:34",12.8501381242854,0,28.656058979811,0
"2018-05-08 12:46:35",7.34404218650982,0,12.7727302946723,0
"2018-05-08 12:47:35",8.11010744949166,0,11.4334442181379,0
"2018-05-08 12:48:35",6.32591243730728,0,9.97753567084683,0
"2018-05-08 12:49:35",7.78178955994952,0,18.3145000497386,0
"2018-05-08 12:50:35",3.97255255965061,0,33.8498965033633,0
"2018-05-08 12:51:35",13.007030981808,0,30.0514364904384,0
"2018-05-08 12:52:35",6.65989858070934,0,16.2811965686189,0
"2018-05-08 12:53:35",7.76456976507738,0,17.6058039711008,0
"2018-05-08 12:54:35",7.16199072205694,0,14.5843568414274,0
"2018-05-08 12:55:35",6.48561692042329,0,16.7652621694944,0
"2018-05-08 12:56:35",10.5001308089173,0,25.093220107423,0
"2018-05-08 12:57:35",7.5655928133914,0,15.3186712441388,0
"2018-05-08 12:58:35",9.53726887024975,0,14.0651196524619,0
"2018-05-08 12:59:35",7.29889951935023,0,26.3343968241564,0
"2018-05-08 13:00:35",11.9399619901612,0,14.0996186785263,0
"2018-05-08 13:01:35",5.90938640876274,0,13.5656562527618,0
"2018-05-08 13:02:35",7.35921138683066,0,22.4162286840797,0
"2018-05-08 13:03:35",4.75286195373364,0,17.6616747808025,0
"2018-05-08 13:04:35",6.37271608458056,0,15.4520244579539,0
"2018-05-08 13:05:35",4.73863355012363,0,15.0906496246678,0
"2018-05-08 13:06:35",6.34803775121819,0,16.2757673586579,0
"2018-05-08 13:07:35",9.62012513012487,0,29.4166364933141,0
"2018-05-08 13:08:36",8.39734411227987,0,17.4905860380973,0
"2018-05-08 13:09:36",11.5339990050638,0,11.2443793732805,0
"2018-05-08 13:10:36",7.7487754140756,0,10.8408043243469,0
"2018-05-08 13:11:36",14.927847112544,0,13.5293209315975,0
"2018-05-08 13:12:36",8.72962644398066,0,11.4189183500693,0
"2018-05-08 13:13:36",15.2122912540776,0,15.7044934232085,0
"2018-05-08 13:14:36",10.5608901919873,0,9.48230328190076,0
"2018-05-08 13:15:36",9.52016794697571,0,13.6510481246503,0
"2018-05-08 13:16:36",9.13698643832282,0,8.80504036344812,0
"2018-05-08 13:17:36",9.93470966385273,0,12.7253091360898,0
"2018-05-08 13:18:36",7.29549926116947,0,19.8373276602965,0
"2018-05-08 13:19:36",12.3039524695431,0,20.1470792059014,0
"2018-05-08 13:20:36",9.90609474210704,0,14.2240089573931,0
"2018-05-08 13:21:36",4.82574307487257,0,60.9394574669642,0
"2018-05-08 13:22:36",8.74286389167514,0,14.4270272918862,0
"2018-05-08 13:23:36",5.34598304177391,0,13.7960968959665,0
"2018-05-08 13:24:36",15.0781777940375,0,24.336587249451,0
"2018-05-08 13:25:36",5.51207267630105,0,15.3861227433063,0
"2018-05-08 13:26:36",18.1758792756747,0,15.240855038323,0
"2018-05-08 13:27:36",10.5810994607421,0,16.5249705542821,0
"2018-05-08 13:28:36",9.98012720496241,0,13.6261196809068,0
"2018-05-08 13:29:36",6.18269461445474,0,18.2121894025341,0
"2018-05-08 13:30:37",11.228642146801,0,21.0270516396958,0
"2018-05-08 13:31:37",6.21412529299146,0,15.4319214985542,0
"2018-05-08 13:32:37",6.68000686098772,0,15.94412135335,0
"2018-05-08 13:33:37",6.06883217053404,0,14.469910277065,0
"2018-05-08 13:34:37",6.03605550606366,0,17.0874004327141,0
"2018-05-08 13:35:37",11.6906184726189,0,25.1611595164151,0
"2018-05-08 13:36:37",5.42434680098115,0,18.100630708858,0
"2018-05-08 13:37:37",10.8869886479627,0,21.0654248729763,0
"2018-05-08 13:38:37",6.34176061640162,0,20.7736814286935,0
"2018-05-08 13:39:37",8.89538661629053,0,18.4619130317221,0
"2018-05-08 13:40:37",9.03837737081983,0,33.2144193491514,0
"2018-05-08 13:41:37",8.76168906413061,0,28.7603610458151,0
"2018-05-08 13:42:37",5.45255470565972,0,20.4242222165688,0
"2018-05-08 13:43:37",7.20228185015113,0,16.5685252376692,0
"2018-05-08 13:44:37",4.03744182825047,0,17.1831995737619,0
"2018-05-08 13:45:37",2.08962701085291,0,20.8698727198854,0
"2018-05-08 13:46:37",3.30198313221522,0,28.7533928157658,0
"2018-05-08 13:47:37",4.45030764969275,0,21.2779696108115,0
"2018-05-08 13:48:37",3.19234884231946,0,19.6908851883398,0
"2018-05-08 13:49:37",1.07558075991362,0,20.0035160334553,0
"2018-05-08 13:50:37",7.61732046406833,0,22.6896971043382,0
"2018-05-08 13:51:37",2.8041550971859,0,23.9553898022442,0
"2018-05-08 13:52:37",9.52561164056177,0,25.3556146688834,0
"2018-05-08 13:53:37",3.56696787196954,0,24.77724500831,0
"2018-05-08 13:54:37",9.79043744193661,0,22.5030862519347,0
"2018-05-08 13:55:37",7.32240690464833,0,21.4147060033195,0
"2018-05-08 13:56:38",7.36685389736791,0,17.6925728208427,0
"2018-05-08 13:57:38",4.96061943794876,0,29.4691617814726,0
"2018-05-08 13:58:38",6.2125264286208,0,25.6060336950124,0
"2018-05-08 13:59:38",5.95606995935003,0,24.4711318934938,0
"2018-05-08 14:00:38",6.78245979191061,0,22.3917211638531,0
"2018-05-08 14:01:38",5.81560511119203,0,30.423709287072,0
"2018-05-08 14:02:38",3.71488974715535,0,22.9402182223713,0
"2018-05-08 14:03:38",10.8311822994179,0,29.6930114068156,0
"2018-05-08 14:04:38",3.62355409838499,0,19.3593349659443,0
"2018-05-08 14:05:38",3.73930763982634,0,19.5592606744623,0
"2018-05-08 14:06:38",3.26247361628644,0,19.3100068078795,0
"2018-05-08 14:07:38",5.0825636248717,0,19.8569152721614,0
"2018-05-08 14:08:38",4.17268868365829,0,30.9993454306353,0
"2018-05-08 14:09:38",11.6082865511845,0,33.9758238245349,0
"2018-05-08 14:10:38",3.88434144784397,0,16.4168813410927,0
"2018-05-08 14:11:38",2.27090695125011,0,16.6156672884134,0
"2018-05-08 14:12:38",2.76320670437209,0,16.8574312293004,0
"2018-05-08 14:13:38",1.85922366754518,0,21.9815782741964,0
"2018-05-08 14:14:38",6.16190706038282,0,23.7629919501967,0
"2018-05-08 14:15:38",2.48236009756771,0,18.1837407996363,0
"2018-05-08 14:16:38",6.54596086218966,0,23.1920481966949,0
"2018-05-08 14:17:38",1.9548235908218,0,20.3886891710916,0
"2018-05-08 14:18:38",4.26977699682266,0,19.3091963136277,0
"2018-05-08 14:19:39",2.41576477689126,0,25.5046440729761,0
"2018-05-08 14:20:39",5.05666571764123,0,28.3385214069612,0
"2018-05-08 14:21:39",1.78140873407912,0,19.3375354105745,0
"2018-05-08 14:22:39",2.70058618978972,0,18.0831162144737,0
"2018-05-08 14:23:39",1.65151479544619,0,19.9363083516415,0
"2018-05-08 14:24:39",2.659344803699,0,20.3173574207565,0
"2018-05-08 14:25:39",3.26294529129915,0,31.1374548395807,0
"2018-05-08 14:26:39",2.37531283789384,0,20.5291948029523,0
"2018-05-08 14:27:39",3.52824805874544,0,20.1839695431048,0
"2018-05-08 14:28:39",1.90004025925451,0,20.0907330000559,0
"2018-05-08 14:29:39",5.82962010291555,0,23.5271729353175,0
"2018-05-08 14:30:39",2.69727542231018,0,21.1795184197753,0
"2018-05-08 14:31:39",6.08629517210196,0,25.6444630292643,0
"2018-05-08 14:32:39",2.72084622762468,0,17.7863492021648,0
"2018-05-08 14:33:39",4.42285104169813,0,18.0639314628833,0
"2018-05-08 14:34:39",1.96531851388929,0,18.3389207774094,0
"2018-05-08 14:35:39",4.30530947586817,0,21.2665215090225,0
"2018-05-08 14:36:39",3.0355456755247,0,32.7637890658257,0
"2018-05-08 14:37:39",6.20383859062174,0,22.6296003590434,0
"2018-05-08 14:38:39",3.13002913235096,0,22.7528660898315,0
"2018-05-08 14:39:39",2.68261913240513,0,23.8789076731289,0
"2018-05-08 14:40:39",23.8497885522972,0,128.551181561407,0
"2018-05-08 14:41:39",5.62290258428583,0,28.2992359953116,0
"2018-05-08 14:42:39",12.2412281868213,0,34.4846899104453,0
"2018-05-08 14:43:39",5.15066564890719,0,29.6896116686805,0
"2018-05-08 14:44:39",10.1951630801891,0,24.9888253454971,0
"2018-05-08 14:45:40",6.60087649240848,0,20.5391648593696,0
"2018-05-08 14:46:40",9.46848338713681,0,19.8710152970099,0
"2018-05-08 14:47:40",7.80886018693151,0,31.6292860052783,0
"2018-05-08 14:48:40",19.4827783963593,0,25.3112790244921,0
"2018-05-08 14:49:40",4.33425693287389,0,18.359476121965,0
"2018-05-08 14:50:40",6.87920110288222,0,23.5053224323235,0
"2018-05-08 14:51:40",4.78656354880498,0,20.8552935126466,0
"2018-05-08 14:52:40",7.15982400709492,0,16.8230172838119,0
"2018-05-08 14:53:40",5.69105103796121,0,19.7782349919858,0
"2018-05-08 14:54:40",6.12463760345125,0,21.5307198721512,0
"2018-05-08 14:55:40",14.113984832282,0,19.0440159731089,0
"2018-05-08 14:56:40",7.08297623436575,0,25.1509624634005,0
"2018-05-08 14:57:40",9.04496874341013,0,16.3237117297868,0
"2018-05-08 14:58:40",11.0430839447473,0,31.8847712431272,0
"2018-05-08 14:59:40",18.3783471871049,0,25.5812255767123,0
"2018-05-08 15:00:40",4.60910359103923,0,16.6187734073358,0
"2018-05-08 15:01:40",12.1390549123609,0,19.1076827290471,0
"2018-05-08 15:02:40",4.06109383159186,0,16.2396798097771,0
"2018-05-08 15:03:40",4.87370113265795,0,23.2420559832884,0
"2018-05-08 15:04:40",6.61046602645434,0,22.6587788708497,0
"2018-05-08 15:05:40",5.69657569386639,0,18.9229746022635,0
"2018-05-08 15:06:40",5.85563355524048,0,20.9735035728221,0
"2018-05-08 15:07:40",3.26608634696933,0,21.4418144176863,0
"2018-05-08 15:08:40",10.3741726537861,0,21.3034964812839,0
"2018-05-08 15:09:40",6.98749424284824,0,25.5628939832844,0
"2018-05-08 15:10:40",8.86846567701641,0,24.9680159610042,0
"2018-05-08 15:11:41",5.34929574059721,0,16.6498189766802,0
"2018-05-08 15:12:41",8.33623194511399,0,14.5849598873318,0
"2018-05-08 15:13:41",5.69585139218584,0,15.8431639544329,0
"2018-05-08 15:14:41",11.2272164897297,0,12.507627627073,0
"2018-05-08 15:15:41",8.27513343640005,0,23.5242200360175,0
"2018-05-08 15:16:41",10.4239688346923,0,15.9941484025634,0
"2018-05-08 15:17:41",7.60537247096608,0,12.7459363905209,0
"2018-05-08 15:18:41",7.12735875415766,0,12.2995151282454,0
"2018-05-08 15:19:41",6.37968922824391,0,13.7839223853479,0
"2018-05-08 15:20:41",5.66438418847604,0,13.4630025054586,0
"2018-05-08 15:21:41",8.42194573534105,0,25.3314040362178,0
"2018-05-08 15:22:41",5.24465992083468,0,21.4079045778942,0
"2018-05-08 15:23:41",16.9797201608084,0,23.2102010652798,0
"2018-05-08 15:24:41",4.99763502521366,0,18.6308858269416,0
"2018-05-08 15:25:41",10.8987930795993,0,18.4286693946146,0
"2018-05-08 15:26:41",6.52047469736551,0,26.9438625963343,0
"2018-05-08 15:27:41",9.58372882152845,0,15.133709640141,0
"2018-05-08 15:28:41",4.58625856830822,0,14.102544915264,0
"2018-05-08 15:29:41",7.50511900620828,0,18.5405958626967,0
"2018-05-08 15:30:41",5.36450690499856,0,14.6944201565164,0
"2018-05-08 15:31:41",10.1948906043046,0,17.4918392572818,0
"2018-05-08 15:32:41",8.89911826237837,0,23.3449076778235,0
"2018-05-08 15:33:42",3.73374937655525,0,16.5087002445028,0
"2018-05-08 15:34:42",11.5383170911325,0,18.3046474118492,0
"2018-05-08 15:35:42",1.62502469657931,0,23.3569017797128,0
"2018-05-08 15:36:42",15.0479128050469,0,23.6565787927354,0
"2018-05-08 15:37:42",5.98938221508838,0,29.7991590423805,0
"2018-05-08 15:38:42",12.6307058825393,0,24.8381144084798,0
"2018-05-08 15:39:42",4.63176876949297,0,18.8089294680622,0
"2018-05-08 15:40:42",10.2683130242345,0,24.6046772254911,0
"2018-05-08 15:41:42",6.97868541604276,0,22.393706128221,0
"2018-05-08 15:42:42",8.1741126277495,0,18.8949302040778,0
"2018-05-08 15:43:42",11.2133901302062,0,21.8538068608747,0
"2018-05-08 15:44:42",7.04593273369534,0,16.6423288411845,0
"2018-05-08 15:45:42",6.39084105518587,0,13.9701480261163,0
"2018-05-08 15:46:42",1.95042472117512,0,21.6037927043409,0
"2018-05-08 15:47:42",7.52270818712008,0,20.5254101426304,0
"2018-05-08 15:48:42",4.72834450963962,0,27.0427143140102,0
"2018-05-08 15:49:42",14.3673964948186,0,31.9086989653054,0
"2018-05-08 15:50:42",2.66275263141928,0,17.8842110761758,0
"2018-05-08 15:51:42",7.52579395787881,0,18.5617863651344,0
"2018-05-08 15:52:42",5.24294321415369,0,20.3241761295797,0
"2018-05-08 15:53:42",6.7166668452934,0,21.7593191577754,0
"2018-05-08 15:54:43",8.29455557027167,0,36.2460473944252,0
"2018-05-08 15:55:43",17.3247164275679,0,24.6118540892487,0
"2018-05-08 15:56:43",8.8787524425207,0,13.4268598470488,0
"2018-05-08 15:57:43",7.31638774290709,0,14.1487398609737,0
"2018-05-08 15:58:43",7.39366264318102,0,14.7921550264677,0
"2018-05-08 15:59:43",4.29858096492838,0,24.4279603522892,0
"2018-05-08 16:00:43",8.98260088248304,0,43.1981068772961,0
"2018-05-08 16:01:43",2.4207262816789,0,24.2546836891794,0
"2018-05-08 16:02:43",5.54174255535406,0,30.2396402813533,0
"2018-05-08 16:03:43",3.10778669583355,0,21.7345029128745,0
"2018-05-08 16:04:43",5.81059988589662,0,23.4755237679725,0
"2018-05-08 16:05:43",4.28197125345867,0,25.1421296792109,0
"2018-05-08 16:06:43",5.68480857227476,0,21.338713176139,0
"2018-05-08 16:07:43",3.30918535029339,0,16.6642128300544,0
"2018-05-08 16:08:43",4.00083592374759,0,18.0369646082363,0
"2018-05-08 16:09:43",3.27679526468982,0,22.5069508333965,0
"2018-05-08 16:10:43",2.7849492211791,0,24.7388975497676,0
"2018-05-08 16:11:43",7.453255064424,0,24.8640808417857,0
"2018-05-08 16:12:43",1.79837549540985,0,17.6204714958008,0
"2018-05-08 16:13:43",5.70790479674175,0,22.9459268404656,0
"2018-05-08 16:14:43",1.52461952463586,0,17.3049302292852,0
"2018-05-08 16:15:43",1.73645584174876,0,179.027411914009,0
"2018-05-08 16:16:43",3.76481331534111,0,34.0007885600429,0
"2018-05-08 16:17:43",7.49506323842222,0,31.7039700825409,0
"2018-05-08 16:18:43",2.64733300221824,0,17.1719278491464,0
"2018-05-08 16:19:44",6.88034667950315,0,28.4808709984283,0
"2018-05-08 16:20:44",2.67384978609086,0,18.2049490534662,0
"2018-05-08 16:21:44",3.15327757317976,0,21.1892082126345,0
"2018-05-08 16:22:44",7.367948035192,0,27.5061818471507,0
"2018-05-08 16:23:44",3.19413654840144,0,20.8563812996006,0
"2018-05-08 16:24:44",3.65519008900035,0,19.532411071269,0
"2018-05-08 16:25:44",1.9648684993245,0,20.8251334144585,0
"2018-05-08 16:26:44",5.05068509239102,0,22.0219284696373,0
"2018-05-08 16:27:44",2.34001696688613,0,32.9917883378351,0
"2018-05-08 16:28:44",6.61190829449434,0,37.9030082899149,0
"2018-05-08 16:29:44",2.53286125440068,0,21.0050605815036,0
"2018-05-08 16:30:44",8.15878130878443,0,27.9384483882421,0
"2018-05-08 16:31:44",4.2613159932256,0,18.2954077559233,0
"2018-05-08 16:32:44",5.88187294249056,0,19.6604183410531,0
"2018-05-08 16:33:44",9.16251031582612,0,24.1906812313152,0
"2018-05-08 16:34:44",5.71288511216418,0,23.2112834028749,0
"2018-05-08 16:35:44",3.59969250991345,0,17.3570672342446,0
"2018-05-08 16:36:44",3.01306985324703,0,20.1827019317385,0
"2018-05-08 16:37:44",6.40125221500857,0,26.7143547266229,0
"2018-05-08 16:38:44",3.45469773988305,0,32.6748130020728,0
"2018-05-08 16:39:44",7.37507222074838,0,39.3901751087967,0
"2018-05-08 16:40:44",4.77402717318291,0,42.3347854417443,0
"2018-05-08 16:41:44",16.7457638571259,0,125.191682379305,0
"2018-05-08 16:42:44",10.7737777561984,0,20.3035088621458,0
"2018-05-08 16:43:44",15.3569505844907,0,17.5225154442626,0
"2018-05-08 16:44:45",7.22141589631623,0,16.3773852318501,0
"2018-05-08 16:45:45",12.4461234547989,0,20.1495271288804,0
"2018-05-08 16:46:45",9.2463442426981,0,20.249314423647,0
"2018-05-08 16:47:45",14.9852484615081,0,26.3855297071393,0
"2018-05-08 16:48:45",9.09547425528335,0,12.9154999427119,0
"2018-05-08 16:49:45",7.05257363659424,0,13.2790327795232,0
"2018-05-08 16:50:45",8.27345750866894,0,17.3760359607733,0
"2018-05-08 16:51:45",5.80024301761409,0,21.0963158738531,0
"2018-05-08 16:52:45",9.53805802861786,0,32.5284910200504,0
"2018-05-08 16:53:45",4.26369971461548,0,20.1498844301358,0
"2018-05-08 16:54:45",9.40994495125046,0,27.6554085731188,0
"2018-05-08 16:55:45",6.07642058754556,0,20.2059553776289,0
"2018-05-08 16:56:45",11.1700907431762,0,19.5244694107018,0
"2018-05-08 16:57:45",6.26154481925201,0,22.3467394886874,0
"2018-05-08 16:58:45",10.5592233385719,0,29.5515544757019,0
"2018-05-08 16:59:45",5.86673584495929,0,17.5555202187352,0
"2018-05-08 17:00:45",7.66079586604291,0,18.8447351977977,0
"2018-05-08 17:01:45",6.26951772726093,0,15.6081567253784,0
"2018-05-08 17:02:45",6.72977557286166,0,17.4988528929482,0
"2018-05-08 17:03:45",7.0397044622607,0,30.0973054134053,0
"2018-05-08 17:04:45",5.60988309715468,0,25.3902607919829,0
"2018-05-08 17:05:45",10.271808001432,0,29.7213760941991,0
"2018-05-08 17:06:45",3.21527528337659,0,20.9430877340318,0
"2018-05-08 17:07:45",9.32083055453638,0,22.3299765177815,0
"2018-05-08 17:08:46",4.31310476333805,0,19.1095585476541,0
"2018-05-08 17:09:46",8.81063759566116,0,25.0999289795305,0
"2018-05-08 17:10:46",4.06405480565855,0,20.0071015023032,0
"2018-05-08 17:11:46",9.66833482757713,0,22.3223793086615,0
"2018-05-08 17:12:46",5.76342840374868,0,22.327347374794,0
"2018-05-08 17:13:46",16.4320256741074,0,25.0153684642885,0
"2018-05-08 17:14:46",11.5037492814168,0,29.6307152199292,0
"2018-05-08 17:15:46",12.7740150441603,0,18.6140987872935,0
"2018-05-08 17:16:46",10.258016983821,0,16.3007613807542,0
"2018-05-08 17:17:46",6.52874989861812,0,17.9575325314197,0
"2018-05-08 17:18:46",9.11596201948755,0,20.1957892412483,0
"2018-05-08 17:19:46",4.48216310591286,0,21.4489935089514,0
"2018-05-08 17:20:46",17.1995242501127,0,42.7429025368064,0
"2018-05-08 17:21:46",6.8645184889371,0,18.0376296095089,0
"2018-05-08 17:22:46",10.363224697806,0,19.4213307426119,0
"2018-05-08 17:23:46",5.27044228162454,0,17.7041930718482,0
"2018-05-08 17:24:46",8.28249794661897,0,17.1679124309662,0
"2018-05-08 17:25:46",10.0172707843389,0,33.9821112893608,0
"2018-05-08 17:26:46",6.6193520532094,0,30.8905248450569,0
"2018-05-08 17:27:46",7.79260359726638,0,18.449622259446,0
"2018-05-08 17:28:46",4.27755486491494,0,18.7373464770819,0
"2018-05-08 17:29:46",5.4944609501983,0,18.0603077546091,0
"2018-05-08 17:30:46",4.72074949687919,0,20.012670887048,0
"2018-05-08 17:31:46",15.0648181977387,0,24.327575066232,0
"2018-05-08 17:32:47",4.87983024610947,0,20.6778404169473,0
"2018-05-08 17:33:47",12.1311795933087,0,30.3980856044402,0
"2018-05-08 17:34:47",5.17639907180444,0,20.2393077206898,0
"2018-05-08 17:35:47",7.08339769301267,0,18.6897042825824,0
"2018-05-08 17:36:47",6.68212179284622,0,32.2209155442952,0
"2018-05-08 17:37:47",11.22760803854,0,33.3243451714732,0
"2018-05-08 17:38:47",4.56807738312106,0,23.234156472371,0
"2018-05-08 17:39:47",6.18643377241452,0,20.1048113130112,0
"2018-05-08 17:40:47",4.47766166204055,0,18.7682476824304,0
"2018-05-08 17:41:47",69.0053671637546,1,140.779990722074,0
"2018-05-08 17:42:47",9.77630060139677,0,34.8010684616638,0
"2018-05-08 17:43:47",8.85331035803843,0,20.1121919215273,0
"2018-05-08 17:44:47",7.20815793517657,0,19.592872768013,0
"2018-05-08 17:45:47",3.60871843422805,0,19.2075019125113,0
"2018-05-08 17:46:47",11.2533646152153,0,28.5740336955568,0
"2018-05-08 17:47:47",5.77398263091499,0,18.9837032918612,0
"2018-05-08 17:48:47",10.469462292541,0,29.25025448748,0
"2018-05-08 17:49:47",3.95991463599325,0,18.4368302451266,0
"2018-05-08 17:50:47",5.22952767108922,0,15.6069124026348,0
"2018-05-08 17:51:47",5.27905905178489,0,17.8330479504352,0
"2018-05-08 17:52:47",7.50321861532204,0,18.5687688658219,0
"2018-05-08 17:53:48",6.28707693733592,0,33.6777135852188,0
"2018-05-08 17:54:48",5.22740933760745,0,28.5439312733592,0
"2018-05-08 17:55:48",7.22019465697478,0,18.2925504212014,0
"2018-05-08 17:56:48",3.11118070756071,0,25.7391954918404,0
"2018-05-08 17:57:48",8.16240000021745,0,18.4900814222335,0
"2018-05-08 17:58:48",6.51841344070082,0,16.1245816652141,0
"2018-05-08 17:59:48",8.24840095792099,0,27.0343387916568,0
"2018-05-08 18:00:48",6.05498743588155,0,18.2596714504233,0
"2018-05-08 18:01:48",7.01215294461226,0,21.2330556199684,0
"2018-05-08 18:02:48",4.85084377895443,0,22.9286021871345,0
"2018-05-08 18:03:48",5.85094504655063,0,31.3941462928503,0
"2018-05-08 18:04:48",4.99894446026274,0,37.6328017042119,0
"2018-05-08 18:05:48",8.58636929751269,0,43.610600991971,0
"2018-05-08 18:06:48",10.6336253434201,0,21.9182839552571,0
"2018-05-08 18:07:48",7.79092974761195,0,25.2718035382795,0
"2018-05-08 18:08:48",7.34448079704755,0,29.075514749678,0
"2018-05-08 18:09:48",6.3670986340204,0,26.6461752443696,0
"2018-05-08 18:10:48",12.8126158233279,0,35.2083932923629,0
"2018-05-08 18:11:48",11.3395940479089,0,22.9254571005701,0
"2018-05-08 18:12:48",14.1369235386337,0,28.6742886997154,0
"2018-05-08 18:13:48",13.2585857673473,0,22.7545984415706,0
"2018-05-08 18:14:49",14.5598381844158,0,26.3301482435129,0
"2018-05-08 18:15:49",12.7444153974051,0,32.9500191893669,0
"2018-05-08 18:16:49",15.8786783346002,0,31.466726657144,0
"2018-05-08 18:17:49",13.2188046027709,0,22.8980320565572,0
"2018-05-08 18:18:49",11.3442886692802,0,26.8127015635307,0
"2018-05-08 18:19:49",16.3173665285425,0,20.0860182049106,0
"2018-05-08 18:20:49",13.0793439089938,0,26.0921698188217,0
"2018-05-08 18:21:49",20.7150976534737,0,36.2071910397735,0
"2018-05-08 18:22:49",13.5611081474691,0,22.6970834718117,0
"2018-05-08 18:23:49",16.1822975183084,0,21.4580029710262,0
"2018-05-08 18:24:49",11.3841405935907,0,25.3908313246112,0
"2018-05-08 18:25:49",19.1574396361239,0,37.0691090568888,0
"2018-05-08 18:26:49",17.592117090761,0,36.6285242216843,0
"2018-05-08 18:27:49",14.2508268458232,0,31.7796540884997,0
"2018-05-08 18:28:49",10.9641469826572,0,22.9548553393973,0
"2018-05-08 18:29:49",10.6465654471408,0,23.0803678230554,0
"2018-05-08 18:30:49",11.8499045712026,0,20.4227522790697,0
"2018-05-08 18:31:49",11.0566582280095,0,25.8957317104937,0
"2018-05-08 18:32:49",14.1861790035109,0,31.6496501335069,0
"2018-05-08 18:33:49",14.0965951808219,0,18.8398542747598,0
"2018-05-08 18:34:49",12.6387235393578,0,18.7213240211763,0
"2018-05-08 18:35:49",10.8798564467863,0,18.4126481175293,0
"2018-05-08 18:36:49",15.3170549153127,0,21.2012888429852,0
"2018-05-08 18:37:49",8.61128213491932,0,20.9294776614486,0
"2018-05-08 18:38:49",16.3451562092668,0,35.2771743310609,0
"2018-05-08 18:39:49",12.1433823076056,0,18.6124026155817,0
"2018-05-08 18:40:50",11.0272886658063,0,22.6501079996555,0
"2018-05-08 18:41:50",10.8601459117936,0,19.6696503890834,0
"2018-05-08 18:42:50",18.1931847168557,0,25.6758883407091,0
"2018-05-08 18:43:50",16.9169273640195,0,31.0836982457878,0
"2018-05-08 18:44:50",15.8228883787657,0,23.7579300565299,0
"2018-05-08 18:45:50",11.8831443846365,0,20.4544496396611,0
"2018-05-08 18:46:50",10.1823446806975,0,17.5348891620674,0
"2018-05-08 18:47:50",9.20374122554192,0,16.4190913940209,0
"2018-05-08 18:48:50",8.53239973170378,0,19.7449977716664,0
"2018-05-08 18:49:50",15.4780680453429,0,31.9102667357462,0
"2018-05-08 18:50:50",8.21704491122213,0,14.6328049258225,0
"2018-05-08 18:51:50",9.5864227765936,0,23.6698330672882,0
"2018-05-08 18:52:50",6.57517885353979,0,23.3687928090408,0
"2018-05-08 18:53:50",11.1461929861653,0,26.3477001220079,0
"2018-05-08 18:54:50",6.24151262097353,0,31.1699170849422,0
"2018-05-08 18:55:50",6.10932347910108,0,38.2805182686254,0
"2018-05-08 18:56:50",8.1857507507991,0,20.8746582635263,0
"2018-05-08 18:57:50",8.41671277112549,0,22.055157495136,0
"2018-05-08 18:58:50",6.86618340541481,0,18.1131903746102,0
"2018-05-08 18:59:50",7.76612709323738,0,21.5675985539131,0
"2018-05-08 19:00:50",8.82271302075448,0,20.6685683681904,0
"2018-05-08 19:01:50",5.73053276185588,0,18.0328466632668,0
"2018-05-08 19:02:50",12.9027784407119,0,27.5725552112054,0
"2018-05-08 19:03:50",5.10979973178436,0,21.6075039645374,0
"2018-05-08 19:04:51",12.1425689503674,0,30.0438191730033,0
"2018-05-08 19:05:51",4.90217301925688,0,29.8254291976138,0
"2018-05-08 19:06:51",12.1130573393997,0,30.7822276537291,0
"2018-05-08 19:07:51",8.04732772690838,0,23.5827018617957,0
"2018-05-08 19:08:51",7.10907998908413,0,23.285987609961,0
"2018-05-08 19:09:51",5.46745415581811,0,15.9903749556268,0
"2018-05-08 19:10:51",7.68197345932311,0,21.9160424168729,0
"2018-05-08 19:11:51",7.11145262463717,0,32.2031975533093,0
"2018-05-08 19:12:51",12.8367534632978,0,14.4533425361408,0
"2018-05-08 19:13:51",9.04447942995671,0,19.9131328446991,0
"2018-05-08 19:14:51",7.03538109745299,0,18.2027109599764,0
"2018-05-08 19:15:51",10.4871689020557,0,13.8650879722604,0
"2018-05-08 19:16:51",4.79999837836088,0,25.4569646132375,0
"2018-05-08 19:17:51",15.1746559461698,0,35.9414016900792,0
"2018-05-08 19:18:51",5.93870141274735,0,18.21548776387,0
"2018-05-08 19:19:51",10.1853418629914,0,16.7757555345522,0
"2018-05-08 19:20:51",7.85833533261212,0,17.7473395912343,0
"2018-05-08 19:21:51",9.87997787538387,0,16.7033761726761,0
"2018-05-08 19:22:51",6.88841608882515,0,28.3843961665221,0
"2018-05-08 19:23:51",9.87646085389925,0,22.1847084084751,0
"2018-05-08 19:24:51",4.59668934963256,0,13.3120598513395,0
"2018-05-08 19:25:51",6.36188648668999,0,15.1931133813075,0
"2018-05-08 19:26:51",7.05634634957138,0,19.0483907441522,0
"2018-05-08 19:27:51",5.14597505377236,0,19.3935592340372,0
"2018-05-08 19:28:52",10.9423459506814,0,34.4680167594638,0
"2018-05-08 19:29:52",5.06683763132777,0,16.2002143546375,0
"2018-05-08 19:30:52",10.7121760721075,0,23.5159872351481,0
"2018-05-08 19:31:52",9.42641020467635,0,17.9580191522442,0
"2018-05-08 19:32:52",11.2752146198199,0,17.5732667493391,0
"2018-05-08 19:33:52",7.3342238127588,0,30.3559194830844,0
"2018-05-08 19:34:52",10.6950098547478,0,23.7959138943941,0
"2018-05-08 19:35:52",5.96682896308998,0,19.1641739901813,0
"2018-05-08 19:36:52",8.46162273790122,0,23.1400493251802,0
"2018-05-08 19:37:52",5.16139303790941,0,16.3987298023355,0
"2018-05-08 19:38:52",6.84057942606362,0,20.1501804031739,0
"2018-05-08 19:39:52",10.858415081647,0,29.6020050301637,0
"2018-05-08 19:40:52",5.81741237431367,0,21.113367433444,0
"2018-05-08 19:41:52",10.9596858905534,0,38.634017733061,0
"2018-05-08 19:42:52",4.71516897023318,0,150.899508176965,0
"2018-05-08 19:43:52",13.4157194627996,0,18.0403630323314,0
"2018-05-08 19:44:52",9.00463897813062,0,18.7433716058944,0
"2018-05-08 19:45:52",10.4443384709005,0,20.1191194270529,0
"2018-05-08 19:46:52",8.36292829954832,0,14.5122691841885,0
"2018-05-08 19:47:52",8.45116396766521,0,17.028795863563,0
"2018-05-08 19:48:52",5.56995242098752,0,34.1046898293922,0
"2018-05-08 19:49:52",7.66761338773834,0,16.9934043835554,0
"2018-05-08 19:50:52",6.08200573908324,0,12.0230502551198,0
"2018-05-08 19:51:52",8.33256028710203,0,17.2908280723973,0
"2018-05-08 19:52:53",8.37948695231689,0,15.2501800957846,0
"2018-05-08 19:53:53",8.23248169798769,0,33.5701702676065,0
"2018-05-08 19:54:53",14.3055273328201,0,39.833331393447,0
"2018-05-08 19:55:53",4.69617693854966,0,24.614900641032,0
"2018-05-08 19:56:53",10.6965413871607,0,21.1229785927456,0
"2018-05-08 19:57:53",6.84400424942501,0,93.7540043972427,0
"2018-05-08 19:58:53",12.301898126845,0,23.5844925735586,0
"2018-05-08 19:59:53",9.54050404801773,0,24.8265665153514,0
"2018-05-08 20:00:53",13.1180579287695,0,14.9503490714768,0
"2018-05-08 20:01:53",8.2119259829886,0,19.9698297536609,0
"2018-05-08 20:02:53",9.46785315466947,0,36.765733137864,0
"2018-05-08 20:03:53",9.49685626095085,0,17.8194646372484,0
"2018-05-08 20:04:53",5.22705414423463,0,33.7460494904724,0
"2018-05-08 20:05:53",9.18089169154212,0,36.3878036781028,0
"2018-05-08 20:06:53",5.89992054542992,0,23.4877742382057,0
"2018-05-08 20:07:53",7.02079015739443,0,20.5247729505935,0
"2018-05-08 20:08:53",5.14389481103267,0,23.2816825288538,0
"2018-05-08 20:09:53",9.51056395582887,0,28.234407451765,0
"2018-05-08 20:10:53",4.12443424496066,0,60.5551166985034,0
"2018-05-08 20:11:53",9.16365378593042,0,21.3425655935205,0
"2018-05-08 20:12:53",3.55761448414332,0,17.2696325186512,0
"2018-05-08 20:13:53",6.47200964771225,0,15.5509959705366,0
"2018-05-08 20:14:53",4.9102356242352,0,17.65932683252,0
"2018-05-08 20:15:54",9.43494044986841,0,24.6155271101031,0
"2018-05-08 20:16:54",3.58734000067015,0,27.3335372947058,0
"2018-05-08 20:17:54",3.6597996800187,0,15.596013829479,0
"2018-05-08 20:18:54",4.37653984187743,0,17.632479740881,0
"2018-05-08 20:19:54",3.49771818984118,0,17.8032064130126,0
"2018-05-08 20:20:54",6.59329806762829,0,21.7832749292522,0
"2018-05-08 20:21:54",3.47093466114404,0,27.6966218100898,0
"2018-05-08 20:22:54",10.7163274547764,0,21.1966413859997,0
"2018-05-08 20:23:54",3.2642814552989,0,17.2132403790312,0
"2018-05-08 20:24:54",6.11471767263013,0,16.5913922110969,0
"2018-05-08 20:25:54",3.5669188009523,0,63.7614798478435,0
"2018-05-08 20:26:54",6.51275883734914,0,18.0036667380338,0
"2018-05-08 20:27:54",4.021136481482,0,27.1400344801788,0
"2018-05-08 20:28:54",6.21143565477601,0,16.9821658700114,0
"2018-05-08 20:29:54",3.24107586176824,0,16.1031191966907,0
"2018-05-08 20:30:54",5.12649760911017,0,17.6663740908359,0
"2018-05-08 20:31:54",5.13296466778595,0,16.4855418377921,0
"2018-05-08 20:32:54",5.09010795894634,0,31.7385081882116,0
"2018-05-08 20:33:54",6.23077556276169,0,16.9849131480086,0
"2018-05-08 20:34:54",3.63989623394553,0,18.1442246471367,0
"2018-05-08 20:35:54",5.65071788538674,0,18.1245148289547,0
"2018-05-08 20:36:54",4.21409523612551,0,25.7527180882747,0
"2018-05-08 20:37:54",8.90598882692043,0,17.4809994620575,0
"2018-05-08 20:38:55",7.25114005028852,0,27.2558497740678,0
"2018-05-08 20:39:55",8.16639852351255,0,17.3275029766934,0
"2018-05-08 20:40:55",3.67663784225045,0,16.7541627413349,0
"2018-05-08 20:41:55",7.57632549684479,0,19.5366408455869,0
"2018-05-08 20:42:55",16.4199334594439,0,18.643655758099,0
"2018-05-08 20:43:55",12.5194247173327,0,31.1900851995449,0
"2018-05-08 20:44:55",13.144179968617,0,26.3476253072096,0
"2018-05-08 20:45:55",6.71235304804769,0,19.8294869645601,0
"2018-05-08 20:46:55",7.23000058427568,0,18.5637392700063,0
"2018-05-08 20:47:55",3.7123044310241,0,18.147754871232,0
"2018-05-08 20:48:55",10.8314562794353,0,18.5900711165213,0
"2018-05-08 20:49:55",4.47313843991851,0,33.3454920887477,0
"2018-05-08 20:50:55",7.82321642596784,0,15.1754496940001,0
"2018-05-08 20:51:55",5.66053676707658,0,13.8527025171114,0
"2018-05-08 20:52:55",5.7521714695236,0,17.8544975819112,0
"2018-05-08 20:53:55",2.69212460523699,0,20.047112146778,0
"2018-05-08 20:54:55",7.73577602647048,0,34.9724203980857,0
"2018-05-08 20:55:55",9.38582403842917,0,28.4282207655611,0
"2018-05-08 20:56:55",7.0025705903078,0,19.1757395101249,0
"2018-05-08 20:57:55",4.95271572890823,0,18.0140688335832,0
"2018-05-08 20:58:55",4.16204557068261,0,17.6336496790542,0
"2018-05-08 20:59:55",6.16260632486192,0,21.494744454342,0
"2018-05-08 21:00:55",7.24842258976698,0,32.0476009260468,0
"2018-05-08 21:01:55",8.11691320879447,0,19.9518060852248,0
"2018-05-08 21:02:56",4.94558941438492,0,38.4381044385364,0
"2018-05-08 21:03:56",8.12611776590853,0,17.1921927348927,0
"2018-05-08 21:04:56",5.69718119721888,0,19.631675076208,0
"2018-05-08 21:05:56",6.98128091443515,0,21.321177059414,0
"2018-05-08 21:06:56",4.56847281798257,0,29.8619433508636,0
"2018-05-08 21:07:56",5.98911066792528,0,20.1567878297376,0
"2018-05-08 21:08:56",3.26599893106688,0,18.3671718062413,0
"2018-05-08 21:09:56",3.6445449227154,0,21.0781310549895,0
"2018-05-08 21:10:56",4.14465697115173,0,22.3246741327584,0
"2018-05-08 21:11:56",4.77004924925543,0,25.7587782137326,0
"2018-05-08 21:12:56",7.88692432036844,0,18.1458073221197,0
"2018-05-08 21:13:56",6.41871999279705,0,13.4022385100856,0
"2018-05-08 21:14:56",10.8911535953955,0,17.7902857555359,0
"2018-05-08 21:15:56",5.85108500571277,0,16.9776838705572,0
"2018-05-08 21:16:56",7.82912945981757,0,16.9785618326214,0
"2018-05-08 21:17:56",8.52142140058757,0,24.2989912375014,0
"2018-05-08 21:18:56",9.02310178815656,0,19.6190129230036,0
"2018-05-08 21:19:56",10.4565648301562,0,15.0966655000462,0
"2018-05-08 21:20:56",8.05042927705172,0,15.5336803659401,0
"2018-05-08 21:21:56",5.70703680322386,0,11.4727506748702,0
"2018-05-08 21:22:56",6.40744566101006,0,24.1157459595134,0
"2018-05-08 21:23:57",12.4675646012934,0,25.2534816703656,0
"2018-05-08 21:24:57",4.94309258113439,0,14.149911743029,0
"2018-05-08 21:25:57",6.79791966826465,0,14.1800474653484,0
"2018-05-08 21:26:57",4.05936936949657,0,19.8042608424641,0
"2018-05-08 21:27:57",19.3771748821064,0,21.9095874942817,0
"2018-05-08 21:28:57",14.1052119782354,0,19.9963458738316,0
"2018-05-08 21:29:57",9.18708024432241,0,16.9693167364277,0
"2018-05-08 21:30:57",4.88881746681766,0,15.0700327575149,0
"2018-05-08 21:31:57",5.68799623792525,0,15.0127290835523,0
"2018-05-08 21:32:57",5.50330839534042,0,15.562496527863,0
"2018-05-08 21:33:57",10.8235834234111,0,24.7416530110809,0
"2018-05-08 21:34:57",5.74003473551227,0,20.5100438239403,0
"2018-05-08 21:35:57",6.84970047349867,0,19.1775605366194,0
"2018-05-08 21:36:57",5.72040589972407,0,17.3345118205673,0
"2018-05-08 21:37:57",3.67614763469731,0,18.9033002173588,0
"2018-05-08 21:38:57",7.31077586686845,0,20.5470241038919,0
"2018-05-08 21:39:57",9.87793817175098,0,24.1043339510857,0
"2018-05-08 21:40:57",9.02501213299157,0,25.1607742030205,0
"2018-05-08 21:41:57",6.75137278346542,0,24.3796407262414,0
"2018-05-08 21:42:57",11.5140580940937,0,37.683577093479,0
"2018-05-08 21:43:57",17.4392666247593,0,27.6489363341133,0
"2018-05-08 21:44:57",11.305269973977,0,19.7794052585755,0
"2018-05-08 21:45:57",6.55891672574329,0,19.2294864210445,0
"2018-05-08 21:46:57",8.88544300691391,0,17.7906829795792,0
"2018-05-08 21:47:57",2.80128086939147,0,16.9637261820825,0
"2018-05-08 21:48:57",4.51710060866982,0,15.6547259210553,0
"2018-05-08 21:49:57",2.27663369134158,0,26.9228678512826,0
"2018-05-08 21:50:57",2.17911810482899,0,16.1897180038741,0
"2018-05-08 21:51:57",6.10937250654664,0,18.6159451304473,0
"2018-05-08 21:52:58",2.36393511214245,0,17.316456734698,0
"2018-05-08 21:53:58",12.4462849477514,0,23.0698922092671,0
"2018-05-08 21:54:58",6.71879871507381,0,33.4663030220101,0
"2018-05-08 21:55:58",7.33614876366368,0,24.347156091018,0
"2018-05-08 21:56:58",6.12121138292097,0,29.1596103671163,0
"2018-05-08 21:57:58",10.8500316061949,0,18.5078078252696,0
"2018-05-08 21:58:58",12.3564627288102,0,16.2884604320058,0
"2018-05-08 21:59:58",15.8602766771936,0,14.0828276277811,0
"2018-05-08 22:00:58",9.74537978935808,0,18.466775243172,0
"2018-05-08 22:01:58",8.85951693517463,0,9.86494804394075,0
"2018-05-08 22:02:58",6.25519998348668,0,11.649528603314,0
"2018-05-08 22:03:58",3.40081580270397,0,18.4387565999352,0
"2018-05-08 22:04:58",4.40515967000303,0,18.6042344759981,0
"2018-05-08 22:05:58",4.85301396828687,0,27.8499126819972,0
"2018-05-08 22:06:58",9.81251295325317,0,23.4567284877166,0
"2018-05-08 22:07:58",4.86405162829623,0,19.8022046046619,0
"2018-05-08 22:08:58",7.64025160503549,0,20.3171465382132,0
"2018-05-08 22:09:58",3.14260447045609,0,21.1979540317308,0
"2018-05-08 22:10:58",7.10179988355103,0,18.3249773622161,0
"2018-05-08 22:11:58",11.7020198733429,0,21.778761719649,0
"2018-05-08 22:12:58",6.02176818792148,0,15.3711600891308,0
"2018-05-08 22:13:58",8.85192485808584,0,15.9035974766931,0
"2018-05-08 22:14:58",5.45638389623155,0,14.7240512397177,0
"2018-05-08 22:15:59",6.27623847466864,0,13.2762601545337,0
"2018-05-08 22:16:59",7.03588132867868,0,25.566250354614,0
"2018-05-08 22:17:59",15.9589291580322,0,25.759009678672,0
"2018-05-08 22:18:59",4.94579325856678,0,13.3373469340575,0
"2018-05-08 22:19:59",13.8084599545417,0,17.0783410698896,0
"2018-05-08 22:20:59",6.76219875565331,0,16.0024464151596,0
"2018-05-08 22:21:59",10.4235491945715,0,13.676556657677,0
"2018-05-08 22:22:59",8.08135167118997,0,19.9948132403911,0
"2018-05-08 22:23:59",10.8914754445868,0,15.1094858008121,0
"2018-05-08 22:24:59",7.58877213409176,0,13.3687696283632,0
"2018-05-08 22:25:59",8.63598010648458,0,18.7496135703485,0
"2018-05-08 22:26:59",5.86187306568134,0,17.0389498400047,0
"2018-05-08 22:27:59",8.5414685430469,0,21.4721415779889,0
"2018-05-08 22:28:59",6.51444728775454,0,22.7821831900605,0
"2018-05-08 22:29:59",5.90554939712423,0,14.4430664748625,0
"2018-05-08 22:30:59",10.2552385906195,0,16.8116598477201,0
"2018-05-08 22:31:59",5.71462858063696,0,16.1497969193392,0
"2018-05-08 22:32:59",13.8707360203045,0,24.3444804431993,0
"2018-05-08 22:33:59",9.22952227019282,0,20.1286921966349,0
"2018-05-08 22:34:59",10.6100957741132,0,12.0578349241921,0
"2018-05-08 22:35:59",9.18623835799314,0,13.3803416361714,0
"2018-05-08 22:36:59",11.5115210933384,0,15.7110098465737,0
"2018-05-08 22:37:59",7.60882652950732,0,13.9425053966994,0
"2018-05-08 22:39:00",7.43753368321166,0,12.3361101392651,0
"2018-05-08 22:40:00",8.29054258051542,0,22.0466592654843,0
"2018-05-08 22:41:00",8.38528302626749,0,14.9854931941083,0
"2018-05-08 22:42:00",6.12533911519584,0,11.883402550061,0
"2018-05-08 22:43:00",6.83647940501731,0,14.0334259312856,0
"2018-05-08 22:44:00",27.9525289602723,0,121.846785214872,0
"2018-05-08 22:45:00",7.70450741521216,0,34.3895585216194,0
"2018-05-08 22:46:00",8.07823226518771,0,25.4346513731122,0
"2018-05-08 22:47:00",9.98870362893136,0,17.7091418210932,0
"2018-05-08 22:48:00",10.0577969076805,0,15.9677618486557,0
"2018-05-08 22:49:00",9.73887256984325,0,14.9736653569069,0
"2018-05-08 22:50:00",9.91312785218754,0,14.7500607433929,0
"2018-05-08 22:51:00",9.13980166571529,0,26.8487482147667,0
"2018-05-08 22:52:00",10.3209391159882,0,14.7218426450591,0
"2018-05-08 22:53:00",6.61993024919961,0,14.1654227767066,0
"2018-05-08 22:54:00",7.10801071688755,0,21.0596362291116,0
"2018-05-08 22:55:00",4.25860195637107,0,20.1756237107041,0
"2018-05-08 22:56:00",4.1273433367807,0,32.660856149523,0
"2018-05-08 22:57:00",5.55569264307015,0,24.2167928766108,0
"2018-05-08 22:58:01",4.36418241936153,0,20.6534061500521,0
"2018-05-08 22:59:01",10.3074637431608,0,22.3642522846706,0
"2018-05-08 23:00:01",5.71769243255391,0,23.3901221671555,0
"2018-05-08 23:01:01",9.65565153084227,0,20.5619221714745,0
"2018-05-08 23:02:01",13.5580337525482,0,27.0235122199089,0
"2018-05-08 23:03:01",10.7037217398779,0,21.3847504003174,0
"2018-05-08 23:04:01",6.1927079064657,0,18.6596607523553,0
"2018-05-08 23:05:01",9.18766532230648,0,19.837493449699,0
"2018-05-08 23:06:01",4.29651643695197,0,17.2600380256121,0
"2018-05-08 23:07:01",8.02226889599523,0,33.0927489189158,0
"2018-05-08 23:08:01",12.8282958540942,0,29.9196105960213,0
"2018-05-08 23:09:01",4.97476474155228,0,21.7614044744993,0
"2018-05-08 23:10:01",10.050750665047,0,27.8352802475636,0
"2018-05-08 23:11:01",4.04598040501888,0,20.3836037146782,0
"2018-05-08 23:12:01",12.6453064189506,0,36.7565061050754,0
"2018-05-08 23:13:01",8.147047260369,0,38.4814399601916,0
"2018-05-08 23:14:01",12.2672637830858,0,19.4600115844957,0
"2018-05-08 23:15:01",15.2513162448602,0,15.0099619416217,0
"2018-05-08 23:16:01",15.5005447058161,0,12.5851617193434,0
"2018-05-08 23:17:01",9.19436205590619,0,9.7420933121347,0
"2018-05-08 23:18:01",11.8736582794326,0,14.7789501680684,0
"2018-05-08 23:19:01",8.1899579325007,0,26.1428403463825,0
"2018-05-08 23:20:02",7.85900738761854,0,13.5609084864701,0
"2018-05-08 23:21:02",8.69053659866452,0,11.1517999907555,0
"2018-05-08 23:22:02",7.14272845204504,0,14.2271893211255,0
"2018-05-08 23:23:02",6.93688198767789,0,15.2782628139978,0
"2018-05-08 23:24:02",10.4473032947541,0,29.4783409700167,0
"2018-05-08 23:25:02",9.21462109996033,0,15.7346612710425,0
"2018-05-08 23:26:02",5.96903848432939,0,18.0456070779397,0
"2018-05-08 23:27:02",8.655990964203,0,14.7907755028789,0
"2018-05-08 23:28:02",7.7971818516594,0,12.7602935551091,0
"2018-05-08 23:29:02",10.3365460012308,0,15.1698096088959,0
"2018-05-08 23:30:02",7.9249987881467,0,22.2508173654369,0
"2018-05-08 23:31:02",7.5423732291867,0,16.3538266211275,0
"2018-05-08 23:32:02",13.6491231803666,0,16.0289215087917,0
"2018-05-08 23:33:02",11.8932960735117,0,15.1308791333827,0
"2018-05-08 23:34:02",6.03843382655691,0,13.546485762023,0
"2018-05-08 23:35:02",5.4522277096381,0,28.3867652335957,0
"2018-05-08 23:36:02",6.17165801318088,0,16.5300792883114,0
"2018-05-08 23:37:02",4.15313444490013,0,14.8782656802827,0
"2018-05-08 23:38:02",9.36786615046497,0,19.7238389099856,0
"2018-05-08 23:39:02",4.48880939687876,0,17.7491198056512,0
"2018-05-08 23:40:02",10.1245840514329,0,19.3921189151616,0
"2018-05-08 23:41:02",6.25302608954226,0,25.6326936842438,0
"2018-05-08 23:42:02",11.2710868462005,0,19.7680510176902,0
"2018-05-08 23:43:02",8.85609808217592,0,32.3467769796205,0
"2018-05-08 23:44:03",9.78384381534313,0,31.3590271139723,0
"2018-05-08 23:45:03",8.23045518534932,0,32.7611851697319,0
"2018-05-08 23:46:03",9.61314203871828,0,16.4701636616715,0
"2018-05-08 23:47:03",9.34947291307529,0,15.2128589527299,0
"2018-05-08 23:48:03",5.16668575311899,0,16.9552597147278,0
"2018-05-08 23:49:03",7.95532665585067,0,16.1562065052638,0
"2018-05-08 23:50:03",8.65252774962704,0,22.9904520746102,0
"2018-05-08 23:51:03",8.54059784479783,0,13.5609175652454,0
"2018-05-08 23:52:03",4.38455512992251,0,15.4373061087198,0
"2018-05-08 23:53:03",2.56440453095783,0,210.766491937083,1
"2018-05-08 23:54:03",8.28871395583698,0,11.314513320753,0
"2018-05-08 23:55:03",12.5068960177421,0,9.28856227175808,0
"2018-05-08 23:56:03",7.13464209949585,0,23.7301246416327,0
"2018-05-08 23:57:03",9.54661190269078,0,13.3382053864079,0
"2018-05-08 23:58:03",8.02956589483932,0,17.8730562303605,0
"2018-05-08 23:59:03",11.2045131065408,0,9.78402208322746,0
"2018-05-09 00:00:03",9.96348792144203,0,16.1186551588827,0
"2018-05-09 00:00:29",18.4939607496768,0,17.4797567648443,0
"2018-05-09 00:01:03",17.5179030765674,0,22.5384002766708,0
"2018-05-09 00:02:03",10.3865540379218,0,16.8015630601769,0
"2018-05-09 00:03:03",11.0098242744657,0,10.2994783431431,0
"2018-05-09 00:04:03",13.363596019676,0,14.9639259279309,0
"2018-05-09 00:05:03",6.18930210137157,0,20.3969505654555,0
"2018-05-09 00:06:03",10.2094545282821,0,18.5788358798034,0
"2018-05-09 00:07:03",6.57971959817303,0,22.3503707947286,0
"2018-05-09 00:08:04",10.1951308410599,0,12.241299111393,0
"2018-05-09 00:09:04",5.48771606835229,0,13.9853929593683,0
"2018-05-09 00:10:04",7.80100262154603,0,17.7580206725989,0
"2018-05-09 00:11:04",6.6055663245149,0,13.3892466599881,0
"2018-05-09 00:12:04",9.27861917507144,0,21.2092078892525,0
"2018-05-09 00:13:04",12.5146606986521,0,23.7193937969541,0
"2018-05-09 00:14:04",5.98675528391742,0,14.2789070206463,0
"2018-05-09 00:15:04",7.13284140041538,0,11.4757769143069,0
"2018-05-09 00:16:04",4.98419772612459,0,14.1465591174229,0
"2018-05-09 00:17:04",9.66675441557326,0,12.92851193173,0
"2018-05-09 00:18:04",6.40908963424681,0,24.6366136080612,0
"2018-05-09 00:19:04",10.6402233618968,0,12.4841197247269,0
"2018-05-09 00:20:04",6.66704629272779,0,15.6161925178072,0
"2018-05-09 00:21:04",8.48735841581318,0,11.2687395613626,0
"2018-05-09 00:22:04",7.41485517020566,0,14.2003812019194,0
"2018-05-09 00:23:04",5.95816000253405,0,11.9960903441803,0
"2018-05-09 00:24:04",8.30985668019341,0,21.8377059257781,0
"2018-05-09 00:25:04",7.70354328004151,0,13.5339260076664,0
"2018-05-09 00:26:04",5.7676437683178,0,12.2277303267945,0
"2018-05-09 00:27:04",5.02332288105707,0,13.7685395954585,0
"2018-05-09 00:28:04",6.83284970931338,0,12.0208738077805,0
"2018-05-09 00:29:04",7.4575011967373,0,25.1739944254038,0
"2018-05-09 00:30:04",11.658854997803,0,14.4251116613804,0
"2018-05-09 00:31:04",5.86014378174875,0,16.4748163532367,0
"2018-05-09 00:32:04",8.26755852985978,0,21.1951879536699,0
"2018-05-09 00:33:04",6.31711313249201,0,13.5456523097351,0
"2018-05-09 00:34:05",9.45665082528583,0,16.0942085373937,0
"2018-05-09 00:35:05",9.30290768109297,0,21.6730799803894,0
"2018-05-09 00:36:05",11.3011764847355,0,8.36629058498501,0
"2018-05-09 00:37:05",6.46295925633827,0,10.4478265108446,0
"2018-05-09 00:38:05",8.6477089612041,0,11.1756265900641,0
"2018-05-09 00:39:05",6.60963978504149,0,10.4446832359198,0
"2018-05-09 00:40:05",9.76288656308811,0,24.3924068961591,0
"2018-05-09 00:41:05",14.1276391979571,0,21.6363488368115,0
"2018-05-09 00:42:05",7.07676862170366,0,11.8476508577974,0
"2018-05-09 00:43:05",13.0466817171126,0,13.3325623572003,0
"2018-05-09 00:44:05",4.87159681872364,0,13.6489160462329,0
"2018-05-09 00:45:05",22.7510225383871,0,285.447040728313,1
"2018-05-09 00:46:05",11.3551044789371,0,21.9873147803485,0
"2018-05-09 00:47:05",14.971741592558,0,15.6134377726685,0
"2018-05-09 00:48:05",9.25304661511727,0,17.9392533171666,0
"2018-05-09 00:49:05",10.7258912503989,0,16.2422756441846,0
"2018-05-09 00:50:05",7.20968258090275,0,19.8796893380111,0
"2018-05-09 00:51:05",7.74127747093115,0,28.9932747036973,0
"2018-05-09 00:52:05",10.5111675435632,0,33.40180380611,0
"2018-05-09 00:53:05",3.41570999218767,0,15.094870920425,0
"2018-05-09 00:54:05",5.95069445178712,0,13.8256924881461,0
"2018-05-09 00:55:05",4.58816170766169,0,20.0048750638791,0
"2018-05-09 00:56:05",5.10787749453524,0,19.0853916062721,0
"2018-05-09 00:57:06",6.91412676083203,0,30.3455356325273,0
"2018-05-09 00:58:06",6.43314832139365,0,115.663096649195,0
"2018-05-09 00:59:06",5.83988577671982,0,24.9086770131293,0
"2018-05-09 01:00:06",9.31659164173541,0,18.6429646446698,0
"2018-05-09 01:01:06",7.79206276831205,0,18.9961240179851,0
"2018-05-09 01:02:06",11.9981510958936,0,26.5574252233418,0
"2018-05-09 01:03:06",5.95664750070383,0,29.6917082727892,0
"2018-05-09 01:04:06",7.35153704263255,0,17.2974776445678,0
"2018-05-09 01:05:06",6.83503997346935,0,15.8930197826306,0
"2018-05-09 01:06:06",6.02358622280759,0,15.9030790376186,0
"2018-05-09 01:07:06",8.11718289824884,0,20.7873650077423,0
"2018-05-09 01:08:06",3.78772386843037,0,28.2373763275656,0
"2018-05-09 01:09:06",6.49159518846337,0,17.3755571387876,0
"2018-05-09 01:10:06",3.92596389725009,0,17.7506093139673,0
"2018-05-09 01:11:06",6.48908918378681,0,211.336083290867,1
"2018-05-09 01:12:06",3.76821829480504,0,18.3244827246039,0
"2018-05-09 01:13:06",8.10941004825777,0,15.6599315227133,0
"2018-05-09 01:14:06",4.33749176631954,0,28.8411092568892,0
"2018-05-09 01:15:06",9.51290011312618,0,13.3333577347936,0
"2018-05-09 01:16:06",5.93350439191737,0,14.7214785257978,0
"2018-05-09 01:17:06",7.43873622544493,0,13.7290612471526,0
"2018-05-09 01:18:06",5.05563761981493,0,12.0950206029693,0
"2018-05-09 01:19:06",8.43340791027931,0,27.9672931269449,0
"2018-05-09 01:20:06",6.19124287769948,0,13.5200798758621,0
"2018-05-09 01:21:06",3.72888238310069,0,12.9282273698539,0
"2018-05-09 01:22:06",8.33589377026193,0,11.9426537665014,0
"2018-05-09 01:23:06",3.6897495037468,0,19.3418868422107,0
"2018-05-09 01:24:06",8.53589114953676,0,14.4021701214343,0
"2018-05-09 01:25:06",7.2610041146765,0,21.5287299196331,0
"2018-05-09 01:26:06",6.95617570045023,0,15.3496628832189,0
"2018-05-09 01:27:07",4.53545396556355,0,17.6323853847632,0
"2018-05-09 01:28:07",7.11373714805504,0,13.0254747246709,0
"2018-05-09 01:29:07",3.74293617048503,0,15.2438290830835,0
"2018-05-09 01:30:07",6.04010437700309,0,26.7912877762103,0
"2018-05-09 01:31:07",9.94267849601012,0,23.172011446396,0
"2018-05-09 01:32:07",5.93083440581672,0,15.829545496453,0
"2018-05-09 01:33:07",5.40901998804842,0,12.5577036354488,0
"2018-05-09 01:34:07",5.53822976313329,0,15.21734414062,0
"2018-05-09 01:35:07",9.41960422601237,0,17.5128206241925,0
"2018-05-09 01:36:07",4.09122672161629,0,15.3443184968938,0
"2018-05-09 01:37:07",5.58550245427422,0,84.9765157949773,0
"2018-05-09 01:38:07",4.32988814475548,0,17.1848929510447,0
"2018-05-09 01:39:07",7.21197440792571,0,16.0250162545981,0
"2018-05-09 01:40:07",4.44177582642545,0,19.4737893087533,0
"2018-05-09 01:41:07",7.64098989176545,0,33.25637102467,0
"2018-05-09 01:42:07",9.75464663880535,0,21.6084197422383,0
"2018-05-09 01:43:07",5.8247702707113,0,17.4774720618184,0
"2018-05-09 01:44:07",5.26796260548972,0,30.9768089244396,0
"2018-05-09 01:45:07",26.3623390197978,0,150.770495715205,0
"2018-05-09 01:46:07",18.8942514464955,0,19.2713056289239,0
"2018-05-09 01:47:07",6.61000890984262,0,21.6713762801732,0
"2018-05-09 01:48:07",8.3160720932648,0,17.9197387889722,0
"2018-05-09 01:49:07",6.04853931679965,0,26.9297169024785,0
"2018-05-09 01:50:07",8.81638642514275,0,15.6914625411387,0
"2018-05-09 01:51:07",5.15628005768419,0,22.6262703918869,0
"2018-05-09 01:52:07",7.87807230993153,0,23.4332262606107,0
"2018-05-09 01:53:07",6.21492205197605,0,13.4668099279321,0
"2018-05-09 01:54:08",10.6662301329691,0,21.4382651910355,0
"2018-05-09 01:55:08",12.7310209712324,0,21.9592130353412,0
"2018-05-09 01:56:08",7.98550044643749,0,16.9746882765185,0
"2018-05-09 01:57:08",19.2979473933568,0,35.2883960473803,0
"2018-05-09 01:58:08",7.69543917651152,0,47.1182711887734,0
"2018-05-09 01:59:08",12.3466190807439,0,39.3784785551366,0
"2018-05-09 02:00:08",10.6068005409965,0,15.3892539130899,0
"2018-05-09 02:01:08",8.25709927654403,0,14.6790988632401,0
"2018-05-09 02:02:08",26.9421312998819,0,23.1724843571197,0
"2018-05-09 02:03:08",13.4195407798455,0,16.8421629128956,0
"2018-05-09 02:04:08",16.6555053229668,0,16.9413117639056,0
"2018-05-09 02:05:08",15.1536410829331,0,22.3235264899936,0
"2018-05-09 02:06:08",13.4711859411182,0,38.6722385367686,0
"2018-05-09 02:07:08",15.9525938897049,0,37.9587546081118,0
"2018-05-09 02:08:08",16.5359246482876,0,41.1563400039565,0
"2018-05-09 02:09:08",8.29617449713569,0,26.1754376862482,0
"2018-05-09 02:10:08",7.07557262038971,0,15.9947909990366,0
"2018-05-09 02:11:08",13.2422539981895,0,14.1217897603085,0
"2018-05-09 02:12:08",16.0328133522004,0,24.448891333187,0
"2018-05-09 02:13:08",5.46377461554707,0,16.0275801675833,0
"2018-05-09 02:14:08",3.7245666991211,0,17.6668506355928,0
"2018-05-09 02:15:08",10.5189646005397,0,37.8953113384553,0
"2018-05-09 02:16:08",16.4196365675113,0,29.7804683705743,0
"2018-05-09 02:17:08",5.61476995089872,0,14.3503132439113,0
"2018-05-09 02:18:08",8.40479081482991,0,16.1701639497341,0
"2018-05-09 02:19:08",12.4202280854722,0,44.2959409126496,0
"2018-05-09 02:20:08",8.95370053018145,0,12.6996496729521,0
"2018-05-09 02:21:08",9.78240930533195,0,14.7649429821751,0
"2018-05-09 02:22:08",18.1852722587945,0,24.1861443491727,0
"2018-05-09 02:23:08",5.80090161018679,0,13.9289604200317,0
"2018-05-09 02:24:09",6.93292615121536,0,13.3063488599948,0
"2018-05-09 02:25:09",8.33897386808416,0,25.9225484744516,0
"2018-05-09 02:26:09",12.4114398077158,0,13.7583687647596,0
"2018-05-09 02:27:09",2.59487092678744,0,36.7626109649326,0
"2018-05-09 02:28:09",6.99022738685852,0,13.9717024406931,0
"2018-05-09 02:29:09",6.75677375286463,0,22.5590420366683,0
"2018-05-09 02:30:09",4.08264213995453,0,26.4580857747661,0
"2018-05-09 02:31:09",3.55350684686775,0,15.6319922156572,0
"2018-05-09 02:32:09",7.88249073530114,0,38.6149203114259,0
"2018-05-09 02:33:09",8.7903934745674,0,13.8237866137985,0
"2018-05-09 02:34:09",7.42230304325791,0,18.5825963087938,0
"2018-05-09 02:35:09",8.88925189276218,0,22.6254577328853,0
"2018-05-09 02:36:09",12.3251894428035,0,15.1660042723703,0
"2018-05-09 02:37:09",8.2507368330691,0,12.6899466261748,0
"2018-05-09 02:38:09",7.88396489175676,0,11.5977975895407,0
"2018-05-09 02:39:09",11.0231175624268,0,20.5350710909539,0
"2018-05-09 02:40:09",8.40036524448185,0,13.8017864605413,0
"2018-05-09 02:41:09",15.2749842653811,0,23.1265229767144,0
"2018-05-09 02:42:09",12.8402113664907,0,16.1752512075967,0
"2018-05-09 02:43:09",10.074950510218,0,12.8742544926711,0
"2018-05-09 02:44:09",13.2774036894991,0,24.3392942470952,0
"2018-05-09 02:45:09",25.2867609978181,0,51.4464824589042,0
"2018-05-09 02:46:09",14.474619424404,0,40.2162279204476,0
"2018-05-09 02:47:09",7.86148772237113,0,24.3451982719838,0
"2018-05-09 02:48:09",8.93962596149197,0,16.009921396529,0
"2018-05-09 02:49:09",10.2249445960402,0,13.3436063459391,0
"2018-05-09 02:50:10",8.06087251879646,0,14.378488405717,0
"2018-05-09 02:51:10",15.1204783845763,0,17.5549123785733,0
"2018-05-09 02:52:10",7.77778032315626,0,23.1005441107642,0
"2018-05-09 02:53:10",13.9707505817173,0,16.9772378467912,0
"2018-05-09 02:54:10",3.87615688068388,0,13.2919451546769,0
"2018-05-09 02:55:10",6.9393269091928,0,14.9247491119049,0
"2018-05-09 02:56:10",6.06901886438668,0,16.8658183693751,0
"2018-05-09 02:57:10",11.9196040899682,0,21.64064881966,0
"2018-05-09 02:58:10",3.23831031659346,0,45.1763940006577,0
"2018-05-09 02:59:10",57.4051263163803,1,29.4401790924198,0
"2018-05-09 03:00:10",5.85523348507524,0,19.8549371269325,0
"2018-05-09 03:01:10",6.7767660752462,0,19.0078841450809,0
"2018-05-09 03:02:10",6.20297605852577,0,19.3210931699899,0
"2018-05-09 03:03:10",9.23854736063736,0,28.5695284551814,0
"2018-05-09 03:04:10",9.1758519681435,0,19.739221417857,0
"2018-05-09 03:05:10",5.30279275362869,0,20.9709465484329,0
"2018-05-09 03:06:10",14.7954472680041,0,17.2611453031081,0
"2018-05-09 03:07:10",12.4222708995415,0,17.7612894652241,0
"2018-05-09 03:08:10",10.2624345909374,0,27.5815744317483,0
"2018-05-09 03:09:10",8.87835814360056,0,21.3866409253835,0
"2018-05-09 03:10:10",8.30464134860592,0,15.655341243546,0
"2018-05-09 03:11:10",4.60244642704761,0,15.4324507094649,0
"2018-05-09 03:12:10",7.01757450064878,0,14.2643992883205,0
"2018-05-09 03:13:11",4.11942912985978,0,14.8582131289559,0
"2018-05-09 03:14:11",7.97962148555716,0,19.6076401142861,0
"2018-05-09 03:15:11",6.05307310606414,0,12.1947306913206,0
"2018-05-09 03:16:11",8.38535135419107,0,9.29524969320981,0
"2018-05-09 03:17:11",9.00076143689026,0,10.0030037340371,0
"2018-05-09 03:18:11",5.36089047007798,0,11.2818039704459,0
"2018-05-09 03:19:11",15.9463540202795,0,26.2830000817099,0
"2018-05-09 03:20:11",12.4786946194585,0,26.2376758555492,0
"2018-05-09 03:21:11",10.6667779720934,0,14.521279782224,0
"2018-05-09 03:22:11",8.0277622689698,0,17.6807012914494,0
"2018-05-09 03:23:11",9.47547787734127,0,13.9363305983434,0
"2018-05-09 03:24:11",5.21616488285717,0,10.2454346794784,0
"2018-05-09 03:25:11",7.90216277105353,0,14.5827580883603,0
"2018-05-09 03:26:11",7.54568331735223,0,11.8194541314685,0
"2018-05-09 03:27:11",5.23862785986447,0,13.6110723132546,0
"2018-05-09 03:28:11",5.21178043912823,0,11.5929051325131,0
"2018-05-09 03:29:11",4.89321373338507,0,12.1856101905627,0
"2018-05-09 03:30:11",8.19262071177025,0,23.6292390118904,0
"2018-05-09 03:31:11",3.79962482302825,0,26.5833016224096,0
"2018-05-09 03:32:11",9.58299263274879,0,13.1157171029334,0
"2018-05-09 03:33:11",7.03754889063841,0,13.10233976874,0
"2018-05-09 03:34:11",7.78254334868782,0,14.1303614115779,0
"2018-05-09 03:35:11",6.4674763789138,0,17.0863213609238,0
"2018-05-09 03:36:11",16.2846655083396,0,20.3655842429316,0
"2018-05-09 03:37:11",5.91668126728138,0,12.7925057725374,0
"2018-05-09 03:38:12",7.37764030067744,0,15.5795725311625,0
"2018-05-09 03:39:12",5.84938085595265,0,17.6474641342769,0
"2018-05-09 03:40:12",5.71884960627322,0,15.9361817952012,0
"2018-05-09 03:41:12",7.73358782472911,0,17.9378973472273,0
"2018-05-09 03:42:12",7.71665158631332,0,26.8396688838929,0
"2018-05-09 03:43:12",6.84880309115868,0,22.677451654639,0
"2018-05-09 03:44:12",3.05798779411161,0,18.9652901574327,0
"2018-05-09 03:45:12",8.04606320195338,0,18.5685279036831,0
"2018-05-09 03:46:12",5.38544379756611,0,153.71257667937,0
"2018-05-09 03:47:12",10.4479194981313,0,19.4702907378032,0
"2018-05-09 03:48:12",6.84141108968548,0,17.2294024791044,0
"2018-05-09 03:49:12",7.36505023445122,0,15.0218889639822,0
"2018-05-09 03:50:12",3.45854575425623,0,16.8321667191998,0
"2018-05-09 03:51:12",5.1045102667451,0,16.8534323566572,0
"2018-05-09 03:52:12",3.26848669937653,0,23.3844289410957,0
"2018-05-09 03:53:12",5.95091939747374,0,15.2485127281202,0
"2018-05-09 03:54:12",4.31634704293922,0,15.9354583736163,0
"2018-05-09 03:55:12",2.67387599690996,0,18.7178633522597,0
"2018-05-09 03:56:12",5.45767856942776,0,19.0875554461439,0
"2018-05-09 03:57:12",5.87136576547479,0,26.5537952333977,0
"2018-05-09 03:58:12",10.4122760260158,0,34.3856785179565,0
"2018-05-09 03:59:12",7.10466339515024,0,20.4705658056261,0
"2018-05-09 04:00:12",5.25199366478964,0,32.8320530393604,0
"2018-05-09 04:01:12",13.5747856503729,0,22.2907318683164,0
"2018-05-09 04:02:12",15.4413093277491,0,17.5994858406714,0
"2018-05-09 04:03:12",17.7002368506457,0,26.6229783659633,0
"2018-05-09 04:04:13",11.3040761760753,0,19.5673670541281,0
"2018-05-09 04:05:13",7.12950765306601,0,20.277563108033,0
"2018-05-09 04:06:13",9.44451274220016,0,22.3935506831538,0
"2018-05-09 04:07:13",12.8098016990425,0,22.9123734954634,0
"2018-05-09 04:08:13",12.4793684713015,0,26.3436396426687,0
"2018-05-09 04:09:13",9.59111646714442,0,29.0582450008861,0
"2018-05-09 04:10:13",3.16184456232254,0,18.5348949343852,0
"2018-05-09 04:11:13",15.8822053303032,0,29.6197512123519,0
"2018-05-09 04:12:13",12.5601280800612,0,16.8221525068001,0
"2018-05-09 04:13:13",8.76175898148635,0,16.3371304977504,0
"2018-05-09 04:14:13",6.61217902778162,0,35.9175852515051,0
"2018-05-09 04:15:13",8.10588248557487,0,26.2488858286891,0
"2018-05-09 04:16:13",6.01411875910449,0,17.7174103474513,0
"2018-05-09 04:17:13",5.91556893042975,0,17.9462013869525,0
"2018-05-09 04:18:13",5.16790384548043,0,18.7034296827705,0
"2018-05-09 04:19:13",4.64028056431932,0,20.1817924312084,0
"2018-05-09 04:20:13",7.09084837922189,0,24.2416321064394,0
"2018-05-09 04:21:13",5.28875292993819,0,16.6249825338759,0
"2018-05-09 04:22:13",7.09988556425563,0,18.4332779472143,0
"2018-05-09 04:23:13",4.93184298149437,0,19.7213228115123,0
"2018-05-09 04:24:13",7.19083713154149,0,22.9101421833009,0
"2018-05-09 04:25:13",6.55809500285079,0,32.393787988308,0
"2018-05-09 04:26:13",7.48008042735659,0,24.1032131407141,0
"2018-05-09 04:27:13",5.50080973298143,0,19.5106203033007,0
"2018-05-09 04:28:14",6.29862995025325,0,17.6174023894457,0
"2018-05-09 04:29:14",4.60862717170941,0,17.330680242545,0
"2018-05-09 04:30:14",6.01427659321668,0,18.5956973470758,0
"2018-05-09 04:31:14",6.76340760398439,0,24.3299300604851,0
"2018-05-09 04:32:14",5.76548236480571,0,19.3946126997495,0
"2018-05-09 04:33:14",5.36051345248396,0,16.8732614841186,0
"2018-05-09 04:34:14",4.23753639083076,0,21.2091495486673,0
"2018-05-09 04:35:14",6.6558949363645,0,21.7511237913775,0
"2018-05-09 04:36:14",4.10715639342876,0,31.7408962983446,0
"2018-05-09 04:37:14",14.3127663655359,0,43.3403640491646,0
"2018-05-09 04:38:14",8.65699745790638,0,20.0267561982311,0
"2018-05-09 04:39:14",7.10450370111272,0,23.1751680846912,0
"2018-05-09 04:40:14",5.64119734616789,0,19.2300995662028,0
"2018-05-09 04:41:14",5.6495794041655,0,19.8197808164151,0
"2018-05-09 04:42:14",6.33346868809546,0,23.4979274768384,0
"2018-05-09 04:43:14",9.24345260316191,0,27.925240145078,0
"2018-05-09 04:44:14",4.3658771787704,0,20.7555033068998,0
"2018-05-09 04:45:14",4.82655472996707,0,22.0361137581972,0
"2018-05-09 04:46:14",5.39979250524248,0,20.1385917573912,0
"2018-05-09 04:47:14",10.3715641403364,0,24.5825934095883,0
"2018-05-09 04:48:14",11.5730670632409,0,26.5854009371907,0
"2018-05-09 04:49:14",6.59341018471408,0,15.0380557164282,0
"2018-05-09 04:50:14",9.55669141027652,0,17.3057932878471,0
"2018-05-09 04:51:15",9.11639598226648,0,14.8995006935164,0
"2018-05-09 04:52:15",10.2867946941992,0,13.31144118778,0
"2018-05-09 04:53:15",8.98191338275882,0,26.3737428293543,0
"2018-05-09 04:54:15",11.8555802698788,0,15.7211079911753,0
"2018-05-09 04:55:15",3.47762272103742,0,11.9045667993326,0
"2018-05-09 04:56:15",4.21259535727449,0,39.5926974327798,0
"2018-05-09 04:57:15",6.35456710632148,0,18.6019506214903,0
"2018-05-09 04:58:15",7.01460837492683,0,27.7102599195422,0
"2018-05-09 04:59:15",7.48283483700226,0,24.481599047671,0
"2018-05-09 05:00:15",4.40067969620532,0,22.9950697920876,0
"2018-05-09 05:01:15",9.68491295740222,0,21.9006795742319,0
"2018-05-09 05:02:15",5.34688586241245,0,18.1194295320725,0
"2018-05-09 05:03:15",10.8885012966327,0,17.9828140871668,0
"2018-05-09 05:04:15",9.30740265534367,0,32.2516569285333,0
"2018-05-09 05:05:15",10.5993410437832,0,18.788019088794,0
"2018-05-09 05:06:15",6.25538303251718,0,19.1389277134715,0
"2018-05-09 05:07:15",10.7638788159472,0,15.8617842540141,0
"2018-05-09 05:08:15",6.61191141994514,0,12.1753865956942,0
"2018-05-09 05:09:15",6.84921129814792,0,17.1299091824651,0
"2018-05-09 05:10:15",7.37492564934711,0,24.7982380810814,0
"2018-05-09 05:11:15",6.1414269611068,0,13.9497637959994,0
"2018-05-09 05:12:15",6.18457558225395,0,12.1683300377357,0
"2018-05-09 05:13:15",5.88112172107633,0,14.098728746546,0
"2018-05-09 05:14:15",8.29432426396695,0,18.5129111462481,0
"2018-05-09 05:15:15",5.84982215046962,0,29.5487416393993,0
"2018-05-09 05:16:15",11.6531715838759,0,18.7502406902,0
"2018-05-09 05:17:15",7.4279345196666,0,16.6847360176435,0
"2018-05-09 05:18:16",14.954277521477,0,12.2017863467881,0
"2018-05-09 05:19:16",10.73680553474,0,11.3781999982336,0
"2018-05-09 05:20:16",9.5478431143626,0,14.4909709149784,0
"2018-05-09 05:21:16",11.9090576987428,0,19.9305380227015,0
"2018-05-09 05:22:16",12.823910053718,0,13.8466259362436,0
"2018-05-09 05:23:16",9.82298684698478,0,10.4568023933295,0
"2018-05-09 05:24:16",9.80743636829883,0,14.3691973376339,0
"2018-05-09 05:25:16",7.39702688731896,0,41.1731204007205,0
"2018-05-09 05:26:16",9.82337764787528,0,23.9785809359602,0
"2018-05-09 05:27:16",17.8877748674636,0,24.6255470634813,0
"2018-05-09 05:28:16",8.01196868201998,0,15.7033487812898,0
"2018-05-09 05:29:16",12.8606018356514,0,22.2553603128726,0
"2018-05-09 05:30:16",6.93467625429248,0,18.4002967331,0
"2018-05-09 05:31:16",11.1581892017681,0,16.5767125741379,0
"2018-05-09 05:32:16",9.73873012453155,0,17.9808999073264,0
"2018-05-09 05:33:16",14.2798317335211,0,11.7937550697975,0
"2018-05-09 05:34:16",10.0654179875717,0,11.963226199662,0
"2018-05-09 05:35:16",7.65871167584448,0,16.9347301100907,0
"2018-05-09 05:36:16",9.17812257435316,0,12.5045694945793,0
"2018-05-09 05:37:16",9.67157614233161,0,26.4596545260405,0
"2018-05-09 05:38:16",11.3941729604286,0,19.9449594010405,0
"2018-05-09 05:39:16",7.71970722595016,0,18.1216282636445,0
"2018-05-09 05:40:16",11.5206490604472,0,19.4771514010378,0
"2018-05-09 05:41:16",7.06130819106776,0,16.6659121834972,0
"2018-05-09 05:42:16",13.2355608929997,0,22.1805671654138,0
"2018-05-09 05:43:16",7.93211708163167,0,26.9603745165521,0
"2018-05-09 05:44:16",12.8319878690689,0,21.487293363132,0
"2018-05-09 05:45:16",8.11490668715684,0,18.8267329289724,0
"2018-05-09 05:46:16",12.6077333350868,0,36.4642800604551,0
"2018-05-09 05:47:17",16.4319048607658,0,110.224778886331,0
"2018-05-09 05:48:17",17.4466550479288,0,26.0440510061717,0
"2018-05-09 05:49:17",15.6446947541679,0,14.7832487429722,0
"2018-05-09 05:50:17",10.9223341853466,0,20.2692849244769,0
"2018-05-09 05:51:17",14.1710514029578,0,17.3298840886036,0
"2018-05-09 05:52:17",11.3799895711036,0,21.2476428566309,0
"2018-05-09 05:53:17",19.8583228615179,0,34.3566722982178,0
"2018-05-09 05:54:17",10.237644635798,0,17.0354198358626,0
"2018-05-09 05:55:17",14.4612728838752,0,30.9838824538229,0
"2018-05-09 05:56:17",10.6082011139788,0,17.2979285146354,0
"2018-05-09 05:57:17",12.3725230369427,0,21.4293391627729,0
"2018-05-09 05:58:17",13.478999736527,0,34.2186548138365,0
"2018-05-09 05:59:17",15.2112994412253,0,36.5666112214725,0
"2018-05-09 06:00:17",9.01880540796028,0,29.0892545108114,0
"2018-05-09 06:01:17",8.0323460250152,0,30.8873724326807,0
"2018-05-09 06:02:17",13.0553382850235,0,25.4012275840418,0
"2018-05-09 06:03:17",8.2572352432869,0,28.8620581419646,0
"2018-05-09 06:04:17",14.2347896253404,0,32.5129647240593,0
"2018-05-09 06:05:17",10.3310439659932,0,29.9767455739336,0
"2018-05-09 06:06:17",12.0063984182127,0,29.655611020517,0
"2018-05-09 06:07:17",6.82195508304678,0,31.2341978191267,0
"2018-05-09 06:08:17",17.0502942542353,0,45.9265143129294,0
"2018-05-09 06:09:17",12.2507332787252,0,37.6754339237276,0
"2018-05-09 06:10:17",15.5793121804985,0,36.2116517866622,0
"2018-05-09 06:11:17",12.0724121647491,0,29.966584179669,0
"2018-05-09 06:12:17",14.3737367883637,0,35.8570197837549,0
"2018-05-09 06:13:17",15.2206869623739,0,23.3252257539933,0
"2018-05-09 06:14:17",14.8893926429982,0,36.8738556018676,0
"2018-05-09 06:15:17",17.5764243820854,0,33.4693464334094,0
"2018-05-09 06:16:18",7.80328878172689,0,30.6572096256736,0
"2018-05-09 06:17:18",6.32327698405247,0,20.306441007091,0
"2018-05-09 06:18:18",6.11338103076908,0,23.9532919364058,0
"2018-05-09 06:19:18",7.89773105878839,0,26.2345694619293,0
"2018-05-09 06:20:18",6.84839793928214,0,41.5453569533135,0
"2018-05-09 06:21:18",19.093147480913,0,60.8553095444021,0
"2018-05-09 06:22:18",6.92381018121172,0,28.5375835547944,0
"2018-05-09 06:23:18",8.44346051550226,0,30.4300213685006,0
"2018-05-09 06:24:18",7.96607948015696,0,22.8331151508386,0
"2018-05-09 06:25:18",9.48963982515942,0,37.2306227443327,0
"2018-05-09 06:26:18",10.4526253917047,0,35.7851432784595,0
"2018-05-09 06:27:18",8.69001764158395,0,25.5002262245568,0
"2018-05-09 06:28:18",5.93151161276924,0,26.1913229488362,0
"2018-05-09 06:29:18",4.97890812909905,0,25.0383192035344,0
"2018-05-09 06:30:18",8.4579838439723,0,35.1155320785589,0
"2018-05-09 06:31:18",13.4653791261956,0,38.9380044827313,0
"2018-05-09 06:32:18",9.28701561451826,0,50.9225297717918,0
"2018-05-09 06:33:18",5.90654731958469,0,27.6874879328967,0
"2018-05-09 06:34:18",12.319543980722,0,32.0840941059832,0
"2018-05-09 06:35:18",6.09643975186308,0,29.969576361634,0
"2018-05-09 06:36:18",7.89182435307379,0,32.7339571466926,0
"2018-05-09 06:37:18",9.30421544371476,0,34.9358325464267,0
"2018-05-09 06:38:18",8.47819590437036,0,29.0207748093919,0
"2018-05-09 06:39:18",4.56245456155061,0,24.0190060452662,0
"2018-05-09 06:40:18",6.14320299419377,0,31.1839696988437,0
"2018-05-09 06:41:19",7.12955347269922,0,38.6194434014165,0
"2018-05-09 06:42:19",10.5308184323555,0,36.3032743571919,0
"2018-05-09 06:43:19",6.53511640781333,0,41.8056795592338,0
"2018-05-09 06:44:19",4.69144451245483,0,25.9225035494521,0
"2018-05-09 06:45:19",9.26346420805467,0,33.5581451403969,0
"2018-05-09 06:46:19",4.12507815583251,0,30.9235235174696,0
"2018-05-09 06:47:19",30.8726995795739,0,137.260618159517,0
"2018-05-09 06:48:19",10.1926006860845,0,34.4049034404268,0
"2018-05-09 06:49:19",9.68236331520018,0,34.4228314593543,0
"2018-05-09 06:50:19",8.50636932988658,0,18.794304522623,0
"2018-05-09 06:51:19",6.1185742726358,0,22.6074171527233,0
"2018-05-09 06:52:19",6.04905129445734,0,14.5215698336782,0
"2018-05-09 06:53:19",3.63987971801613,0,24.7906739440939,0
"2018-05-09 06:54:19",3.93131301164924,0,23.301770941955,0
"2018-05-09 06:55:19",7.53925188599459,0,29.7302050106336,0
"2018-05-09 06:56:19",4.73239957072132,0,20.4471050753763,0
"2018-05-09 06:57:19",4.48229646602659,0,28.3053279905674,0
"2018-05-09 06:58:19",4.00872174091411,0,30.0411610098102,0
"2018-05-09 06:59:19",3.97243938007031,0,40.7803342682694,0
"2018-05-09 07:00:19",15.957706041345,0,50.042780600976,0
"2018-05-09 07:01:19",7.11082928925481,0,23.6320100237556,0
"2018-05-09 07:02:19",13.4542491788249,0,27.1981310230281,0
"2018-05-09 07:03:19",6.47178279210541,0,18.4397578150159,0
"2018-05-09 07:04:19",8.87381674507779,0,27.1720356517897,0
"2018-05-09 07:05:20",5.52218959518281,0,27.0673514517655,0
"2018-05-09 07:06:20",7.33230344198577,0,23.6232303798844,0
"2018-05-09 07:07:20",5.76066565608954,0,19.2737280926289,0
"2018-05-09 07:08:20",7.01690588073725,0,19.2174305905191,0
"2018-05-09 07:09:20",5.09492906655799,0,16.9221454360758,0
"2018-05-09 07:10:20",5.52000627956194,0,31.3928425355202,0
"2018-05-09 07:11:20",7.60544998535322,0,41.4368278803573,0
"2018-05-09 07:12:20",4.99687421893193,0,20.9197503682652,0
"2018-05-09 07:13:20",8.18282168931734,0,19.3295222712569,0
"2018-05-09 07:14:20",5.30052925064053,0,21.7030174367772,0
"2018-05-09 07:15:20",5.311735903568,0,181.000157232618,0
"2018-05-09 07:16:20",12.0385308800511,0,39.5086873023166,0
"2018-05-09 07:17:20",13.5384862003837,0,24.2746991467841,0
"2018-05-09 07:18:20",8.23404301332252,0,13.7431064900584,0
"2018-05-09 07:19:20",9.10245743755348,0,16.3927192374829,0
"2018-05-09 07:20:20",9.84725265611378,0,13.7487307519721,0
"2018-05-09 07:21:20",8.68513936275694,0,24.8988660474233,0
"2018-05-09 07:22:20",10.6581846991903,0,28.6648676306802,0
"2018-05-09 07:23:20",7.9083808984019,0,29.1679914265232,0
"2018-05-09 07:24:20",12.2483279151032,0,24.6868273836959,0
"2018-05-09 07:25:20",9.07633877537035,0,21.2975051504719,0
"2018-05-09 07:26:20",12.5535457477407,0,23.363907621548,0
"2018-05-09 07:27:20",10.5148636772791,0,37.6487098500593,0
"2018-05-09 07:28:20",9.40798344527756,0,150.010650910456,0
"2018-05-09 07:29:20",9.82606992804461,0,27.2603393326952,0
"2018-05-09 07:30:21",11.6388952018867,0,25.9180546270438,0
"2018-05-09 07:31:21",9.90857877402948,0,18.695496903601,0
"2018-05-09 07:32:21",18.2100045098574,0,33.5000297826943,0
"2018-05-09 07:33:21",11.2998506311078,0,25.2209758944679,0
"2018-05-09 07:34:21",8.94233278191862,0,25.3151916786529,0
"2018-05-09 07:35:21",9.81478745381291,0,33.0429425494221,0
"2018-05-09 07:36:21",12.2850138964752,0,30.4686051168034,0
"2018-05-09 07:37:21",13.170407294898,0,43.9780378014958,0
"2018-05-09 07:38:21",8.82148827380139,0,34.4663446382607,0
"2018-05-09 07:39:21",12.8375334502021,0,32.9788219355239,0
"2018-05-09 07:40:21",8.08643004057597,0,25.8460437292552,0
"2018-05-09 07:41:21",10.7203222350176,0,43.6182595813399,0
"2018-05-09 07:42:21",8.72719614101296,0,26.4465424967174,0
"2018-05-09 07:43:21",10.3919321802326,0,34.3164286047711,0
"2018-05-09 07:44:21",10.9126033100807,0,35.2390685164568,0
"2018-05-09 07:45:21",11.6360271998751,0,36.5344237678941,0
"2018-05-09 07:46:21",8.60640549955833,0,20.3248387218974,0
"2018-05-09 07:47:21",10.170055620828,0,46.0462975929912,0
"2018-05-09 07:48:21",14.1831598572281,0,31.2236346077017,0
"2018-05-09 07:49:21",12.451739702172,0,23.6421026387916,0
"2018-05-09 07:50:21",9.86583066368837,0,29.6413997359372,0
"2018-05-09 07:51:22",11.9034054210641,0,24.6191083472726,0
"2018-05-09 07:52:22",9.94016784378659,0,34.4785211605956,0
"2018-05-09 07:53:22",7.36304715535074,0,34.3488689187746,0
"2018-05-09 07:54:22",13.9120636406234,0,53.9582774374432,0
"2018-05-09 07:55:22",5.34475846837878,0,19.0475920987306,0
"2018-05-09 07:56:22",7.54457256326824,0,29.3196530865691,0
"2018-05-09 07:57:22",5.8969410978468,0,22.8490506688862,0
"2018-05-09 07:58:22",10.2461498777619,0,26.0175348947474,0
"2018-05-09 07:59:22",13.4026121057014,0,46.5709564680373,0
"2018-05-09 08:00:22",9.51945673722868,0,33.2874638004321,0
"2018-05-09 08:01:22",5.78130717900128,0,28.1868186080934,0
"2018-05-09 08:02:22",6.04844112227689,0,31.1118982375278,0
"2018-05-09 08:03:22",7.31865281786019,0,31.3662014898888,0
"2018-05-09 08:04:22",12.2550099732445,0,45.6970652109811,0
"2018-05-09 08:05:22",11.4230223373468,0,49.298020947476,0
"2018-05-09 08:06:22",6.30338198695351,0,28.9605696435749,0
"2018-05-09 08:07:22",7.25436167616648,0,225.379244339797,1
"2018-05-09 08:08:22",5.75108543860991,0,30.4130779888634,0
"2018-05-09 08:09:22",8.07692603457392,0,39.3446153817972,0
"2018-05-09 08:10:22",10.3429647026629,0,34.6606778452102,0
"2018-05-09 08:11:22",7.34166481962175,0,25.2558841375325,0
"2018-05-09 08:12:22",4.6766583884336,0,33.7869247624732,0
"2018-05-09 08:13:22",5.40199635455402,0,30.4719491941245,0
"2018-05-09 08:14:22",5.01659548813995,0,26.5385277527193,0
"2018-05-09 08:15:22",5.9908879927644,0,34.2993631058048,0
"2018-05-09 08:16:22",7.34065273456931,0,39.5809526351015,0
"2018-05-09 08:17:23",5.99978319812699,0,23.349908828018,0
"2018-05-09 08:18:23",12.1912858217849,0,31.4855255115481,0
"2018-05-09 08:19:23",5.17174690074577,0,26.5149352784554,0
"2018-05-09 08:20:23",8.39335496210449,0,34.3784911682797,0
"2018-05-09 08:21:23",7.50337639338445,0,41.8054251822681,0
"2018-05-09 08:22:23",11.1012857431652,0,31.5424457399075,0
"2018-05-09 08:23:23",7.56074336213463,0,23.1372144728464,0
"2018-05-09 08:24:23",7.42085769619279,0,20.7622711885585,0
"2018-05-09 08:25:23",8.37296273520161,0,21.0067139562631,0
"2018-05-09 08:26:23",7.96165178147968,0,30.9394513233367,0
"2018-05-09 08:27:23",6.57084351293832,0,29.2188016669612,0
"2018-05-09 08:28:23",4.30809923123465,0,26.9340389027369,0
"2018-05-09 08:29:23",5.80745729440604,0,30.010858551905,0
"2018-05-09 08:30:23",3.6890970436104,0,26.2842623432393,0
"2018-05-09 08:31:23",7.10570371058419,0,34.7843305048539,0
"2018-05-09 08:32:23",3.45271302583417,0,37.5238731215102,0
"2018-05-09 08:33:23",6.87753549395298,0,192.657037113375,0
"2018-05-09 08:34:23",4.72860626094516,0,20.3724081579982,0
"2018-05-09 08:35:23",4.2250648848805,0,23.9473901769648,0
"2018-05-09 08:36:23",3.6685222566653,0,19.7074984571316,0
"2018-05-09 08:37:23",4.10685626250568,0,28.6573896693065,0
"2018-05-09 08:38:23",4.13238118500135,0,35.2499982604697,0
"2018-05-09 08:39:23",5.54684308538348,0,33.6547989956556,0
"2018-05-09 08:40:23",5.74227497966274,0,30.0034248189162,0
"2018-05-09 08:41:23",3.79182853251689,0,25.5872947995478,0
"2018-05-09 08:42:24",5.21905196346397,0,28.7006379784402,0
"2018-05-09 08:43:24",3.77866220319602,0,33.3728970297837,0
"2018-05-09 08:44:24",9.24616014953399,0,40.7350220062324,0
"2018-05-09 08:45:24",2.82096950026327,0,34.3577212555717,0
"2018-05-09 08:46:24",6.65420790979912,0,37.5568296274734,0
"2018-05-09 08:47:24",3.91268793250446,0,30.1140416698644,0
"2018-05-09 08:48:24",21.0368587631448,0,121.454292061458,0
"2018-05-09 08:49:24",12.5636431169695,0,32.4551817254975,0
"2018-05-09 08:50:24",9.03443877010227,0,26.0251272359082,0
"2018-05-09 08:51:24",6.07208845499285,0,17.3290383079486,0
"2018-05-09 08:52:24",5.63401544340638,0,23.3479190543543,0
"2018-05-09 08:53:24",4.76023654529649,0,17.9700640678874,0
"2018-05-09 08:54:24",10.4661014493197,0,37.0009916353128,0
"2018-05-09 08:55:24",6.55176114881237,0,48.011292140569,0
"2018-05-09 08:56:24",4.45852861927881,0,24.0960348818338,0
"2018-05-09 08:57:24",5.52971107008316,0,25.355188503892,0
"2018-05-09 08:58:24",4.2736753802432,0,23.9713968784324,0
"2018-05-09 08:59:24",6.04316882212805,0,30.3213557569678,0
"2018-05-09 09:00:24",6.03582751877895,0,40.1643271813624,0
"2018-05-09 09:01:24",10.7747591201601,0,24.6427538832757,0
"2018-05-09 09:02:24",7.92596149027141,0,21.4413917620501,0
"2018-05-09 09:03:24",7.65205878577374,0,18.643018311525,0
"2018-05-09 09:04:24",7.01663770371435,0,18.098066021171,0
"2018-05-09 09:05:24",5.37694430753577,0,18.8876918175231,0
"2018-05-09 09:06:24",7.58861622668078,0,34.4151664958482,0
"2018-05-09 09:07:25",5.67071583428478,0,24.8034616742942,0
"2018-05-09 09:08:25",8.72020448117037,0,18.2046275996635,0
"2018-05-09 09:09:25",9.6878582544149,0,25.0386212569133,0
"2018-05-09 09:10:25",10.3192069121242,0,24.4099884835416,0
"2018-05-09 09:11:25",7.05946293693542,0,39.4417620894191,0
"2018-05-09 09:12:25",12.6816792808676,0,33.3145840515017,0
"2018-05-09 09:13:25",7.09514605630695,0,28.3304960403501,0
"2018-05-09 09:14:25",7.49408379319783,0,28.4734394796224,0
"2018-05-09 09:15:25",7.00104309407206,0,28.9227359907808,0
"2018-05-09 09:16:25",9.18963357443848,0,30.7524321815096,0
"2018-05-09 09:17:25",8.3245820257134,0,38.6527092923905,0
"2018-05-09 09:18:25",13.7773796219141,0,47.9467951501448,0
"2018-05-09 09:19:25",7.65507340880259,0,22.6484470802001,0
"2018-05-09 09:20:25",7.8473573848183,0,32.5268386948992,0
"2018-05-09 09:21:25",7.46850357427217,0,26.1242336493235,0
"2018-05-09 09:22:25",4.7539864909364,0,39.5466296632404,0
"2018-05-09 09:23:25",9.8152960763779,0,41.4858457263972,0
"2018-05-09 09:24:25",9.92006120513038,0,27.2924089937129,0
"2018-05-09 09:25:25",13.4720523558433,0,28.5149840558227,0
"2018-05-09 09:26:25",8.48976914392995,0,28.5325128010847,0
"2018-05-09 09:27:25",7.91165106286869,0,24.980446733616,0
"2018-05-09 09:28:25",7.24205641531146,0,26.2326368523204,0
"2018-05-09 09:29:25",8.8607129025218,0,34.7354815957458,0
"2018-05-09 09:30:25",5.52815424451217,0,29.1420118704726,0
"2018-05-09 09:31:25",5.6365422948049,0,30.657028353401,0
"2018-05-09 09:32:26",5.42477655368539,0,23.2841712912571,0
"2018-05-09 09:33:26",6.51061413232502,0,44.5171523895726,0
"2018-05-09 09:34:26",5.8829934069679,0,38.7801171825145,0
"2018-05-09 09:35:26",5.13629850703514,0,31.2316044149525,0
"2018-05-09 09:36:26",9.06965198212924,0,39.8117334474149,0
"2018-05-09 09:37:26",4.71101613214613,0,27.620477646955,0
"2018-05-09 09:38:26",8.85523616453294,0,38.6199047319251,0
"2018-05-09 09:39:26",9.47144279341904,0,35.6865957529326,0
"2018-05-09 09:40:26",8.81091199198614,0,37.9217725089572,0
"2018-05-09 09:41:26",4.73371050262217,0,28.1041207465117,0
"2018-05-09 09:42:26",5.84105616578592,0,32.7796691569868,0
"2018-05-09 09:43:26",4.3203477345115,0,29.6168206898353,0
"2018-05-09 09:44:26",4.47916247336579,0,40.0514971627273,0
"2018-05-09 09:45:26",5.83760457723632,0,36.4743331012548,0
"2018-05-09 09:46:26",4.28834126133912,0,35.8539010166963,0
"2018-05-09 09:47:26",7.78683992324326,0,33.0111082353894,0
"2018-05-09 09:48:26",13.8036235525857,0,49.2978132724454,0
"2018-05-09 09:49:26",15.2391135021568,0,41.8222427789375,0
"2018-05-09 09:50:26",7.17039240856342,0,30.09560391536,0
"2018-05-09 09:51:26",13.9483660129853,0,39.010850486747,0
"2018-05-09 09:52:26",7.03485956083258,0,21.0350882588974,0
"2018-05-09 09:53:26",9.56459184742392,0,27.9408029714721,0
"2018-05-09 09:54:26",7.01488336694461,0,35.049526530823,0
"2018-05-09 09:55:26",8.07458573684287,0,23.6824783403987,0
"2018-05-09 09:56:26",7.76301611760764,0,19.9649471811893,0
"2018-05-09 09:57:26",6.18395902503329,0,24.1419417975643,0
"2018-05-09 09:58:26",6.36799583319588,0,21.4543161990725,0
"2018-05-09 09:59:27",9.03227258087523,0,28.9590110070528,0
"2018-05-09 10:00:27",9.40524977504224,0,34.6192958640193,0
"2018-05-09 10:01:27",7.54222328583047,0,31.6281436372138,0
"2018-05-09 10:02:27",9.1747256836602,0,34.5923291896246,0
"2018-05-09 10:03:27",3.02090719871139,0,27.7528776398881,0
"2018-05-09 10:04:27",8.5426553342268,0,49.7430355980132,0
"2018-05-09 10:05:27",4.50668950021562,0,43.056845571103,0
"2018-05-09 10:06:27",8.61401709148259,0,36.0661011456173,0
"2018-05-09 10:07:27",4.06474992957622,0,23.9998867439155,0
"2018-05-09 10:08:27",4.94853452205217,0,29.2312381505248,0
"2018-05-09 10:09:27",2.61536041343498,0,31.9426176262466,0
"2018-05-09 10:10:27",3.6267346678829,0,41.8642793112969,0
"2018-05-09 10:11:27",2.2479610959583,0,35.8988509382659,0
"2018-05-09 10:12:27",3.63757405645483,0,31.0100882042437,0
"2018-05-09 10:13:27",4.88057495844232,0,26.9912636635791,0
"2018-05-09 10:14:27",4.91885894791081,0,29.7306436075475,0
"2018-05-09 10:15:27",5.50508399189595,0,35.3735296261076,0
"2018-05-09 10:16:27",4.18043472961597,0,44.5761767336305,0
"2018-05-09 10:17:27",12.7494267632392,0,48.5834859160798,0
"2018-05-09 10:18:27",3.82878711943111,0,29.8896631350771,0
"2018-05-09 10:19:27",8.47481009100485,0,44.9906970719381,0
"2018-05-09 10:20:27",5.18774025002918,0,23.0869117441869,0
"2018-05-09 10:21:27",5.90227904641488,0,31.0126267087264,0
"2018-05-09 10:22:28",10.8579500104791,0,32.9076371644723,0
"2018-05-09 10:23:28",4.52966765758134,0,27.0653657125559,0
"2018-05-09 10:24:28",3.58790329121655,0,19.520285655754,0
"2018-05-09 10:25:28",3.53123151327159,0,28.0717054596038,0
"2018-05-09 10:26:28",4.23497324207321,0,22.6267731938113,0
"2018-05-09 10:27:28",5.17886278329694,0,36.7017944401665,0
"2018-05-09 10:28:28",7.95718354043615,0,41.0747551385197,0
"2018-05-09 10:29:28",2.43764740018473,0,28.4364001274814,0
"2018-05-09 10:30:28",7.31557279673919,0,31.5274338743264,0
"2018-05-09 10:31:28",2.74133185766245,0,30.579049170021,0
"2018-05-09 10:32:28",3.5072129280761,0,26.0466032290208,0
"2018-05-09 10:33:28",7.41577294864459,0,41.545229939268,0
"2018-05-09 10:34:28",7.35277771046964,0,33.5651068721403,0
"2018-05-09 10:35:28",4.18054137789994,0,27.7279660531849,0
"2018-05-09 10:36:28",2.79132197279657,0,26.9627764398688,0
"2018-05-09 10:37:28",4.03589105974479,0,24.1528316180584,0
"2018-05-09 10:38:28",7.09729308599092,0,29.9699245148476,0
"2018-05-09 10:39:28",5.90451618158561,0,32.6918293028624,0
"2018-05-09 10:40:28",3.2140876538468,0,28.6119420085372,0
"2018-05-09 10:41:28",6.62247358792864,0,27.9091046230754,0
"2018-05-09 10:42:28",3.24736986071952,0,31.3426960270418,0
"2018-05-09 10:43:28",10.3646520619389,0,31.5217117002814,0
"2018-05-09 10:44:28",5.27208785710311,0,45.8215048440477,0
"2018-05-09 10:45:28",6.39806577347744,0,25.2787966352637,0
"2018-05-09 10:46:28",1.22389586995788,0,17.8064274039095,0
"2018-05-09 10:47:28",3.57947397681375,0,28.0655635101911,0
"2018-05-09 10:48:28",1.21455999581167,0,26.0599238008874,0
"2018-05-09 10:49:29",6.4475921087678,0,27.4164989365154,0
"2018-05-09 10:50:29",3.59919544804921,0,33.587746299738,0
"2018-05-09 10:51:29",5.16574700337345,0,23.8782083674951,0
"2018-05-09 10:52:29",2.50622851662911,0,20.6917472160115,0
"2018-05-09 10:53:29",3.79028042586358,0,28.6702502251892,0
"2018-05-09 10:54:29",4.18209743943188,0,22.872089310133,0
"2018-05-09 10:55:29",3.98761626072162,0,36.464644298052,0
"2018-05-09 10:56:29",7.51445976399102,0,26.0733535083311,0
"2018-05-09 10:57:29",3.14601561763493,0,16.2515359035903,0
"2018-05-09 10:58:29",6.03009278850118,0,21.0697568967786,0
"2018-05-09 10:59:29",3.16559045811932,0,20.0543209215904,0
"2018-05-09 11:00:29",7.02993677118191,0,62.3428253870433,0
"2018-05-09 11:01:29",4.47468300820312,0,36.1103332099164,0
"2018-05-09 11:02:29",8.54951714216768,0,22.0587073121813,0
"2018-05-09 11:03:29",5.29662831441489,0,29.1521391815705,0
"2018-05-09 11:04:29",5.11070632490578,0,23.1918876171757,0
"2018-05-09 11:05:29",4.46434638844077,0,22.424945885691,0
"2018-05-09 11:06:29",4.21687662513835,0,34.995357362928,0
"2018-05-09 11:07:29",6.59298335632721,0,34.9348944880684,0
"2018-05-09 11:08:29",2.33146043192213,0,25.2949273711509,0
"2018-05-09 11:09:29",12.5682831647865,0,27.3862987728603,0
"2018-05-09 11:10:29",7.47857785796456,0,27.0606415616897,0
"2018-05-09 11:11:29",6.15550028995063,0,26.2144032731583,0
"2018-05-09 11:12:30",5.6050819882857,0,40.8310637601757,0
"2018-05-09 11:13:30",7.30472746954844,0,26.5979780642054,0
"2018-05-09 11:14:30",4.52525586664516,0,29.9568497912788,0
"2018-05-09 11:15:30",5.64162161851148,0,28.9281629480594,0
"2018-05-09 11:16:30",4.64918229238672,0,20.6786824488186,0
"2018-05-09 11:17:30",10.4976023406787,0,39.3578285209681,0
"2018-05-09 11:18:30",6.27528460567979,0,29.8952059197136,0
"2018-05-09 11:19:30",6.43567493783491,0,33.2005472689923,0
"2018-05-09 11:20:30",7.01612968544939,0,31.3093562716329,0
"2018-05-09 11:21:30",5.10317292386628,0,30.8102869182625,0
"2018-05-09 11:22:30",8.88918264189769,0,23.034487642602,0
"2018-05-09 11:23:30",9.19330053714539,0,47.4084705270427,0
"2018-05-09 11:24:30",7.71211473176877,0,25.315577885668,0
"2018-05-09 11:25:30",5.64830797745667,0,18.3794706255852,0
"2018-05-09 11:26:30",6.69667399880378,0,27.6485067549634,0
"2018-05-09 11:27:30",4.5191807847847,0,20.8965858732175,0
"2018-05-09 11:28:30",11.4175772969354,0,42.5861827711479,0
"2018-05-09 11:29:30",10.0786803798649,0,32.9061812149755,0
"2018-05-09 11:30:30",6.54170289151747,0,23.1584938283985,0
"2018-05-09 11:31:30",6.3575061558253,0,23.5522719466388,0
"2018-05-09 11:32:30",5.1395093124584,0,30.2793573468893,0
"2018-05-09 11:33:30",7.24930761278853,0,28.9004409489472,0
"2018-05-09 11:34:30",7.9729484878124,0,49.8535810308032,0
"2018-05-09 11:35:30",10.0254497933246,0,37.5469894805324,0
"2018-05-09 11:36:31",5.76908654573933,0,35.4434065157321,0
"2018-05-09 11:37:31",6.49884559967231,0,33.872718556898,0
"2018-05-09 11:38:31",5.51026804479376,0,23.6896569741519,0
"2018-05-09 11:39:31",7.04620242154529,0,30.6713645413767,0
"2018-05-09 11:40:31",7.58181228144506,0,37.773949152665,0
"2018-05-09 11:41:31",6.76008334732437,0,29.0369623874455,0
"2018-05-09 11:42:31",6.06196421908405,0,27.8779816642802,0
"2018-05-09 11:43:31",5.83313599054738,0,34.3183328118247,0
"2018-05-09 11:44:31",6.69265059492295,0,35.5180919787787,0
"2018-05-09 11:45:31",7.20309201789516,0,54.1486224254748,0
"2018-05-09 11:46:31",6.99783144935118,0,36.9932074976142,0
"2018-05-09 11:47:31",5.11566147704681,0,35.5271470378837,0
"2018-05-09 11:48:31",9.43837508340545,0,40.3158703203679,0
"2018-05-09 11:49:31",23.9442908599855,0,151.343069664205,0
"2018-05-09 11:50:31",11.9045014490463,0,36.2635520239211,0
"2018-05-09 11:51:31",7.20412306824213,0,45.6593107069884,0
"2018-05-09 11:52:31",12.3759712430234,0,37.0036343611075,0
"2018-05-09 11:53:31",7.08515989138934,0,28.0653939915889,0
"2018-05-09 11:54:31",6.1689278637034,0,38.9863499915924,0
"2018-05-09 11:55:31",4.03582249884092,0,23.4688811690137,0
"2018-05-09 11:56:31",5.56341895472252,0,42.2185623683766,0
"2018-05-09 11:57:31",7.80710719525035,0,33.0911554402138,0
"2018-05-09 11:58:31",4.61686838925757,0,30.2920948786457,0
"2018-05-09 11:59:31",10.6054513529569,0,52.0039878562423,0
"2018-05-09 12:00:31",6.29276859718061,0,29.7864012988032,0
"2018-05-09 12:01:31",8.79463585664137,0,37.9845309844758,0
"2018-05-09 12:02:31",5.5090440985759,0,48.0353747107062,0
"2018-05-09 12:03:32",6.56654635754835,0,36.2552939557587,0
"2018-05-09 12:04:32",4.45408422260544,0,28.8442827975454,0
"2018-05-09 12:05:32",5.60628819523694,0,33.2941763306558,0
"2018-05-09 12:06:32",2.62082905481697,0,33.1078663715469,0
"2018-05-09 12:07:32",7.06030697518792,0,59.6783445211997,0
"2018-05-09 12:08:32",3.61450162345298,0,35.7527392356837,0
"2018-05-09 12:09:32",2.86706966544551,0,36.1386765916113,0
"2018-05-09 12:10:32",3.17594163152587,0,42.6348872581764,0
"2018-05-09 12:11:32",3.02662138408405,0,39.3961720883542,0
"2018-05-09 12:12:32",4.09729399007482,0,38.5327519954509,0
"2018-05-09 12:13:32",5.70906173794766,0,55.8670801016257,0
"2018-05-09 12:14:32",7.91945146126363,0,45.2036107598107,0
"2018-05-09 12:15:32",4.10961472841791,0,38.097224043842,0
"2018-05-09 12:16:32",8.0960804476331,0,45.3805594240446,0
"2018-05-09 12:17:32",7.01905008906559,0,32.1981697853845,0
"2018-05-09 12:18:32",8.20682419260463,0,44.0767776317427,0
"2018-05-09 12:19:32",6.44671556022963,0,38.0525753553458,0
"2018-05-09 12:20:32",5.26044744444281,0,30.1216245474632,0
"2018-05-09 12:21:32",3.66895620211156,0,34.4518296022347,0
"2018-05-09 12:22:32",3.88158568588832,0,32.3347871151239,0
"2018-05-09 12:23:32",5.58992872570842,0,25.4402935892188,0
"2018-05-09 12:24:32",6.64227764779327,0,43.2689558102288,0
"2018-05-09 12:25:32",7.4062768490977,0,33.9712674554972,0
"2018-05-09 12:26:33",4.1048035693275,0,30.2320513832353,0
"2018-05-09 12:27:33",7.86658930108122,0,25.0412747215182,0
"2018-05-09 12:28:33",3.55174077781769,0,33.0522146017686,0
"2018-05-09 12:29:33",6.16365038855537,0,35.7147672518397,0
"2018-05-09 12:30:33",4.89487423735006,0,47.7220511505433,0
"2018-05-09 12:31:33",8.64867086165849,0,34.2853494146634,0
"2018-05-09 12:32:33",4.98656113200954,0,30.875983841442,0
"2018-05-09 12:33:33",5.79632423807707,0,37.4435446447866,0
"2018-05-09 12:34:33",4.77001752992015,0,31.624308779888,0
"2018-05-09 12:35:33",5.98596371706392,0,53.3312712414486,0
"2018-05-09 12:36:33",6.78573501257608,0,33.9607881833351,0
"2018-05-09 12:37:33",5.23705714580535,0,36.2523529911975,0
"2018-05-09 12:38:33",6.18451070726874,0,38.9562419040353,0
"2018-05-09 12:39:33",4.38403576126999,0,37.8712393860616,0
"2018-05-09 12:40:33",11.5017409106685,0,39.2853091345294,0
"2018-05-09 12:41:33",6.11003961526033,0,47.9922734202104,0
"2018-05-09 12:42:33",11.2094527337663,0,39.0818603703799,0
"2018-05-09 12:43:33",5.30900021765884,0,32.4217938193541,0
"2018-05-09 12:44:33",6.94282129241857,0,32.6170359807953,0
"2018-05-09 12:45:34",4.96878965113867,0,31.1954657625072,0
"2018-05-09 12:46:34",8.004986302205,0,50.7199395418638,0
"2018-05-09 12:47:34",14.5057591446068,0,42.2151812443804,0
"2018-05-09 12:48:34",6.03348562151375,0,36.087807742974,0
"2018-05-09 12:49:34",5.70032479638606,0,33.1715196267048,0
"2018-05-09 12:50:34",5.47199711675583,0,36.7365850631266,0
"2018-05-09 12:51:34",9.41244415440885,0,34.6127760776874,0
"2018-05-09 12:52:34",7.71918209241407,0,38.7958612946969,0
"2018-05-09 12:53:34",8.26551429039106,0,34.0172699868452,0
"2018-05-09 12:54:34",5.3270000492986,0,37.1719078788811,0
"2018-05-09 12:55:34",8.95068632747067,0,33.6693642272825,0
"2018-05-09 12:56:34",5.32007951823213,0,33.9198404252815,0
"2018-05-09 12:57:34",11.6907084119724,0,38.2582046580568,0
"2018-05-09 12:58:34",9.80283673595564,0,27.4482798424811,0
"2018-05-09 12:59:34",8.47618798943912,0,24.2499046398698,0
"2018-05-09 13:00:34",6.57999502180439,0,23.3017868384084,0
"2018-05-09 13:01:34",7.02454882175591,0,27.4472834142943,0
"2018-05-09 13:02:34",8.02389436317443,0,20.7462052169835,0
"2018-05-09 13:03:34",13.5951087129366,0,34.9410611126341,0
"2018-05-09 13:04:34",10.1093724886347,0,29.0223185740431,0
"2018-05-09 13:05:34",5.26763778532911,0,28.8564141304285,0
"2018-05-09 13:06:34",10.095530234044,0,26.0380352392338,0
"2018-05-09 13:07:34",4.08235493486347,0,34.9002692316321,0
"2018-05-09 13:08:34",9.5323381213353,0,24.8672379693774,0
"2018-05-09 13:09:34",5.15667154006077,0,41.3995040341653,0
"2018-05-09 13:10:34",12.1191915999451,0,29.2097248389913,0
"2018-05-09 13:11:34",5.7554212409151,0,21.9462043937514,0
"2018-05-09 13:12:34",8.18041677660064,0,30.8837938851291,0
"2018-05-09 13:13:34",6.11449376978688,0,26.3368404863103,0
"2018-05-09 13:14:34",7.00764672167492,0,41.7436176863916,0
"2018-05-09 13:15:35",7.67131814927453,0,34.0845997695799,0
"2018-05-09 13:16:35",6.66289227371571,0,34.6293249835342,0
"2018-05-09 13:17:35",8.9277889171065,0,28.2733788062378,0
"2018-05-09 13:18:35",5.76349740294107,0,37.3810563245946,0
"2018-05-09 13:19:35",15.4648882816741,0,35.7710779685632,0
"2018-05-09 13:20:35",7.79397297373601,0,43.5577112153381,0
"2018-05-09 13:21:35",11.3890019316327,0,22.4374280486098,0
"2018-05-09 13:22:35",7.64909955344161,0,26.5834076170992,0
"2018-05-09 13:23:35",11.0004924523082,0,20.7425363193308,0
"2018-05-09 13:24:35",8.20008299881842,0,26.5674240187728,0
"2018-05-09 13:25:35",11.7149537096163,0,49.7635743173154,0
"2018-05-09 13:26:35",15.8603820754156,0,29.0569286884729,0
"2018-05-09 13:27:35",9.43013799952378,0,27.7192592887902,0
"2018-05-09 13:28:35",10.3603231872649,0,36.2669159394188,0
"2018-05-09 13:29:35",8.27219765173541,0,30.7644607667599,0
"2018-05-09 13:30:35",12.5150911002847,0,34.8813955548144,0
"2018-05-09 13:31:35",8.0187584465264,0,32.0513582634076,0
"2018-05-09 13:32:35",18.2074995909407,0,43.9857418181187,0
"2018-05-09 13:33:35",8.40322486244584,0,34.7641987740076,0
"2018-05-09 13:34:35",20.3223321446848,0,37.1289493954189,0
"2018-05-09 13:35:35",7.50948800997648,0,32.8372210879642,0
"2018-05-09 13:36:35",11.7552295466176,0,36.143554948763,0
"2018-05-09 13:37:35",15.1270791338322,0,35.342399664632,0
"2018-05-09 13:38:35",9.86354131477837,0,31.8646253635589,0
"2018-05-09 13:39:36",8.64594990911475,0,24.9656677579995,0
"2018-05-09 13:40:36",9.43706276207262,0,33.4233055469247,0
"2018-05-09 13:41:36",8.97363363086985,0,34.6382353529914,0
"2018-05-09 13:42:36",7.12658647346942,0,36.213479510973,0
"2018-05-09 13:43:36",9.07189361070038,0,32.5767392046816,0
"2018-05-09 13:44:36",6.58941219521289,0,36.0642320158031,0
"2018-05-09 13:45:36",11.9647758086374,0,34.6700958170946,0
"2018-05-09 13:46:36",4.38008395251542,0,27.2735072219938,0
"2018-05-09 13:47:36",14.0410770819779,0,46.0260707097512,0
"2018-05-09 13:48:36",6.14979798572435,0,45.6192713728434,0
"2018-05-09 13:49:36",9.77468043017797,0,34.2831541680457,0
"2018-05-09 13:50:36",9.23785165717263,0,145.801427230379,0
"2018-05-09 13:51:36",16.7607340253796,0,28.5006174705992,0
"2018-05-09 13:52:36",10.2668181214199,0,39.7041659220889,0
"2018-05-09 13:53:36",9.39274105595325,0,32.2596145703643,0
"2018-05-09 13:54:36",7.67936481910434,0,18.545242037693,0
"2018-05-09 13:55:36",8.34933794525625,0,31.3291897438257,0
"2018-05-09 13:56:36",9.93390858928064,0,41.1083398608086,0
"2018-05-09 13:57:36",7.19204014127269,0,37.9930452093947,0
"2018-05-09 13:58:36",10.6171913653437,0,34.4802877873044,0
"2018-05-09 13:59:36",5.41659836851681,0,25.9157453891493,0
"2018-05-09 14:00:36",8.69952025357942,0,28.0120022104088,0
"2018-05-09 14:01:36",7.24820287471252,0,45.8277930959174,0
"2018-05-09 14:02:37",9.31231740235064,0,39.2155545952242,0
"2018-05-09 14:03:37",7.96533086929944,0,50.543048455623,0
"2018-05-09 14:04:37",9.88072239547069,0,35.0244754988633,0
"2018-05-09 14:05:37",3.29018258246295,0,31.8485205083752,0
"2018-05-09 14:06:37",5.19333387714731,0,38.5430307029536,0
"2018-05-09 14:07:37",6.20650294795502,0,41.0248262422433,0
"2018-05-09 14:08:37",4.49826513642503,0,42.8575935697666,0
"2018-05-09 14:09:37",7.45906232032336,0,50.3469893317495,0
"2018-05-09 14:10:37",4.10067089602495,0,34.9210677899966,0
"2018-05-09 14:11:37",6.81984971113078,0,40.2126534663739,0
"2018-05-09 14:12:37",4.22121168891071,0,47.9134403909202,0
"2018-05-09 14:13:37",8.17704482013292,0,44.8269264566697,0
"2018-05-09 14:14:37",4.21137750982593,0,31.2935614880683,0
"2018-05-09 14:15:37",5.29283673385233,0,36.6117248809595,0
"2018-05-09 14:16:37",6.642112381423,0,30.5543318083293,0
"2018-05-09 14:17:37",6.93325227986219,0,46.8757753389785,0
"2018-05-09 14:18:37",10.9143478029654,0,60.9368556746826,0
"2018-05-09 14:19:37",7.66031439041335,0,38.0463915670622,0
"2018-05-09 14:20:37",8.90584854011432,0,43.2897877941639,0
"2018-05-09 14:21:37",8.36937246295585,0,37.1484200364574,0
"2018-05-09 14:22:37",4.91573956686229,0,28.5237931894214,0
"2018-05-09 14:23:37",5.82096346806418,0,49.6143854715305,0
"2018-05-09 14:24:37",12.8067830242306,0,48.4054798804799,0
"2018-05-09 14:25:38",4.55938574477786,0,32.5419367234379,0
"2018-05-09 14:26:38",5.05228947497914,0,38.4924544020397,0
"2018-05-09 14:27:38",5.32046807779149,0,31.3075678059258,0
"2018-05-09 14:28:38",7.18060589653955,0,42.387115940037,0
"2018-05-09 14:29:38",5.98416039392242,0,56.3449097304599,0
"2018-05-09 14:30:38",8.31898650946385,0,41.8374590733673,0
"2018-05-09 14:31:38",6.508886232797,0,32.8056162181797,0
"2018-05-09 14:32:38",6.1069964382975,0,40.116841622794,0
"2018-05-09 14:33:38",5.10418707537854,0,35.2616476331776,0
"2018-05-09 14:34:38",6.66995564196367,0,48.035544765018,0
"2018-05-09 14:35:38",8.0237768876999,0,40.0117283071068,0
"2018-05-09 14:36:38",7.45490158799776,0,38.7470644280152,0
"2018-05-09 14:37:38",11.3419289644794,0,44.8857858311347,0
"2018-05-09 14:38:38",3.83130798639508,0,35.8969381387738,0
"2018-05-09 14:39:38",5.49261569885943,0,36.7007998669818,0
"2018-05-09 14:40:38",7.85972355077301,0,48.6444654395663,0
"2018-05-09 14:41:38",8.92402491291041,0,36.8882079366042,0
"2018-05-09 14:42:38",5.50105824520196,0,38.9919026559542,0
"2018-05-09 14:43:38",9.24203671414008,0,74.6371854663181,0
"2018-05-09 14:44:38",4.97769374234769,0,33.0955476111848,0
"2018-05-09 14:45:38",5.30340829414693,0,42.7875937693122,0
"2018-05-09 14:46:38",4.8934238973074,0,43.4774706371348,0
"2018-05-09 14:47:38",4.33918517426678,0,44.7015255212549,0
"2018-05-09 14:48:39",7.64116279123702,0,50.9715231451445,0
"2018-05-09 14:49:39",3.25609606770196,0,44.5610144986407,0
"2018-05-09 14:50:39",26.5402418372276,0,177.574060585064,0
"2018-05-09 14:51:39",5.5479086898553,0,51.1990594800135,0
"2018-05-09 14:52:39",11.2891450884191,0,47.6865906842943,0
"2018-05-09 14:53:39",2.66356347427119,0,37.9191345155488,0
"2018-05-09 14:54:39",5.86058819439365,0,39.9714070438604,0
"2018-05-09 14:55:39",2.85539437343705,0,34.0185582440434,0
"2018-05-09 14:56:39",2.6589018539262,0,36.9916356781819,0
"2018-05-09 14:57:39",4.5810416763956,0,39.6628561567419,0
"2018-05-09 14:58:39",2.61444315483762,0,29.8333496376851,0
"2018-05-09 14:59:39",3.75797860022703,0,36.2722412985751,0
"2018-05-09 15:00:39",7.30617258104379,0,39.0293922252653,0
"2018-05-09 15:01:39",7.8548134142322,0,41.6839560106345,0
"2018-05-09 15:02:39",8.90550298596366,0,52.0542353540368,0
"2018-05-09 15:03:39",15.7737416973517,0,41.0526836261884,0
"2018-05-09 15:04:39",4.14296198816996,0,32.0712326421518,0
"2018-05-09 15:05:39",12.2178420833979,0,30.3569410982733,0
"2018-05-09 15:06:39",4.43791818489557,0,30.7917917076735,0
"2018-05-09 15:07:39",9.80541303485665,0,36.0701645739774,0
"2018-05-09 15:08:39",3.64223427895083,0,27.6039972978928,0
"2018-05-09 15:09:39",7.01274331642985,0,35.2334208299689,0
"2018-05-09 15:10:39",4.16915534434975,0,27.9711049122303,0
"2018-05-09 15:11:39",6.69680047862538,0,28.4542762300592,0
"2018-05-09 15:12:40",7.85771825646007,0,27.694143621961,0
"2018-05-09 15:13:40",8.791014404189,0,37.6587247146374,0
"2018-05-09 15:14:40",11.4248514158184,0,50.3880989303718,0
"2018-05-09 15:15:40",9.65631576867813,0,38.1098959827859,0
"2018-05-09 15:16:40",9.19953605250797,0,35.6228764704308,0
"2018-05-09 15:17:40",5.15010165338723,0,33.1731306527586,0
"2018-05-09 15:18:40",6.77758813606497,0,48.0665077594514,0
"2018-05-09 15:19:40",12.8510281153334,0,46.0844448252221,0
"2018-05-09 15:20:40",9.56809283766716,0,25.0496514576505,0
"2018-05-09 15:21:40",5.67372787779743,0,25.4081328958938,0
"2018-05-09 15:22:40",7.62657752786945,0,35.5254110612801,0
"2018-05-09 15:23:40",5.82274231981636,0,25.8289455594668,0
"2018-05-09 15:24:40",11.0368711368033,0,49.3763305864691,0
"2018-05-09 15:25:40",6.96104711429587,0,37.0171413222896,0
"2018-05-09 15:26:40",8.29870843368496,0,24.6737995829738,0
"2018-05-09 15:27:40",9.78159112398554,0,32.7762988438873,0
"2018-05-09 15:28:40",5.33047803438377,0,38.9016547896092,0
"2018-05-09 15:29:40",11.8907132718009,0,37.7640435719888,0
"2018-05-09 15:30:40",19.696264742285,0,45.327918881181,0
"2018-05-09 15:31:40",14.6327995854662,0,224.789530381098,1
"2018-05-09 15:32:40",12.6959073705159,0,35.302609147873,0
"2018-05-09 15:33:40",14.5660716372154,0,41.0510055612968,0
"2018-05-09 15:34:40",5.51035511447002,0,30.3391732897781,0
"2018-05-09 15:35:40",9.18205557257732,0,42.3501879138389,0
"2018-05-09 15:36:40",5.22874568758127,0,42.3479731820917,0
"2018-05-09 15:37:41",5.179758390445,0,26.6750435569781,0
"2018-05-09 15:38:41",6.17163563368748,0,24.678578785479,0
"2018-05-09 15:39:41",7.50841964471589,0,33.9763258417521,0
"2018-05-09 15:40:41",9.41282651460989,0,32.9673376064062,0
"2018-05-09 15:41:41",7.51267492702562,0,45.0079207153041,0
"2018-05-09 15:42:41",12.8968735325372,0,51.6974257622755,0
"2018-05-09 15:43:41",3.9603522230887,0,36.4547968339065,0
"2018-05-09 15:44:41",5.30899611742118,0,228.169635829275,1
"2018-05-09 15:45:41",5.69008893613027,0,30.137482486184,0
"2018-05-09 15:46:41",7.4397007657143,0,35.2021380281495,0
"2018-05-09 15:47:41",6.34406861850974,0,39.1618460306367,0
"2018-05-09 15:48:41",7.5746849993672,0,37.6213581563379,0
"2018-05-09 15:49:41",5.5875107555102,0,31.9170468071143,0
"2018-05-09 15:50:41",7.90268792221534,0,54.5553692235387,0
"2018-05-09 15:51:41",14.0758490616966,0,49.3489205700482,0
"2018-05-09 15:52:41",10.9638842667769,0,32.6518691902072,0
"2018-05-09 15:53:41",11.6805659670552,0,35.747916872581,0
"2018-05-09 15:54:41",8.95041670204924,0,32.0165152168827,0
"2018-05-09 15:55:41",11.5179544367319,0,32.5480708962693,0
"2018-05-09 15:56:41",8.85171331712892,0,39.7534349908532,0
"2018-05-09 15:57:41",10.4015218783311,0,243.794307527526,1
"2018-05-09 15:58:41",5.45460044140236,0,36.3918952054167,0
"2018-05-09 15:59:41",7.83858464917499,0,39.2131551391786,0
"2018-05-09 16:00:41",6.73193331806079,0,33.8167489933276,0
"2018-05-09 16:01:42",11.5259233445042,0,37.7173448517372,0
"2018-05-09 16:02:42",11.9109962021877,0,41.1195548165868,0
"2018-05-09 16:03:42",8.96484312427699,0,36.9336554960513,0
"2018-05-09 16:04:42",8.68944270464663,0,39.3730467762788,0
"2018-05-09 16:05:42",5.02486006367305,0,34.6834258227017,0
"2018-05-09 16:06:42",5.95595581469371,0,37.8736768164062,0
"2018-05-09 16:07:42",8.1077139796194,0,49.0793978502535,0
"2018-05-09 16:08:42",7.94319729135215,0,58.6828334677011,0
"2018-05-09 16:09:42",3.69529708254056,0,32.1640224216851,0
"2018-05-09 16:10:42",5.65427567705297,0,41.1968799190347,0
"2018-05-09 16:11:42",4.02543799909016,0,39.8592099389507,0
"2018-05-09 16:12:42",5.05285056390099,0,39.6317068131724,0
"2018-05-09 16:13:42",6.15688408482546,0,57.414133076857,0
"2018-05-09 16:14:42",6.2137247492593,0,42.0358240441248,0
"2018-05-09 16:15:42",6.42469690024336,0,35.4365042079232,0
"2018-05-09 16:16:42",5.89536382670106,0,41.0070960616064,0
"2018-05-09 16:17:42",4.55811035163906,0,31.2236906323079,0
"2018-05-09 16:18:42",5.41544266318386,0,38.520923737173,0
"2018-05-09 16:19:42",8.66644027445386,0,39.6653631208576,0
"2018-05-09 16:20:42",7.60609564490448,0,35.0902398113591,0
"2018-05-09 16:21:42",14.3544092687068,0,54.0634320545431,0
"2018-05-09 16:22:42",8.03639257214297,0,29.229237208132,0
"2018-05-09 16:23:42",8.27916282482373,0,222.652802446651,1
"2018-05-09 16:24:42",10.3741699861212,0,34.7557713382614,0
"2018-05-09 16:25:42",13.9285145233092,0,39.2258553784451,0
"2018-05-09 16:26:43",10.3538484554802,0,25.0211303066424,0
"2018-05-09 16:27:43",7.8771488783266,0,34.3506108620987,0
"2018-05-09 16:28:43",8.19103624690605,0,37.7820065168596,0
"2018-05-09 16:29:43",7.3382862336926,0,42.7711367668587,0
"2018-05-09 16:30:43",9.44373411941647,0,38.2480109995247,0
"2018-05-09 16:31:43",10.1537202958951,0,40.3599422766772,0
"2018-05-09 16:32:43",12.0348247882192,0,30.4096112668769,0
"2018-05-09 16:33:43",10.7476272697181,0,37.2043723999519,0
"2018-05-09 16:34:43",12.4482995865357,0,31.3787295925701,0
"2018-05-09 16:35:43",9.74745882003724,0,42.5977781708086,0
"2018-05-09 16:36:43",19.9619524002821,0,242.786057239185,1
"2018-05-09 16:37:43",7.49599757405426,0,41.9468099368003,0
"2018-05-09 16:38:43",9.65282476063594,0,42.3700300237072,0
"2018-05-09 16:39:43",7.02571239636391,0,36.4756730078847,0
"2018-05-09 16:40:43",8.03833198428684,0,34.5941232609281,0
"2018-05-09 16:41:43",11.1971508320436,0,57.1892565583293,0
"2018-05-09 16:42:43",9.76221112468423,0,36.288788522068,0
"2018-05-09 16:43:43",8.37697611448671,0,35.3775951834991,0
"2018-05-09 16:44:43",8.14111997917013,0,40.8446978894056,0
"2018-05-09 16:45:43",9.69704803628163,0,42.6706681326461,0
"2018-05-09 16:46:44",9.97549133134062,0,56.8061449753416,0
"2018-05-09 16:47:44",18.0904193833322,0,99.1109946611799,0
"2018-05-09 16:48:44",6.26485315838504,0,41.9428810552059,0
"2018-05-09 16:49:44",11.2359899929689,0,49.692726163657,0
"2018-05-09 16:50:44",7.02671483592313,0,41.917227308666,0
"2018-05-09 16:51:44",14.3263775772149,0,143.418868204397,0
"2018-05-09 16:52:44",7.99796469637496,0,62.6016508068865,0
"2018-05-09 16:53:44",12.3200927019982,0,44.8339064527736,0
"2018-05-09 16:54:44",6.48716344223848,0,30.0483059483422,0
"2018-05-09 16:55:44",7.53640699343857,0,32.8551095480595,0
"2018-05-09 16:56:44",8.84409617896261,0,30.0881804185745,0
"2018-05-09 16:57:44",12.6324763261153,0,47.835881681232,0
"2018-05-09 16:58:44",13.4975608438253,0,45.3593227239202,0
"2018-05-09 16:59:44",11.0721828245602,0,30.0928014860707,0
"2018-05-09 17:00:44",10.7847247615259,0,26.4805829907735,0
"2018-05-09 17:01:44",7.36649150331293,0,36.274578884033,0
"2018-05-09 17:02:44",14.2163831653118,0,68.9410005330292,0
"2018-05-09 17:03:44",9.03590428264001,0,46.0671067560118,0
"2018-05-09 17:04:44",12.7897272244425,0,31.5652641089123,0
"2018-05-09 17:05:44",6.3568253674123,0,23.4512636510755,0
"2018-05-09 17:06:44",8.14048417224678,0,23.9054728567224,0
"2018-05-09 17:07:44",9.33743102702755,0,25.0223635945669,0
"2018-05-09 17:08:44",8.96062978103561,0,38.6850783393912,0
"2018-05-09 17:09:44",8.76092156215485,0,30.7735630845442,0
"2018-05-09 17:10:44",9.08965620434111,0,27.672137706017,0
"2018-05-09 17:11:44",11.9351076069225,0,23.3554700734857,0
"2018-05-09 17:12:44",9.77163965134686,0,26.3279373045668,0
"2018-05-09 17:13:44",15.0977507877235,0,30.982626031823,0
"2018-05-09 17:14:44",10.5130843459402,0,38.4194914187606,0
"2018-05-09 17:15:45",14.5113441291287,0,71.9869311406988,0
"2018-05-09 17:16:45",7.05897229984569,0,33.8009977566077,0
"2018-05-09 17:17:45",10.7355377267483,0,28.8582745553638,0
"2018-05-09 17:18:45",9.52474280060979,0,31.8633683702199,0
"2018-05-09 17:19:45",10.3571105012649,0,35.4080185252217,0
"2018-05-09 17:20:45",7.59316110141089,0,36.3006378209841,0
"2018-05-09 17:21:45",10.3853870582203,0,29.2844287560988,0
"2018-05-09 17:22:45",12.7632806854051,0,24.306336956715,0
"2018-05-09 17:23:45",9.81469607805496,0,26.9217234638519,0
"2018-05-09 17:24:45",13.0184882027514,0,39.4329974455606,0
"2018-05-09 17:25:45",13.0230435418597,0,37.3611156881871,0
"2018-05-09 17:26:45",19.1589122907044,0,58.5410536384471,0
"2018-05-09 17:27:45",9.73271777412663,0,31.2913048756764,0
"2018-05-09 17:28:45",13.2087003574125,0,26.2514839972893,0
"2018-05-09 17:29:45",10.0524037031144,0,39.6567378303866,0
"2018-05-09 17:30:45",12.2664864997451,0,26.174073004797,0
"2018-05-09 17:31:45",9.15440097257963,0,35.5422611665361,0
"2018-05-09 17:32:45",11.8951148218501,0,31.3461533649748,0
"2018-05-09 17:33:45",13.2804385836171,0,24.7340281077015,0
"2018-05-09 17:34:45",12.721958646571,0,31.7381026721696,0
"2018-05-09 17:35:45",11.3098050060564,0,20.4409000538652,0
"2018-05-09 17:36:45",11.2117233019516,0,34.5702103609979,0
"2018-05-09 17:37:45",12.8216405563148,0,35.9947498780241,0
"2018-05-09 17:38:45",8.66180639193698,0,30.9442448890485,0
"2018-05-09 17:39:45",13.3786594693219,0,26.8485228186154,0
"2018-05-09 17:40:45",8.06179910099065,0,33.8294511801275,0
"2018-05-09 17:41:45",16.980516166314,0,35.6119022487926,0
"2018-05-09 17:42:45",10.1411439228977,0,49.9230652228399,0
"2018-05-09 17:43:46",13.5620766403008,0,32.7797415644169,0
"2018-05-09 17:44:46",7.80995735251059,0,36.2491728495222,0
"2018-05-09 17:45:46",8.56381052112883,0,35.375232194562,0
"2018-05-09 17:46:46",8.5333706895807,0,25.9661181533299,0
"2018-05-09 17:47:46",14.606408353548,0,46.7567854592895,0
"2018-05-09 17:48:46",8.55175782255617,0,35.8634394915004,0
"2018-05-09 17:49:46",8.41190448052026,0,37.0527317277075,0
"2018-05-09 17:50:46",10.0219526640571,0,32.6227131254624,0
"2018-05-09 17:51:46",7.14677519769299,0,36.5236473792902,0
"2018-05-09 17:52:46",16.8712942674628,0,39.1412284867661,0
"2018-05-09 17:53:46",14.9908417282241,0,45.2606254577323,0
"2018-05-09 17:54:46",18.9526005100271,0,36.12406180962,0
"2018-05-09 17:55:46",12.0429811692863,0,37.043122618769,0
"2018-05-09 17:56:46",12.4084012330677,0,32.0180293173224,0
"2018-05-09 17:57:46",10.0809620554717,0,31.8989252364717,0
"2018-05-09 17:58:46",10.9912013078597,0,37.9796788349271,0
"2018-05-09 17:59:46",11.5866000240789,0,39.5774908956641,0
"2018-05-09 18:00:46",10.5957545769017,0,41.7645439556449,0
"2018-05-09 18:01:46",10.337169412454,0,45.1034138200506,0
"2018-05-09 18:02:46",12.2942176716169,0,40.3996809249604,0
"2018-05-09 18:03:46",14.8340492666891,0,88.7056308458319,0
"2018-05-09 18:04:46",9.45811545874893,0,54.3962252357686,0
"2018-05-09 18:05:46",11.7116785203916,0,58.5285141066126,0
"2018-05-09 18:06:46",5.59611045319961,0,42.4683656170663,0
"2018-05-09 18:07:46",9.30691313834951,0,32.7251882613243,0
"2018-05-09 18:08:47",6.08924056055823,0,37.0377022635987,0
"2018-05-09 18:09:47",7.5928658235107,0,61.3909205846071,0
"2018-05-09 18:10:47",9.00322395005058,0,52.7902236268911,0
"2018-05-09 18:11:47",11.4469090227454,0,49.1490530171985,0
"2018-05-09 18:12:47",7.04148512990532,0,43.1630878188118,0
"2018-05-09 18:13:47",7.0043090162551,0,53.9865641054108,0
"2018-05-09 18:14:47",7.30705530356763,0,45.4657453528942,0
"2018-05-09 18:15:47",11.4943078025008,0,58.9037095765434,0
"2018-05-09 18:16:47",10.8705192308709,0,53.0798845900622,0
"2018-05-09 18:17:47",11.1233861126744,0,43.8273112152764,0
"2018-05-09 18:18:47",15.8939326977756,0,56.7329332338663,0
"2018-05-09 18:19:47",12.3032127962367,0,49.4482410432446,0
"2018-05-09 18:20:47",17.2000889004776,0,57.1312499334593,0
"2018-05-09 18:21:47",19.7677134215169,0,66.0782401310443,0
"2018-05-09 18:22:47",23.7615719073024,0,57.2054234717551,0
"2018-05-09 18:23:47",18.7613555174927,0,42.4336003123936,0
"2018-05-09 18:24:47",21.2690373000056,0,35.7532689368816,0
"2018-05-09 18:25:47",22.9929828253103,0,33.5789414362887,0
"2018-05-09 18:26:47",23.7502243763884,0,53.9478208899356,0
"2018-05-09 18:27:47",24.4566460374163,0,46.0334509270164,0
"2018-05-09 18:28:47",25.9909243624285,0,45.3996756321644,0
"2018-05-09 18:29:47",23.9990351046474,0,54.6772028216415,0
"2018-05-09 18:30:47",25.0996038958788,0,36.6300659246213,0
"2018-05-09 18:31:47",29.3787353172618,0,42.6823344888018,0
"2018-05-09 18:32:47",26.9757731917458,0,57.2943383815644,0
"2018-05-09 18:33:47",26.2869091320756,0,44.6364902729073,0
"2018-05-09 18:34:47",23.302348657692,0,43.9040886171782,0
"2018-05-09 18:35:47",24.0729282273271,0,52.1088949900298,0
"2018-05-09 18:36:47",25.0235510308107,0,54.5554723118366,0
"2018-05-09 18:37:48",26.8680039869188,0,53.9393184349026,0
"2018-05-09 18:38:48",23.5658229487048,0,65.818305243269,0
"2018-05-09 18:39:48",23.8970248186511,0,57.5741325180643,0
"2018-05-09 18:40:48",23.1914410651105,0,49.6651679338985,0
"2018-05-09 18:41:48",20.1811993702572,0,62.8133028513866,0
"2018-05-09 18:42:48",24.3635736047717,0,51.7705693245062,0
"2018-05-09 18:43:48",24.7385933609026,0,58.2255251745322,0
"2018-05-09 18:44:48",28.2157105971808,0,61.4424807411632,0
"2018-05-09 18:45:48",20.6585742226603,0,46.8484107394586,0
"2018-05-09 18:46:48",23.5044867758258,0,55.2567145612795,0
"2018-05-09 18:47:48",19.8006366800008,0,51.673460579582,0
"2018-05-09 18:48:48",20.5558619612775,0,65.1881799956256,0
"2018-05-09 18:49:48",18.9689650234191,0,69.297015703436,0
"2018-05-09 18:50:48",21.3271759050802,0,72.0680948246657,0
"2018-05-09 18:51:48",22.9972006496633,0,89.0603056507161,0
"2018-05-09 18:52:48",15.9062673799715,0,54.7732868682044,0
"2018-05-09 18:53:48",16.7726545072388,0,37.1488126250162,0
"2018-05-09 18:54:48",16.6391886992494,0,57.1479644675652,0
"2018-05-09 18:55:48",24.6651812177525,0,57.5481177384455,0
"2018-05-09 18:56:48",11.6842960547203,0,39.91732931703,0
"2018-05-09 18:57:48",17.8150045750093,0,39.7268644322443,0
"2018-05-09 18:58:48",11.3868400337718,0,48.528439903597,0
"2018-05-09 18:59:48",17.5010053870396,0,52.1401312717187,0
"2018-05-09 19:00:49",12.9023217907839,0,56.8794475114827,0
"2018-05-09 19:01:49",14.9304013225682,0,34.4444103284252,0
"2018-05-09 19:02:49",11.3840885732623,0,38.818921242729,0
"2018-05-09 19:03:49",14.9784412944503,0,43.4722556476429,0
"2018-05-09 19:04:49",12.8408764719261,0,39.3414149127768,0
"2018-05-09 19:05:49",17.2013151825132,0,56.4987908999871,0
"2018-05-09 19:06:49",26.5743570453775,0,83.1116093984054,0
"2018-05-09 19:07:49",9.85228776133579,0,38.4035568119598,0
"2018-05-09 19:08:49",11.6614217071385,0,38.6455773020391,0
"2018-05-09 19:09:49",10.3458086269751,0,34.0474185348504,0
"2018-05-09 19:10:49",10.601907136429,0,41.1524357102777,0
"2018-05-09 19:11:49",11.1148517466755,0,43.0727042730582,0
"2018-05-09 19:12:49",22.748356649214,0,54.0739122667258,0
"2018-05-09 19:13:49",11.3108497551555,0,35.7507503089263,0
"2018-05-09 19:14:49",13.8090450096028,0,43.1252641654278,0
"2018-05-09 19:15:49",12.2945102673044,0,49.2253799666915,0
"2018-05-09 19:16:49",17.7975592579111,0,65.4033672691212,0
"2018-05-09 19:17:49",10.6309053197572,0,51.8039104057358,0
"2018-05-09 19:18:49",11.8116750566003,0,44.5398798609988,0
"2018-05-09 19:19:49",10.5487053922638,0,34.6686547999927,0
"2018-05-09 19:20:49",11.2051715695959,0,45.3210453423536,0
"2018-05-09 19:21:49",20.5314695032059,0,69.6517514200641,0
"2018-05-09 19:22:49",21.0148777185245,0,53.8872110990263,0
"2018-05-09 19:23:49",22.6475971145197,0,48.465739311628,0
"2018-05-09 19:24:49",14.7716895521109,0,37.4854765115323,0
"2018-05-09 19:25:49",21.8251893194833,0,48.005136979533,0
"2018-05-09 19:26:49",14.2438112550272,0,37.9119211479656,0
"2018-05-09 19:27:50",16.1032114474215,0,36.7330777216647,0
"2018-05-09 19:28:50",15.4161432935955,0,50.5087312935891,0
"2018-05-09 19:29:50",19.0404167902192,0,46.2629578912702,0
"2018-05-09 19:30:50",16.6218462988931,0,49.2155208702352,0
"2018-05-09 19:31:50",16.6204376954953,0,59.2466167794986,0
"2018-05-09 19:32:50",27.0469874761918,0,43.3949419696389,0
"2018-05-09 19:33:50",17.9049339439556,0,50.7488769181757,0
"2018-05-09 19:34:50",21.1137206512246,0,47.652524342692,0
"2018-05-09 19:35:50",16.765267001459,0,42.1760276569619,0
"2018-05-09 19:36:50",17.7489539579643,0,34.3360991518274,0
"2018-05-09 19:37:50",14.7070669422205,0,48.7965553713468,0
"2018-05-09 19:38:50",21.1606758935629,0,53.7825371405924,0
"2018-05-09 19:39:50",14.7351403931643,0,64.0814993568594,0
"2018-05-09 19:40:50",22.3876069568963,0,55.456301347672,0
"2018-05-09 19:41:50",13.7101303016904,0,43.8994866078004,0
"2018-05-09 19:42:50",19.1144303014477,0,36.2862258292141,0
"2018-05-09 19:43:50",13.0959455861273,0,26.841879894723,0
"2018-05-09 19:44:50",18.9466605008308,0,62.294675979628,0
"2018-05-09 19:45:50",17.5220815491127,0,48.0244496435047,0
"2018-05-09 19:46:50",13.4428164356486,0,47.1739275645093,0
"2018-05-09 19:47:50",19.303928227544,0,76.7478417341982,0
"2018-05-09 19:48:50",13.75014583265,0,56.0914911984258,0
"2018-05-09 19:49:51",19.9464963008186,0,54.6604850105826,0
"2018-05-09 19:50:51",21.361173704537,0,55.9124910757134,0
"2018-05-09 19:51:51",23.2123304314743,0,54.3188907575276,0
"2018-05-09 19:52:51",53.688879194039,1,188.496805751545,0
"2018-05-09 19:53:51",30.300597534981,0,45.052623311847,0
"2018-05-09 19:54:51",22.51786413848,0,30.4971898361813,0
"2018-05-09 19:55:51",25.2163570668799,0,55.6922946082815,0
"2018-05-09 19:56:51",21.6526057762401,0,45.0031891765026,0
"2018-05-09 19:57:51",20.9214182564586,0,48.0064462010858,0
"2018-05-09 19:58:51",20.9665796716143,0,59.649268378573,0
"2018-05-09 19:59:51",21.7272706313795,0,53.8732809345393,0
"2018-05-09 20:00:51",20.1131182399354,0,44.348480730705,0
"2018-05-09 20:01:51",16.9950071892341,0,43.6283597174681,0
"2018-05-09 20:02:51",19.272244698643,0,114.603651622392,0
"2018-05-09 20:03:51",16.0225720474445,0,57.4552283228984,0
"2018-05-09 20:04:51",20.0559020438821,0,87.0408586414458,0
"2018-05-09 20:05:51",14.3719520360531,0,52.3060374613324,0
"2018-05-09 20:06:51",14.0911615617707,0,51.228583095079,0
"2018-05-09 20:07:51",13.8538248426282,0,56.2474465884541,0
"2018-05-09 20:08:51",12.0778662561866,0,58.8300605743933,0
"2018-05-09 20:09:51",12.353184689528,0,78.2347882252251,0
"2018-05-09 20:10:51",13.3210861599855,0,45.0314045012324,0
"2018-05-09 20:11:51",11.7528800940583,0,42.4183254900255,0
"2018-05-09 20:12:51",9.35658475665885,0,57.7531491892085,0
"2018-05-09 20:13:52",16.924230986787,0,68.2497121444821,0
"2018-05-09 20:14:52",12.5151677109198,0,64.1645410576446,0
"2018-05-09 20:15:52",19.0365212872474,0,75.5330107270046,0
"2018-05-09 20:16:52",12.0396013352118,0,62.6625283674051,0
"2018-05-09 20:17:52",19.6914648695981,0,70.2882964833692,0
"2018-05-09 20:18:52",13.6418263812265,0,47.5836922974716,0
"2018-05-09 20:19:52",12.6106674271358,0,71.8755086010604,0
"2018-05-09 20:20:52",13.7193252907781,0,81.9614570611736,0
"2018-05-09 20:21:52",16.1390645799559,0,65.7858132422846,0
"2018-05-09 20:22:52",18.1771125138005,0,51.6887170936378,0
"2018-05-09 20:23:52",20.2199091963377,0,58.3355216357165,0
"2018-05-09 20:24:52",24.9450555321644,0,61.7864586672812,0
"2018-05-09 20:25:52",27.1721929158277,0,66.3227674310947,0
"2018-05-09 20:26:52",30.3522512845588,0,61.0253044105054,0
"2018-05-09 20:27:52",23.9663071000288,0,61.5885549432304,0
"2018-05-09 20:28:52",26.622488593813,0,69.6688823413217,0
"2018-05-09 20:29:52",23.1152786504808,0,56.6547256781454,0
"2018-05-09 20:30:52",27.3531729066316,0,61.3490453988019,0
"2018-05-09 20:31:52",22.518653535425,0,59.4201866031077,0
"2018-05-09 20:32:53",25.0811424616053,0,87.2371873932035,0
"2018-05-09 20:33:53",22.4478604760254,0,63.429859158355,0
"2018-05-09 20:34:53",25.6985109564953,0,82.9023297462956,0
"2018-05-09 20:35:53",23.894215672352,0,81.3365154335902,0
"2018-05-09 20:36:53",24.7752840448344,0,78.8301272884283,0
"2018-05-09 20:37:53",23.8628667452318,0,68.798944131368,0
"2018-05-09 20:38:53",19.1894615167472,0,97.4627055121833,0
"2018-05-09 20:39:53",23.320932056786,0,71.3142803298882,0
"2018-05-09 20:40:53",17.6161902719719,0,75.6650212549102,0
"2018-05-09 20:41:53",18.9926760654987,0,90.2077282166438,0
"2018-05-09 20:42:53",20.1818915823593,0,81.2883606086153,0
"2018-05-09 20:43:53",25.5479112475053,0,76.1365902418208,0
"2018-05-09 20:44:53",16.4628903294824,0,65.1511781309403,0
"2018-05-09 20:45:53",17.6089018775142,0,65.8920532258355,0
"2018-05-09 20:46:53",17.6891173151346,0,77.7295653410138,0
"2018-05-09 20:47:53",16.5567584930851,0,61.434373806062,0
"2018-05-09 20:48:53",20.7790983187413,0,79.3491292939084,0
"2018-05-09 20:49:53",17.9309090771435,0,65.6205195927724,0
"2018-05-09 20:50:53",15.2956405004879,0,58.5610519708724,0
"2018-05-09 20:51:53",11.036778844203,0,65.1620506083981,0
"2018-05-09 20:52:53",19.2173524457135,0,120.486375025807,0
"2018-05-09 20:53:53",16.033570359498,0,75.2846261207393,0
"2018-05-09 20:54:53",16.8550888772365,0,65.2992129098558,0
"2018-05-09 20:55:53",10.0450980240872,0,59.1610190338096,0
"2018-05-09 20:56:53",20.3484322160991,0,50.6112987009286,0
"2018-05-09 20:57:53",8.19073102270537,0,46.5662693486205,0
"2018-05-09 20:58:53",13.9285970844469,0,49.179462081754,0
"2018-05-09 20:59:54",15.8401760357891,0,60.8547759683155,0
"2018-05-09 21:00:54",13.554526337152,0,46.9505583729361,0
"2018-05-09 21:01:54",12.6443211154995,0,56.062048027395,0
"2018-05-09 21:02:54",12.762045389248,0,60.8472843028876,0
"2018-05-09 21:03:54",12.8654835763847,0,69.8537456026229,0
"2018-05-09 21:04:54",11.3155545481377,0,49.5911050874141,0
"2018-05-09 21:05:54",12.9855370281265,0,69.6903490314461,0
"2018-05-09 21:06:54",14.0516028583256,0,49.2663853865156,0
"2018-05-09 21:07:54",17.805146567086,0,46.2387933490973,0
"2018-05-09 21:08:54",8.15423499969836,0,36.8643612046782,0
"2018-05-09 21:09:54",20.5422040943092,0,37.3591459457034,0
"2018-05-09 21:10:54",12.4861945002947,0,54.9232041308991,0
"2018-05-09 21:11:54",26.6669527468584,0,60.7268809895806,0
"2018-05-09 21:12:54",10.9052822593765,0,43.3262754122246,0
"2018-05-09 21:13:54",13.4579974195897,0,22.3695426501213,0
"2018-05-09 21:14:54",14.5830825961633,0,46.3014461289487,0
"2018-05-09 21:15:54",14.4436070144496,0,57.8434228578357,0
"2018-05-09 21:16:54",17.6215839835069,0,53.3273548681806,0
"2018-05-09 21:17:54",18.9708081546219,0,51.8853520477144,0
"2018-05-09 21:18:54",21.9937408766226,0,70.6130027750377,0
"2018-05-09 21:19:54",13.0464047387497,0,55.4323516120338,0
"2018-05-09 21:20:54",17.8318894706678,0,44.2094602360262,0
"2018-05-09 21:21:54",18.4766140260299,0,59.6622302829718,0
"2018-05-09 21:22:55",34.0179963050714,0,62.5948839626985,0
"2018-05-09 21:23:55",15.6027729009627,0,54.9522030353855,0
"2018-05-09 21:24:55",17.4288432032413,0,48.1993261918468,0
"2018-05-09 21:25:55",15.0791170513879,0,62.5035015112062,0
"2018-05-09 21:26:55",16.6910536196643,0,48.2344472804248,0
"2018-05-09 21:27:55",21.0736058533313,0,72.0341218856201,0
"2018-05-09 21:28:55",21.905601582078,0,53.3770621445501,0
"2018-05-09 21:29:55",15.1659455369559,0,33.6391047314242,0
"2018-05-09 21:30:55",17.7222557573185,0,45.2611865429151,0
"2018-05-09 21:31:55",14.3330203762374,0,35.4668849500607,0
"2018-05-09 21:32:55",22.2281684691297,0,107.111836304862,0
"2018-05-09 21:33:55",20.3139537046685,0,58.1176589867234,0
"2018-05-09 21:34:55",15.724035283309,0,59.8688682180047,0
"2018-05-09 21:35:55",27.5379721951444,0,50.6942634278955,0
"2018-05-09 21:36:55",11.6638281505121,0,54.54293616522,0
"2018-05-09 21:37:55",16.2969896474659,0,50.6151811086859,0
"2018-05-09 21:38:55",15.1197560641105,0,78.0144987542817,0
"2018-05-09 21:39:55",21.6135817280364,0,73.7951148741994,0
"2018-05-09 21:40:56",12.0690263139296,0,50.2360646089735,0
"2018-05-09 21:41:56",17.1844880007302,0,80.5821171324677,0
"2018-05-09 21:42:56",12.4110631468193,0,51.6666850240161,0
"2018-05-09 21:43:56",19.9388072843612,0,92.7061170639581,0
"2018-05-09 21:44:56",15.2794577465418,0,62.7562844082731,0
"2018-05-09 21:45:56",14.1991411817246,0,53.8826463155842,0
"2018-05-09 21:46:56",16.8169889288555,0,58.2345256032109,0
"2018-05-09 21:47:56",11.6786878329232,0,59.9254213089268,0
"2018-05-09 21:48:56",23.3934342930598,0,66.2705015975095,0
"2018-05-09 21:49:56",15.5031907453737,0,77.6362992190001,0
"2018-05-09 21:50:56",20.2857844215292,0,53.9925750089459,0
"2018-05-09 21:51:56",13.3117751923269,0,57.7764156354523,0
"2018-05-09 21:52:56",14.5714357545538,0,46.5845955711883,0
"2018-05-09 21:53:56",23.0339871748424,0,177.250264700349,0
"2018-05-09 21:54:56",24.4314788747568,0,73.0756841320579,0
"2018-05-09 21:55:56",19.7328405141728,0,67.2524834076765,0
"2018-05-09 21:56:56",22.5843122484884,0,68.3661717327503,0
"2018-05-09 21:57:56",19.2032301392683,0,55.3118567253273,0
"2018-05-09 21:58:56",17.5722941549812,0,73.0378345303323,0
"2018-05-09 21:59:56",22.7751346038861,0,68.809425810717,0
"2018-05-09 22:00:56",19.1242142332144,0,83.8813095179588,0
"2018-05-09 22:01:56",22.5766277773848,0,63.2397086129768,0
"2018-05-09 22:02:56",15.1233406939314,0,60.3662176008937,0
"2018-05-09 22:03:56",21.0665527010237,0,75.4477636663371,0
"2018-05-09 22:04:56",15.8664794239868,0,63.366224826132,0
"2018-05-09 22:05:56",16.3515761876833,0,76.7874556065139,0
"2018-05-09 22:06:56",13.9604456086821,0,74.7855104419011,0
"2018-05-09 22:07:56",12.3480162705287,0,57.8569984590101,0
"2018-05-09 22:08:56",10.0142785135324,0,45.3974089403599,0
"2018-05-09 22:09:56",11.1463263182167,0,64.3851297165355,0
"2018-05-09 22:10:56",12.0557617577795,0,67.0251518654004,0
"2018-05-09 22:11:57",14.0347292054692,0,82.8130600160843,0
"2018-05-09 22:12:57",21.6767121337905,0,73.2628211942352,0
"2018-05-09 22:13:57",11.2552246002493,0,72.8000832592268,0
"2018-05-09 22:14:57",18.2691725129173,0,74.6849377267095,0
"2018-05-09 22:15:57",12.5874336027399,0,65.5906692398318,0
"2018-05-09 22:16:57",11.3943523046821,0,95.813728364848,0
"2018-05-09 22:17:57",15.0424183743276,0,82.2550248076381,0
"2018-05-09 22:18:57",22.6783416778767,0,70.0322102094787,0
"2018-05-09 22:19:57",20.3251520801079,0,71.8411253572525,0
"2018-05-09 22:20:57",18.6955325774055,0,73.7445943329966,0
"2018-05-09 22:21:57",18.1226632658767,0,72.7130401487596,0
"2018-05-09 22:22:57",25.0806228105547,0,84.7343681527015,0
"2018-05-09 22:23:57",27.3220003617628,0,69.2926257316745,0
"2018-05-09 22:24:57",24.8829862215321,0,58.5155580141215,0
"2018-05-09 22:25:57",30.4660847057384,0,52.1007409485188,0
"2018-05-09 22:26:57",27.5253715215926,0,67.2169190663262,0
"2018-05-09 22:27:57",35.3020942250336,0,57.1819912882765,0
"2018-05-09 22:28:57",33.0842376248429,0,84.1351752013208,0
"2018-05-09 22:29:57",40.1958748523546,0,108.903290585632,0
"2018-05-09 22:30:57",27.2884377880882,0,61.2245946711404,0
"2018-05-09 22:31:58",30.037467831739,0,70.7515567031908,0
"2018-05-09 22:32:58",30.9662622368397,0,90.6155783547553,0
"2018-05-09 22:33:58",36.8099786154363,0,86.2831175043179,0
"2018-05-09 22:34:58",26.2272175638351,0,52.7958879304737,0
"2018-05-09 22:35:58",30.0647831389014,0,71.9728056483825,0
"2018-05-09 22:36:58",28.708839742971,0,61.6589264055659,0
"2018-05-09 22:37:58",27.2986652485922,0,72.2644297178312,0
"2018-05-09 22:38:58",29.4359679378675,0,85.4629061404833,0
"2018-05-09 22:39:58",30.2557148709865,0,86.6734963118062,0
"2018-05-09 22:40:58",33.815783653938,0,83.038323640844,0
"2018-05-09 22:41:58",24.1736684584113,0,69.8909864907698,0
"2018-05-09 22:42:58",27.7206046758702,0,78.4918215688809,0
"2018-05-09 22:43:58",25.4126277746939,0,65.9269550681452,0
"2018-05-09 22:44:58",24.6004596487398,0,89.639789277035,0
"2018-05-09 22:45:58",23.0231248099631,0,94.8972112060572,0
"2018-05-09 22:46:58",25.1741848384715,0,67.8803993408729,0
"2018-05-09 22:47:58",22.6385139853549,0,60.8718769169127,0
"2018-05-09 22:48:58",20.9471746373693,0,79.4425093028497,0
"2018-05-09 22:49:58",21.6639535623319,0,82.2958722950021,0
"2018-05-09 22:50:58",21.3957932828283,0,88.501386562909,0
"2018-05-09 22:51:59",22.4517424929106,0,65.8532412690196,0
"2018-05-09 22:52:59",14.8442700869659,0,63.420519062349,0
"2018-05-09 22:53:59",32.5366068802762,0,77.0750297988507,0
"2018-05-09 22:54:59",15.552007561153,0,87.6627770164124,0
"2018-05-09 22:55:59",19.0222729797921,0,67.9962092091517,0
"2018-05-09 22:56:59",14.110680304828,0,79.8176610034575,0
"2018-05-09 22:57:59",23.1436164627267,0,68.7966535800106,0
"2018-05-09 22:58:59",11.0698560850306,0,52.9538208712286,0
"2018-05-09 22:59:59",13.5244441418444,0,52.7545766662324,0
"2018-05-09 23:00:59",12.7303241061782,0,45.3641990791317,0
"2018-05-09 23:01:59",15.002813827639,0,61.4247553394002,0
"2018-05-09 23:02:59",24.4420256274248,0,57.5153505742277,0
"2018-05-09 23:03:59",11.4666790970825,0,63.7938205599098,0
"2018-05-09 23:04:59",18.7408853378468,0,85.0299688268641,0
"2018-05-09 23:05:59",13.7966943079538,0,76.5961533075307,0
"2018-05-09 23:06:59",26.7553975484589,0,95.781161044745,0
"2018-05-09 23:07:59",12.3368837105248,0,40.7836323176226,0
"2018-05-09 23:08:59",20.903582439406,0,63.7923078926458,0
"2018-05-09 23:09:59",13.8656682288296,0,58.1365346340927,0
"2018-05-09 23:10:59",17.2958272723255,0,48.0999084715633,0
"2018-05-09 23:11:59",12.1535018725978,0,44.010538702826,0
"2018-05-09 23:12:59",19.5298431620021,0,63.1729429408633,0
"2018-05-09 23:13:59",13.5772737084559,0,51.6160317888309,0
"2018-05-09 23:14:59",18.0707948039468,0,44.9421928785482,0
"2018-05-09 23:15:59",17.6518288866905,0,49.5268782524295,0
"2018-05-09 23:16:59",16.3015808230185,0,57.4426781669808,0
"2018-05-09 23:18:00",19.4383661056218,0,53.9322237560276,0
"2018-05-09 23:19:00",14.8156761654218,0,72.7727109366212,0
"2018-05-09 23:20:00",25.1872115046046,0,79.213360606211,0
"2018-05-09 23:21:00",13.6386830504124,0,67.4144723415215,0
"2018-05-09 23:22:00",21.3644785784122,0,60.5441087580411,0
"2018-05-09 23:23:00",14.6937441546643,0,46.5787690219231,0
"2018-05-09 23:24:00",28.3227845835551,0,65.5941709980838,0
"2018-05-09 23:25:00",20.0609974359797,0,60.7047904753927,0
"2018-05-09 23:26:00",20.5776358973395,0,38.3598671896943,0
"2018-05-09 23:27:00",19.4636817999547,0,37.7620634477004,0
"2018-05-09 23:28:00",19.0668359878579,0,52.1217510266247,0
"2018-05-09 23:29:00",23.905993693093,0,52.3864891487813,0
"2018-05-09 23:30:00",21.1736089544184,0,56.4071049183827,0
"2018-05-09 23:31:00",27.8564856834127,0,53.9480763345752,0
"2018-05-09 23:32:00",18.3586250504156,0,59.5396266868253,0
"2018-05-09 23:33:00",31.681048304072,0,50.2144945033532,0
"2018-05-09 23:34:00",21.8837393790728,0,84.5667782395482,0
"2018-05-09 23:35:00",21.6338797900671,0,44.8488445792244,0
"2018-05-09 23:36:00",18.7700639912419,0,63.8818402362968,0
"2018-05-09 23:37:00",26.3279601527728,0,61.7676213772402,0
"2018-05-09 23:38:00",27.3439432290737,0,63.4883468860804,0
"2018-05-09 23:39:00",22.2432949821326,0,66.3547858434694,0
"2018-05-09 23:40:01",22.494978127334,0,57.4944140619998,0
"2018-05-09 23:41:01",25.1449792383921,0,77.71045561282,0
"2018-05-09 23:42:01",32.4349471343979,0,61.1240550198993,0
"2018-05-09 23:43:01",15.9314649979747,0,69.491821619624,0
"2018-05-09 23:44:01",26.3818480280628,0,88.7474915178596,0
"2018-05-09 23:45:01",16.8385322313292,0,46.7361983326773,0
"2018-05-09 23:46:01",29.8293294387932,0,70.4483463664352,0
"2018-05-09 23:47:01",23.3769235873252,0,43.5072482898643,0
"2018-05-09 23:48:01",29.2361175567417,0,71.7834660652508,0
"2018-05-09 23:49:01",19.6898791596067,0,70.8268818704328,0
"2018-05-09 23:50:01",20.4604382811909,0,48.3295088290447,0
"2018-05-09 23:51:01",13.3619586098357,0,37.2836746533301,0
"2018-05-09 23:52:01",18.5665955277854,0,50.9654166867256,0
"2018-05-09 23:53:01",19.6059242023573,0,51.2582947320062,0
"2018-05-09 23:54:01",18.0660407206548,0,60.8250116500236,0
"2018-05-09 23:55:01",27.4084815819516,0,76.4139634888342,0
"2018-05-09 23:56:01",22.6308017935458,0,41.213298812959,0
"2018-05-09 23:57:01",31.3609711620868,0,58.8301478690238,0
"2018-05-09 23:58:01",31.6789162153283,0,72.458223723319,0
"2018-05-09 23:59:01",39.1584538632486,0,78.6343201743344,0
"2018-05-10 00:00:01",21.8359879264635,0,91.3482086001131,0
"2018-05-10 00:00:21",22.641953939189,0,100.012216805087,0
"2018-05-10 00:01:02",31.5510659835717,0,101.695464809967,0
"2018-05-10 00:02:02",17.8133316207655,0,52.4305251458975,0
"2018-05-10 00:03:02",25.2215866871807,0,61.6371064548011,0
"2018-05-10 00:04:02",17.2215872448084,0,61.1408288766758,0
"2018-05-10 00:05:02",22.2830796702174,0,57.2158620263887,0
"2018-05-10 00:06:02",15.3074714327095,0,41.2796261764127,0
"2018-05-10 00:07:02",17.3124719241039,0,66.8426144440823,0
"2018-05-10 00:08:02",19.1273540009667,0,56.12823953662,0
"2018-05-10 00:09:02",15.6460323211056,0,76.8498017704952,0
"2018-05-10 00:10:02",17.0669472088031,0,70.1420881823991,0
"2018-05-10 00:11:02",9.9583043614372,0,45.3368324275957,0
"2018-05-10 00:12:02",16.2606417565733,0,85.3596725274359,0
"2018-05-10 00:13:02",8.68092714920928,0,67.4257486983933,0
"2018-05-10 00:14:02",16.7009930302272,0,85.384762869069,0
"2018-05-10 00:15:02",15.654276842769,0,76.32745769858,0
"2018-05-10 00:16:02",16.9307934661066,0,72.8688900947861,0
"2018-05-10 00:17:02",19.7088343476211,0,135.341432967239,0
"2018-05-10 00:18:02",13.9215668554542,0,108.661062388861,0
"2018-05-10 00:19:02",14.0998086988541,0,128.639217921415,0
"2018-05-10 00:20:02",14.339928347803,0,64.4376742113956,0
"2018-05-10 00:21:02",23.203144075501,0,94.4074264702682,0
"2018-05-10 00:22:02",15.0051476096406,0,38.2118452608814,0
"2018-05-10 00:23:02",20.6691891676279,0,34.7147995044472,0
"2018-05-10 00:24:02",19.8364187389009,0,79.4421599569364,0
"2018-05-10 00:25:02",30.3056177345519,0,77.1850549023461,0
"2018-05-10 00:26:02",22.8516567626126,0,72.3511992781831,0
"2018-05-10 00:27:02",26.7713378986932,0,106.339092455251,0
"2018-05-10 00:28:03",24.2815097755103,0,59.8956953547436,0
"2018-05-10 00:29:03",26.329627766415,0,62.7478999584196,0
"2018-05-10 00:30:03",25.0420998972593,0,61.7262498440999,0
"2018-05-10 00:31:03",27.3802034036455,0,67.378371618743,0
"2018-05-10 00:32:03",38.0160094524295,0,76.0647778273688,0
"2018-05-10 00:33:03",29.6658734412286,0,69.0683748110406,0
"2018-05-10 00:34:03",30.1119724713552,0,71.6397344411413,0
"2018-05-10 00:35:03",26.7738588110513,0,85.1365823795511,0
"2018-05-10 00:36:03",30.9777026370245,0,77.2197570155774,0
"2018-05-10 00:37:03",37.2608992655744,0,53.6871156427967,0
"2018-05-10 00:38:03",47.0089399163762,1,86.4579976493037,0
"2018-05-10 00:39:03",29.3483422926924,0,79.7418210479658,0
"2018-05-10 00:40:03",38.7586956434977,0,84.8392442929628,0
"2018-05-10 00:41:03",27.172253964636,0,49.9898474905839,0
"2018-05-10 00:42:03",34.0512794237533,0,81.0146507318288,0
"2018-05-10 00:43:03",40.4790555932929,0,72.557616729806,0
"2018-05-10 00:44:03",25.3379626809878,0,56.2460606539972,0
"2018-05-10 00:45:03",25.5344574478516,0,44.4691461500723,0
"2018-05-10 00:46:03",25.1396117238783,0,55.3239874327236,0
"2018-05-10 00:47:03",25.9393527411768,0,70.4227161599005,0
"2018-05-10 00:48:03",26.3927663624829,0,68.9846062829417,0
"2018-05-10 00:49:03",30.7378100804945,0,79.0902002447575,0
"2018-05-10 00:50:03",19.9581885191542,0,54.9198902704685,0
"2018-05-10 00:51:03",29.7429024987621,0,84.1339843326381,0
"2018-05-10 00:52:03",19.2588028186149,0,64.8700084282143,0
"2018-05-10 00:53:03",23.5979210233462,0,99.9636424330873,0
"2018-05-10 00:54:03",18.4940669201495,0,95.0930410103114,0
"2018-05-10 00:55:04",20.6917994142899,0,198.440370037964,0
"2018-05-10 00:56:04",19.1613160089884,0,73.8642315221402,0
"2018-05-10 00:57:04",11.8225681130047,0,105.117366285869,0
"2018-05-10 00:58:04",16.8752545060321,0,59.117976809193,0
"2018-05-10 00:59:04",17.76121225996,0,57.6912077616023,0
"2018-05-10 01:00:04",15.553068354666,0,62.9771293957543,0
"2018-05-10 01:01:04",19.9790177592822,0,82.3332546153054,0
"2018-05-10 01:02:04",21.7617125146008,0,62.0874171788705,0
"2018-05-10 01:03:04",15.696887547508,0,57.5670426370921,0
"2018-05-10 01:04:04",18.2494761380247,0,52.0216945580374,0
"2018-05-10 01:05:04",16.2047018978632,0,75.3190588555622,0
"2018-05-10 01:06:04",28.409957545594,0,209.054509783146,1
"2018-05-10 01:07:04",14.0485249561401,0,55.2218768459189,0
"2018-05-10 01:08:04",17.3815401566841,0,45.9596681036176,0
"2018-05-10 01:09:04",10.9105192477687,0,35.4722544664695,0
"2018-05-10 01:10:04",14.2526067265414,0,60.3799758211211,0
"2018-05-10 01:11:04",10.4259546921582,0,47.1870931938699,0
"2018-05-10 01:12:04",18.1471311879777,0,88.2542688157331,0
"2018-05-10 01:13:04",11.2692605674897,0,49.004311335529,0
"2018-05-10 01:14:04",9.99184802979871,0,59.0411358395188,0
"2018-05-10 01:15:04",15.646399873203,0,62.8300936051103,0
"2018-05-10 01:16:04",16.0139530245019,0,51.8985669071358,0
"2018-05-10 01:17:04",30.727922838378,0,68.858489896916,0
"2018-05-10 01:18:04",13.6956661461708,0,74.2423182658091,0
"2018-05-10 01:19:05",27.0847097460757,0,71.115132629348,0
"2018-05-10 01:20:05",11.6334655928151,0,49.4184082655644,0
"2018-05-10 01:21:05",18.6945013904403,0,61.1775510002704,0
"2018-05-10 01:22:05",11.2866409198048,0,47.5944895633153,0
"2018-05-10 01:23:05",15.9561662508484,0,55.0414128296192,0
"2018-05-10 01:24:05",11.1928185165304,0,41.7181142739082,0
"2018-05-10 01:25:05",12.4473441724895,0,53.3697718857872,0
"2018-05-10 01:26:05",12.5579199432424,0,44.8084229020554,0
"2018-05-10 01:27:05",15.5471164972243,0,68.9832122470819,0
"2018-05-10 01:28:05",18.3528395139668,0,77.850599355762,0
"2018-05-10 01:29:05",14.4999613051962,0,65.838685544946,0
"2018-05-10 01:30:05",19.0659802290894,0,94.6831727964919,0
"2018-05-10 01:31:05",14.0017415484121,0,66.6227788493831,0
"2018-05-10 01:32:05",17.1162926616365,0,191.879725729906,0
"2018-05-10 01:33:05",12.9263254734279,0,66.2183713669418,0
"2018-05-10 01:34:05",25.8415948515709,0,101.843946737195,0
"2018-05-10 01:35:05",19.9128710322824,0,62.6116292872593,0
"2018-05-10 01:36:05",18.4774692819462,0,54.4921873601518,0
"2018-05-10 01:37:05",13.2462319595827,0,43.2589186049854,0
"2018-05-10 01:38:05",13.3971958171184,0,54.0566226835232,0
"2018-05-10 01:39:05",14.8520309411898,0,70.0108184832604,0
"2018-05-10 01:40:05",12.6072417572069,0,70.0559488933738,0
"2018-05-10 01:41:05",20.2039118622074,0,107.828976115833,0
"2018-05-10 01:42:05",13.2363374833309,0,60.4536833673205,0
"2018-05-10 01:43:05",18.0833890210053,0,71.2192291940454,0
"2018-05-10 01:44:05",10.201730867703,0,70.1617052830765,0
"2018-05-10 01:45:06",21.0338682538386,0,85.1492618076045,0
"2018-05-10 01:46:06",12.6126134643946,0,50.601142929525,0
"2018-05-10 01:47:06",11.2733734343481,0,49.7126198266983,0
"2018-05-10 01:48:06",10.2884513954185,0,49.5639400724823,0
"2018-05-10 01:49:06",14.5411405870381,0,63.1802962055605,0
"2018-05-10 01:50:06",13.1333401133834,0,70.2429463538892,0
"2018-05-10 01:51:06",15.9641499122103,0,67.5124108343694,0
"2018-05-10 01:52:06",14.4951223177967,0,69.7886347769524,0
"2018-05-10 01:53:06",12.6285474661772,0,68.6089476775173,0
"2018-05-10 01:54:06",15.8514683222101,0,57.0749721864398,0
"2018-05-10 01:55:06",12.3387135129629,0,67.840056334277,0
"2018-05-10 01:56:06",25.013623226807,0,98.7876511744534,0
"2018-05-10 01:57:06",17.9124747303781,0,69.7713577949915,0
"2018-05-10 01:58:06",25.52400989435,0,71.8830430823095,0
"2018-05-10 01:59:06",18.00158513407,0,51.805563249965,0
"2018-05-10 02:00:06",18.3680541104075,0,63.6257229295553,0
"2018-05-10 02:01:06",16.1186708046199,0,50.9438825799447,0
"2018-05-10 02:02:06",24.4820282160699,0,104.426344673672,0
"2018-05-10 02:03:06",18.9360171569698,0,69.9336394584552,0
"2018-05-10 02:04:06",16.7499626024469,0,82.112496312841,0
"2018-05-10 02:05:06",14.6825108874153,0,66.4652637854451,0
"2018-05-10 02:06:06",17.48594002815,0,71.4323214301079,0
"2018-05-10 02:07:06",25.930749287019,0,82.5171381758175,0
"2018-05-10 02:08:07",14.8998697482768,0,77.2861007143961,0
"2018-05-10 02:09:07",17.2587848220462,0,67.4916461657912,0
"2018-05-10 02:10:07",9.77735378276876,0,78.2537429674034,0
"2018-05-10 02:11:07",16.351925948607,0,83.8090819477231,0
"2018-05-10 02:12:07",10.893114065063,0,70.8302716834907,0
"2018-05-10 02:13:07",16.9086696999972,0,96.6581764115239,0
"2018-05-10 02:14:07",15.8204587648975,0,64.5164813327898,0
"2018-05-10 02:15:07",15.2445673391245,0,74.5124539178328,0
"2018-05-10 02:16:07",11.3155081408484,0,69.1858661429742,0
"2018-05-10 02:17:07",10.4900036527624,0,75.1879897882433,0
"2018-05-10 02:18:07",11.3778735604414,0,73.5896041306759,0
"2018-05-10 02:19:07",12.6600235019913,0,94.303289980569,0
"2018-05-10 02:20:07",15.8314509739154,0,84.2519267632137,0
"2018-05-10 02:21:07",12.9364302724177,0,64.2801138878124,0
"2018-05-10 02:22:07",17.851419203047,0,56.6919640187772,0
"2018-05-10 02:23:07",16.0149932759131,0,65.6071798165576,0
"2018-05-10 02:24:07",21.8611377186199,0,98.4726130554135,0
"2018-05-10 02:25:07",20.5672994948283,0,80.7083084056574,0
"2018-05-10 02:26:07",28.7188193012292,0,68.2282525560594,0
"2018-05-10 02:27:07",24.3156081138485,0,97.2565843146666,0
"2018-05-10 02:28:07",24.9217617202868,0,51.8155823937937,0
"2018-05-10 02:29:07",25.7521819836586,0,39.4819946757996,0
"2018-05-10 02:30:07",27.7877071236326,0,62.6583338423111,0
"2018-05-10 02:31:07",35.096844359133,0,112.052829418424,0
"2018-05-10 02:32:07",28.2170585180024,0,63.3327185309684,0
"2018-05-10 02:33:08",29.2063085715564,0,77.3901022153079,0
"2018-05-10 02:34:08",23.8741453105217,0,71.4421297990187,0
"2018-05-10 02:35:08",27.9994565511574,0,118.063779325154,0
"2018-05-10 02:36:08",34.2454570767994,0,79.2570355690239,0
"2018-05-10 02:37:08",36.3158180012533,0,94.9690980049622,0
"2018-05-10 02:38:08",25.7687408918188,0,62.7455713486425,0
"2018-05-10 02:39:08",27.1416421850444,0,59.5134295279533,0
"2018-05-10 02:40:08",27.9291438782993,0,74.4248633894012,0
"2018-05-10 02:41:08",32.9972680904975,0,106.26446710706,0
"2018-05-10 02:42:08",25.546450282624,0,68.024280702872,0
"2018-05-10 02:43:08",22.4069732173913,0,70.3410380787188,0
"2018-05-10 02:44:08",24.6749123934429,0,62.6654517652889,0
"2018-05-10 02:45:08",22.0619732870627,0,82.4571594609485,0
"2018-05-10 02:46:08",29.0328118400213,0,80.7378826017548,0
"2018-05-10 02:47:08",21.9664293781387,0,74.8140936089357,0
"2018-05-10 02:48:08",27.8626261636652,0,73.3990650240885,0
"2018-05-10 02:49:08",19.5497227302948,0,76.7679597203035,0
"2018-05-10 02:50:08",24.1507652630566,0,76.7320264664276,0
"2018-05-10 02:51:08",21.4738745084257,0,76.5544828278408,0
"2018-05-10 02:52:08",24.7497922648849,0,80.7054973175825,0
"2018-05-10 02:53:08",19.5137482662126,0,78.2368639193846,0
"2018-05-10 02:54:08",19.2879559834663,0,80.7448725479835,0
"2018-05-10 02:55:08",18.8928526118078,0,92.9156087864328,0
"2018-05-10 02:56:08",20.8424314020859,0,170.158315364196,0
"2018-05-10 02:57:08",26.6968664624623,0,79.2120995496514,0
"2018-05-10 02:58:08",18.5799260423627,0,57.5248146603743,0
"2018-05-10 02:59:08",20.3637542766513,0,68.6631685330923,0
"2018-05-10 03:00:08",12.8853237620873,0,65.8592901006416,0
"2018-05-10 03:01:08",23.5230835256457,0,103.172334673111,0
"2018-05-10 03:02:09",10.3469025315062,0,83.2293505634154,0
"2018-05-10 03:03:09",26.2654125841361,0,113.204077241425,0
"2018-05-10 03:04:09",15.3022856807348,0,68.5903212076027,0
"2018-05-10 03:05:09",15.1028783601542,0,66.8222710084831,0
"2018-05-10 03:06:09",14.1685049220764,0,60.2994743686189,0
"2018-05-10 03:07:09",18.9556339532514,0,63.873611477512,0
"2018-05-10 03:08:09",15.452895884786,0,57.8564994328634,0
"2018-05-10 03:09:09",16.8616020994226,0,43.8308170887724,0
"2018-05-10 03:10:09",10.7975546502287,0,62.5003375868471,0
"2018-05-10 03:11:09",15.4151230722897,0,54.3866785185751,0
"2018-05-10 03:12:09",17.6936876663903,0,46.7308193188416,0
"2018-05-10 03:13:09",16.919693228721,0,62.3715453915209,0
"2018-05-10 03:14:09",23.4664383817773,0,69.56666512648,0
"2018-05-10 03:15:09",14.8169636027442,0,65.9050288441734,0
"2018-05-10 03:16:09",27.2119787941409,0,65.2817095111324,0
"2018-05-10 03:17:09",18.9034380044327,0,59.9283987675764,0
"2018-05-10 03:18:09",21.9800771352491,0,65.7836870635934,0
"2018-05-10 03:19:09",14.6664042588666,0,73.3001116578863,0
"2018-05-10 03:20:09",20.9560600966838,0,72.131346001631,0
"2018-05-10 03:21:09",26.3282124131151,0,89.7173598387252,0
"2018-05-10 03:22:09",21.1814910031053,0,44.7627777310283,0
"2018-05-10 03:23:09",14.530492224676,0,47.4452193220818,0
"2018-05-10 03:24:09",19.8721438157192,0,58.3965125590057,0
"2018-05-10 03:25:09",17.7418262281733,0,63.9149780372958,0
"2018-05-10 03:26:09",14.3690855195637,0,59.8138965917024,0
"2018-05-10 03:27:09",23.8201338164649,0,60.5523437786102,0
"2018-05-10 03:28:10",15.9563654172361,0,53.6013243992755,0
"2018-05-10 03:29:10",28.9130571134178,0,59.4928980455173,0
"2018-05-10 03:30:10",14.6880180537896,0,62.5427480549521,0
"2018-05-10 03:31:10",22.9760433497014,0,45.3813150862162,0
"2018-05-10 03:32:10",16.1777883016769,0,38.0443801324571,0
"2018-05-10 03:33:10",20.0032327738721,0,53.0254290805364,0
"2018-05-10 03:34:10",18.813249772627,0,64.7387081087309,0
"2018-05-10 03:35:10",27.6648183953995,0,72.4930375160206,0
"2018-05-10 03:36:10",22.8071750423982,0,65.5077965425157,0
"2018-05-10 03:37:10",20.6927682054546,0,44.7410839517468,0
"2018-05-10 03:38:10",24.2203011333742,0,88.8535292323593,0
"2018-05-10 03:39:10",18.7718695436052,0,55.4238883850231,0
"2018-05-10 03:40:10",33.1564438078376,0,103.457917612219,0
"2018-05-10 03:41:10",16.177350343415,0,67.7816818887341,0
"2018-05-10 03:42:10",27.6040169008308,0,57.9148184740626,0
"2018-05-10 03:43:10",15.4429831497243,0,45.2557012714672,0
"2018-05-10 03:44:10",18.7424875933887,0,55.7186034098826,0
"2018-05-10 03:45:10",15.2376206620863,0,51.2319394517511,0
"2018-05-10 03:46:10",22.7662964172555,0,74.225180651513,0
"2018-05-10 03:47:10",17.06654226452,0,47.3713053673525,0
"2018-05-10 03:48:10",20.474950138066,0,59.2516634011438,0
"2018-05-10 03:49:10",17.7020939046765,0,49.668123215111,0
"2018-05-10 03:50:10",19.7601129207499,0,57.8929485752059,0
"2018-05-10 03:51:10",21.1316540371155,0,59.97418986162,0
"2018-05-10 03:52:10",16.7470752703067,0,70.813590879336,0
"2018-05-10 03:53:10",21.749927667237,0,69.6490030624008,0
"2018-05-10 03:54:10",13.1309007179743,0,67.2061335253401,0
"2018-05-10 03:55:10",22.4446012498784,0,65.4425411376817,0
"2018-05-10 03:56:10",33.1279354167919,0,186.001536179658,0
"2018-05-10 03:57:10",35.2444520834424,0,67.3319847615211,0
"2018-05-10 03:58:11",25.6771287450787,0,49.841379945628,0
"2018-05-10 03:59:11",24.3799113787509,0,65.0627899882972,0
"2018-05-10 04:00:11",24.1707860476619,0,52.1642965813577,0
"2018-05-10 04:01:11",23.2678016880572,0,62.844573321888,0
"2018-05-10 04:02:11",33.8535287620419,0,52.3323602062427,0
"2018-05-10 04:03:11",25.581347260885,0,77.9763223142145,0
"2018-05-10 04:04:11",22.7043945130832,0,70.3142684090006,0
"2018-05-10 04:05:11",17.9096865947643,0,63.2151248105268,0
"2018-05-10 04:06:11",24.1555062398241,0,61.6029187827497,0
"2018-05-10 04:07:11",19.2521507863047,0,60.1018774826016,0
"2018-05-10 04:08:11",26.1079915892044,0,73.5434897572035,0
"2018-05-10 04:09:11",15.6106207844473,0,81.9962681830378,0
"2018-05-10 04:10:11",18.7313459368306,0,97.307266896,0
"2018-05-10 04:11:11",15.0996274743033,0,87.6750009294072,0
"2018-05-10 04:12:11",14.7562339895767,0,88.042947325947,0
"2018-05-10 04:13:11",16.9529392909347,0,69.9432827145618,0
"2018-05-10 04:14:11",26.7725890589368,0,86.2920305713408,0
"2018-05-10 04:15:11",17.0844640581145,0,67.0649021951723,0
"2018-05-10 04:16:11",16.9106893097962,0,85.1018617421622,0
"2018-05-10 04:17:11",15.4236566371444,0,74.0081306864459,0
"2018-05-10 04:18:11",14.2776221136006,0,76.3807873112988,0
"2018-05-10 04:19:11",19.4427126565176,0,65.3930852226965,0
"2018-05-10 04:20:11",14.762457813669,0,68.2829609326321,0
"2018-05-10 04:21:11",24.6587307740887,0,69.9538033384527,0
"2018-05-10 04:22:11",16.8944815651738,0,86.6060919858148,0
"2018-05-10 04:23:11",20.55947541154,0,71.3871071488229,0
"2018-05-10 04:24:12",24.1695138480654,0,85.9790638353496,0
"2018-05-10 04:25:12",35.3481592726707,0,102.113005277379,0
"2018-05-10 04:26:12",27.2878226944371,0,61.4843217512132,0
"2018-05-10 04:27:12",25.8150887370103,0,67.404481228117,0
"2018-05-10 04:28:12",27.9286048653781,0,62.5793433631497,0
"2018-05-10 04:29:12",27.9215504629556,0,73.5897867046853,0
"2018-05-10 04:30:12",31.5274885926943,0,59.1083246421675,0
"2018-05-10 04:31:12",13.9934280911004,0,60.0678993604375,0
"2018-05-10 04:32:12",15.7896755890856,0,70.5081773962383,0
"2018-05-10 04:33:12",8.05390694151446,0,59.5643397980922,0
"2018-05-10 04:34:12",14.9897141227163,0,74.911175975929,0
"2018-05-10 04:35:12",8.57057008972029,0,145.409192784893,0
"2018-05-10 04:36:12",17.7137787582045,0,73.3642489645631,0
"2018-05-10 04:37:12",8.5842276976686,0,81.3999305502979,0
"2018-05-10 04:38:12",12.1844325332761,0,95.684199383174,0
"2018-05-10 04:39:12",7.68505160755033,0,43.3128365917906,0
"2018-05-10 04:40:12",11.916850085101,0,76.818412615582,0
"2018-05-10 04:41:12",10.4431064567313,0,66.2588113715314,0
"2018-05-10 04:42:12",9.33975181046169,0,75.0852815734059,0
"2018-05-10 04:43:12",8.70761501202837,0,61.2257078778241,0
"2018-05-10 04:44:12",8.34435956583443,0,71.795786647748,0
"2018-05-10 04:45:12",11.5807966910804,0,83.3992506911504,0
"2018-05-10 04:46:12",10.2465834103068,0,81.056232399257,0
"2018-05-10 04:47:12",13.5029983392663,0,70.6770831150532,0
"2018-05-10 04:48:12",7.25935385616683,0,136.497150104438,0
"2018-05-10 04:49:13",7.94533097872978,0,39.3255818396459,0
"2018-05-10 04:50:13",8.55903874625061,0,58.3936459747433,0
"2018-05-10 04:51:13",10.7059084517802,0,85.6857651866656,0
"2018-05-10 04:52:13",9.04359136437703,0,84.4260262946387,0
"2018-05-10 04:53:13",11.9052274831405,0,68.2971643838498,0
"2018-05-10 04:54:13",7.77881064072144,0,60.1511176785172,0
"2018-05-10 04:55:13",8.90094602479338,0,73.2190875526165,0
"2018-05-10 04:56:13",9.73453772670259,0,74.3444678960067,0
"2018-05-10 04:57:13",8.38353630357611,0,67.5927975767295,0
"2018-05-10 04:58:13",12.2257410279,0,65.3840747571934,0
"2018-05-10 04:59:13",5.3607520915872,0,50.2631150251025,0
"2018-05-10 05:00:13",9.8294380151421,0,44.1006118716127,0
"2018-05-10 05:01:13",6.81864455278283,0,51.4233273247398,0
"2018-05-10 05:02:13",11.7768711069102,0,53.0694523761266,0
"2018-05-10 05:03:13",8.04573963903843,0,43.788102119351,0
"2018-05-10 05:04:13",7.7978410205475,0,42.0078750592566,0
"2018-05-10 05:05:13",8.32309334422255,0,50.7095372670672,0
"2018-05-10 05:06:13",7.80289860091196,0,50.524845434392,0
"2018-05-10 05:07:13",11.5639886604663,0,56.7017294224605,0
"2018-05-10 05:08:13",13.0308803868515,0,62.7966457522047,0
"2018-05-10 05:09:13",14.9167077212538,0,63.4732331745098,0
"2018-05-10 05:10:13",12.088666673251,0,49.5615184851281,0
"2018-05-10 05:11:13",9.30395661781967,0,60.8894848424284,0
"2018-05-10 05:12:13",7.51397775097031,0,51.7665556618566,0
"2018-05-10 05:13:13",20.2996220558158,0,42.9174712911587,0
"2018-05-10 05:14:13",8.59346031081212,0,117.558318945282,0
"2018-05-10 05:15:13",14.8128116390677,0,36.4623557408913,0
"2018-05-10 05:16:14",7.46228272663514,0,36.9144993297821,0
"2018-05-10 05:17:14",14.454893680996,0,42.2361973066971,0
"2018-05-10 05:18:14",11.7951310187775,0,39.1717083081352,0
"2018-05-10 05:19:14",14.7227617261911,0,59.2795941231103,0
"2018-05-10 05:20:14",9.68608935276402,0,26.2759969837828,0
"2018-05-10 05:21:14",12.4657854945035,0,45.5429162550815,0
"2018-05-10 05:22:14",13.0686077679692,0,38.7610660998099,0
"2018-05-10 05:23:14",14.0040623455697,0,57.1565417495379,0
"2018-05-10 05:24:14",21.1520836952705,0,55.0153799708082,0
"2018-05-10 05:25:14",14.7874877991341,0,49.1529558166986,0
"2018-05-10 05:26:14",20.6512816575937,0,50.9608228833716,0
"2018-05-10 05:27:14",11.1446491452105,0,42.8766320813551,0
"2018-05-10 05:28:14",14.6487606011784,0,49.0617525962414,0
"2018-05-10 05:29:14",13.3172765883744,0,52.8299178625607,0
"2018-05-10 05:30:14",18.3425892122747,0,62.5315270862673,0
"2018-05-10 05:31:14",15.237993444924,0,41.6214509789808,0
"2018-05-10 05:32:14",14.5824258933978,0,34.7063683081745,0
"2018-05-10 05:33:14",14.4758479656856,0,28.6452275753556,0
"2018-05-10 05:34:14",12.7763174780274,0,37.3240875533667,0
"2018-05-10 05:35:14",12.9976592386159,0,34.1344222226599,0
"2018-05-10 05:36:14",14.5328264418648,0,50.303810208461,0
"2018-05-10 05:37:14",18.7489285601856,0,43.2905002266931,0
"2018-05-10 05:38:14",11.116589709809,0,41.0294856545992,0
"2018-05-10 05:39:14",19.6261079168369,0,75.2432933274089,0
"2018-05-10 05:40:14",10.773746151642,0,75.7994238552471,0
"2018-05-10 05:41:14",14.6406867480274,0,53.5380985079337,0
"2018-05-10 05:42:14",18.8380568195933,0,47.730823860041,0
"2018-05-10 05:43:15",13.0040628841949,0,42.5437232769136,0
"2018-05-10 05:44:15",10.7829818190911,0,34.830450544094,0
"2018-05-10 05:45:15",13.8585143011182,0,55.4173787980932,0
"2018-05-10 05:46:15",17.6873288792364,0,50.5827125968526,0
"2018-05-10 05:47:15",17.873131086221,0,47.4866360508668,0
"2018-05-10 05:48:15",13.9020223127577,0,51.8804333010142,0
"2018-05-10 05:49:15",10.697089657365,0,41.129386476839,0
"2018-05-10 05:50:15",14.9046506361892,0,47.4795222867065,0
"2018-05-10 05:51:15",10.3495143580161,0,49.2353162799104,0
"2018-05-10 05:52:15",16.2312920680241,0,59.2973158601416,0
"2018-05-10 05:53:15",10.3805318212915,0,133.011627140884,0
"2018-05-10 05:54:15",14.1225784848817,0,40.3667895506442,0
"2018-05-10 05:55:15",9.7799904688097,0,41.1194320618452,0
"2018-05-10 05:56:15",15.262817587247,0,59.9338618330741,0
"2018-05-10 05:57:15",21.520839082127,0,166.859623436063,0
"2018-05-10 05:58:15",26.3908257197605,0,52.5838631675989,0
"2018-05-10 05:59:15",19.4468385040347,0,48.8133751185858,0
"2018-05-10 06:00:15",19.2342148875519,0,46.9016298085513,0
"2018-05-10 06:01:15",18.4323873819134,0,42.6598112346324,0
"2018-05-10 06:02:15",16.1366605930194,0,49.5924866180905,0
"2018-05-10 06:03:15",18.8287948238636,0,54.5633065277423,0
"2018-05-10 06:04:15",17.3694674679784,0,52.1319185731944,0
"2018-05-10 06:05:15",22.069343549993,0,64.2491291398992,0
"2018-05-10 06:06:16",14.0511906292391,0,49.0223286285927,0
"2018-05-10 06:07:16",17.0475166560131,0,63.9623581771804,0
"2018-05-10 06:08:16",16.0819078522659,0,58.063932397843,0
"2018-05-10 06:09:16",13.9863600611409,0,54.8948465970446,0
"2018-05-10 06:10:16",11.8324622038916,0,68.4717685233442,0
"2018-05-10 06:11:16",16.2161122042556,0,56.1223307113075,0
"2018-05-10 06:12:16",11.0560823154994,0,49.3216382805736,0
"2018-05-10 06:13:16",11.6435381234044,0,49.430419240959,0
"2018-05-10 06:14:16",12.4675970382208,0,53.4561272514578,0
"2018-05-10 06:15:16",10.6395441681653,0,59.5476919878129,0
"2018-05-10 06:16:16",10.590756634751,0,54.8847584456872,0
"2018-05-10 06:17:16",7.80922889836229,0,45.2278323700264,0
"2018-05-10 06:18:16",12.8207612897497,0,62.2018405689621,0
"2018-05-10 06:19:16",9.44211493296691,0,61.1848104613446,0
"2018-05-10 06:20:16",14.5185154153321,0,78.4423817536377,0
"2018-05-10 06:21:16",11.7482911234222,0,70.401289075195,0
"2018-05-10 06:22:16",12.4698687319911,0,38.688275710654,0
"2018-05-10 06:23:16",14.3221751289932,0,33.1058027213114,0
"2018-05-10 06:24:16",15.1100540882876,0,66.661290280519,0
"2018-05-10 06:25:16",18.3188738050668,0,57.7767988575005,0
"2018-05-10 06:26:16",17.4662376778402,0,55.303435338604,0
"2018-05-10 06:27:16",17.6133903934641,0,45.9616865373826,0
"2018-05-10 06:28:16",16.9757638706036,0,59.3837379169589,0
"2018-05-10 06:29:16",20.8802393825187,0,55.0622756301885,0
"2018-05-10 06:30:16",16.7765812942278,0,58.4506140365787,0
"2018-05-10 06:31:17",15.3169926235486,0,60.870163052666,0
"2018-05-10 06:32:17",6.81659504195206,0,50.9666135913945,0
"2018-05-10 06:33:17",8.2889927469834,0,43.3397204688509,0
"2018-05-10 06:34:17",8.74763911829049,0,53.8737762545517,0
"2018-05-10 06:35:17",9.61518593815119,0,63.0254905139248,0
"2018-05-10 06:36:17",9.07859806532734,0,59.8620706193394,0
"2018-05-10 06:37:17",9.9163505414161,0,51.4213001459601,0
"2018-05-10 06:38:17",7.7585929084415,0,33.5016848782102,0
"2018-05-10 06:39:17",7.09669679967054,0,56.9166707761884,0
"2018-05-10 06:40:17",7.84347673419039,0,38.1037275980857,0
"2018-05-10 06:41:17",7.07155248841483,0,63.1101161966092,0
"2018-05-10 06:42:17",9.25898191576684,0,66.2811396042146,0
"2018-05-10 06:43:17",6.5601440985366,0,57.8520628248662,0
"2018-05-10 06:44:17",7.67204689358097,0,50.6090914018013,0
"2018-05-10 06:45:17",5.92850930735949,0,56.0246267924467,0
"2018-05-10 06:46:17",9.42888499465693,0,51.4622374744015,0
"2018-05-10 06:47:17",7.0540099584806,0,65.8306271249224,0
"2018-05-10 06:48:17",10.4856509982617,0,56.1529391945988,0
"2018-05-10 06:49:17",7.19931760680264,0,48.0348617805277,0
"2018-05-10 06:50:17",6.54327966363985,0,53.3653222523626,0
"2018-05-10 06:51:17",5.78460659747748,0,43.5535302016742,0
"2018-05-10 06:52:18",5.43780189104478,0,53.4762711358978,0
"2018-05-10 06:53:18",8.03199368610042,0,58.8659658217419,0
"2018-05-10 06:54:18",5.53756339722295,0,54.3357018946485,0
"2018-05-10 06:55:18",9.95130547591342,0,67.2983771253923,0
"2018-05-10 06:56:18",7.17522252741528,0,54.4209384963347,0
"2018-05-10 06:57:18",12.672700055065,0,80.0658523454482,0
"2018-05-10 06:58:18",8.40456840602451,0,53.1019642251089,0
"2018-05-10 06:59:18",8.43540119465089,0,39.1930091836804,0
"2018-05-10 07:00:18",4.73400337723677,0,37.4922192823013,0
"2018-05-10 07:01:18",4.9344583882926,0,33.2238962086132,0
"2018-05-10 07:02:18",5.31651970527147,0,31.5953499628694,0
"2018-05-10 07:03:18",6.31141472962805,0,54.8202517406554,0
"2018-05-10 07:04:18",7.31536568285402,0,39.1438482624269,0
"2018-05-10 07:05:18",5.01273387103055,0,35.1561036531608,0
"2018-05-10 07:06:18",5.13365651048735,0,37.707840610994,0
"2018-05-10 07:07:18",6.164185216925,0,40.0447479877298,0
"2018-05-10 07:08:18",10.3146208061196,0,43.5732245775533,0
"2018-05-10 07:09:18",12.0613470323492,0,39.14191267213,0
"2018-05-10 07:10:18",11.6794608878191,0,48.1606858359087,0
"2018-05-10 07:11:18",11.2953517132491,0,49.6891178589115,0
"2018-05-10 07:12:18",12.9075297210507,0,58.9005777057644,0
"2018-05-10 07:13:18",7.42983448713008,0,44.1683296962533,0
"2018-05-10 07:14:18",7.32245471566709,0,64.9326865731907,0
"2018-05-10 07:15:19",15.7809913217731,0,41.4948219883337,0
"2018-05-10 07:16:19",7.18145008652371,0,37.6594402278955,0
"2018-05-10 07:17:19",6.44547278144582,0,30.0435105720698,0
"2018-05-10 07:18:19",9.18830886866464,0,29.5762315425346,0
"2018-05-10 07:19:19",13.9319671755996,0,54.6122279821547,0
"2018-05-10 07:20:19",11.175784355004,0,54.5740551623257,0
"2018-05-10 07:21:19",10.9572696600031,0,40.0508497580756,0
"2018-05-10 07:22:19",12.466646200049,0,40.5977636468248,0
"2018-05-10 07:23:19",15.1745591380851,0,41.1369168452255,0
"2018-05-10 07:24:19",8.76565506254398,0,41.0956686122394,0
"2018-05-10 07:25:19",14.9487732089481,0,43.5038959907443,0
"2018-05-10 07:26:19",11.6084012933029,0,61.6464262074476,0
"2018-05-10 07:27:19",12.7505271606047,0,31.9084042650413,0
"2018-05-10 07:28:19",11.204174642347,0,31.2129122135839,0
"2018-05-10 07:29:19",14.2687323665781,0,43.1092119299479,0
"2018-05-10 07:30:19",13.5509371031934,0,36.3546202943366,0
"2018-05-10 07:31:19",19.3818238207717,0,49.6472377502431,0
"2018-05-10 07:32:19",15.0278294778151,0,39.0738238276627,0
"2018-05-10 07:33:19",13.7645483275311,0,49.4786792548432,0
"2018-05-10 07:34:19",17.4945779769374,0,55.192281617573,0
"2018-05-10 07:35:19",14.4038556595143,0,38.8400077936761,0
"2018-05-10 07:36:19",22.849828564068,0,69.2953072874992,0
"2018-05-10 07:37:19",15.6898288504521,0,53.596474112615,0
"2018-05-10 07:38:19",19.5735444877336,0,54.71684233198,0
"2018-05-10 07:39:19",15.5428165307393,0,39.8811395133985,0
"2018-05-10 07:40:19",19.1227646501286,0,44.3436424605103,0
"2018-05-10 07:41:20",15.7166181722029,0,37.4184967541807,0
"2018-05-10 07:42:20",16.3626924480873,0,50.2446145125629,0
"2018-05-10 07:43:20",17.9205163752054,0,43.5166665585521,0
"2018-05-10 07:44:20",18.2953723549834,0,48.5020541374856,0
"2018-05-10 07:45:20",16.856992371624,0,42.5684194460491,0
"2018-05-10 07:46:20",15.0214949886953,0,53.5190891861774,0
"2018-05-10 07:47:20",18.7195541649647,0,50.4264933429173,0
"2018-05-10 07:48:20",15.2523181357077,0,46.5100613382187,0
"2018-05-10 07:49:20",22.3511306149254,0,42.8415768775245,0
"2018-05-10 07:50:20",14.510719292616,0,39.5780414890774,0
"2018-05-10 07:51:20",16.8412936707178,0,53.3234939510123,0
"2018-05-10 07:52:20",14.0602470551118,0,40.5863434594041,0
"2018-05-10 07:53:20",15.8626223347661,0,59.3265076555026,0
"2018-05-10 07:54:20",16.6939674890974,0,44.3787604247935,0
"2018-05-10 07:55:20",14.9917023592475,0,35.4200611832714,0
"2018-05-10 07:56:20",14.5777552070936,0,28.4898677255418,0
"2018-05-10 07:57:20",16.8212522577072,0,55.5561848377804,0
"2018-05-10 07:58:20",19.2834427815044,0,80.1794460138124,0
"2018-05-10 07:59:20",25.7189323026301,0,40.0715567953269,0
"2018-05-10 08:00:20",26.5102007825096,0,40.3028074736723,0
"2018-05-10 08:01:20",21.9903767680644,0,32.5748566459271,0
"2018-05-10 08:02:20",25.6217446062962,0,38.4955359381249,0
"2018-05-10 08:03:20",23.3394602546369,0,52.9898891952768,0
"2018-05-10 08:04:20",24.5942027509818,0,61.8126086438631,0
"2018-05-10 08:05:20",18.6473085220814,0,39.3211294044578,0
"2018-05-10 08:06:20",18.5206959409737,0,38.3778435302418,0
"2018-05-10 08:07:21",16.458793449456,0,34.011565341243,0
"2018-05-10 08:08:21",19.019144142609,0,42.7610396616873,0
"2018-05-10 08:09:21",16.1812741995861,0,51.2591309933002,0
"2018-05-10 08:10:21",16.9559521813462,0,59.3930617787989,0
"2018-05-10 08:11:21",13.9773397351475,0,67.1622046336729,0
"2018-05-10 08:12:21",11.1683764084673,0,52.365600343539,0
"2018-05-10 08:13:21",14.3885479389286,0,42.6097906563151,0
"2018-05-10 08:14:21",8.48525600392635,0,56.9486805925425,0
"2018-05-10 08:15:21",14.506606266466,0,65.9749877161295,0
"2018-05-10 08:16:21",10.9344361857856,0,49.1611113240136,0
"2018-05-10 08:17:21",13.585704805226,0,57.2557844794039,0
"2018-05-10 08:18:21",9.6634433052083,0,66.1879888845129,0
"2018-05-10 08:19:21",11.1972644269697,0,49.56815309286,0
"2018-05-10 08:20:21",13.3793176983249,0,69.7933680318836,0
"2018-05-10 08:21:21",15.3185571064316,0,68.9919393519459,0
"2018-05-10 08:22:21",15.7889558115764,0,63.4040452294598,0
"2018-05-10 08:23:21",16.6056518899845,0,62.9807273202634,0
"2018-05-10 08:24:21",8.41381973608793,0,65.5984792172985,0
"2018-05-10 08:25:21",8.51570042162338,0,57.3377268494471,0
"2018-05-10 08:26:21",11.7333875878127,0,47.336789638148,0
"2018-05-10 08:27:21",9.9157579998566,0,59.0564602452047,0
"2018-05-10 08:28:22",15.4234510363282,0,83.5656834024226,0
"2018-05-10 08:29:22",9.70150009525713,0,52.9510662297669,0
"2018-05-10 08:30:22",14.1089916330878,0,66.408830720385,0
"2018-05-10 08:31:22",13.4196864541753,0,60.961467482233,0
"2018-05-10 08:32:22",13.8364949769998,0,71.7674313974057,0
"2018-05-10 08:33:22",11.1692744562085,0,66.870184099574,0
"2018-05-10 08:34:22",13.5390139401293,0,59.6583914329635,0
"2018-05-10 08:35:22",14.8062895913197,0,95.2564318427848,0
"2018-05-10 08:36:22",13.5205120542876,0,67.5929466660863,0
"2018-05-10 08:37:22",23.7698006436256,0,67.9465901506794,0
"2018-05-10 08:38:22",13.3898677752195,0,58.2650231306608,0
"2018-05-10 08:39:22",15.8617150803351,0,59.0718398581942,0
"2018-05-10 08:40:22",13.8330413468934,0,55.6879163631135,0
"2018-05-10 08:41:22",17.3043518672231,0,57.7137350666405,0
"2018-05-10 08:42:22",14.4032540562818,0,68.967017838819,0
"2018-05-10 08:43:22",19.1861949333538,0,177.098422100685,0
"2018-05-10 08:44:22",12.6025391394716,0,45.9119006122558,0
"2018-05-10 08:45:22",15.204081205756,0,64.315084749357,0
"2018-05-10 08:46:22",12.6152744838302,0,70.9805916070475,0
"2018-05-10 08:47:22",13.3487065802891,0,57.7096745702487,0
"2018-05-10 08:48:22",18.0828112699113,0,60.115840028592,0
"2018-05-10 08:49:22",14.8375213281169,0,56.7906817603947,0
"2018-05-10 08:50:22",14.4628867861223,0,85.0344672559042,0
"2018-05-10 08:51:22",11.1122221947424,0,56.6934788947946,0
"2018-05-10 08:52:22",12.5482980893647,0,53.234456235019,0
"2018-05-10 08:53:22",10.2254132738926,0,51.1434186817468,0
"2018-05-10 08:54:22",18.6368367931145,0,107.223258919016,0
"2018-05-10 08:55:23",10.1127574508167,0,68.2125951201358,0
"2018-05-10 08:56:23",10.6458918395917,0,84.3071590954584,0
"2018-05-10 08:57:23",13.6999460928939,0,73.2531693219918,0
"2018-05-10 08:58:23",20.5728073646855,0,182.466132085451,0
"2018-05-10 08:59:23",12.5907526418954,0,56.887561208715,0
"2018-05-10 09:00:23",11.0013683647629,0,43.9739924644224,0
"2018-05-10 09:01:23",9.6733242554416,0,40.8403800703611,0
"2018-05-10 09:02:23",10.3954221359632,0,62.6757029212268,0
"2018-05-10 09:03:23",10.2659461775403,0,60.5266697998709,0
"2018-05-10 09:04:23",13.6898174313601,0,58.5957698807453,0
"2018-05-10 09:05:23",11.8848481942484,0,56.186151768279,0
"2018-05-10 09:06:23",9.82212357075576,0,46.9319142933536,0
"2018-05-10 09:07:23",14.5275212967509,0,51.882154096116,0
"2018-05-10 09:08:23",10.068705278681,0,72.3721657722134,0
"2018-05-10 09:09:23",13.8588115840523,0,230.747667353596,1
"2018-05-10 09:10:23",10.0954203341305,0,60.1890099319734,0
"2018-05-10 09:11:23",16.9955114883547,0,52.5456229648374,0
"2018-05-10 09:12:23",16.5427235171567,0,50.8049849786023,0
"2018-05-10 09:13:23",11.4077735026766,0,46.9622015308398,0
"2018-05-10 09:14:23",11.2883431132397,0,47.4761487029459,0
"2018-05-10 09:15:23",13.455809337363,0,62.8573206535521,0
"2018-05-10 09:16:23",12.121195680455,0,68.4255973978518,0
"2018-05-10 09:17:23",10.4480721119614,0,53.2550720116948,0
"2018-05-10 09:18:23",15.2566599743926,0,44.2842516818225,0
"2018-05-10 09:19:23",13.2925410679578,0,47.6400494677711,0
"2018-05-10 09:20:24",19.0602742891299,0,59.3098105853898,0
"2018-05-10 09:21:24",9.63859479935001,0,73.4111658348418,0
"2018-05-10 09:22:24",17.2290124910856,0,146.78856619693,0
"2018-05-10 09:23:24",12.3492281359469,0,52.1427832153165,0
"2018-05-10 09:24:24",12.5577254686087,0,55.3491011056605,0
"2018-05-10 09:25:24",12.0323401911592,0,48.1338085138074,0
"2018-05-10 09:26:24",15.1059614644817,0,60.6468564386298,0
"2018-05-10 09:27:24",20.3416427671367,0,35.6882629581364,0
"2018-05-10 09:28:24",17.8083056963359,0,78.7089441993402,0
"2018-05-10 09:29:24",21.7253929517819,0,49.8671403421865,0
"2018-05-10 09:30:24",18.2761484586323,0,41.2637692473601,0
"2018-05-10 09:31:24",22.5799151454525,0,46.1212875641954,0
"2018-05-10 09:32:24",19.0785610973752,0,67.7857202829296,0
"2018-05-10 09:33:24",25.6273102058829,0,48.9799379222063,0
"2018-05-10 09:34:24",18.7135070009746,0,60.4748374119562,0
"2018-05-10 09:35:24",23.7483414292665,0,107.919812494298,0
"2018-05-10 09:36:24",16.9081281680808,0,52.6086284442487,0
"2018-05-10 09:37:24",17.4100815230825,0,40.5143980554381,0
"2018-05-10 09:38:24",17.2783624478732,0,33.5225711315641,0
"2018-05-10 09:39:24",20.6792486331638,0,69.6987672428275,0
"2018-05-10 09:40:24",18.0591030291226,0,42.7735402816562,0
"2018-05-10 09:41:24",18.3019759948049,0,58.7296074100687,0
"2018-05-10 09:42:24",18.5671707139289,0,59.0037958744882,0
"2018-05-10 09:43:24",17.7297882442486,0,67.7710588977028,0
"2018-05-10 09:44:25",22.6985582656161,0,88.5752007575433,0
"2018-05-10 09:45:25",21.5709349127576,0,56.1858183799664,0
"2018-05-10 09:46:25",24.0708096497236,0,74.4439123379456,0
"2018-05-10 09:47:25",17.5976818377553,0,57.4146449269534,0
"2018-05-10 09:48:25",17.6718798105166,0,63.3899751274869,0
"2018-05-10 09:49:25",16.7329511606677,0,53.2585450823291,0
"2018-05-10 09:50:25",20.0070160571494,0,60.6469893857965,0
"2018-05-10 09:51:25",17.4481242539527,0,63.7661213780002,0
"2018-05-10 09:52:25",16.6640158978811,0,41.2157862222484,0
"2018-05-10 09:53:25",15.6771699683212,0,42.6302586380658,0
"2018-05-10 09:54:25",15.6158473028714,0,53.731750602806,0
"2018-05-10 09:55:25",16.1868858772076,0,54.1040915636238,0
"2018-05-10 09:56:25",20.3999717914374,0,69.5940018825728,0
"2018-05-10 09:57:25",16.8612643929268,0,56.1501515671496,0
"2018-05-10 09:58:25",15.9334502455049,0,69.8510254209873,0
"2018-05-10 09:59:25",33.3576032971943,0,92.0734874492862,0
"2018-05-10 10:00:25",28.2742199118222,0,40.5146438204696,0
"2018-05-10 10:01:25",26.7675580268999,0,60.6234212382511,0
"2018-05-10 10:02:25",25.4187717700058,0,63.7491752744099,0
"2018-05-10 10:03:25",25.007310978431,0,83.7191876828585,0
"2018-05-10 10:04:25",24.2996636493045,0,59.8944142669166,0
"2018-05-10 10:05:25",23.3965164733957,0,51.8179704348918,0
"2018-05-10 10:06:25",21.1306584773035,0,34.4184870760598,0
"2018-05-10 10:07:25",20.0120020918941,0,63.2934935956214,0
"2018-05-10 10:08:25",21.2970029109312,0,82.1455702446874,0
"2018-05-10 10:09:25",20.6925343233145,0,75.8402842326574,0
"2018-05-10 10:10:26",19.8258483771723,0,70.7362411781251,0
"2018-05-10 10:11:26",18.4925009012786,0,76.1765186269602,0
"2018-05-10 10:12:26",20.9929381931287,0,93.8118754338293,0
"2018-05-10 10:13:26",16.0442891734634,0,49.2464198615364,0
"2018-05-10 10:14:26",15.011075418069,0,78.2020598859147,0
"2018-05-10 10:15:26",12.8492859776072,0,83.5476444064285,0
"2018-05-10 10:16:26",25.8909369553587,0,61.5493923632729,0
"2018-05-10 10:17:26",18.0453597678336,0,55.3024819845928,0
"2018-05-10 10:18:26",17.1790528777695,0,53.1404815793791,0
"2018-05-10 10:19:26",12.3600871518163,0,62.4608247632937,0
"2018-05-10 10:20:26",12.6482631618184,0,80.330369775726,0
"2018-05-10 10:21:26",19.7387319702561,0,69.6337239513115,0
"2018-05-10 10:22:26",15.2325478360384,0,67.4076719339053,0
"2018-05-10 10:23:26",22.4786408944391,0,56.4884697690072,0
"2018-05-10 10:24:26",16.8643126101927,0,68.9586044716492,0
"2018-05-10 10:25:26",20.584488693038,0,72.7780697698057,0
"2018-05-10 10:26:26",20.0494616707934,0,81.9100314873764,0
"2018-05-10 10:27:26",23.6618803285104,0,113.014753341354,0
"2018-05-10 10:28:26",19.8548752922122,0,70.5324742443589,0
"2018-05-10 10:29:26",22.4016943802113,0,89.9724031120283,0
"2018-05-10 10:30:26",27.7294910749748,0,65.3287136074851,0
"2018-05-10 10:31:27",11.5196831888396,0,89.4971523844199,0
"2018-05-10 10:32:27",9.61102202993444,0,70.6089839969309,0
"2018-05-10 10:33:27",10.668909829247,0,58.9296345205493,0
"2018-05-10 10:34:27",10.5867130824667,0,43.4309150903994,0
"2018-05-10 10:35:27",10.068894287792,0,64.6873405824429,0
"2018-05-10 10:36:27",11.1351906676877,0,70.8517631868653,0
"2018-05-10 10:37:27",9.77931064456228,0,66.6544291792385,0
"2018-05-10 10:38:27",13.9256822616551,0,86.7472586519952,0
"2018-05-10 10:39:27",9.25600700779994,0,67.83439394883,0
"2018-05-10 10:40:27",11.6244671035145,0,64.5438037592022,0
"2018-05-10 10:41:27",10.0190479952128,0,75.0476763539811,0
"2018-05-10 10:42:27",10.8514844441721,0,77.752243767023,0
"2018-05-10 10:43:27",10.54953919261,0,96.0129080387159,0
"2018-05-10 10:44:27",12.4404272787072,0,86.2387688599004,0
"2018-05-10 10:45:27",9.92556658891296,0,62.1717307841467,0
"2018-05-10 10:46:27",7.46308129327882,0,66.8933958061117,0
"2018-05-10 10:47:27",6.89937959137374,0,69.3572811190083,0
"2018-05-10 10:48:27",6.105390734624,0,81.9360402483064,0
"2018-05-10 10:49:27",9.65974791637409,0,76.0517791740067,0
"2018-05-10 10:50:27",7.64386156475383,0,64.5816629406585,0
"2018-05-10 10:51:27",15.0999963513642,0,86.5526965083986,0
"2018-05-10 10:52:27",7.76006718010207,0,66.4044016911404,0
"2018-05-10 10:53:27",11.0623896322015,0,73.5591002123728,0
"2018-05-10 10:54:27",9.77219949017791,0,85.400890938341,0
"2018-05-10 10:55:27",11.161794077346,0,71.3901357528284,0
"2018-05-10 10:56:27",7.84742342383909,0,66.4804916409981,0
"2018-05-10 10:57:27",7.45131102031263,0,61.2307703969289,0
"2018-05-10 10:58:27",13.7529272289374,0,56.6998454096924,0
"2018-05-10 10:59:28",11.520049730745,0,165.449919492369,0
"2018-05-10 11:00:28",10.6731443643522,0,64.9994826778853,0
"2018-05-10 11:01:28",9.33974761762433,0,52.6197919090476,0
"2018-05-10 11:02:28",12.4094448776866,0,66.7973881941311,0
"2018-05-10 11:03:28",5.57142547979315,0,27.3283828683123,0
"2018-05-10 11:04:28",11.4465320456539,0,40.0393362429063,0
"2018-05-10 11:05:28",7.16935861146077,0,50.1911456289873,0
"2018-05-10 11:06:28",18.105210497881,0,47.1959922137989,0
"2018-05-10 11:07:28",8.89012922050038,0,39.5287412406075,0
"2018-05-10 11:08:28",13.1299467525929,0,71.7178628246674,0
"2018-05-10 11:09:28",13.8140461084433,0,90.4273390847014,0
"2018-05-10 11:10:28",14.6096229885054,0,58.5653612100514,0
"2018-05-10 11:11:28",13.912349527376,0,52.1955024702755,0
"2018-05-10 11:12:28",15.2073077199682,0,46.5909302367701,0
"2018-05-10 11:13:28",16.2024892541128,0,70.5371076418556,0
"2018-05-10 11:14:28",9.25693649584482,0,49.3160926537423,0
"2018-05-10 11:15:28",12.7277826031126,0,35.1768840126558,0
"2018-05-10 11:16:28",14.1327642436206,0,70.6140133792721,0
"2018-05-10 11:17:28",17.9793031660339,0,56.6416588011655,0
"2018-05-10 11:18:28",9.09090049174732,0,48.3098573785506,0
"2018-05-10 11:19:28",22.1286843095366,0,45.167060909616,0
"2018-05-10 11:20:29",12.8436817798156,0,48.0026239668017,0
"2018-05-10 11:21:29",17.9191267799227,0,59.241869322818,0
"2018-05-10 11:22:29",20.0848985357522,0,58.78297325328,0
"2018-05-10 11:23:29",14.36228384022,0,48.8697633136647,0
"2018-05-10 11:24:29",10.8022211201574,0,56.3967446997196,0
"2018-05-10 11:25:29",13.8512185779456,0,50.6947286987152,0
"2018-05-10 11:26:29",12.8919441352345,0,44.5715944638065,0
"2018-05-10 11:27:29",17.0663141882789,0,62.7675251906718,0
"2018-05-10 11:28:29",17.3837525008421,0,51.1416647147566,0
"2018-05-10 11:29:29",13.2370510717525,0,46.63094222558,0
"2018-05-10 11:30:29",18.5349581591907,0,56.6303689631703,0
"2018-05-10 11:31:29",14.8310938959244,0,48.7484104904237,0
"2018-05-10 11:32:29",23.1925836778188,0,79.5725508032283,0
"2018-05-10 11:33:29",14.2038677381562,0,56.7247886614756,0
"2018-05-10 11:34:29",17.1226503573324,0,37.6649595249884,0
"2018-05-10 11:35:29",14.317733486418,0,32.5537543790601,0
"2018-05-10 11:36:29",16.4965510644504,0,53.8712673530189,0
"2018-05-10 11:37:29",14.4919661759857,0,44.4462796614955,0
"2018-05-10 11:38:29",17.7051590956157,0,60.1217996878274,0
"2018-05-10 11:39:29",16.1876337272399,0,62.9465645048056,0
"2018-05-10 11:40:29",22.3195698443829,0,60.3623600384874,0
"2018-05-10 11:41:29",16.5475115915673,0,69.0522297254623,0
"2018-05-10 11:42:29",16.8414213875096,0,54.3494957310481,0
"2018-05-10 11:43:29",18.8384838980839,0,70.8549496744553,0
"2018-05-10 11:44:29",13.4032123274453,0,58.0220247906168,0
"2018-05-10 11:45:29",25.7754769259972,0,80.4457275051062,0
"2018-05-10 11:46:30",17.2922616116281,0,105.385597251702,0
"2018-05-10 11:47:30",15.5563830703105,0,44.3322818779905,0
"2018-05-10 11:48:30",10.9828980393855,0,50.6948157710856,0
"2018-05-10 11:49:30",18.3377379366,0,66.3730425565265,0
"2018-05-10 11:50:30",12.9383374355121,0,38.10122451893,0
"2018-05-10 11:51:30",12.5691851775277,0,47.8342479771637,0
"2018-05-10 11:52:30",14.8324374673188,0,83.2538427355696,0
"2018-05-10 11:53:30",13.3185339152978,0,64.9557228405757,0
"2018-05-10 11:54:30",16.5813371467654,0,60.138252677841,0
"2018-05-10 11:55:30",13.9152080264998,0,71.268720176384,0
"2018-05-10 11:56:30",20.8570009383001,0,88.1684188763305,0
"2018-05-10 11:57:30",10.1239748414417,0,46.6274727611069,0
"2018-05-10 11:58:30",17.4021231164875,0,54.5114913482932,0
"2018-05-10 11:59:30",20.2924924123244,0,99.062206191569,0
"2018-05-10 12:00:30",27.7887671301585,0,74.5208551084406,0
"2018-05-10 12:01:30",20.365927269087,0,48.8918276041298,0
"2018-05-10 12:02:30",21.2364953104423,0,61.6359710617762,0
"2018-05-10 12:03:30",19.4123586126531,0,56.3126600717196,0
"2018-05-10 12:04:30",19.5622788904876,0,58.2498308036034,0
"2018-05-10 12:05:30",19.5610386356548,0,58.4000490829416,0
"2018-05-10 12:06:31",19.9849746774901,0,51.71731037202,0
"2018-05-10 12:07:31",20.1599361193576,0,59.1060546659564,0
"2018-05-10 12:08:31",16.6170430003603,0,60.0972059748109,0
"2018-05-10 12:09:31",20.209991269339,0,63.7716117514193,0
"2018-05-10 12:10:31",15.006605263119,0,44.7832651022245,0
"2018-05-10 12:11:31",19.3689605813127,0,64.6581661571497,0
"2018-05-10 12:12:31",13.0034639127735,0,69.1245591140984,0
"2018-05-10 12:13:31",14.1395254847399,0,68.3421892672028,0
"2018-05-10 12:14:31",10.9483294322498,0,70.1111729618627,0
"2018-05-10 12:15:31",11.9449964735144,0,75.3720176705531,0
"2018-05-10 12:16:31",14.6183292499876,0,77.3754273282386,0
"2018-05-10 12:17:31",15.5013031426627,0,80.3491459474715,0
"2018-05-10 12:18:31",20.0309283409903,0,83.4532313567898,0
"2018-05-10 12:19:31",13.347881956102,0,74.9531909963049,0
"2018-05-10 12:20:31",12.4436581359926,0,75.1493928272797,0
"2018-05-10 12:21:31",10.0003584235837,0,76.0119193918983,0
"2018-05-10 12:22:31",14.023896497406,0,99.8556681470532,0
"2018-05-10 12:23:31",8.28268877395855,0,69.838090044887,0
"2018-05-10 12:24:31",19.0529471550192,0,87.0653045044991,0
"2018-05-10 12:25:31",14.509666522602,0,48.0405463297184,0
"2018-05-10 12:26:31",12.5919352312479,0,59.5392237340928,0
"2018-05-10 12:27:32",14.3233616641812,0,61.0869340371181,0
"2018-05-10 12:28:32",15.2506083371523,0,66.2886887810881,0
"2018-05-10 12:29:32",23.8801322519669,0,76.2927859453678,0
"2018-05-10 12:30:32",23.4325391920793,0,79.158483858266,0
"2018-05-10 12:31:32",21.2282182583442,0,64.6549946706515,0
"2018-05-10 12:32:32",22.4964960023281,0,75.7220543354928,0
"2018-05-10 12:33:32",27.4459968157159,0,99.0119289241125,0
"2018-05-10 12:34:32",22.4496158561116,0,78.1855105587534,0
"2018-05-10 12:35:32",27.682411871158,0,78.0237094010777,0
"2018-05-10 12:36:32",23.2438466665102,0,62.5098590465231,0
"2018-05-10 12:37:32",27.8695542063473,0,81.8580434064936,0
"2018-05-10 12:38:32",24.9318451869714,0,79.2394876056196,0
"2018-05-10 12:39:32",29.9025251147445,0,91.180163566756,0
"2018-05-10 12:40:32",25.6692633636264,0,58.8039631892567,0
"2018-05-10 12:41:32",25.1060617965997,0,59.3554942808277,0
"2018-05-10 12:42:32",23.8841313597907,0,70.9258442241037,0
"2018-05-10 12:43:32",23.646436912457,0,70.6894041427568,0
"2018-05-10 12:44:32",24.6171606729023,0,68.8980346934951,0
"2018-05-10 12:45:32",25.757742257079,0,76.4166442486923,0
"2018-05-10 12:46:32",25.5156037349634,0,68.1666078267091,0
"2018-05-10 12:47:32",24.6288158946045,0,73.9315798116357,0
"2018-05-10 12:48:32",22.3204521204038,0,62.8770521135072,0
"2018-05-10 12:49:33",20.1737551174584,0,79.6881233990013,0
"2018-05-10 12:50:33",26.9606426306135,0,82.5600728172039,0
"2018-05-10 12:51:33",20.5836782369614,0,71.7228166543283,0
"2018-05-10 12:52:33",21.7902145815537,0,79.6458360068959,0
"2018-05-10 12:53:33",19.0866536593296,0,64.3155587636171,0
"2018-05-10 12:54:33",19.6829709074268,0,67.4607266182554,0
"2018-05-10 12:55:33",22.35426908992,0,86.2569551926096,0
"2018-05-10 12:56:33",19.0707254717572,0,70.818754250878,0
"2018-05-10 12:57:33",18.8504146141352,0,82.3629086120726,0
"2018-05-10 12:58:33",18.581046153725,0,94.0379561475305,0
"2018-05-10 12:59:33",19.3335544130361,0,85.9903285202561,0
"2018-05-10 13:00:33",19.2878681854673,0,86.7813428493737,0
"2018-05-10 13:01:33",18.4843337224938,0,111.824650114825,0
"2018-05-10 13:02:33",12.9349490173379,0,83.3498232999597,0
"2018-05-10 13:03:33",16.3475323936812,0,52.4570709083085,0
"2018-05-10 13:04:33",12.0945369367406,0,74.8433610438387,0
"2018-05-10 13:05:33",12.6897052138658,0,69.0120633532901,0
"2018-05-10 13:06:33",15.5848653696903,0,75.9915975228622,0
"2018-05-10 13:07:33",16.835209173576,0,69.7025193144017,0
"2018-05-10 13:08:33",12.5230460976432,0,43.0945475914585,0
"2018-05-10 13:09:33",14.0423364378753,0,68.3421531825168,0
"2018-05-10 13:10:33",13.5756169948634,0,53.3918810700817,0
"2018-05-10 13:11:33",17.3462207965406,0,80.1912669647845,0
"2018-05-10 13:12:34",19.0201746700067,0,79.7282385957348,0
"2018-05-10 13:13:34",19.0274115082894,0,61.8197564775234,0
"2018-05-10 13:14:34",16.5584651071595,0,51.1056655495196,0
"2018-05-10 13:15:34",13.289995718542,0,81.2579916604707,0
"2018-05-10 13:16:34",20.8515751115027,0,63.3108619220123,0
"2018-05-10 13:17:34",15.4500154608003,0,76.4888970200535,0
"2018-05-10 13:18:34",27.3939146144042,0,81.551721223958,0
"2018-05-10 13:19:34",12.0945173647157,0,69.0690473949894,0
"2018-05-10 13:20:34",19.5091644811956,0,64.0982973559174,0
"2018-05-10 13:21:34",17.9911923709071,0,51.6679465916332,0
"2018-05-10 13:22:34",28.2766913226962,0,64.0764620445595,0
"2018-05-10 13:23:34",15.9957707114046,0,73.6856515480086,0
"2018-05-10 13:24:34",15.278441966647,0,71.5771865566037,0
"2018-05-10 13:25:34",16.6089378521384,0,65.5102013859324,0
"2018-05-10 13:26:34",13.874915631174,0,79.4082169745689,0
"2018-05-10 13:27:34",23.0467994738142,0,121.227127982783,0
"2018-05-10 13:28:34",16.8001043695529,0,75.563191387409,0
"2018-05-10 13:29:34",22.4680571178882,0,80.4534210688365,0
"2018-05-10 13:30:34",15.9486772157539,0,56.1388007456701,0
"2018-05-10 13:31:34",17.6624942058101,0,58.4657470110694,0
"2018-05-10 13:32:34",17.1367149439498,0,56.7749396429792,0
"2018-05-10 13:33:34",18.6880662690625,0,66.6488717725274,0
"2018-05-10 13:34:34",18.3408787834101,0,89.7812445375227,0
"2018-05-10 13:35:34",26.4010098102948,0,94.6690206175691,0
"2018-05-10 13:36:34",21.0294052841293,0,64.0377499444634,0
"2018-05-10 13:37:35",19.9030193456249,0,77.8921552262706,0
"2018-05-10 13:38:35",19.6675333501515,0,96.8802354960396,0
"2018-05-10 13:39:35",19.6307895622977,0,62.2871663102404,0
"2018-05-10 13:40:35",24.012403438278,0,95.434361190455,0
"2018-05-10 13:41:35",19.7275572953113,0,49.2103267886078,0
"2018-05-10 13:42:35",30.5068666447147,0,100.065251458537,0
"2018-05-10 13:43:35",16.2997675267443,0,50.5487427320928,0
"2018-05-10 13:44:35",18.6308016933761,0,69.2685950973234,0
"2018-05-10 13:45:35",18.4752172367405,0,88.1288609110076,0
"2018-05-10 13:46:35",26.0157819824725,0,83.4388269410682,0
"2018-05-10 13:47:35",17.6847774249322,0,67.6249698046794,0
"2018-05-10 13:48:35",17.4517205451037,0,52.2242298354333,0
"2018-05-10 13:49:35",18.8150154014314,0,72.4376908189521,0
"2018-05-10 13:50:35",20.8771485951917,0,69.4484302103565,0
"2018-05-10 13:51:35",18.1967350689543,0,71.6259947516947,0
"2018-05-10 13:52:35",17.3472414383146,0,60.7941301400623,0
"2018-05-10 13:53:35",24.7133085121035,0,99.0549816559255,0
"2018-05-10 13:54:35",17.0740074167236,0,68.0941650024788,0
"2018-05-10 13:55:35",28.5656431702177,0,102.993157747664,0
"2018-05-10 13:56:35",16.4317578343638,0,88.9335894948736,0
"2018-05-10 13:57:35",24.4899752017185,0,82.1980390737801,0
"2018-05-10 13:58:35",19.9737195196252,0,83.2986528595384,0
"2018-05-10 13:59:35",21.1499283734961,0,66.6761321982287,0
"2018-05-10 14:00:35",37.9396010886068,0,186.208161674813,0
"2018-05-10 14:01:36",33.5539319447044,0,66.3502137876625,0
"2018-05-10 14:02:36",25.6908258314299,0,56.6928390756157,0
"2018-05-10 14:03:36",27.4207336534739,0,68.5986971467523,0
"2018-05-10 14:04:36",34.1338040937611,0,123.160706364632,0
"2018-05-10 14:05:36",25.7761123198389,0,79.8986831450393,0
"2018-05-10 14:06:36",33.9977243841544,0,78.8572940748952,0
"2018-05-10 14:07:36",21.6706938837623,0,58.3659825867287,0
"2018-05-10 14:08:36",26.7540652998954,0,60.7804349102591,0
"2018-05-10 14:09:36",18.6961630118565,0,81.9566366040495,0
"2018-05-10 14:10:36",22.3427183996339,0,70.0653144032122,0
"2018-05-10 14:11:36",22.2248166618799,0,88.6707256799444,0
"2018-05-10 14:12:36",27.855626990807,0,82.1104345987739,0
"2018-05-10 14:13:36",19.1411979386776,0,87.4005668220869,0
"2018-05-10 14:14:36",16.2791583829847,0,88.6797735773194,0
"2018-05-10 14:15:36",13.0739555627584,0,61.1195088065605,0
"2018-05-10 14:16:36",13.3965249611232,0,94.756096566623,0
"2018-05-10 14:17:36",19.1399276038205,0,86.916212127757,0
"2018-05-10 14:18:36",12.2948164829524,0,79.9066406402321,0
"2018-05-10 14:19:36",21.918709909821,0,108.193880509409,0
"2018-05-10 14:20:36",11.652225943048,0,79.6872326998055,0
"2018-05-10 14:21:36",19.1296127764484,0,105.692951738269,0
"2018-05-10 14:22:36",13.871317912136,0,100.022397608407,0
"2018-05-10 14:23:36",21.9404725760244,0,96.475854020867,0
"2018-05-10 14:24:36",14.3817377697394,0,92.9021254478154,0
"2018-05-10 14:25:36",15.3053388305016,0,81.7734817703069,0
"2018-05-10 14:26:37",16.1393270905602,0,72.4641830321674,0
"2018-05-10 14:27:37",16.2982857454328,0,86.916961543472,0
"2018-05-10 14:28:37",21.3785385792699,0,94.9217321017504,0
"2018-05-10 14:29:37",21.2711901298719,0,91.1499276961036,0
"2018-05-10 14:30:37",21.1123105200389,0,87.2910584515721,0
"2018-05-10 14:31:37",17.8432951642595,0,83.8057980358972,0
"2018-05-10 14:32:37",23.8404571997334,0,103.27201087455,0
"2018-05-10 14:33:37",21.5398999254486,0,87.7481832416293,0
"2018-05-10 14:34:37",27.551171782136,0,97.8095601134375,0
"2018-05-10 14:35:37",21.332965053353,0,92.1683014144777,0
"2018-05-10 14:36:37",27.0413562553991,0,101.076486425079,0
"2018-05-10 14:37:37",22.232770436834,0,91.4757654777592,0
"2018-05-10 14:38:37",24.3861949136558,0,82.8029699649452,0
"2018-05-10 14:39:37",24.2743070388216,0,94.1792932061934,0
"2018-05-10 14:40:37",26.1641720689853,0,89.7865515740702,0
"2018-05-10 14:41:37",23.6362192837879,0,71.9765114477388,0
"2018-05-10 14:42:37",26.2380401747852,0,93.2983862618686,0
"2018-05-10 14:43:37",28.7286105249858,0,86.5900818023495,0
"2018-05-10 14:44:37",20.4217964587466,0,87.8144367183142,0
"2018-05-10 14:45:37",28.9244379561139,0,96.4141381932782,0
"2018-05-10 14:46:37",22.2121305883838,0,80.7485131720291,0
"2018-05-10 14:47:37",26.1004793167691,0,99.0465579865981,0
"2018-05-10 14:48:37",18.556397899413,0,89.8420134973913,0
"2018-05-10 14:49:37",21.5394277994406,0,86.6756695902842,0
"2018-05-10 14:50:37",19.3179997226891,0,108.465168039817,0
"2018-05-10 14:51:38",27.9947529595506,0,99.7137198525144,0
"2018-05-10 14:52:38",17.8996721786183,0,89.4032399806892,0
"2018-05-10 14:53:38",19.7986000124358,0,109.546716108718,0
"2018-05-10 14:54:38",19.69417558157,0,86.3697569219347,0
"2018-05-10 14:55:38",18.7880101719025,0,84.9036658250056,0
"2018-05-10 14:56:38",21.39625902058,0,94.236549597198,0
"2018-05-10 14:57:38",16.9248763474198,0,86.8730935762528,0
"2018-05-10 14:58:38",23.3592340936853,0,111.157265056815,0
"2018-05-10 14:59:38",14.7552016911355,0,87.321532896191,0
"2018-05-10 15:00:38",22.4638903885525,0,101.487635275799,0
"2018-05-10 15:01:38",16.5580672103692,0,84.3397184865735,0
"2018-05-10 15:02:38",20.5418069941194,0,73.1914799718826,0
"2018-05-10 15:03:38",14.1149140680188,0,71.4491963438038,0
"2018-05-10 15:04:38",16.2492349274447,0,73.8435044192203,0
"2018-05-10 15:05:38",13.0809082327435,0,65.9425417643431,0
"2018-05-10 15:06:38",14.8964522682305,0,79.433054647539,0
"2018-05-10 15:07:38",21.1281999460682,0,82.0499771098405,0
"2018-05-10 15:08:38",19.0884879228409,0,81.2161291890881,0
"2018-05-10 15:09:38",24.2496782529005,0,78.0689154545082,0
"2018-05-10 15:10:38",18.0674848841219,0,70.8169657841576,0
"2018-05-10 15:11:38",21.0165564075059,0,82.6172807088675,0
"2018-05-10 15:12:38",24.8415382357018,0,88.9032928926429,0
"2018-05-10 15:13:38",28.1537974671508,0,75.9415387587843,0
"2018-05-10 15:14:38",22.7122591434461,0,83.495620837691,0
"2018-05-10 15:15:38",18.8279324258838,0,61.3500600895557,0
"2018-05-10 15:16:38",15.4477060622773,0,78.1937262289894,0
"2018-05-10 15:17:39",19.3896919389769,0,85.1229258200715,0
"2018-05-10 15:18:39",16.2522746876229,0,86.9145467800764,0
"2018-05-10 15:19:39",19.8599217320021,0,71.5634258342976,0
"2018-05-10 15:20:39",18.799038040351,0,86.5115417478819,0
"2018-05-10 15:21:39",19.2553016108595,0,72.4712125283668,0
"2018-05-10 15:22:39",23.1111974155658,0,91.7299287202975,0
"2018-05-10 15:23:39",20.3185979969951,0,87.2293093898197,0
"2018-05-10 15:24:39",18.8538111444506,0,73.6635639064321,0
"2018-05-10 15:25:39",18.1572390297773,0,76.53887253011,0
"2018-05-10 15:26:39",26.9559072203616,0,85.650139806022,0
"2018-05-10 15:27:39",15.7660190386457,0,68.3379853437629,0
"2018-05-10 15:28:39",24.4445130499722,0,81.8585936487526,0
"2018-05-10 15:29:39",18.7166419989651,0,54.6630763273838,0
"2018-05-10 15:30:39",23.7757301202941,0,62.979477872318,0
"2018-05-10 15:31:39",18.1197987006382,0,72.45350291225,0
"2018-05-10 15:32:39",20.9346122556224,0,89.6682696690357,0
"2018-05-10 15:33:39",21.1355791197673,0,62.4282433676886,0
"2018-05-10 15:34:39",24.7036918135143,0,72.0620521086628,0
"2018-05-10 15:35:39",19.5988374223514,0,86.0858730559043,0
"2018-05-10 15:36:39",19.3060061706111,0,93.4463691122797,0
"2018-05-10 15:37:39",24.420283852625,0,53.0854351039422,0
"2018-05-10 15:38:39",22.4578702876668,0,86.0179874331108,0
"2018-05-10 15:39:39",30.9697203418453,0,63.8720297823221,0
"2018-05-10 15:40:39",23.2402224502147,0,91.6920006691786,0
"2018-05-10 15:41:39",31.3375968134326,0,97.88145949571,0
"2018-05-10 15:42:39",22.5988420589578,0,69.2152409632522,0
"2018-05-10 15:43:39",28.0711510503824,0,88.7464177044819,0
"2018-05-10 15:44:40",23.0431451272025,0,67.121370718889,0
"2018-05-10 15:45:40",24.5659836041731,0,77.8186006493642,0
"2018-05-10 15:46:40",21.2559639059206,0,69.1282202424989,0
"2018-05-10 15:47:40",15.9725415967116,0,111.060722695794,0
"2018-05-10 15:48:40",24.6828922638706,0,89.9345656456866,0
"2018-05-10 15:49:40",21.3234380894287,0,93.0351233427782,0
"2018-05-10 15:50:40",26.3544077607459,0,103.124006550626,0
"2018-05-10 15:51:40",22.9620261271101,0,93.2203561427752,0
"2018-05-10 15:52:40",31.7714141487473,0,79.9814847999057,0
"2018-05-10 15:53:40",17.1765875879917,0,69.3662481137386,0
"2018-05-10 15:54:40",22.8620569820225,0,63.5602537615561,0
"2018-05-10 15:55:40",19.3481243846188,0,72.3608968735355,0
"2018-05-10 15:56:40",22.8561279180105,0,72.3214149811671,0
"2018-05-10 15:57:40",18.9470535335232,0,75.7970975512305,0
"2018-05-10 15:58:40",24.1658262725682,0,91.3648182831101,0
"2018-05-10 15:59:40",19.4414850514014,0,79.2819595949512,0
"2018-05-10 16:00:40",20.6105212271338,0,78.5364345545006,0
"2018-05-10 16:01:40",16.7354422226281,0,179.3411368634,0
"2018-05-10 16:02:40",30.3037722660685,0,68.5699651766217,0
"2018-05-10 16:03:40",32.3315402771478,0,73.4899692866435,0
"2018-05-10 16:04:40",23.649635426611,0,60.4900024320514,0
"2018-05-10 16:05:40",30.6945843195541,0,65.0520447372085,0
"2018-05-10 16:06:40",24.300764077297,0,69.2115028098692,0
"2018-05-10 16:07:40",27.2254976983025,0,70.9276059316603,0
"2018-05-10 16:08:40",21.2366782995822,0,59.0973752825477,0
"2018-05-10 16:09:40",17.3793722793173,0,59.227294185676,0
"2018-05-10 16:10:41",20.6476588092156,0,94.3016545753469,0
"2018-05-10 16:11:41",19.8218663436237,0,69.8316427782718,0
"2018-05-10 16:12:41",18.279318337393,0,84.8231840803156,0
"2018-05-10 16:13:41",19.1061094021428,0,91.3955971913293,0
"2018-05-10 16:14:41",17.8055585433937,0,90.675114673858,0
"2018-05-10 16:15:41",12.9910612649527,0,87.6210119247252,0
"2018-05-10 16:16:41",18.1521582677036,0,89.5072981335121,0
"2018-05-10 16:17:41",13.7804828176655,0,81.092404350952,0
"2018-05-10 16:18:41",20.8922965266096,0,107.51564472866,0
"2018-05-10 16:19:41",12.4270233441295,0,64.6319119738136,0
"2018-05-10 16:20:41",15.4599220058351,0,81.0716347251696,0
"2018-05-10 16:21:41",9.20081252657812,0,80.1448497053567,0
"2018-05-10 16:22:41",14.1440049567055,0,91.3006231665269,0
"2018-05-10 16:23:41",11.412686239453,0,95.1242164586076,0
"2018-05-10 16:24:41",18.4027214253327,0,80.5985014826093,0
"2018-05-10 16:25:41",17.4996635897489,0,121.459998810411,0
"2018-05-10 16:26:41",19.1497404665811,0,62.5886339581256,0
"2018-05-10 16:27:41",15.2701014949715,0,76.9504996072194,0
"2018-05-10 16:28:41",13.5304742806209,0,79.7125492111337,0
"2018-05-10 16:29:41",21.3368251220737,0,128.640932263085,0
"2018-05-10 16:30:41",14.5507119537614,0,85.8659611565793,0
"2018-05-10 16:31:42",17.5563024777821,0,86.7457823769497,0
"2018-05-10 16:32:42",8.42599278267152,0,75.8169231539051,0
"2018-05-10 16:33:42",9.59941113394912,0,81.9475881885644,0
"2018-05-10 16:34:42",14.0142460220958,0,95.4400456530701,0
"2018-05-10 16:35:42",14.4608569087825,0,95.9873397415763,0
"2018-05-10 16:36:42",11.3278103451748,0,97.3376293130992,0
"2018-05-10 16:37:42",10.4162723879631,0,83.3235989410961,0
"2018-05-10 16:38:42",13.3730818359039,0,92.8894591323973,0
"2018-05-10 16:39:42",13.6130669682802,0,64.2426057209816,0
"2018-05-10 16:40:42",20.0634694047174,0,132.092603183806,0
"2018-05-10 16:41:42",11.9564096009094,0,83.8682539076103,0
"2018-05-10 16:42:42",17.5658030718606,0,106.685647128473,0
"2018-05-10 16:43:42",7.86498568567517,0,64.4852229950395,0
"2018-05-10 16:44:42",16.0203994828029,0,82.6216467452334,0
"2018-05-10 16:45:42",10.5432417356953,0,86.8614557711794,0
"2018-05-10 16:46:42",14.8292433016184,0,123.891778656007,0
"2018-05-10 16:47:42",8.17969184365557,0,76.6766526979056,0
"2018-05-10 16:48:42",10.2743815078094,0,83.3249625929808,0
"2018-05-10 16:49:42",8.58309492101172,0,94.6239813624359,0
"2018-05-10 16:50:42",10.3109988489189,0,96.6269588296316,0
"2018-05-10 16:51:42",9.52329020975138,0,84.033595932486,0
"2018-05-10 16:52:42",10.3589930680776,0,79.2298756172822,0
"2018-05-10 16:53:42",10.263092035309,0,75.371314211023,0
"2018-05-10 16:54:43",9.75633674853453,0,76.1066854857767,0
"2018-05-10 16:55:43",11.7958427836611,0,78.7411470623929,0
"2018-05-10 16:56:43",9.43030888626985,0,70.9804015247981,0
"2018-05-10 16:57:43",13.3152342332431,0,91.3911923894729,0
"2018-05-10 16:58:43",6.33132794073966,0,82.0252154776395,0
"2018-05-10 16:59:43",11.4158352784493,0,85.8125129024269,0
"2018-05-10 17:00:43",7.57117836937115,0,77.8633516776141,0
"2018-05-10 17:01:43",24.8802487185057,0,188.293946157455,0
"2018-05-10 17:02:43",11.1603674604127,0,112.096257771689,0
"2018-05-10 17:03:43",9.56483619559422,0,69.0595511690881,0
"2018-05-10 17:04:43",9.55489625130013,0,87.355153006283,0
"2018-05-10 17:05:43",6.0554438532844,0,68.7403816656676,0
"2018-05-10 17:06:43",5.47594779188536,0,62.7458318958602,0
"2018-05-10 17:07:43",6.51920574723926,0,72.5371087315956,0
"2018-05-10 17:08:43",8.99869042771793,0,71.3694669774975,0
"2018-05-10 17:09:43",6.78445388787153,0,63.6200920077609,0
"2018-05-10 17:10:43",21.3974996688066,0,76.400832709161,0
"2018-05-10 17:11:43",6.63207403879182,0,81.6261853068644,0
"2018-05-10 17:12:43",10.762060359892,0,245.226398316799,1
"2018-05-10 17:13:43",10.5156505659208,0,78.6085668446134,0
"2018-05-10 17:14:43",20.4688469868252,0,62.0048232783934,0
"2018-05-10 17:15:43",8.29956952543682,0,66.8093210932373,0
"2018-05-10 17:16:43",11.2751057572202,0,43.89581912946,0
"2018-05-10 17:17:44",9.17465483483402,0,89.5872012057428,0
"2018-05-10 17:18:44",13.8595435356468,0,56.7469476906185,0
"2018-05-10 17:19:44",12.0708082443419,0,51.5312345000779,0
"2018-05-10 17:20:44",17.8382313858415,0,72.420045174945,0
"2018-05-10 17:21:44",14.1431044451029,0,55.821123992432,0
"2018-05-10 17:22:44",12.9691919263643,0,62.7346349658601,0
"2018-05-10 17:23:44",20.2856858252137,0,65.4786310491263,0
"2018-05-10 17:24:44",12.5592701844074,0,85.9008949128475,0
"2018-05-10 17:25:44",15.326844963108,0,88.2861783267617,0
"2018-05-10 17:26:44",13.4567403706537,0,58.5550097679033,0
"2018-05-10 17:27:44",17.4500813939322,0,57.4488909022843,0
"2018-05-10 17:28:44",14.7523323844462,0,55.3560582778982,0
"2018-05-10 17:29:44",19.1219915189882,0,68.7131213508284,0
"2018-05-10 17:30:44",15.691609998546,0,48.9091557130062,0
"2018-05-10 17:31:44",19.5944792077427,0,50.1177861588751,0
"2018-05-10 17:32:44",20.3728103131096,0,55.2320449745376,0
"2018-05-10 17:33:44",20.3514702346473,0,53.8951959283376,0
"2018-05-10 17:34:44",22.322315275091,0,48.4991522246961,0
"2018-05-10 17:35:44",20.2567447881707,0,57.7437135038257,0
"2018-05-10 17:36:44",25.6066767933951,0,71.856217904162,0
"2018-05-10 17:37:44",18.9134080518588,0,57.6409894821918,0
"2018-05-10 17:38:45",26.2487026863224,0,55.8487427560676,0
"2018-05-10 17:39:45",18.3782925014523,0,61.1020777782481,0
"2018-05-10 17:40:45",27.0539292911919,0,62.4828617292596,0
"2018-05-10 17:41:45",20.6139055521927,0,74.6688368807936,0
"2018-05-10 17:42:45",23.9741039894027,0,53.6272853564197,0
"2018-05-10 17:43:45",17.9523609103128,0,58.6563630008154,0
"2018-05-10 17:44:45",20.3210273499306,0,59.1578684002941,0
"2018-05-10 17:45:45",20.9772293185022,0,66.1449891445235,0
"2018-05-10 17:46:45",22.1756539997497,0,64.3059438333973,0
"2018-05-10 17:47:45",24.3696291499535,0,70.8550480297569,0
"2018-05-10 17:48:45",20.5840091349261,0,56.951108823575,0
"2018-05-10 17:49:45",25.1693826555719,0,76.717046152763,0
"2018-05-10 17:50:45",15.0316953263635,0,56.530931121431,0
"2018-05-10 17:51:45",24.3600071682878,0,58.9574192364165,0
"2018-05-10 17:52:45",20.1856499321023,0,71.8527446158328,0
"2018-05-10 17:53:45",28.4237975326049,0,74.6695497435057,0
"2018-05-10 17:54:45",22.8358403125618,0,72.1968641414478,0
"2018-05-10 17:55:45",18.8051775725324,0,46.4892281168653,0
"2018-05-10 17:56:45",21.4809291200885,0,52.3992838021062,0
"2018-05-10 17:57:45",20.3160720377437,0,60.8444254382577,0
"2018-05-10 17:58:45",20.5553051949576,0,68.8910543032618,0
"2018-05-10 17:59:46",21.254879046669,0,66.4621253003004,0
"2018-05-10 18:00:46",22.7977305007044,0,64.2381021571993,0
"2018-05-10 18:01:46",22.6823321899947,0,66.834580580133,0
"2018-05-10 18:02:46",35.9803621914828,0,85.0632134182093,0
"2018-05-10 18:03:46",26.1731096839502,0,60.0969661040055,0
"2018-05-10 18:04:46",29.8954556713578,0,182.980278696331,0
"2018-05-10 18:05:46",23.5421425535398,0,42.227704762229,0
"2018-05-10 18:06:46",30.8202395103194,0,59.6366917438184,0
"2018-05-10 18:07:46",27.3691665093062,0,62.9950928309852,0
"2018-05-10 18:08:46",34.4340618287845,0,59.9917427384511,0
"2018-05-10 18:09:46",20.3623342768613,0,57.1696610378392,0
"2018-05-10 18:10:46",21.7622957032623,0,48.7267508775284,0
"2018-05-10 18:11:46",19.8948810358334,0,43.8799013684433,0
"2018-05-10 18:12:46",22.5112740236141,0,53.5754940921573,0
"2018-05-10 18:13:46",27.2261042885581,0,90.093120572023,0
"2018-05-10 18:14:46",23.2546346211818,0,75.7387847686163,0
"2018-05-10 18:15:46",27.8077407241802,0,63.1811693529664,0
"2018-05-10 18:16:46",14.2350306471479,0,63.17423965844,0
"2018-05-10 18:17:46",20.0995967910185,0,69.2965758456376,0
"2018-05-10 18:18:46",15.7392408516681,0,65.4752543267779,0
"2018-05-10 18:19:46",24.7560402126508,0,58.6125664812562,0
"2018-05-10 18:20:46",13.2445784946089,0,56.3624817097961,0
"2018-05-10 18:21:46",14.6753610414297,0,51.4833435553457,0
"2018-05-10 18:22:46",10.4210570126119,0,58.9236117006573,0
"2018-05-10 18:23:46",12.1745999542468,0,66.9114365193155,0
"2018-05-10 18:24:47",14.0343999951226,0,83.225624552847,0
"2018-05-10 18:25:47",13.2956535077871,0,53.7229286638355,0
"2018-05-10 18:26:47",15.0851755869392,0,53.4697347784024,0
"2018-05-10 18:27:47",12.6028325630602,0,55.1787910488094,0
"2018-05-10 18:28:47",19.489522826421,0,91.8555395016653,0
"2018-05-10 18:29:47",15.4252732419211,0,86.9422150022035,0
"2018-05-10 18:30:47",26.2870859812431,0,80.3697229945563,0
"2018-05-10 18:31:47",17.6968029990308,0,57.263538795413,0
"2018-05-10 18:32:47",19.8118256785366,0,54.2226575666389,0
"2018-05-10 18:33:47",18.4185302245362,0,59.2133150106102,0
"2018-05-10 18:34:47",21.2096488351114,0,63.0223974857378,0
"2018-05-10 18:35:47",21.1285188710561,0,76.509189446125,0
"2018-05-10 18:36:47",23.0881515129683,0,61.5249466881535,0
"2018-05-10 18:37:47",21.8508037531594,0,55.1268277826835,0
"2018-05-10 18:38:47",17.8443683114,0,61.7234432422872,0
"2018-05-10 18:39:47",21.4568387565519,0,56.3097992369996,0
"2018-05-10 18:40:47",20.5141468447824,0,68.9419427210175,0
"2018-05-10 18:41:47",25.1481203902013,0,78.3819954533478,0
"2018-05-10 18:42:47",19.113414096978,0,55.4284127715554,0
"2018-05-10 18:43:47",23.8817878352051,0,61.4480866185144,0
"2018-05-10 18:44:47",16.1470619684664,0,59.944840033804,0
"2018-05-10 18:45:47",20.5528600482997,0,65.1373545495736,0
"2018-05-10 18:46:47",18.1662449372937,0,55.5576136354416,0
"2018-05-10 18:47:47",23.6075753140232,0,60.7884345770931,0
"2018-05-10 18:48:48",14.9945468929878,0,47.5624781434195,0
"2018-05-10 18:49:48",12.7758370474268,0,60.8297867450723,0
"2018-05-10 18:50:48",11.5476619244674,0,56.5603364428177,0
"2018-05-10 18:51:48",12.7447283704895,0,73.2589060433415,0
"2018-05-10 18:52:48",19.9044088564632,0,67.4759582692772,0
"2018-05-10 18:53:48",15.2813230726768,0,62.9060837673886,0
"2018-05-10 18:54:48",20.0179821982427,0,57.4273591785283,0
"2018-05-10 18:55:48",10.722139284278,0,49.0996185515865,0
"2018-05-10 18:56:48",22.8383468137645,0,78.7779539213878,0
"2018-05-10 18:57:48",14.7765780126483,0,61.0729293022509,0
"2018-05-10 18:58:48",23.0034070309873,0,59.4916734951301,0
"2018-05-10 18:59:48",11.5476468427294,0,60.6821532820764,0
"2018-05-10 19:00:48",14.1228833699904,0,65.8342129267955,0
"2018-05-10 19:01:48",11.215025724761,0,59.0932895339755,0
"2018-05-10 19:02:48",21.5957382375909,0,164.605846910348,0
"2018-05-10 19:03:48",12.9422307531209,0,77.3153527110047,0
"2018-05-10 19:04:48",10.2837332988253,0,63.9520172955241,0
"2018-05-10 19:05:48",15.3074164813205,0,68.5391856613639,0
"2018-05-10 19:06:48",11.2170737607091,0,48.2560524375565,0
"2018-05-10 19:07:48",18.7137533743721,0,71.3834832170812,0
"2018-05-10 19:08:48",16.0680299526781,0,74.1344419318782,0
"2018-05-10 19:09:48",18.6997915858393,0,62.9607858455556,0
"2018-05-10 19:10:48",12.5282864451021,0,59.8231977615337,0
"2018-05-10 19:11:48",12.8000766008447,0,40.9840628225327,0
"2018-05-10 19:12:48",8.12188559447303,0,48.1462583523302,0
"2018-05-10 19:13:48",16.4004458881594,0,61.2658686596383,0
"2018-05-10 19:14:49",15.7573844131762,0,57.5869610122919,0
"2018-05-10 19:15:49",13.8040725089455,0,46.3033571429886,0
"2018-05-10 19:16:49",17.41841829226,0,90.8792397648473,0
"2018-05-10 19:17:49",12.5743922818272,0,49.2609615464824,0
"2018-05-10 19:18:49",14.1455723258887,0,54.2595335355341,0
"2018-05-10 19:19:49",11.8798332391745,0,51.9398816950791,0
"2018-05-10 19:20:49",14.1663014943097,0,61.5546893273343,0
"2018-05-10 19:21:49",7.42852736031348,0,48.0772823688342,0
"2018-05-10 19:22:49",20.1352363384518,0,73.4633996314412,0
"2018-05-10 19:23:49",9.50856632947874,0,40.8278273954052,0
"2018-05-10 19:24:49",14.0195337738647,0,47.0953184494287,0
"2018-05-10 19:25:49",12.2641573155721,0,71.5363826820239,0
"2018-05-10 19:26:49",7.71379435456172,0,108.782702261168,0
"2018-05-10 19:27:49",8.06161538246217,0,46.7768568309335,0
"2018-05-10 19:28:49",8.50736671776717,0,47.0064115724519,0
"2018-05-10 19:29:49",11.6266488257383,0,39.5828595963634,0
"2018-05-10 19:30:49",11.4902614249149,0,59.4836557129794,0
"2018-05-10 19:31:49",14.3616133789517,0,72.6563382024431,0
"2018-05-10 19:32:49",13.4270854970521,0,39.5834728515607,0
"2018-05-10 19:33:49",14.6493823462073,0,41.7359693301491,0
"2018-05-10 19:34:49",12.3629197500981,0,60.3778915684991,0
"2018-05-10 19:35:49",20.2703769369612,0,53.3560587534629,0
"2018-05-10 19:36:49",17.7213380930413,0,58.8829510651765,0
"2018-05-10 19:37:50",21.788495853836,0,58.3416803384264,0
"2018-05-10 19:38:50",11.850096295279,0,47.2829717740308,0
"2018-05-10 19:39:50",11.8592811347317,0,44.2817947103059,0
"2018-05-10 19:40:50",11.5156374154758,0,37.9457944519593,0
"2018-05-10 19:41:50",18.0587417799491,0,46.4950364522766,0
"2018-05-10 19:42:50",12.7508679929376,0,54.5111058855133,0
"2018-05-10 19:43:50",12.1262752611869,0,50.4679808171144,0
"2018-05-10 19:44:50",20.8116121920418,0,63.1191219226448,0
"2018-05-10 19:45:50",14.398220705769,0,45.2771690494103,0
"2018-05-10 19:46:50",14.8668793780363,0,45.4404883603802,0
"2018-05-10 19:47:50",9.3002285837428,0,57.9748496936771,0
"2018-05-10 19:48:50",20.9585101139663,0,48.9848702582621,0
"2018-05-10 19:49:50",12.6377379879024,0,54.5917547136972,0
"2018-05-10 19:50:50",9.4061936111329,0,65.010678673814,0
"2018-05-10 19:51:50",7.79353481660321,0,45.994118175372,0
"2018-05-10 19:52:50",12.7200875232211,0,51.4621105950917,0
"2018-05-10 19:53:50",13.0667449727287,0,68.5186725235545,0
"2018-05-10 19:54:50",13.9775758987531,0,42.9943549714615,0
"2018-05-10 19:55:50",10.5565161459465,0,44.1174614006073,0
"2018-05-10 19:56:50",10.1599067208506,0,44.3089722564596,0
"2018-05-10 19:57:50",15.6848132220794,0,71.8807670109665,0
"2018-05-10 19:58:50",12.3213027610336,0,54.2767014833201,0
"2018-05-10 19:59:50",17.5796132772356,0,66.6451587868301,0
"2018-05-10 20:00:51",9.21071432649001,0,61.219514198135,0
"2018-05-10 20:01:51",19.1234402450442,0,53.2017106965944,0
"2018-05-10 20:02:51",11.0764857978962,0,61.0389878619697,0
"2018-05-10 20:03:51",22.8235674889713,0,57.3985445385974,0
"2018-05-10 20:04:51",17.766734024096,0,45.2535390857765,0
"2018-05-10 20:05:51",18.5166337081753,0,43.6916470516629,0
"2018-05-10 20:06:51",13.3474820868908,0,44.3888561898575,0
"2018-05-10 20:07:51",14.9290643244833,0,43.2639745167928,0
"2018-05-10 20:08:51",16.4210116634836,0,52.9303437357067,0
"2018-05-10 20:09:51",15.9483092117964,0,37.0686582171633,0
"2018-05-10 20:10:51",13.4701480224809,0,43.9331785481458,0
"2018-05-10 20:11:51",11.3450642402993,0,47.5437864379455,0
"2018-05-10 20:12:51",16.95419824115,0,50.8984654653502,0
"2018-05-10 20:13:51",13.3440030224051,0,47.7327934205627,0
"2018-05-10 20:14:51",24.2787555043633,0,83.4872688901756,0
"2018-05-10 20:15:51",9.58419865905621,0,48.7266137124671,0
"2018-05-10 20:16:51",11.4220241383741,0,59.5352794238317,0
"2018-05-10 20:17:51",18.4713656216133,0,52.2035525634184,0
"2018-05-10 20:18:51",13.8183692836529,0,41.4604002887646,0
"2018-05-10 20:19:51",14.7202366815473,0,57.2421974798812,0
"2018-05-10 20:20:51",15.2254467330118,0,45.901555144221,0
"2018-05-10 20:21:51",9.84558982366128,0,48.6322609032733,0
"2018-05-10 20:22:51",9.11240659316839,0,60.2964582439996,0
"2018-05-10 20:23:51",7.97374305263358,0,57.2589851579043,0
"2018-05-10 20:24:51",6.53104034238671,0,52.1781557599525,0
"2018-05-10 20:25:52",18.8872041934255,0,70.8612777876408,0
"2018-05-10 20:26:52",8.87863361771763,0,60.1728654517631,0
"2018-05-10 20:27:52",16.6946245017291,0,73.4687395369979,0
"2018-05-10 20:28:52",7.94651214441119,0,58.3331302280283,0
"2018-05-10 20:29:52",11.4382419097498,0,61.5376086151219,0
"2018-05-10 20:30:52",11.3163286741737,0,62.8702210185108,0
"2018-05-10 20:31:52",24.1262707913805,0,66.0723767084503,0
"2018-05-10 20:32:52",11.3768917103751,0,44.4480100553921,0
"2018-05-10 20:33:52",14.6377987504914,0,52.697777276279,0
"2018-05-10 20:34:52",14.6069598888515,0,38.9121560234201,0
"2018-05-10 20:35:52",14.0614010077899,0,51.4099371809371,0
"2018-05-10 20:36:52",22.9445458743867,0,86.4341442063366,0
"2018-05-10 20:37:52",15.73607625664,0,48.1310469846447,0
"2018-05-10 20:38:52",17.8275256232381,0,53.2122922519586,0
"2018-05-10 20:39:52",13.3293328210759,0,50.434124415368,0
"2018-05-10 20:40:52",21.4310293170993,0,51.2534142927856,0
"2018-05-10 20:41:52",16.2791734699765,0,62.162106963771,0
"2018-05-10 20:42:52",20.6976572711336,0,60.7272309457118,0
"2018-05-10 20:43:52",16.8603379422134,0,49.5442356969973,0
"2018-05-10 20:44:52",16.3385121544194,0,74.4684520601499,0
"2018-05-10 20:45:52",12.576785394776,0,44.0713245240365,0
"2018-05-10 20:46:52",14.8297542245362,0,60.2744659560386,0
"2018-05-10 20:47:53",17.728437281883,0,61.0458085221561,0
"2018-05-10 20:48:53",16.9172382159628,0,52.354864785799,0
"2018-05-10 20:49:53",15.1000718860145,0,54.8177770310651,0
"2018-05-10 20:50:53",9.78125149409822,0,57.3792025179912,0
"2018-05-10 20:51:53",15.3515470963105,0,59.0661726134086,0
"2018-05-10 20:52:53",8.97840104945735,0,66.4911476427971,0
"2018-05-10 20:53:53",17.8978143168186,0,61.4175495173034,0
"2018-05-10 20:54:53",11.2496958468896,0,56.8456531513417,0
"2018-05-10 20:55:53",15.36815793446,0,84.6568456713207,0
"2018-05-10 20:56:53",12.1039450091894,0,75.3862552396794,0
"2018-05-10 20:57:53",10.5646826065839,0,58.8685154949092,0
"2018-05-10 20:58:53",14.3496657100655,0,70.4330599553422,0
"2018-05-10 20:59:53",12.5629109881371,0,85.6431879936901,0
"2018-05-10 21:00:53",9.21533368767503,0,53.4923204408006,0
"2018-05-10 21:01:53",9.180584216816,0,57.5217004318079,0
"2018-05-10 21:02:53",13.9087072748158,0,76.6995973393984,0
"2018-05-10 21:03:53",10.1495086790791,0,69.3612549229117,0
"2018-05-10 21:04:53",13.7987936634095,0,71.447761268714,0
"2018-05-10 21:05:53",7.9637407393998,0,52.7316440876438,0
"2018-05-10 21:06:53",14.0450104206165,0,61.7401939924605,0
"2018-05-10 21:07:53",8.36805124615783,0,57.827239801831,0
"2018-05-10 21:08:54",11.4732827799619,0,43.5183721918127,0
"2018-05-10 21:09:54",9.80168041702505,0,62.3723394037454,0
"2018-05-10 21:10:54",13.3738944911422,0,56.1030369312851,0
"2018-05-10 21:11:54",8.09002877504023,0,47.9916097369936,0
"2018-05-10 21:12:54",10.0689955531527,0,42.4480963947004,0
"2018-05-10 21:13:54",6.68572865716442,0,49.9831850906956,0
"2018-05-10 21:14:54",7.20504073114501,0,56.552378147161,0
"2018-05-10 21:15:54",10.2119752368236,0,63.5959948721253,0
"2018-05-10 21:16:54",9.98721056926385,0,45.1352008685913,0
"2018-05-10 21:17:54",11.2025373551444,0,56.6617321474119,0
"2018-05-10 21:18:54",6.8587921503061,0,49.6924885686641,0
"2018-05-10 21:19:54",10.6765298906214,0,38.522500733839,0
"2018-05-10 21:20:54",7.97220085354897,0,63.6619460748073,0
"2018-05-10 21:21:54",16.1323017644921,0,64.452244158748,0
"2018-05-10 21:22:54",9.29540163923424,0,48.3239996592463,0
"2018-05-10 21:23:54",11.9507997724962,0,37.4735015966537,0
"2018-05-10 21:24:54",9.96810687769837,0,40.8847866665226,0
"2018-05-10 21:25:54",9.23027483316025,0,56.5512013197673,0
"2018-05-10 21:26:54",13.7125659697916,0,74.6515440298503,0
"2018-05-10 21:27:54",11.2633228564558,0,54.3369835837854,0
"2018-05-10 21:28:54",17.4437116460672,0,86.2178419969446,0
"2018-05-10 21:29:54",9.0048147851548,0,52.7624561330947,0
"2018-05-10 21:30:55",12.4974282846379,0,45.7681347968745,0
"2018-05-10 21:31:55",11.3754333881112,0,60.859902567305,0
"2018-05-10 21:32:55",18.8766250590234,0,59.501643101821,0
"2018-05-10 21:33:55",12.6732649196047,0,44.1685439152378,0
"2018-05-10 21:34:55",16.2295412191917,0,48.4922135013471,0
"2018-05-10 21:35:55",10.7673540072095,0,40.3957316254925,0
"2018-05-10 21:36:55",12.3732312535425,0,41.3202619564477,0
"2018-05-10 21:37:55",13.6357603308029,0,64.5090413350264,0
"2018-05-10 21:38:55",19.9517262613406,0,49.365090756216,0
"2018-05-10 21:39:55",12.6816554012302,0,48.6937850818994,0
"2018-05-10 21:40:55",12.1902032833096,0,56.9040847257034,0
"2018-05-10 21:41:55",14.3404863930616,0,39.7116869453146,0
"2018-05-10 21:42:55",11.3690315053232,0,62.4945846451693,0
"2018-05-10 21:43:55",14.2900308858181,0,63.5762997152651,0
"2018-05-10 21:44:55",10.3256819136422,0,59.3634461924997,0
"2018-05-10 21:45:55",21.973155152896,0,52.9778452991809,0
"2018-05-10 21:46:55",11.0176915179407,0,58.1112805137223,0
"2018-05-10 21:47:55",23.361568247103,0,51.0814406039198,0
"2018-05-10 21:48:55",12.4697117023199,0,54.1668020364207,0
"2018-05-10 21:49:55",18.5249947159123,0,49.0911684154525,0
"2018-05-10 21:50:55",9.84975044075829,0,43.0232646167352,0
"2018-05-10 21:51:55",9.79830988695687,0,50.5195924864487,0
"2018-05-10 21:52:55",9.04000072305823,0,41.6252688263357,0
"2018-05-10 21:53:55",11.9082390198636,0,51.8930114028769,0
"2018-05-10 21:54:55",11.8119960788893,0,59.066375896629,0
"2018-05-10 21:55:56",9.96691444052731,0,48.8036100815951,0
"2018-05-10 21:56:56",15.8999866971642,0,68.1801563291118,0
"2018-05-10 21:57:56",9.27135509745034,0,54.3211382650867,0
"2018-05-10 21:58:56",16.8296043411075,0,52.8057792635411,0
"2018-05-10 21:59:56",12.5315316440656,0,63.1566205447993,0
"2018-05-10 22:00:56",16.5926394362125,0,68.1494186232666,0
"2018-05-10 22:01:56",11.2900490892269,0,66.1521430676862,0
"2018-05-10 22:02:56",15.7989000220523,0,57.935111185866,0
"2018-05-10 22:03:56",22.5869809122605,0,181.735134753803,0
"2018-05-10 22:04:56",23.8986286386635,0,45.4912931336156,0
"2018-05-10 22:05:56",13.4852858227077,0,36.1752844161622,0
"2018-05-10 22:06:56",13.8220589698859,0,46.2445522879109,0
"2018-05-10 22:07:56",13.3039006391791,0,40.758170168335,0
"2018-05-10 22:08:56",13.0037556910192,0,44.9839368706052,0
"2018-05-10 22:09:56",18.9700157832784,0,51.4958800163835,0
"2018-05-10 22:10:56",10.6161664346677,0,52.9313987872379,0
"2018-05-10 22:11:56",18.4012342874476,0,41.5700859909676,0
"2018-05-10 22:12:56",12.0444252783246,0,50.7546588004942,0
"2018-05-10 22:13:56",15.7126049111041,0,46.2972332690269,0
"2018-05-10 22:14:56",14.2065270493895,0,50.6796725915201,0
"2018-05-10 22:15:56",20.6167965370326,0,66.5432277066098,0
"2018-05-10 22:16:56",8.36870144289403,0,56.6718986783815,0
"2018-05-10 22:17:56",7.95316784725844,0,46.0882435651156,0
"2018-05-10 22:18:57",7.488785483084,0,45.5621202373337,0
"2018-05-10 22:19:57",6.56890182350651,0,75.8862841151846,0
"2018-05-10 22:20:57",9.79917878824381,0,74.2990747707758,0
"2018-05-10 22:21:57",8.66762926879725,0,56.6186166044259,0
"2018-05-10 22:22:57",13.2594994083399,0,48.8885704012929,0
"2018-05-10 22:23:57",7.68852294495597,0,54.5953734550607,0
"2018-05-10 22:24:57",13.5739479418512,0,69.2032210955145,0
"2018-05-10 22:25:57",6.34158369561019,0,61.8818221711571,0
"2018-05-10 22:26:57",11.4837284199241,0,61.8177450129098,0
"2018-05-10 22:27:57",9.53754914056723,0,55.2216472387947,0
"2018-05-10 22:28:57",11.2777748009134,0,56.5687588956413,0
"2018-05-10 22:29:57",10.0299581047887,0,56.2048703815325,0
"2018-05-10 22:30:57",12.0181966705381,0,51.1574940722834,0
"2018-05-10 22:31:57",14.1461323890187,0,53.5273669055933,0
"2018-05-10 22:32:57",19.6011489447712,0,61.1646791160152,0
"2018-05-10 22:33:57",15.0427328835568,0,43.6691622986688,0
"2018-05-10 22:34:57",11.5673138923228,0,41.5774478798968,0
"2018-05-10 22:35:57",15.8840670580013,0,37.1614548180082,0
"2018-05-10 22:36:57",14.6260563091008,0,54.6660300122894,0
"2018-05-10 22:37:58",23.2342432593088,0,52.8350543776761,0
"2018-05-10 22:38:58",17.0764706005199,0,40.2015321265249,0
"2018-05-10 22:39:58",18.0765139212787,0,43.8513423990352,0
"2018-05-10 22:40:58",17.0471982008437,0,41.7214686507733,0
"2018-05-10 22:41:58",22.7760864450082,0,41.9612743354111,0
"2018-05-10 22:42:58",24.1145381843114,0,50.1527634340876,0
"2018-05-10 22:43:58",26.5377277150576,0,46.5824241738649,0
"2018-05-10 22:44:58",18.950902896164,0,33.9057822115039,0
"2018-05-10 22:45:58",18.1072589318731,0,48.1282782633372,0
"2018-05-10 22:46:58",22.1237152595758,0,39.846724188519,0
"2018-05-10 22:47:58",18.5868420508672,0,51.5379090105354,0
"2018-05-10 22:48:58",21.9634184872853,0,52.6269146294526,0
"2018-05-10 22:49:58",15.6852308398422,0,53.8455594926401,0
"2018-05-10 22:50:58",26.5684368604995,0,51.9646063047406,0
"2018-05-10 22:51:58",13.8243073165975,0,42.6230690144593,0
"2018-05-10 22:52:58",15.563435351866,0,32.6481218396919,0
"2018-05-10 22:53:58",15.9472509053174,0,61.6134852534024,0
"2018-05-10 22:54:58",27.8338455543965,0,51.7759570381429,0
"2018-05-10 22:55:58",13.8933796411338,0,44.5950681727739,0
"2018-05-10 22:56:58",13.7226428652131,0,47.7599389400793,0
"2018-05-10 22:57:58",11.6934493091061,0,38.5771069914726,0
"2018-05-10 22:58:58",11.2636142529638,0,68.9909516396467,0
"2018-05-10 22:59:58",12.4175669980305,0,53.7608378597831,0
"2018-05-10 23:00:58",12.5373065951368,0,50.7673535558786,0
"2018-05-10 23:01:58",13.7282867904332,0,48.6820468431276,0
"2018-05-10 23:02:59",9.60604151724434,0,61.4054979557488,0
"2018-05-10 23:03:59",18.2096940680994,0,56.0904160860183,0
"2018-05-10 23:04:59",13.1616441096123,0,66.9432942567265,0
"2018-05-10 23:05:59",26.8020089612624,0,55.3928580853187,0
"2018-05-10 23:06:59",9.47418645422614,0,46.168824411576,0
"2018-05-10 23:07:59",14.1471933944908,0,50.9272740002115,0
"2018-05-10 23:08:59",11.0631479015307,0,44.5956195776441,0
"2018-05-10 23:09:59",12.810595198896,0,50.555660855822,0
"2018-05-10 23:10:59",14.2872700054876,0,65.8708919408148,0
"2018-05-10 23:11:59",10.597965750515,0,44.9701371482822,0
"2018-05-10 23:12:59",16.4122322721124,0,56.2608948255917,0
"2018-05-10 23:13:59",9.74448009330991,0,45.1593939348421,0
"2018-05-10 23:14:59",10.9473842021764,0,53.0476308456421,0
"2018-05-10 23:15:59",12.2643046061328,0,55.3053827435822,0
"2018-05-10 23:16:59",19.1728235535127,0,57.9946395158411,0
"2018-05-10 23:17:59",9.2546829405181,0,46.7277762285827,0
"2018-05-10 23:18:59",12.5528919123475,0,38.0043801627183,0
"2018-05-10 23:19:59",7.19870994853447,0,47.1986916664924,0
"2018-05-10 23:20:59",9.30531621074923,0,42.7365770700613,0
"2018-05-10 23:21:59",10.7715754181565,0,52.21031211766,0
"2018-05-10 23:22:59",12.7464649054309,0,37.1941768768926,0
"2018-05-10 23:23:59",9.19319239756117,0,43.1116873234995,0
"2018-05-10 23:24:59",12.5432348397814,0,45.5897312309756,0
"2018-05-10 23:25:59",10.6485869693163,0,36.0230762698377,0
"2018-05-10 23:27:00",12.8195156960022,0,52.92428915431,0
"2018-05-10 23:28:00",14.1368301825822,0,58.5149714347623,0
"2018-05-10 23:29:00",10.8690163154872,0,46.9018401125852,0
"2018-05-10 23:30:00",17.044725479808,0,49.3425598534991,0
"2018-05-10 23:31:00",13.225463763043,0,49.486701738852,0
"2018-05-10 23:32:00",12.4471943094624,0,44.7107998920307,0
"2018-05-10 23:33:00",15.9614954025942,0,66.148375236108,0
"2018-05-10 23:34:00",18.1759149880942,0,48.9470137998745,0
"2018-05-10 23:35:00",11.5715088407922,0,47.6247831465867,0
"2018-05-10 23:36:00",13.3941242788756,0,41.686039014856,0
"2018-05-10 23:37:00",13.9344889330747,0,28.213681828101,0
"2018-05-10 23:38:00",17.0486166920212,0,47.5762179316589,0
"2018-05-10 23:39:00",16.3554827414147,0,62.5828613332842,0
"2018-05-10 23:40:00",13.794298502301,0,37.7479112322168,0
"2018-05-10 23:41:00",20.1005765207327,0,52.5649733703499,0
"2018-05-10 23:42:00",12.1235510252791,0,47.4454673308552,0
"2018-05-10 23:43:00",21.657296815808,0,34.5444003450527,0
"2018-05-10 23:44:00",15.312538653871,0,50.1481891415842,0
"2018-05-10 23:45:00",22.5567043576334,0,49.4696144714632,0
"2018-05-10 23:46:00",13.3891472295114,0,47.8431721843424,0
"2018-05-10 23:47:00",15.493997444385,0,36.4867858064878,0
"2018-05-10 23:48:00",11.4331835977533,0,47.4036415293815,0
"2018-05-10 23:49:01",18.1917922007581,0,45.4949762265209,0
"2018-05-10 23:50:01",16.296613531584,0,49.4540849929796,0
"2018-05-10 23:51:01",16.0159539970672,0,91.9507494303102,0
"2018-05-10 23:52:01",12.4114760914169,0,47.1911810947769,0
"2018-05-10 23:53:01",12.3629157650986,0,41.66154606033,0
"2018-05-10 23:54:01",15.3582973453012,0,50.0066836274585,0
"2018-05-10 23:55:01",14.8726682010382,0,59.466593204118,0
"2018-05-10 23:56:01",20.8317876662266,0,65.9128630104103,0
"2018-05-10 23:57:01",11.9918352991277,0,44.3974022710832,0
"2018-05-10 23:58:01",14.5773866872287,0,33.3471360374947,0
"2018-05-10 23:59:01",11.2573108643813,0,44.8263259004025,0
"2018-05-11 00:00:01",15.0332145843421,0,43.7441937972099,0
"2018-05-11 00:00:16",20.6513091377116,0,45.0512476778981,0
"2018-05-11 00:01:01",14.0793852773734,0,54.2449305370819,0
"2018-05-11 00:02:01",14.0722517825362,0,52.295843574386,0
"2018-05-11 00:03:01",10.7669352311662,0,40.080826292072,0
"2018-05-11 00:04:01",18.1503526794948,0,62.0823255897358,0
"2018-05-11 00:05:01",14.0068364544,0,178.743801802518,0
"2018-05-11 00:06:01",23.6589628178475,0,39.595255358361,0
"2018-05-11 00:07:01",19.2069408633677,0,41.7742694800748,0
"2018-05-11 00:08:01",14.2413209008667,0,44.1224557080384,0
"2018-05-11 00:09:01",26.4285123399019,0,60.5756667389502,0
"2018-05-11 00:10:01",12.3401340286099,0,47.3964038072484,0
"2018-05-11 00:11:01",21.5581892391286,0,46.2418666721415,0
"2018-05-11 00:12:01",12.425651866247,0,34.5213683377053,0
"2018-05-11 00:13:01",17.9045637955773,0,39.5642805216121,0
"2018-05-11 00:14:02",12.3683262528248,0,38.4869998828348,0
"2018-05-11 00:15:02",16.0601183905167,0,44.3172386351534,0
"2018-05-11 00:16:02",15.7354409043456,0,50.4174684138851,0
"2018-05-11 00:17:02",25.302966936713,0,54.4259871913575,0
"2018-05-11 00:18:02",13.6569358121232,0,43.7907970463828,0
"2018-05-11 00:19:02",10.845060860752,0,55.2399581219013,0
"2018-05-11 00:20:02",11.7844867305892,0,46.2432429247344,0
"2018-05-11 00:21:02",7.66093311323775,0,52.4241882446433,0
"2018-05-11 00:22:02",29.759538870997,0,55.1298532688945,0
"2018-05-11 00:23:02",11.3476399209913,0,43.8047256269273,0
"2018-05-11 00:24:02",13.5456511716291,0,36.6485176939053,0
"2018-05-11 00:25:02",6.25827593511776,0,57.7074775307124,0
"2018-05-11 00:26:02",7.46386804343288,0,49.2185037015759,0
"2018-05-11 00:27:02",10.1453025780334,0,60.6740132835705,0
"2018-05-11 00:28:02",24.1613670593392,0,55.6244548549241,0
"2018-05-11 00:29:02",12.0106741453767,0,50.9164697038753,0
"2018-05-11 00:30:02",15.912707267681,0,44.1581821401101,0
"2018-05-11 00:31:02",15.1879283734697,0,40.4057879343575,0
"2018-05-11 00:32:02",13.1425558009279,0,48.5323480020845,0
"2018-05-11 00:33:02",20.1434277282109,0,73.2993898591536,0
"2018-05-11 00:34:02",12.9375275320578,0,49.4865354896188,0
"2018-05-11 00:35:02",18.8743151159833,0,47.8294821249591,0
"2018-05-11 00:36:02",10.6282619175169,0,50.3653217689413,0
"2018-05-11 00:37:02",14.4506187246215,0,44.8748023150067,0
"2018-05-11 00:38:02",14.041193103592,0,54.8753993764493,0
"2018-05-11 00:39:02",19.593341475255,0,69.6024535121515,0
"2018-05-11 00:40:02",13.6684422964541,0,45.4304167996632,0
"2018-05-11 00:41:02",13.7870484199347,0,42.5540759012387,0
"2018-05-11 00:42:02",13.8907696020722,0,48.9349194942053,0
"2018-05-11 00:43:02",11.7674832238166,0,54.5970889154702,0
"2018-05-11 00:44:02",17.4094893974304,0,61.273315168581,0
"2018-05-11 00:45:02",14.9262564252227,0,43.0783312075621,0
"2018-05-11 00:46:03",18.1642389565622,0,43.2115658543527,0
"2018-05-11 00:47:03",10.4557223839182,0,46.7607795010908,0
"2018-05-11 00:48:03",15.4021191139614,0,45.8478392408262,0
"2018-05-11 00:49:03",9.45585128044122,0,47.3026864821025,0
"2018-05-11 00:50:03",11.632055336025,0,232.12204016196,1
"2018-05-11 00:51:03",11.0595287702126,0,53.8608241155892,0
"2018-05-11 00:52:03",10.197203269485,0,48.0698642360082,0
"2018-05-11 00:53:03",9.60900080988615,0,44.7259210617987,0
"2018-05-11 00:54:03",8.76335984370798,0,54.4193038925186,0
"2018-05-11 00:55:03",13.4848579896203,0,48.9876211675835,0
"2018-05-11 00:56:03",18.1972644341334,0,38.8020181798729,0
"2018-05-11 00:57:03",17.4361594653895,0,35.3968972256139,0
"2018-05-11 00:58:03",16.6557567304066,0,44.4895934683799,0
"2018-05-11 00:59:03",19.8319992279193,0,41.8850202925968,0
"2018-05-11 01:00:03",14.1350259930658,0,43.5109625055195,0
"2018-05-11 01:01:03",20.8976972024797,0,51.8994936829357,0
"2018-05-11 01:02:03",12.9649884370104,0,46.2714913024128,0
"2018-05-11 01:03:03",12.6491614870329,0,202.097595355886,1
"2018-05-11 01:04:03",13.6862683158911,0,44.2793829427081,0
"2018-05-11 01:05:03",25.2181990580567,0,148.18536840028,0
"2018-05-11 01:06:03",16.4030890371969,0,54.5646521191311,0
"2018-05-11 01:07:03",21.6437464147559,0,47.9055366228939,0
"2018-05-11 01:08:03",11.2041923779798,0,43.2829528849921,0
"2018-05-11 01:09:03",12.2582398044169,0,36.7311056928355,0
"2018-05-11 01:10:03",10.2590489328859,0,28.9244527998254,0
"2018-05-11 01:11:03",10.3555110099899,0,43.80555557938,0
"2018-05-11 01:12:03",16.0669131428673,0,52.8627322267807,0
"2018-05-11 01:13:03",12.5962144191537,0,38.2427246521765,0
"2018-05-11 01:14:03",16.6717779324536,0,30.7459268150637,0
"2018-05-11 01:15:03",8.39656481461674,0,43.9300525606789,0
"2018-05-11 01:16:03",14.1877605104355,0,214.55365378853,1
"2018-05-11 01:17:04",12.3667192674701,0,51.6047984962305,0
"2018-05-11 01:18:04",24.3379121514633,0,57.8458299405616,0
"2018-05-11 01:19:04",8.99087542468569,0,41.3449084692613,0
"2018-05-11 01:20:04",11.5887778345092,0,39.5200312279092,0
"2018-05-11 01:21:04",12.6644398855624,0,32.7030140439769,0
"2018-05-11 01:22:04",9.29523289241481,0,38.8660330258697,0
"2018-05-11 01:23:04",14.7752748907938,0,58.8621346680379,0
"2018-05-11 01:24:04",12.6244004958354,0,35.2907629252764,0
"2018-05-11 01:25:04",14.819872545006,0,43.3313810295148,0
"2018-05-11 01:26:04",14.1648839728908,0,47.0726859768292,0
"2018-05-11 01:27:04",15.3464813598584,0,40.570872706055,0
"2018-05-11 01:28:04",13.4552535776253,0,57.0284576911058,0
"2018-05-11 01:29:04",24.0706392069673,0,78.4546786526515,0
"2018-05-11 01:30:04",13.5498999428,0,39.3570686264507,0
"2018-05-11 01:31:04",13.9921820370191,0,39.772725363683,0
"2018-05-11 01:32:04",12.6051649718409,0,39.2669228463054,0
"2018-05-11 01:33:04",10.3531982189298,0,38.0236243666531,0
"2018-05-11 01:34:04",10.7302890106787,0,58.2147471673382,0
"2018-05-11 01:35:04",14.3984238685654,0,38.4945560748237,0
"2018-05-11 01:36:04",13.645035982135,0,26.3064901625873,0
"2018-05-11 01:37:04",13.6587630061702,0,63.5133762788757,0
"2018-05-11 01:38:04",18.0829114630559,0,42.6240066832439,0
"2018-05-11 01:39:04",13.5488029104411,0,40.9687423969395,0
"2018-05-11 01:40:05",23.3865623582202,0,55.5808615984124,0
"2018-05-11 01:41:05",12.0743002700415,0,44.5317891523837,0
"2018-05-11 01:42:05",19.5315274924061,0,52.5456161059326,0
"2018-05-11 01:43:05",13.9870021718486,0,38.776900758356,0
"2018-05-11 01:44:05",16.9428468995747,0,33.6225842823021,0
"2018-05-11 01:45:05",14.4777204686283,0,47.7281614409746,0
"2018-05-11 01:46:05",21.2058187835108,0,39.7254725075743,0
"2018-05-11 01:47:05",10.81197710311,0,31.2855184566132,0
"2018-05-11 01:48:05",13.5455451192298,0,28.6591050412003,0
"2018-05-11 01:49:05",14.5146075786111,0,33.4432894998673,0
"2018-05-11 01:50:05",12.9145021115177,0,38.5692424051376,0
"2018-05-11 01:51:05",14.2074827231042,0,43.4912037906402,0
"2018-05-11 01:52:05",12.1769830476163,0,35.656770969799,0
"2018-05-11 01:53:05",18.0238172075422,0,34.3868084350548,0
"2018-05-11 01:54:05",8.71611153377609,0,46.3740818217113,0
"2018-05-11 01:55:05",12.5555594736737,0,51.1388566938521,0
"2018-05-11 01:56:05",13.2610060568187,0,40.7878366338456,0
"2018-05-11 01:57:05",20.8121587803556,0,39.4440362987136,0
"2018-05-11 01:58:05",11.3901553692699,0,34.7725352142107,0
"2018-05-11 01:59:05",13.5832845842756,0,38.6371702634249,0
"2018-05-11 02:00:05",11.6114868254266,0,36.3107265193375,0
"2018-05-11 02:01:05",14.4291564966833,0,46.3984265237583,0
"2018-05-11 02:02:05",14.271191835903,0,56.4519595179283,0
"2018-05-11 02:03:05",16.654496821613,0,57.9512251211342,0
"2018-05-11 02:04:05",17.3875599822875,0,50.5740984493169,0
"2018-05-11 02:05:05",15.4078027110286,0,50.6572653165005,0
"2018-05-11 02:06:05",22.47260219384,0,46.7147012338214,0
"2018-05-11 02:07:05",15.8918050565284,0,47.9814545972723,0
"2018-05-11 02:08:06",28.8066429579774,0,43.2807588048364,0
"2018-05-11 02:09:06",15.4747038427756,0,54.6763851704416,0
"2018-05-11 02:10:06",22.0238540436284,0,40.8429625314584,0
"2018-05-11 02:11:06",21.0576270487563,0,50.7231430112453,0
"2018-05-11 02:12:06",34.0382460467995,0,46.3685248293931,0
"2018-05-11 02:13:06",16.0973815221345,0,37.4306248099447,0
"2018-05-11 02:14:06",16.357729581653,0,38.9379513911387,0
"2018-05-11 02:15:06",15.6892162479351,0,36.6564588333734,0
"2018-05-11 02:16:06",17.5121291545766,0,45.3311484661102,0
"2018-05-11 02:17:06",17.9007508989578,0,53.8001045426716,0
"2018-05-11 02:18:06",12.57542283202,0,53.7694822553242,0
"2018-05-11 02:19:06",24.3239335329272,0,59.0539455470088,0
"2018-05-11 02:20:06",13.7772322592185,0,50.5893409330195,0
"2018-05-11 02:21:06",27.2555179663462,0,57.8575532632526,0
"2018-05-11 02:22:06",14.7560062852232,0,54.921196328056,0
"2018-05-11 02:23:06",25.3085855576177,0,45.6176440630575,0
"2018-05-11 02:24:06",14.8542420057752,0,45.6071955469409,0
"2018-05-11 02:25:06",17.8527011067027,0,45.0880773713392,0
"2018-05-11 02:26:06",14.2569783562475,0,45.8583887491299,0
"2018-05-11 02:27:06",14.4611490691479,0,59.6906197099959,0
"2018-05-11 02:28:06",16.6014391681079,0,57.1511994476605,0
"2018-05-11 02:29:06",12.9535004965712,0,42.0543331594343,0
"2018-05-11 02:30:06",15.2375610955505,0,33.6490848619261,0
"2018-05-11 02:31:06",13.3203349849671,0,37.4966273234329,0
"2018-05-11 02:32:06",23.5367808327493,0,28.0849684442019,0
"2018-05-11 02:33:06",14.4701094420738,0,49.5600038432613,0
"2018-05-11 02:34:06",23.7027901464879,0,50.3325590623075,0
"2018-05-11 02:35:06",16.6421465269608,0,33.1337889830561,0
"2018-05-11 02:36:07",23.5006620399452,0,36.0771192584468,0
"2018-05-11 02:37:07",19.3470125902674,0,35.6289023317224,0
"2018-05-11 02:38:07",18.6485021593713,0,34.3079366531273,0
"2018-05-11 02:39:07",20.9637976255441,0,39.2960377997954,0
"2018-05-11 02:40:07",25.7263602947134,0,34.4206159604683,0
"2018-05-11 02:41:07",25.2720985560388,0,32.0651774133617,0
"2018-05-11 02:42:07",27.2717200064634,0,32.5678238989399,0
"2018-05-11 02:43:07",28.3715669060844,0,27.9208619370596,0
"2018-05-11 02:44:07",25.1371712409151,0,33.5817448382829,0
"2018-05-11 02:45:07",29.2605892415084,0,37.7540823352041,0
"2018-05-11 02:46:07",20.3266957424599,0,46.2242749358947,0
"2018-05-11 02:47:07",27.7429431500003,0,24.8153381627875,0
"2018-05-11 02:48:07",20.8744913082238,0,35.4032813209751,0
"2018-05-11 02:49:07",20.815659593388,0,32.0117750522892,0
"2018-05-11 02:50:07",20.9226542282509,0,37.8010658672379,0
"2018-05-11 02:51:07",25.4280814686159,0,28.260774753023,0
"2018-05-11 02:52:07",19.8928317969683,0,28.7006396073156,0
"2018-05-11 02:53:07",17.6035815316116,0,31.0901977120202,0
"2018-05-11 02:54:07",17.2037208615079,0,28.9916539232506,0
"2018-05-11 02:55:07",16.2486411741397,0,44.6770085721721,0
"2018-05-11 02:56:07",17.1835891766211,0,40.3516976145999,0
"2018-05-11 02:57:07",15.7068300003746,0,31.7257038277966,0
"2018-05-11 02:58:07",16.0854231217901,0,45.4078404999373,0
"2018-05-11 02:59:07",11.1296586022114,0,54.6399544042576,0
"2018-05-11 03:00:07",21.5326902765078,0,38.2656679178003,0
"2018-05-11 03:01:08",16.9046170560566,0,37.5787955322625,0
"2018-05-11 03:02:08",30.757117598001,0,37.6931377100155,0
"2018-05-11 03:03:08",13.6206403119977,0,30.5024279168471,0
"2018-05-11 03:04:08",15.5014199081742,0,34.5725930289823,0
"2018-05-11 03:05:08",13.90616906333,0,28.8097087890133,0
"2018-05-11 03:06:08",20.2236736627043,0,148.114515052445,0
"2018-05-11 03:07:08",17.2374507654607,0,55.4481115311105,0
"2018-05-11 03:08:08",11.6156011809499,0,35.768692128533,0
"2018-05-11 03:09:08",11.243963328208,0,34.2145588288921,0
"2018-05-11 03:10:08",7.76378991541087,0,41.8781300478785,0
"2018-05-11 03:11:08",12.9412849966336,0,46.8922427005588,0
"2018-05-11 03:12:08",10.2798852028432,0,38.4974851189456,0
"2018-05-11 03:13:08",22.7509146408009,0,42.0546762957072,0
"2018-05-11 03:14:08",9.16371908955346,0,40.9420900065317,0
"2018-05-11 03:15:08",12.4113328890518,0,28.220415365602,0
"2018-05-11 03:16:08",7.36361122775597,0,36.9285900512137,0
"2018-05-11 03:17:08",12.7091458382606,0,30.2572102285304,0
"2018-05-11 03:18:08",7.60515798121644,0,40.2704910737663,0
"2018-05-11 03:19:08",10.6023209532886,0,50.872266870718,0
"2018-05-11 03:20:08",9.50810542627222,0,44.6907663599964,0
"2018-05-11 03:21:08",8.73810153062048,0,38.2152467529457,0
"2018-05-11 03:22:08",10.8909392697407,0,34.3868077844804,0
"2018-05-11 03:23:08",9.7031205039482,0,38.1667783853823,0
"2018-05-11 03:24:08",8.42741130417035,0,74.4067766420739,0
"2018-05-11 03:25:08",7.01110863616031,0,40.0019860649493,0
"2018-05-11 03:26:08",18.9212329898673,0,34.1459688002687,0
"2018-05-11 03:27:08",11.6546297340997,0,41.4669303070042,0
"2018-05-11 03:28:09",14.2522919177747,0,36.4603059582836,0
"2018-05-11 03:29:09",14.0426682318284,0,51.6256027239891,0
"2018-05-11 03:30:09",14.3863475529419,0,33.3430749563772,0
"2018-05-11 03:31:09",7.2522110781488,0,35.2390121725101,0
"2018-05-11 03:32:09",10.5312029648361,0,34.2128548394,0
"2018-05-11 03:33:09",12.1960534348834,0,34.3594278115704,0
"2018-05-11 03:34:09",18.2920153776459,0,40.751283335597,0
"2018-05-11 03:35:09",16.0875627746292,0,38.1836298832272,0
"2018-05-11 03:36:09",14.1016044445752,0,36.031748840549,0
"2018-05-11 03:37:09",21.5062481960689,0,30.3766825894117,0
"2018-05-11 03:38:09",12.1064620099533,0,35.7488339020977,0
"2018-05-11 03:39:09",22.6454622006413,0,40.7669983983188,0
"2018-05-11 03:40:09",17.0018904972375,0,46.4967431836013,0
"2018-05-11 03:41:09",30.1195854365389,0,40.502345770374,0
"2018-05-11 03:42:09",13.1885481907764,0,37.2205138220314,0
"2018-05-11 03:43:09",13.9370743911541,0,29.245784344422,0
"2018-05-11 03:44:09",10.0981202843308,0,46.4116876203735,0
"2018-05-11 03:45:09",13.5087193881402,0,32.5847503880066,0
"2018-05-11 03:46:09",16.4797796623744,0,50.6035212703278,0
"2018-05-11 03:47:09",17.3914523104302,0,32.5696834842267,0
"2018-05-11 03:48:09",15.2879021477378,0,30.4252609809843,0
"2018-05-11 03:49:09",11.7207462748918,0,39.5405661474756,0
"2018-05-11 03:50:09",21.8765614106292,0,41.7985122717352,0
"2018-05-11 03:51:09",14.3375121977479,0,52.2964496698827,0
"2018-05-11 03:52:10",22.3786902069834,0,27.9919389394323,0
"2018-05-11 03:53:10",11.376491376348,0,35.3620616822524,0
"2018-05-11 03:54:10",13.6719769159607,0,27.4421457544203,0
"2018-05-11 03:55:10",10.7235745874342,0,31.265657893765,0
"2018-05-11 03:56:10",12.6172317068907,0,28.2629184900626,0
"2018-05-11 03:57:10",12.7960555908439,0,44.6049640432554,0
"2018-05-11 03:58:10",14.5665664928615,0,26.7604017429323,0
"2018-05-11 03:59:10",11.8670209225558,0,28.7487548015305,0
"2018-05-11 04:00:10",11.8930104552344,0,25.29519455822,0
"2018-05-11 04:01:10",12.8028949348951,0,22.1850222368915,0
"2018-05-11 04:02:10",12.3117241942237,0,35.9932762687034,0
"2018-05-11 04:03:10",16.5516733488448,0,45.030754609445,0
"2018-05-11 04:04:10",13.3991702040403,0,53.9311189839513,0
"2018-05-11 04:05:10",21.7437270254816,0,41.3769475665867,0
"2018-05-11 04:06:10",14.8038772605995,0,51.4137495503168,0
"2018-05-11 04:07:10",30.6989530697333,0,39.4297372160829,0
"2018-05-11 04:08:10",19.8029840401791,0,33.7240141766243,0
"2018-05-11 04:09:10",18.6919088573689,0,31.5541732845479,0
"2018-05-11 04:10:10",17.0594037346173,0,106.82466035475,0
"2018-05-11 04:11:10",18.6238945559756,0,36.3549267402704,0
"2018-05-11 04:12:10",18.9302571679648,0,39.0456391697954,0
"2018-05-11 04:13:10",25.9870037266104,0,39.9651350787075,0
"2018-05-11 04:14:10",20.4318348058875,0,43.4446802084566,0
"2018-05-11 04:15:10",14.1949398392856,0,42.2730464999624,0
"2018-05-11 04:16:10",19.7327875155395,0,36.0655992459245,0
"2018-05-11 04:17:10",14.3169214448081,0,44.4830598053156,0
"2018-05-11 04:18:10",24.1336431688233,0,41.7855359383065,0
"2018-05-11 04:19:10",12.0826116443526,0,47.3594406773754,0
"2018-05-11 04:20:10",19.976936754942,0,41.8961984941925,0
"2018-05-11 04:21:10",14.0162368797325,0,43.6362505917936,0
"2018-05-11 04:22:11",15.1624566244078,0,41.6360288611951,0
"2018-05-11 04:23:11",15.4399795388753,0,49.507140353387,0
"2018-05-11 04:24:11",22.562995311744,0,52.2154632723122,0
"2018-05-11 04:25:11",11.6739709237075,0,42.5014192738046,0
"2018-05-11 04:26:11",12.7860498522969,0,39.4521266894123,0
"2018-05-11 04:27:11",13.1137365795271,0,44.7023498475517,0
"2018-05-11 04:28:11",13.481145185948,0,42.6579931866735,0
"2018-05-11 04:29:11",16.5119296675762,0,54.0200949785425,0
"2018-05-11 04:30:11",9.65276968314356,0,39.7582491097593,0
"2018-05-11 04:31:11",20.4158107065686,0,32.8807057197257,0
"2018-05-11 04:32:11",12.8174693491727,0,35.9187445999122,0
"2018-05-11 04:33:11",12.3367382813038,0,39.1472633556147,0
"2018-05-11 04:34:11",14.423840557891,0,32.6159536019456,0
"2018-05-11 04:35:11",17.0213776990978,0,41.8266931291297,0
"2018-05-11 04:36:11",13.000731396688,0,34.025304054338,0
"2018-05-11 04:37:11",18.9776854958154,0,35.4845280224623,0
"2018-05-11 04:38:11",17.8779691714619,0,29.6570089967906,0
"2018-05-11 04:39:11",20.9639552800136,0,31.5091067435804,0
"2018-05-11 04:40:11",20.5088115171903,0,39.1588262596293,0
"2018-05-11 04:41:11",19.5732790046947,0,33.2697492103847,0
"2018-05-11 04:42:11",24.4998387849302,0,31.1289250620446,0
"2018-05-11 04:43:11",16.306542730646,0,36.2923807368745,0
"2018-05-11 04:44:11",17.171747697736,0,38.9450773511294,0
"2018-05-11 04:45:11",15.3922804724675,0,41.0185595662915,0
"2018-05-11 04:46:11",21.7818915002908,0,38.3590337685377,0
"2018-05-11 04:47:12",16.1538538991939,0,35.9759089106255,0
"2018-05-11 04:48:12",16.7517029543505,0,30.0015844952205,0
"2018-05-11 04:49:12",16.2976934304232,0,27.0926759381742,0
"2018-05-11 04:50:12",20.4597517986594,0,36.4430960290329,0
"2018-05-11 04:51:12",21.8042304181372,0,48.3562556352906,0
"2018-05-11 04:52:12",15.5998047090699,0,56.9889953473604,0
"2018-05-11 04:53:12",15.7977055781354,0,28.4298625682205,0
"2018-05-11 04:54:12",12.8296543456228,0,32.8143052525308,0
"2018-05-11 04:55:12",14.8154251387786,0,33.0734496696073,0
"2018-05-11 04:56:12",9.98509819021576,0,42.3344930898573,0
"2018-05-11 04:57:12",15.4652606555351,0,42.7319915739826,0
"2018-05-11 04:58:12",14.6808034482545,0,34.9433504553721,0
"2018-05-11 04:59:12",19.3329257597689,0,48.1808272778028,0
"2018-05-11 05:00:12",12.4384196711277,0,35.1249053984078,0
"2018-05-11 05:01:12",14.9279551879733,0,31.7507838645432,0
"2018-05-11 05:02:12",11.9245586370736,0,37.7791376507821,0
"2018-05-11 05:03:12",19.1325402926149,0,35.9754902556751,0
"2018-05-11 05:04:12",12.4650589035481,0,29.3587904717977,0
"2018-05-11 05:05:12",10.7796480243037,0,36.4939326041296,0
"2018-05-11 05:06:12",11.6483065467933,0,33.9768674361351,0
"2018-05-11 05:07:12",17.7203180738473,0,138.637429396856,0
"2018-05-11 05:08:12",14.9719367565537,0,42.6086801003838,0
"2018-05-11 05:09:12",8.07507617284976,0,37.5627378158114,0
"2018-05-11 05:10:12",12.5625747947384,0,45.5573144121749,0
"2018-05-11 05:11:12",7.926427898068,0,43.0100020910478,0
"2018-05-11 05:12:13",9.67780587424149,0,29.1850656876806,0
"2018-05-11 05:13:13",9.49501173290574,0,45.5063067302803,0
"2018-05-11 05:14:13",10.4633731391593,0,42.0026165068727,0
"2018-05-11 05:15:13",7.14603212548304,0,27.0275323316698,0
"2018-05-11 05:16:13",9.95562030619929,0,37.0309927929911,0
"2018-05-11 05:17:13",8.13804942551016,0,32.4309443283716,0
"2018-05-11 05:18:13",8.74820127071138,0,37.0880145471783,0
"2018-05-11 05:19:13",14.4645139846391,0,44.0492757130192,0
"2018-05-11 05:20:13",10.4938743270106,0,35.4703505135331,0
"2018-05-11 05:21:13",12.0788621423909,0,31.2854563262261,0
"2018-05-11 05:22:13",7.00149143126655,0,36.5291178859176,0
"2018-05-11 05:23:13",16.0635655096426,0,28.3902340011275,0
"2018-05-11 05:24:13",9.71494965183083,0,37.285548074345,0
"2018-05-11 05:25:13",17.3179601917904,0,42.1331051747893,0
"2018-05-11 05:26:13",7.35499297567871,0,34.7898844788274,0
"2018-05-11 05:27:13",11.5644025575938,0,28.3047303324824,0
"2018-05-11 05:28:13",8.84359246475146,0,22.4365357577766,0
"2018-05-11 05:29:13",9.71432351575647,0,32.519440982135,0
"2018-05-11 05:30:13",10.1692141808039,0,32.7849751468776,0
"2018-05-11 05:31:13",10.6901087831536,0,31.5426299779313,0
"2018-05-11 05:32:13",7.42866981831135,0,58.582461347802,0
"2018-05-11 05:33:13",8.88197116174631,0,34.8077858221812,0
"2018-05-11 05:34:13",11.2054910802061,0,32.9719088697059,0
"2018-05-11 05:35:13",6.87543321082457,0,38.4712115898808,0
"2018-05-11 05:36:13",10.9587553841571,0,55.2411102246796,0
"2018-05-11 05:37:13",8.34363508079463,0,107.36867782613,0
"2018-05-11 05:38:13",12.8555888501198,0,24.7949026849116,0
"2018-05-11 05:39:14",9.07129069785181,0,31.8341789948299,0
"2018-05-11 05:40:14",9.94152366302043,0,30.5702466206108,0
"2018-05-11 05:41:14",11.0599718851846,0,34.9682405304441,0
"2018-05-11 05:42:14",15.5777085761402,0,38.2468487745346,0
"2018-05-11 05:43:14",17.8691052617419,0,36.4758968667252,0
"2018-05-11 05:44:14",11.3013719864094,0,31.8949106422122,0
"2018-05-11 05:45:14",12.8527382699286,0,26.7447066909272,0
"2018-05-11 05:46:14",10.2668921140206,0,31.9926550498477,0
"2018-05-11 05:47:14",20.3650607354184,0,51.5439174446276,0
"2018-05-11 05:48:14",8.13314699822417,0,32.5154166946143,0
"2018-05-11 05:49:14",15.031730365273,0,32.6471499087883,0
"2018-05-11 05:50:14",10.8005100733337,0,56.6427457784962,0
"2018-05-11 05:51:14",11.6208672539351,0,30.7121666594047,0
"2018-05-11 05:52:14",10.9172605167913,0,42.1458278125619,0
"2018-05-11 05:53:14",13.6166237795478,0,33.9113529624888,0
"2018-05-11 05:54:14",8.81337032472445,0,32.6514108839799,0
"2018-05-11 05:55:14",9.02853844444564,0,36.941180337117,0
"2018-05-11 05:56:14",7.9362852293815,0,24.9843004733531,0
"2018-05-11 05:57:14",11.6840927679047,0,62.6179668096669,0
"2018-05-11 05:58:14",10.71270351478,0,44.8177214316432,0
"2018-05-11 05:59:14",9.10870960097254,0,32.2495137815314,0
"2018-05-11 06:00:14",12.6202257373296,0,47.1915643749569,0
"2018-05-11 06:01:14",7.89377155936124,0,35.7697003717519,0
"2018-05-11 06:02:14",15.9781163192144,0,38.4325943134501,0
"2018-05-11 06:03:14",10.6087268737438,0,123.529152380339,0
"2018-05-11 06:04:14",13.3766950499775,0,44.4524409326729,0
"2018-05-11 06:05:14",11.1224190607203,0,54.0344755829674,0
"2018-05-11 06:06:14",14.1574485272483,0,43.5409718873622,0
"2018-05-11 06:07:14",46.6797005347069,1,169.248438910677,0
"2018-05-11 06:08:15",20.4705251943451,0,35.3132791874623,0
"2018-05-11 06:09:15",14.2165487812921,0,40.0524670630463,0
"2018-05-11 06:10:15",13.4255397766541,0,33.5443692336425,0
"2018-05-11 06:11:15",15.0492691934442,0,30.6904822748939,0
"2018-05-11 06:12:15",11.5846543005055,0,36.7396864755345,0
"2018-05-11 06:13:15",16.8370289651322,0,47.04413321837,0
"2018-05-11 06:14:15",10.7845322439875,0,39.7923521759538,0
"2018-05-11 06:15:15",16.8063095002255,0,25.5347679438032,0
"2018-05-11 06:16:15",11.5442690341672,0,49.6399134662244,0
"2018-05-11 06:17:15",15.9903835565094,0,31.4679954910185,0
"2018-05-11 06:18:15",14.8367485964904,0,41.9112906245918,0
"2018-05-11 06:19:15",16.0193984487944,0,45.3695918088384,0
"2018-05-11 06:20:15",8.8203042194417,0,38.2387451873846,0
"2018-05-11 06:21:15",10.0066992952198,0,38.1609867582874,0
"2018-05-11 06:22:15",8.78242910708366,0,29.7654482914877,0
"2018-05-11 06:23:15",9.05880249722434,0,35.6737973286561,0
"2018-05-11 06:24:15",13.8332203742155,0,40.8139993822415,0
"2018-05-11 06:25:15",10.0815882327391,0,41.1557844152104,0
"2018-05-11 06:26:15",10.9863658218877,0,32.9001446781871,0
"2018-05-11 06:27:15",8.42370152530078,0,35.659612391632,0
"2018-05-11 06:28:15",15.7535450102504,0,53.8232652828551,0
"2018-05-11 06:29:15",5.30065414233851,0,120.212049112639,0
"2018-05-11 06:30:15",10.2046260548322,0,47.7425361587029,0
"2018-05-11 06:31:15",11.6283640332631,0,42.0934778158225,0
"2018-05-11 06:32:15",13.499661614087,0,40.9630097851124,0
"2018-05-11 06:33:15",11.8823045714449,0,32.1565507803534,0
"2018-05-11 06:34:16",12.073655462808,0,40.3092382684795,0
"2018-05-11 06:35:16",14.4585897607894,0,43.0743544148075,0
"2018-05-11 06:36:16",17.965016855691,0,38.2518385741406,0
"2018-05-11 06:37:16",21.8552590473226,0,34.5897140359192,0
"2018-05-11 06:38:16",8.62533356280099,0,34.3973556807844,0
"2018-05-11 06:39:16",14.152858359753,0,32.4433289939694,0
"2018-05-11 06:40:16",7.39204789480092,0,41.4369457168994,0
"2018-05-11 06:41:16",15.686319381546,0,35.6938594594266,0
"2018-05-11 06:42:16",10.0439986488259,0,110.020943399277,0
"2018-05-11 06:43:16",11.7722465035308,0,31.2879406543589,0
"2018-05-11 06:44:16",12.3581120560206,0,35.1842836448968,0
"2018-05-11 06:45:16",13.3954222399123,0,33.0194626656609,0
"2018-05-11 06:46:16",8.91167624448353,0,41.2043234255942,0
"2018-05-11 06:47:16",17.6162575886902,0,38.2872967833334,0
"2018-05-11 06:48:16",11.5245519734159,0,29.2681363513341,0
"2018-05-11 06:49:16",8.53538067416604,0,39.8357088845488,0
"2018-05-11 06:50:16",10.9277670202421,0,26.3594018146301,0
"2018-05-11 06:51:16",10.811031598287,0,29.7882874391863,0
"2018-05-11 06:52:16",15.8282239088443,0,43.5416777374769,0
"2018-05-11 06:53:16",5.74960470804681,0,39.1161098732697,0
"2018-05-11 06:54:16",17.3478468131862,0,31.4736054219803,0
"2018-05-11 06:55:16",11.1688880048852,0,36.5073147799819,0
"2018-05-11 06:56:16",14.4093372770651,0,31.6999438165023,0
"2018-05-11 06:57:16",10.6763847417587,0,49.2323415915515,0
"2018-05-11 06:58:17",24.7109349453098,0,39.353010543652,0
"2018-05-11 06:59:17",8.61196294997142,0,30.776056653664,0
"2018-05-11 07:00:17",7.83135179413623,0,33.6897227062231,0
"2018-05-11 07:01:17",8.78407760600002,0,27.4083304388859,0
"2018-05-11 07:02:17",9.84677074515675,0,34.4889960687609,0
"2018-05-11 07:03:17",11.3877662439757,0,46.8753057856308,0
"2018-05-11 07:04:17",9.9695947593175,0,30.876695033257,0
"2018-05-11 07:05:17",7.19648435484708,0,41.216419185595,0
"2018-05-11 07:06:17",6.04844412417718,0,39.331562706353,0
"2018-05-11 07:07:17",17.6346130231111,0,30.8061712525896,0
"2018-05-11 07:08:17",7.25937469656135,0,50.1079440997652,0
"2018-05-11 07:09:17",7.82380450875961,0,50.0558513985514,0
"2018-05-11 07:10:17",5.76031721295145,0,36.0844536237721,0
"2018-05-11 07:11:17",7.45318383849952,0,26.2900714274779,0
"2018-05-11 07:12:17",4.8127719106226,0,33.4495072775448,0
"2018-05-11 07:13:17",6.74416070660572,0,28.3791515848676,0
"2018-05-11 07:14:17",4.88032365106052,0,39.0017351151854,0
"2018-05-11 07:15:17",7.08400159052823,0,26.2291230505564,0
"2018-05-11 07:16:17",5.20193354664986,0,22.6896054609796,0
"2018-05-11 07:17:17",5.91533298628287,0,27.2613222364652,0
"2018-05-11 07:18:17",6.31073479392,0,32.7210282033234,0
"2018-05-11 07:19:17",5.64788367649615,0,36.782264285538,0
"2018-05-11 07:20:17",14.48948967658,0,35.8380205890924,0
"2018-05-11 07:21:17",8.02044204713434,0,33.770535986947,0
"2018-05-11 07:22:17",11.3423340780683,0,26.5752359461232,0
"2018-05-11 07:23:18",6.27963851865319,0,32.2460383348735,0
"2018-05-11 07:24:18",10.7202587774255,0,35.9493739052674,0
"2018-05-11 07:25:18",6.99400744709384,0,40.1042124855421,0
"2018-05-11 07:26:18",11.9864738066855,0,31.3214310209484,0
"2018-05-11 07:27:18",4.4215278598946,0,28.1551646944412,0
"2018-05-11 07:28:18",7.94058804740277,0,29.9124665315991,0
"2018-05-11 07:29:18",9.77956044811195,0,22.9702855807101,0
"2018-05-11 07:30:18",8.0221205775158,0,30.0890146994922,0
"2018-05-11 07:31:18",14.1502644691967,0,32.4114882638648,0
"2018-05-11 07:32:18",6.59231176243617,0,37.1194821956794,0
"2018-05-11 07:33:18",11.9544265172058,0,30.2965687809344,0
"2018-05-11 07:34:18",5.46357432399006,0,39.3712849061522,0
"2018-05-11 07:35:18",9.63179492842255,0,31.5389513816276,0
"2018-05-11 07:36:18",10.7263193491242,0,48.015049822074,0
"2018-05-11 07:37:18",20.3001395484015,0,37.9180435990955,0
"2018-05-11 07:38:18",10.5691459606447,0,29.7247980213973,0
"2018-05-11 07:39:18",12.7635486705143,0,34.1624754941607,0
"2018-05-11 07:40:18",11.5409627636592,0,19.9598846432253,0
"2018-05-11 07:41:18",11.8025373474741,0,31.0523501931244,0
"2018-05-11 07:42:18",20.3102788006174,0,41.3001719584497,0
"2018-05-11 07:43:18",13.3673194521776,0,27.3696160437837,0
"2018-05-11 07:44:18",16.8161589888386,0,26.9472846304507,0
"2018-05-11 07:45:18",12.9838408512043,0,32.7859201874114,0
"2018-05-11 07:46:18",12.5612654045741,0,53.64085400026,0
"2018-05-11 07:47:18",14.1007409247268,0,47.1145588651943,0
"2018-05-11 07:48:18",15.9202094461004,0,52.0814738161708,0
"2018-05-11 07:49:18",15.3181527640431,0,30.1353454220379,0
"2018-05-11 07:50:19",12.2109105757521,0,63.77705263449,0
"2018-05-11 07:51:19",12.8638852816604,0,27.0701054163068,0
"2018-05-11 07:52:19",13.5093778996208,0,31.1104315119652,0
"2018-05-11 07:53:19",13.570758814475,0,48.3748700085641,0
"2018-05-11 07:54:19",14.7033009479404,0,26.8972780394782,0
"2018-05-11 07:55:19",14.7797359509835,0,31.3683184324041,0
"2018-05-11 07:56:19",11.9445768284222,0,36.7130359224028,0
"2018-05-11 07:57:19",15.1474991265253,0,24.3065674285597,0
"2018-05-11 07:58:19",11.9538875344606,0,32.0908153429005,0
"2018-05-11 07:59:19",26.5356261843497,0,39.9893158570485,0
"2018-05-11 08:00:19",9.06209605093603,0,30.12513175513,0
"2018-05-11 08:01:19",16.0656545750789,0,31.7973524328508,0
"2018-05-11 08:02:19",10.4579171993101,0,31.0677986010528,0
"2018-05-11 08:03:19",14.8725651159797,0,29.9444672876473,0
"2018-05-11 08:04:19",11.4934352930462,0,33.8013024575419,0
"2018-05-11 08:05:19",11.8570627188823,0,41.1034930184292,0
"2018-05-11 08:06:19",11.8213369757898,0,41.6412745020038,0
"2018-05-11 08:07:19",16.3523352927733,0,40.1645354045838,0
"2018-05-11 08:08:19",9.21046673691106,0,150.585699925442,0
"2018-05-11 08:09:19",30.5535224167944,0,31.8778686627631,0
"2018-05-11 08:10:19",17.8856170290321,0,22.8644876264331,0
"2018-05-11 08:11:19",14.5581470127785,0,28.6671077406953,0
"2018-05-11 08:12:20",15.6809270961999,0,41.9465017674273,0
"2018-05-11 08:13:20",12.7970131621852,0,40.4772005650497,0
"2018-05-11 08:14:20",21.0265176683002,0,30.6096622379541,0
"2018-05-11 08:15:20",13.2691693859155,0,25.817374031566,0
"2018-05-11 08:16:20",13.368594428961,0,33.6311682223665,0
"2018-05-11 08:17:20",10.6576872647915,0,24.9500167495547,0
"2018-05-11 08:18:20",14.727613776401,0,27.6053002191267,0
"2018-05-11 08:19:20",15.1276064291688,0,36.8482323270504,0
"2018-05-11 08:20:20",17.5064152542675,0,56.1391730763725,0
"2018-05-11 08:21:20",12.4989813102103,0,28.1603020225273,0
"2018-05-11 08:22:20",6.46583036018888,0,32.6275246558726,0
"2018-05-11 08:23:20",9.3030348217649,0,28.2234911614851,0
"2018-05-11 08:24:20",7.3090160701602,0,40.928101376839,0
"2018-05-11 08:25:20",14.2475924115133,0,37.8678255049013,0
"2018-05-11 08:26:20",5.36938311766998,0,39.3247223498578,0
"2018-05-11 08:27:20",13.9672004200933,0,28.8141399002521,0
"2018-05-11 08:28:20",5.29305304128331,0,39.3889571126597,0
"2018-05-11 08:29:20",6.66328685502881,0,34.1212955626233,0
"2018-05-11 08:30:20",7.75366073063942,0,48.6101875585677,0
"2018-05-11 08:31:20",15.0242720925659,0,37.0026836496927,0
"2018-05-11 08:32:20",9.29268619581928,0,38.110030213669,0
"2018-05-11 08:33:21",10.2613177940855,0,43.9589164830154,0
"2018-05-11 08:34:21",17.0504960282014,0,46.4422710803721,0
"2018-05-11 08:35:21",14.2029972886867,0,41.1589031037892,0
"2018-05-11 08:36:21",15.9554635022098,0,44.311656494035,0
"2018-05-11 08:37:21",17.5345212302419,0,39.0315581290954,0
"2018-05-11 08:38:21",22.4957448558588,0,30.6776013262833,0
"2018-05-11 08:39:21",16.8359203735271,0,34.4480804823376,0
"2018-05-11 08:40:21",19.3442075185117,0,44.0603991136994,0
"2018-05-11 08:41:21",7.83166695909887,0,31.6262999092818,0
"2018-05-11 08:42:21",15.8578426487947,0,40.0792212326588,0
"2018-05-11 08:43:21",13.6710104278408,0,30.0176359578918,0
"2018-05-11 08:44:21",18.0458332498776,0,33.7372753800413,0
"2018-05-11 08:45:21",17.6014533779927,0,26.7705443299729,0
"2018-05-11 08:46:21",17.383580753085,0,30.9336888098224,0
"2018-05-11 08:47:21",18.8031024190371,0,44.3919387155262,0
"2018-05-11 08:48:21",15.9251230153085,0,31.1238186661535,0
"2018-05-11 08:49:21",22.7433630853937,0,42.0525471964982,0
"2018-05-11 08:50:21",14.3188786981298,0,33.3873168824874,0
"2018-05-11 08:51:21",22.3127407197879,0,30.663120605278,0
"2018-05-11 08:52:21",9.8822271688061,0,37.5418186788351,0
"2018-05-11 08:53:21",18.1379181524611,0,39.3841093149846,0
"2018-05-11 08:54:22",12.3647855491963,0,33.7286430292604,0
"2018-05-11 08:55:22",12.7651729067511,0,32.1444879163904,0
"2018-05-11 08:56:22",10.2560174338134,0,35.3073463635814,0
"2018-05-11 08:57:22",10.3588014289357,0,33.2191303240201,0
"2018-05-11 08:58:22",8.33291311624254,0,44.4611039881087,0
"2018-05-11 08:59:22",11.9390966746766,0,38.9849701335261,0
"2018-05-11 09:00:22",8.76217257023849,0,29.7460790016717,0
"2018-05-11 09:01:22",8.7215834259583,0,32.9374272357437,0
"2018-05-11 09:02:22",8.78213164050087,0,29.1346399439604,0
"2018-05-11 09:03:22",6.33208990270812,0,39.8421163107719,0
"2018-05-11 09:04:22",17.3252188282119,0,40.7548271832611,0
"2018-05-11 09:05:22",5.57219063757486,0,38.508269047148,0
"2018-05-11 09:06:22",10.0090397375609,0,35.612705593402,0
"2018-05-11 09:07:22",5.19343276201216,0,37.7906396887026,0
"2018-05-11 09:08:22",8.14843561721023,0,37.0597530147934,0
"2018-05-11 09:09:22",5.7838864589065,0,42.087667251807,0
"2018-05-11 09:10:22",13.9664452336701,0,39.9981577142102,0
"2018-05-11 09:11:22",4.21037527784561,0,31.8223044766048,0
"2018-05-11 09:12:22",5.23138637605681,0,33.4215987871174,0
"2018-05-11 09:13:22",7.39678212918882,0,66.6543373439427,0
"2018-05-11 09:14:23",4.15329997036416,0,32.19865438684,0
"2018-05-11 09:15:23",9.57936118427319,0,50.6216644196034,0
"2018-05-11 09:16:23",4.67492451173112,0,30.8332874707321,0
"2018-05-11 09:17:23",10.6069390693385,0,26.7617257239201,0
"2018-05-11 09:18:23",2.83981100028826,0,37.2621715397121,0
"2018-05-11 09:19:23",5.72547209450798,0,42.4623182579178,0
"2018-05-11 09:20:23",6.35974078180533,0,37.9653030255175,0
"2018-05-11 09:21:23",13.681814715498,0,45.0350206315471,0
"2018-05-11 09:22:23",4.07182575189766,0,36.1828910015921,0
"2018-05-11 09:23:23",8.46351460985295,0,31.4783773504415,0
"2018-05-11 09:24:23",4.72548888739253,0,27.6297488026007,0
"2018-05-11 09:25:23",5.71207348673336,0,28.9890002711157,0
"2018-05-11 09:26:23",6.22387869730762,0,31.5877111482472,0
"2018-05-11 09:27:23",6.87077946845067,0,77.3181351358716,0
"2018-05-11 09:28:23",10.9341326638785,0,35.7252964404036,0
"2018-05-11 09:29:23",8.84751715201433,0,29.4649835447974,0
"2018-05-11 09:30:23",10.2695203044427,0,27.1438139955703,0
"2018-05-11 09:31:23",3.5290994128634,0,40.2266938644824,0
"2018-05-11 09:32:23",7.76277307359362,0,37.5879293786448,0
"2018-05-11 09:33:23",4.52559566104782,0,32.3520679732582,0
"2018-05-11 09:34:23",8.65972969318924,0,26.9580769958606,0
"2018-05-11 09:35:23",5.84547677865777,0,27.4214558295494,0
"2018-05-11 09:36:23",7.64632680814106,0,32.9226333452817,0
"2018-05-11 09:37:23",6.68410947205618,0,36.1554431119916,0
"2018-05-11 09:38:23",13.5457870427899,0,29.5517844573164,0
"2018-05-11 09:39:23",9.10004075675012,0,31.5955883869273,0
"2018-05-11 09:40:24",8.88784181379645,0,29.6666911542114,0
"2018-05-11 09:41:24",13.2808575703291,0,37.2949034789151,0
"2018-05-11 09:42:24",10.7908979244476,0,28.5562858662505,0
"2018-05-11 09:43:24",14.9770566621193,0,28.7624761418888,0
"2018-05-11 09:44:24",6.7226726824858,0,33.6581449915655,0
"2018-05-11 09:45:24",12.1143104516363,0,21.2373306038398,0
"2018-05-11 09:46:24",8.25532863768286,0,34.5376992320989,0
"2018-05-11 09:47:24",16.9512995858508,0,32.3933631945603,0
"2018-05-11 09:48:24",9.5827705695274,0,33.6808796611145,0
"2018-05-11 09:49:24",19.2442037508764,0,26.5882854175989,0
"2018-05-11 09:50:24",9.49000657404995,0,22.1755582394,0
"2018-05-11 09:51:24",9.4588144721432,0,34.3326823599754,0
"2018-05-11 09:52:24",11.2245478929292,0,33.5373845845934,0
"2018-05-11 09:53:24",10.5766538483231,0,27.5450162057345,0
"2018-05-11 09:54:24",8.56482000594397,0,31.4359789669044,0
"2018-05-11 09:55:24",7.0779290303494,0,30.110139691987,0
"2018-05-11 09:56:24",16.6192251439899,0,36.074505554036,0
"2018-05-11 09:57:24",7.67177492726995,0,35.7368521039751,0
"2018-05-11 09:58:24",19.1173204488059,0,225.35898084128,1
"2018-05-11 09:59:24",8.6798636161241,0,38.4463594062334,0
"2018-05-11 10:00:24",10.3677922405186,0,35.6018783135129,0
"2018-05-11 10:01:24",6.60747213382567,0,24.0818934345008,0
"2018-05-11 10:02:24",7.62352526049612,0,27.2835365016521,0
"2018-05-11 10:03:24",7.80214524470001,0,28.7002378678771,0
"2018-05-11 10:04:25",7.70886276661064,0,29.1401799107283,0
"2018-05-11 10:05:25",10.8675598479505,0,46.7321403554209,0
"2018-05-11 10:06:25",6.89434786786172,0,26.9177643506121,0
"2018-05-11 10:07:25",10.3631786920479,0,30.1348349868703,0
"2018-05-11 10:08:25",71.0540002988648,1,126.584493404707,0
"2018-05-11 10:09:25",21.6422938583939,0,34.2474327018472,0
"2018-05-11 10:10:25",108.3363117661,1,89.2918238395998,0
"2018-05-11 10:11:25",12.0043969406406,0,116.192975926627,0
"2018-05-11 10:12:25",11.7144778651325,0,34.8420150331358,0
"2018-05-11 10:13:25",14.7089938137939,0,31.804969679692,0
"2018-05-11 10:14:25",11.5478546463807,0,40.8707674153879,0
"2018-05-11 10:15:25",11.4605464318692,0,32.1260737656031,0
"2018-05-11 10:16:25",175.728434453687,1,143.685223618953,0
"2018-05-11 10:17:25",12.9772831344017,0,30.1198146766113,0
"2018-05-11 10:18:25",11.6429123511061,0,29.0691415821064,0
"2018-05-11 10:19:25",12.428333720482,0,35.6334752332799,0
"2018-05-11 10:20:25",12.6492427624044,0,33.5492074991271,0
"2018-05-11 10:21:25",12.6940536291453,0,38.9722258362555,0
"2018-05-11 10:22:25",18.0536667731978,0,48.463768036558,0
"2018-05-11 10:23:25",8.25087094059556,0,35.9000016594688,0
"2018-05-11 10:24:25",9.47834937237767,0,188.165612760537,0
"2018-05-11 10:25:25",7.78795227798077,0,31.6517671853427,0
"2018-05-11 10:26:25",6.55960704545098,0,26.0749388294317,0
"2018-05-11 10:27:25",15.72541787611,0,51.6575676148144,0
"2018-05-11 10:28:25",15.3821747738448,0,33.3616963150518,0
"2018-05-11 10:29:26",6.47295503489687,0,33.8310808615455,0
"2018-05-11 10:30:26",7.15178358919052,0,30.149819274148,0
"2018-05-11 10:31:26",6.96342659630684,0,85.6517927731631,0
"2018-05-11 10:32:26",5.24311920971958,0,33.9167644182794,0
"2018-05-11 10:33:26",9.55937068825754,0,34.9436165881512,0
"2018-05-11 10:34:26",4.88925250032951,0,32.6724146753553,0
"2018-05-11 10:35:26",7.03013982338063,0,26.8501500834847,0
"2018-05-11 10:36:26",3.59357322216914,0,40.1537787700462,0
"2018-05-11 10:37:26",7.18992877692758,0,42.1591757137223,0
"2018-05-11 10:38:26",8.2545667886747,0,49.5636696306268,0
"2018-05-11 10:39:26",15.4204369603478,0,29.6787668333613,0
"2018-05-11 10:40:26",7.97010429814847,0,34.6779451507235,0
"2018-05-11 10:41:26",8.3664803189732,0,24.9512143164661,0
"2018-05-11 10:42:26",6.7948110067932,0,23.5623195224516,0
"2018-05-11 10:43:26",6.98006655621798,0,26.3822490275535,0
"2018-05-11 10:44:26",6.39931625557208,0,44.8444680336467,0
"2018-05-11 10:45:26",9.76358175680138,0,24.8227853451517,0
"2018-05-11 10:46:26",15.3225320379993,0,34.3554148745131,0
"2018-05-11 10:47:26",10.050699771427,0,28.0289880882068,0
"2018-05-11 10:48:26",14.5488171990116,0,22.0363196633694,0
"2018-05-11 10:49:26",9.00649646852981,0,52.859122686322,0
"2018-05-11 10:50:26",14.4027458227329,0,193.614302188896,0
"2018-05-11 10:51:26",10.0263869909006,0,27.1243073674612,0
"2018-05-11 10:52:27",7.52911503433288,0,41.2918989889973,0
"2018-05-11 10:53:27",9.35656771054655,0,25.9563597788933,0
"2018-05-11 10:54:27",13.5119395144645,0,30.4095255665778,0
"2018-05-11 10:55:27",11.3149512711442,0,43.0686380453054,0
"2018-05-11 10:56:27",12.8552606056783,0,21.9879229146434,0
"2018-05-11 10:57:27",8.40657230449449,0,21.6993928528544,0
"2018-05-11 10:58:27",7.92888960286565,0,27.8533170818826,0
"2018-05-11 10:59:27",9.94072343183735,0,26.9936342165277,0
"2018-05-11 11:00:27",10.4830977458718,0,45.3322909035087,0
"2018-05-11 11:01:27",11.6700658728481,0,34.9661393042622,0
"2018-05-11 11:02:27",5.6692662210018,0,32.7933685112011,0
"2018-05-11 11:03:27",11.9987861959248,0,40.3830760766566,0
"2018-05-11 11:04:27",4.99610582217814,0,25.9894235245348,0
"2018-05-11 11:05:27",8.73076252722637,0,24.453058724904,0
"2018-05-11 11:06:27",6.32182763085853,0,37.5329865396428,0
"2018-05-11 11:07:27",11.315742396356,0,27.4281133787493,0
"2018-05-11 11:08:27",6.93912870642153,0,30.3097390657247,0
"2018-05-11 11:09:27",31.2017170955689,0,159.149826116235,0
"2018-05-11 11:10:27",8.68997567780875,0,38.6562169692546,0
"2018-05-11 11:11:27",8.05128862828976,0,43.229856076455,0
"2018-05-11 11:12:27",6.07798586197238,0,26.692015742619,0
"2018-05-11 11:13:27",5.41059856695341,0,27.8468035729896,0
"2018-05-11 11:14:27",3.48011328329307,0,43.8824333031872,0
"2018-05-11 11:15:27",9.77551018638198,0,37.0088489752116,0
"2018-05-11 11:16:28",9.31406643582984,0,37.9014183753087,0
"2018-05-11 11:17:28",11.091321031167,0,35.6436688130895,0
"2018-05-11 11:18:28",10.1806989358823,0,25.9062518361062,0
"2018-05-11 11:19:28",4.6609704865003,0,37.2809858701012,0
"2018-05-11 11:20:28",14.7901943333561,0,27.6674606848293,0
"2018-05-11 11:21:28",8.34217381131427,0,35.2151846012823,0
"2018-05-11 11:22:28",5.64829395742174,0,29.2045402976838,0
"2018-05-11 11:23:28",5.07849508235765,0,31.0600324988318,0
"2018-05-11 11:24:28",8.22447921172443,0,20.9401601464598,0
"2018-05-11 11:25:28",7.29593952165467,0,26.0212713185125,0
"2018-05-11 11:26:28",13.720995029865,0,41.1764916947317,0
"2018-05-11 11:27:28",9.41911525741562,0,19.1770164804341,0
"2018-05-11 11:28:28",5.46208127002314,0,21.9138283588327,0
"2018-05-11 11:29:28",9.15717589363252,0,31.7912620553222,0
"2018-05-11 11:30:28",10.1770843199623,0,22.0952119175702,0
"2018-05-11 11:31:28",5.90134853857487,0,22.2588860976772,0
"2018-05-11 11:32:28",6.65662123827495,0,26.9685717511112,0
"2018-05-11 11:33:28",7.37437170775965,0,52.3327152160873,0
"2018-05-11 11:34:28",6.07403590915253,0,39.0406000047432,0
"2018-05-11 11:35:28",8.34131515675738,0,24.6417330975328,0
"2018-05-11 11:36:28",9.91776249902254,0,42.4665428128238,0
"2018-05-11 11:37:28",11.526129282183,0,21.015341116621,0
"2018-05-11 11:38:28",8.43269003046937,0,27.6196253106837,0
"2018-05-11 11:39:28",11.8896407333035,0,39.0806743744241,0
"2018-05-11 11:40:28",18.1097841834835,0,25.7154379234738,0
"2018-05-11 11:41:28",15.2722167024659,0,40.9132913220088,0
"2018-05-11 11:42:28",11.5132951884163,0,30.3547702816342,0
"2018-05-11 11:43:29",4.70695459354741,0,62.2326511456794,0
"2018-05-11 11:44:29",7.00303230524654,0,20.5479578729806,0
"2018-05-11 11:45:29",7.88217874676104,0,24.2335841006494,0
"2018-05-11 11:46:29",13.4449907134029,0,47.3416537696101,0
"2018-05-11 11:47:29",15.8505478752007,0,53.8119438397397,0
"2018-05-11 11:48:29",9.02432708383792,0,26.8230497024115,0
"2018-05-11 11:49:29",6.4371238841545,0,36.7639389657777,0
"2018-05-11 11:50:29",9.91423142350687,0,21.4100334550526,0
"2018-05-11 11:51:29",8.20071875362606,0,28.0194735554823,0
"2018-05-11 11:52:29",16.373765144616,0,30.3484742158244,0
"2018-05-11 11:53:29",7.731475461236,0,32.0215679136627,0
"2018-05-11 11:54:29",7.04041552442717,0,20.5922300036525,0
"2018-05-11 11:55:29",8.0801216318653,0,27.0471927165097,0
"2018-05-11 11:56:29",19.5318815195923,0,33.6727319246003,0
"2018-05-11 11:57:29",12.101042575966,0,45.5447629529431,0
"2018-05-11 11:58:29",9.56306907592083,0,27.3296584855335,0
"2018-05-11 11:59:29",10.3487336815962,0,32.806352369515,0
"2018-05-11 12:00:29",9.69406616627671,0,22.5105485997392,0
"2018-05-11 12:01:29",10.1691408758213,0,35.7567176522579,0
"2018-05-11 12:02:29",14.3984888929519,0,35.40638641246,0
"2018-05-11 12:03:29",11.1109799531508,0,33.3087101646497,0
"2018-05-11 12:04:29",17.3078391471793,0,57.2302855152614,0
"2018-05-11 12:05:30",13.8564874104798,0,55.726320937987,0
"2018-05-11 12:06:30",17.1064103268048,0,45.3685324731317,0
"2018-05-11 12:07:30",19.1617906593836,0,63.023962662793,0
"2018-05-11 12:08:30",18.4982949582204,0,49.8413668619165,0
"2018-05-11 12:09:30",30.1664685645652,0,90.2063129415259,0
"2018-05-11 12:10:30",36.3501780969603,0,72.5072414118746,0
"2018-05-11 12:11:30",28.7179647820131,0,60.2928590460987,0
"2018-05-11 12:12:30",29.3151185688176,0,55.7242065016034,0
"2018-05-11 12:13:30",31.1499447833753,0,51.7338326832887,0
"2018-05-11 12:14:30",26.6942999851039,0,61.4257338620803,0
"2018-05-11 12:15:30",24.7535379185013,0,81.5123370101284,0
"2018-05-11 12:16:30",27.8656476384538,0,60.3384524629474,0
"2018-05-11 12:17:30",27.5200196676532,0,60.1545540352897,0
"2018-05-11 12:18:30",28.6982154407692,0,55.6035937486496,0
"2018-05-11 12:19:30",24.5458580193011,0,68.1423430127135,0
"2018-05-11 12:20:30",27.9255693287482,0,65.4650483052638,0
"2018-05-11 12:21:30",29.5961234623113,0,70.8133554529404,0
"2018-05-11 12:22:30",27.669025273381,0,69.3416231693848,0
"2018-05-11 12:23:30",21.2969746969618,0,79.6550025846989,0
"2018-05-11 12:24:30",25.1928444489829,0,60.3656921096974,0
"2018-05-11 12:25:30",23.9005070741251,0,64.2701689286501,0
"2018-05-11 12:26:30",25.2503496918053,0,73.9206409713535,0
"2018-05-11 12:27:30",30.0663765455112,0,95.4402058283859,0
"2018-05-11 12:28:30",25.6813565577007,0,60.9885521753705,0
"2018-05-11 12:29:31",25.5113011158254,0,61.4135818593555,0
"2018-05-11 12:30:31",24.0051635712049,0,68.8051765770661,0
"2018-05-11 12:31:31",29.7811020381113,0,65.8989586689669,0
"2018-05-11 12:32:31",38.4169074859925,0,61.838584482528,0
"2018-05-11 12:33:31",28.6396821121205,0,59.8016292763791,0
"2018-05-11 12:34:31",23.0507588213202,0,71.547566013193,0
"2018-05-11 12:35:31",26.9961973986688,0,59.1545050354197,0
"2018-05-11 12:36:31",27.4966330130806,0,65.2444354069287,0
"2018-05-11 12:37:31",31.0115030092719,0,69.8071260123437,0
"2018-05-11 12:38:31",38.8219832076408,0,86.1303605662523,0
"2018-05-11 12:39:31",34.1349770133098,0,67.7663272997139,0
"2018-05-11 12:40:31",27.0887000969377,0,63.551170024132,0
"2018-05-11 12:41:31",26.2988638111136,0,63.915045091529,0
"2018-05-11 12:42:31",26.2390829756077,0,65.2595563443418,0
"2018-05-11 12:43:31",36.7926352062952,0,60.2851137864642,0
"2018-05-11 12:44:31",28.0904503868374,0,65.6659122866914,0
"2018-05-11 12:45:31",26.9046557425321,0,70.1525953281055,0
"2018-05-11 12:46:31",26.5197561416739,0,71.0660287366255,0
"2018-05-11 12:47:31",23.5943220644216,0,76.8690138721254,0
"2018-05-11 12:48:31",32.7790001385139,0,66.8901468458589,0
"2018-05-11 12:49:31",28.2036543197529,0,82.3405667305984,0
"2018-05-11 12:50:31",24.898497164447,0,64.7015308406805,0
"2018-05-11 12:51:31",23.8622542122377,0,67.4542145765372,0
"2018-05-11 12:52:32",24.648939468321,0,65.2594259777352,0
"2018-05-11 12:53:32",23.7752017794751,0,71.0899171102021,0
"2018-05-11 12:54:32",23.1138587748878,0,86.9358621798499,0
"2018-05-11 12:55:32",21.2690810163612,0,70.923723459083,0
"2018-05-11 12:56:32",22.5750991318431,0,71.1707970993404,0
"2018-05-11 12:57:32",24.0602000509177,0,67.7291169061355,0
"2018-05-11 12:58:32",21.966320689097,0,76.899371761202,0
"2018-05-11 12:59:32",26.9418540174642,0,93.1049853670214,0
"2018-05-11 13:00:32",27.3145900769744,0,74.9071159406112,0
"2018-05-11 13:01:32",25.9125443051719,0,64.9106558393801,0
"2018-05-11 13:02:32",21.8135742651148,0,74.3097950981147,0
"2018-05-11 13:03:32",23.00207026032,0,71.7756257557094,0
"2018-05-11 13:04:32",18.7059844040323,0,95.3460009979832,0
"2018-05-11 13:05:32",22.9414575722777,0,78.1956167571292,0
"2018-05-11 13:06:32",19.0939506198455,0,87.9505551456046,0
"2018-05-11 13:07:32",20.3915826179206,0,82.2601576707121,0
"2018-05-11 13:08:32",19.5749259336755,0,84.5692289050828,0
"2018-05-11 13:09:32",19.3448863972648,0,87.6520988521686,0
"2018-05-11 13:10:32",12.5537943399247,0,157.612393956612,0
"2018-05-11 13:11:32",12.5208425765955,0,51.734221183621,0
"2018-05-11 13:12:32",14.7594334592725,0,90.8809438511474,0
"2018-05-11 13:13:32",12.1098697329141,0,40.8810108541232,0
"2018-05-11 13:14:32",7.8101405128247,0,48.8012468624883,0
"2018-05-11 13:15:32",9.99690180221888,0,38.0683172870387,0
"2018-05-11 13:16:33",12.0938729208552,0,47.1147211217867,0
"2018-05-11 13:17:33",7.96596483502512,0,39.103628298985,0
"2018-05-11 13:18:33",9.50462741547884,0,38.6827681515467,0
"2018-05-11 13:19:33",11.9316390182732,0,53.7163866590207,0
"2018-05-11 13:20:33",8.06218095082376,0,44.5543512143046,0
"2018-05-11 13:21:33",7.1063793418019,0,59.0901488109132,0
"2018-05-11 13:22:33",12.5164623560271,0,58.5017463224598,0
"2018-05-11 13:23:33",12.4106636399772,0,41.6133054534273,0
"2018-05-11 13:24:33",11.1827702269796,0,36.1998158575438,0
"2018-05-11 13:25:33",8.23047461746007,0,37.7975132623315,0
"2018-05-11 13:26:33",10.360606975532,0,64.1221212780118,0
"2018-05-11 13:27:33",10.5959620221654,0,42.6069051325682,0
"2018-05-11 13:28:33",9.85514141156426,0,39.6154476708076,0
"2018-05-11 13:29:33",7.93691128678385,0,34.6639536864789,0
"2018-05-11 13:30:33",10.6332578817029,0,33.7868170871947,0
"2018-05-11 13:31:33",11.6095435369799,0,29.9693697752553,0
"2018-05-11 13:32:33",10.0125514886615,0,52.0458341929159,0
"2018-05-11 13:33:33",12.4029707221465,0,45.5180160966441,0
"2018-05-11 13:34:33",9.15551998111455,0,41.2725019766173,0
"2018-05-11 13:35:33",11.4176132820449,0,43.9766226512197,0
"2018-05-11 13:36:33",10.4863409249054,0,41.4821116121097,0
"2018-05-11 13:37:33",12.6701249228687,0,37.9708436528075,0
"2018-05-11 13:38:33",11.3476433324147,0,54.1904853164016,0
"2018-05-11 13:39:33",11.9035459739655,0,44.4578201533649,0
"2018-05-11 13:40:34",12.3238699279177,0,40.2207464905719,0
"2018-05-11 13:41:34",12.2626866772225,0,39.1235629228103,0
"2018-05-11 13:42:34",12.8396313805236,0,34.8254770813221,0
"2018-05-11 13:43:34",13.7242348926198,0,43.0772278463674,0
"2018-05-11 13:44:34",14.1852837888372,0,40.542869160023,0
"2018-05-11 13:45:34",11.6957679141019,0,40.9538422006102,0
"2018-05-11 13:46:34",13.3403045573787,0,35.2210295308364,0
"2018-05-11 13:47:34",12.8448263621929,0,38.3455599484017,0
"2018-05-11 13:48:34",15.9901460264883,0,41.6345096569648,0
"2018-05-11 13:49:34",18.078183711005,0,44.4339451978946,0
"2018-05-11 13:50:34",16.371408900545,0,38.3185255071251,0
"2018-05-11 13:51:34",14.4634487032516,0,84.7489356118223,0
"2018-05-11 13:52:34",13.3090839225187,0,35.557833166642,0
"2018-05-11 13:53:34",11.5613008443399,0,41.9152562962686,0
"2018-05-11 13:54:34",11.83629334823,0,39.0568657910099,0
"2018-05-11 13:55:34",13.789386008823,0,46.3574833387272,0
"2018-05-11 13:56:34",14.4134807902441,0,41.0136195429249,0
"2018-05-11 13:57:34",20.2368520992608,0,36.2787199721995,0
"2018-05-11 13:58:34",13.0135126955046,0,36.6714770838434,0
"2018-05-11 13:59:34",14.3318256713816,0,33.5848130607612,0
"2018-05-11 14:00:34",16.5132006134903,0,55.6550701508748,0
"2018-05-11 14:01:34",13.1863071293007,0,40.36357395839,0
"2018-05-11 14:02:35",13.311266279677,0,38.416702074883,0
"2018-05-11 14:03:35",16.4034725887011,0,34.6132124891353,0
"2018-05-11 14:04:35",14.5235597035306,0,42.8363365423267,0
"2018-05-11 14:05:35",14.9867385576318,0,51.0298751345716,0
"2018-05-11 14:06:35",13.4210412231203,0,51.120444893632,0
"2018-05-11 14:07:35",15.0175476041555,0,53.0282342180142,0
"2018-05-11 14:08:35",14.4004261352806,0,48.6010080257408,0
"2018-05-11 14:09:35",13.9607053766928,0,49.4223612797358,0
"2018-05-11 14:10:35",37.1323586326498,0,150.183428188956,0
"2018-05-11 14:11:35",23.8449887029091,0,45.3744808811301,0
"2018-05-11 14:12:35",16.6529818864761,0,35.5364446596708,0
"2018-05-11 14:13:35",15.4249830196449,0,37.8027345346293,0
"2018-05-11 14:14:35",15.2056480436038,0,37.6452806418177,0
"2018-05-11 14:15:35",14.136906525812,0,39.9656487559838,0
"2018-05-11 14:16:35",24.5422087368598,0,49.4816623127437,0
"2018-05-11 14:17:35",14.9416083792221,0,38.681603437732,0
"2018-05-11 14:18:35",14.2651861604446,0,40.5235693074811,0
"2018-05-11 14:19:35",12.1222358410226,0,43.6572431058455,0
"2018-05-11 14:20:35",12.9000823377754,0,43.1409045110428,0
"2018-05-11 14:21:35",19.9091645398364,0,52.0155820743872,0
"2018-05-11 14:22:35",15.3426976207804,0,62.7034687420572,0
"2018-05-11 14:23:35",11.9952443850018,0,49.3195353112875,0
"2018-05-11 14:24:35",11.3553114715364,0,44.5319103671677,0
"2018-05-11 14:25:35",9.54533083190723,0,46.3279537213312,0
"2018-05-11 14:26:36",9.58726565717854,0,47.5933664028753,0
"2018-05-11 14:27:36",10.4798088941633,0,61.4983945695245,0
"2018-05-11 14:28:36",9.86323182125848,0,49.734015987351,0
"2018-05-11 14:29:36",11.3295497488238,0,58.0305266675134,0
"2018-05-11 14:30:36",12.4600732556281,0,46.9884841642599,0
"2018-05-11 14:31:36",9.43989952527068,0,55.1694719805679,0
"2018-05-11 14:32:36",10.3442095246639,0,52.4639108029821,0
"2018-05-11 14:33:36",12.0647404259453,0,63.934289529284,0
"2018-05-11 14:34:36",11.4837267087483,0,49.40787084879,0
"2018-05-11 14:35:36",12.1721044975635,0,45.4115533325017,0
"2018-05-11 14:36:36",12.9741514429312,0,52.5222053567231,0
"2018-05-11 14:37:36",13.6127184898356,0,53.9639153311426,0
"2018-05-11 14:38:36",13.6859009289382,0,62.4048001230499,0
"2018-05-11 14:39:36",11.6401179698796,0,59.6588281195448,0
"2018-05-11 14:40:36",20.9194722636518,0,57.1202134614817,0
"2018-05-11 14:41:36",15.2581174855926,0,42.3618168051903,0
"2018-05-11 14:42:36",17.173477083731,0,46.2948275880989,0
"2018-05-11 14:43:36",18.2749873719412,0,40.8133164579614,0
"2018-05-11 14:44:36",17.6811019225952,0,45.1508654817017,0
"2018-05-11 14:45:36",16.4759139796737,0,42.2710608863146,0
"2018-05-11 14:46:36",16.7028859056474,0,42.671847211101,0
"2018-05-11 14:47:37",17.610071003698,0,37.0371391805781,0
"2018-05-11 14:48:37",15.9160926292665,0,45.0041770918572,0
"2018-05-11 14:49:37",15.3531263864618,0,57.5234868746609,0
"2018-05-11 14:50:37",13.9496959979836,0,50.4483028753026,0
"2018-05-11 14:51:37",14.2887598628016,0,49.0884009261817,0
"2018-05-11 14:52:37",16.7939211385555,0,45.1646706039624,0
"2018-05-11 14:53:37",15.1988069516403,0,66.9700668945856,0
"2018-05-11 14:54:37",15.1331813681966,0,46.7132413713192,0
"2018-05-11 14:55:37",20.6746430314172,0,58.2582702308107,0
"2018-05-11 14:56:37",15.9095776592663,0,37.4214694048594,0
"2018-05-11 14:57:37",13.9958384478005,0,42.1361209773436,0
"2018-05-11 14:58:37",13.5030986068708,0,41.7568664409503,0
"2018-05-11 14:59:37",12.3945258317913,0,47.5962516821657,0
"2018-05-11 15:00:37",13.2487328993221,0,63.1764569061468,0
"2018-05-11 15:01:37",16.2052720799942,0,65.3512935711158,0
"2018-05-11 15:02:37",15.5355399299832,0,40.0851876960722,0
"2018-05-11 15:03:37",14.1609437061391,0,81.9259685019761,0
"2018-05-11 15:04:37",15.9537770518418,0,48.2378678591065,0
"2018-05-11 15:05:37",14.0200051680856,0,46.5463619775631,0
"2018-05-11 15:06:37",22.0410064862958,0,48.1201445234096,0
"2018-05-11 15:07:37",14.279417541764,0,54.5399519505036,0
"2018-05-11 15:08:37",15.8429631775661,0,50.3111825644905,0
"2018-05-11 15:09:37",14.0609330745729,0,46.2405073259889,0
"2018-05-11 15:10:37",12.785249000093,0,70.6157879837138,0
"2018-05-11 15:11:38",13.5632549418726,0,56.0943633884325,0
"2018-05-11 15:12:38",10.8266116236097,0,38.9352709946359,0
"2018-05-11 15:13:38",7.97706239161934,0,35.0573287430289,0
"2018-05-11 15:14:38",7.60844085905751,0,36.4622706326878,0
"2018-05-11 15:15:38",7.21430508737132,0,26.2666891068445,0
"2018-05-11 15:16:38",7.6066473666292,0,34.8350113187321,0
"2018-05-11 15:17:38",6.39861214690949,0,35.0604683148891,0
"2018-05-11 15:18:38",4.38756364634502,0,32.0010267693544,0
"2018-05-11 15:19:38",6.15454878977578,0,31.6974245780042,0
"2018-05-11 15:20:38",5.15041610366879,0,31.9172825234478,0
"2018-05-11 15:21:38",10.0140322308967,0,40.5241871760064,0
"2018-05-11 15:22:38",9.99061515227,0,43.8942317863936,0
"2018-05-11 15:23:38",6.85705278110308,0,50.9318100499132,0
"2018-05-11 15:24:38",8.15199193817093,0,35.0032768481946,0
"2018-05-11 15:25:38",9.13081547019541,0,27.7290963720396,0
"2018-05-11 15:26:38",4.79580045237512,0,33.9329994166406,0
"2018-05-11 15:27:38",9.00660348578585,0,28.9904265176538,0
"2018-05-11 15:28:38",5.63479962818514,0,39.7461749902072,0
"2018-05-11 15:29:38",7.02923060858341,0,24.9708476564712,0
"2018-05-11 15:30:38",5.60276615926677,0,24.4753363324378,0
"2018-05-11 15:31:38",7.69157185897643,0,30.0790089479728,0
"2018-05-11 15:32:38",10.2304565913759,0,30.8980460624443,0
"2018-05-11 15:33:39",8.64196816467837,0,45.0000383664022,0
"2018-05-11 15:34:39",10.4897825158359,0,28.1041362220199,0
"2018-05-11 15:35:39",6.86490690441494,0,33.0645835667315,0
"2018-05-11 15:36:39",7.41396030648809,0,31.8826469837885,0
"2018-05-11 15:37:39",7.04297622129086,0,33.0471868125106,0
"2018-05-11 15:38:39",9.83004186159203,0,28.840712222628,0
"2018-05-11 15:39:39",7.51072073115899,0,38.4588258831225,0
"2018-05-11 15:40:39",8.56918942103481,0,28.8426068979467,0
"2018-05-11 15:41:39",16.1152385271973,0,101.178806637644,0
"2018-05-11 15:42:39",12.3594871457737,0,25.8047698312399,0
"2018-05-11 15:43:39",10.9113691420943,0,44.2915162351969,0
"2018-05-11 15:44:39",14.3576198719638,0,47.7211357091531,0
"2018-05-11 15:45:39",20.1292113652563,0,45.8225172956276,0
"2018-05-11 15:46:39",12.4235053976656,0,36.7575546916002,0
"2018-05-11 15:47:39",18.3547889009861,0,30.0913229779553,0
"2018-05-11 15:48:39",12.8696776354874,0,38.8885791946799,0
"2018-05-11 15:49:39",11.2622978112089,0,48.7005016363416,0
"2018-05-11 15:50:39",12.3004939071218,0,37.0751288145294,0
"2018-05-11 15:51:39",11.0112254207502,0,38.0722618900087,0
"2018-05-11 15:52:39",12.8769404227408,0,32.4676485302096,0
"2018-05-11 15:53:39",19.1414296654915,0,30.745324773887,0
"2018-05-11 15:54:39",12.7365184651878,0,28.0870036336562,0
"2018-05-11 15:55:39",15.3081094984414,0,38.1130462065853,0
"2018-05-11 15:56:39",19.1332392720098,0,30.5804764770733,0
"2018-05-11 15:57:39",10.4200882430566,0,30.441725927884,0
"2018-05-11 15:58:39",12.7252473816494,0,25.377272185372,0
"2018-05-11 15:59:40",10.4983485680535,0,31.2572568821052,0
"2018-05-11 16:00:40",14.9411482232007,0,31.3493499577784,0
"2018-05-11 16:01:40",12.104842031891,0,52.3315271716034,0
"2018-05-11 16:02:40",12.265947019358,0,48.2351606845227,0
"2018-05-11 16:03:40",10.8740312471678,0,27.0115271132649,0
"2018-05-11 16:04:40",13.6454954932162,0,27.7468434801766,0
"2018-05-11 16:05:40",12.0736894542218,0,37.8293719201238,0
"2018-05-11 16:06:40",18.2865094099763,0,33.4962623874941,0
"2018-05-11 16:07:40",12.3856340364451,0,41.0412611324095,0
"2018-05-11 16:08:40",10.6245764771597,0,28.1233557310037,0
"2018-05-11 16:09:40",18.2375269561943,0,49.4827910756776,0
"2018-05-11 16:10:40",15.1819491818003,0,47.7929306130082,0
"2018-05-11 16:11:40",19.4950189766361,0,172.474238450258,0
"2018-05-11 16:12:40",20.4489928886057,0,31.6817679845022,0
"2018-05-11 16:13:40",21.4323263191158,0,38.508301311893,0
"2018-05-11 16:14:40",16.0928191996929,0,35.191190331386,0
"2018-05-11 16:15:40",17.8310941075874,0,33.4764011505522,0
"2018-05-11 16:16:40",14.1555593321771,0,33.4066787751674,0
"2018-05-11 16:17:40",16.0812676160552,0,43.7809924199848,0
"2018-05-11 16:18:40",12.6644968186333,0,37.7036422728552,0
"2018-05-11 16:19:40",12.397329886344,0,33.7916824797928,0
"2018-05-11 16:20:40",11.6308202388152,0,38.2313270277895,0
"2018-05-11 16:21:40",13.4004385742561,0,62.7169601997068,0
"2018-05-11 16:22:40",14.691300384382,0,57.6828103471147,0
"2018-05-11 16:23:40",13.5827027598509,0,61.1223799791521,0
"2018-05-11 16:24:41",12.9591016634098,0,48.2737162196524,0
"2018-05-11 16:25:41",9.21952371609685,0,43.7101644988815,0
"2018-05-11 16:26:41",11.0231437473916,0,43.4192073851941,0
"2018-05-11 16:27:41",7.11818035321057,0,55.4897519963255,0
"2018-05-11 16:28:41",15.7932516519243,0,55.1968960794665,0
"2018-05-11 16:29:41",8.46254883677286,0,46.1814562740141,0
"2018-05-11 16:30:41",9.86295997350239,0,45.2175902528757,0
"2018-05-11 16:31:41",7.50361974409009,0,47.4248879211986,0
"2018-05-11 16:32:41",8.01786631948992,0,57.4666130349753,0
"2018-05-11 16:33:41",12.9871589853867,0,55.3811660060464,0
"2018-05-11 16:34:41",11.4923351378805,0,49.0961120157503,0
"2018-05-11 16:35:41",11.4026511160939,0,38.824350048314,0
"2018-05-11 16:36:41",14.9338632522494,0,56.0183202813726,0
"2018-05-11 16:37:41",14.8947823183063,0,46.9410225357933,0
"2018-05-11 16:38:41",14.4321165928026,0,59.0044622844563,0
"2018-05-11 16:39:41",18.2577944591766,0,55.7065328461133,0
"2018-05-11 16:40:41",16.9310014729745,0,43.7716670213327,0
"2018-05-11 16:41:41",17.9947473181302,0,225.513344439586,1
"2018-05-11 16:42:41",21.3766640466507,0,37.9351971171442,0
"2018-05-11 16:43:41",25.8718190686706,0,40.9100022695183,0
"2018-05-11 16:44:42",22.0147631790536,0,45.3755755490017,0
"2018-05-11 16:45:42",23.4234064077988,0,58.0102655337623,0
"2018-05-11 16:46:42",21.554347527425,0,38.1879436025107,0
"2018-05-11 16:47:42",22.0226319060252,0,45.0822700330079,0
"2018-05-11 16:48:42",20.8711053144209,0,40.1499543308184,0
"2018-05-11 16:49:42",19.0117529503211,0,46.9108291244869,0
"2018-05-11 16:50:42",19.3950136712476,0,61.3715100106006,0
"2018-05-11 16:51:42",16.5290658114589,0,45.9157742603638,0
"2018-05-11 16:52:42",21.2380004684631,0,46.2448974989142,0
"2018-05-11 16:53:42",19.6227180502357,0,47.605391164355,0
"2018-05-11 16:54:42",17.7800936954344,0,114.682652729779,0
"2018-05-11 16:55:42",15.8238495150217,0,48.4875363698573,0
"2018-05-11 16:56:42",18.9470058086886,0,67.5409231533737,0
"2018-05-11 16:57:42",16.4694023835013,0,47.2797960961241,0
"2018-05-11 16:58:42",14.607893219784,0,41.0401438320357,0
"2018-05-11 16:59:42",13.8967775090625,0,45.5654135353011,0
"2018-05-11 17:00:42",14.4525227354114,0,53.4477858245074,0
"2018-05-11 17:01:42",14.5903967784911,0,58.5573452733694,0
"2018-05-11 17:02:42",14.8684495674836,0,46.1169288048455,0
"2018-05-11 17:03:42",16.4130157344085,0,53.1473215821503,0
"2018-05-11 17:04:42",11.7101710626946,0,47.8735425474382,0
"2018-05-11 17:05:42",15.1293523774628,0,48.7580362050417,0
"2018-05-11 17:06:42",10.1918754630539,0,48.5148620319624,0
"2018-05-11 17:07:42",11.6723523400276,0,97.3134945934366,0
"2018-05-11 17:08:42",10.154079065467,0,52.3205471713993,0
"2018-05-11 17:09:42",10.8135812276738,0,41.5792977941953,0
"2018-05-11 17:10:43",9.7076786500628,0,41.6202782916329,0
"2018-05-11 17:11:43",13.6565766893032,0,59.6860422297007,0
"2018-05-11 17:12:43",10.6473440685523,0,47.9592817541148,0
"2018-05-11 17:13:43",10.5164277618106,0,41.3487840289616,0
"2018-05-11 17:14:43",8.20570352860111,0,31.9833539457776,0
"2018-05-11 17:15:43",8.07097575611428,0,47.5532934681879,0
"2018-05-11 17:16:43",7.77269707350633,0,32.3718034564043,0
"2018-05-11 17:17:43",8.38319666079686,0,48.3039718380291,0
"2018-05-11 17:18:43",10.4950971054881,0,43.8466034861925,0
"2018-05-11 17:19:43",6.36541715944367,0,43.2642493589266,0
"2018-05-11 17:20:43",9.97076814217578,0,37.755916891288,0
"2018-05-11 17:21:43",6.59386645227839,0,39.8945295442144,0
"2018-05-11 17:22:43",5.80443287299865,0,52.0550623600562,0
"2018-05-11 17:23:43",8.14530578185539,0,43.9939213101192,0
"2018-05-11 17:24:43",10.6914088683476,0,31.5382192630961,0
"2018-05-11 17:25:43",9.42941277917311,0,32.0270047135312,0
"2018-05-11 17:26:43",9.02084531451445,0,31.6276143163644,0
"2018-05-11 17:27:43",8.31893200626947,0,42.4924706303834,0
"2018-05-11 17:28:43",8.37301541614719,0,42.6973003574427,0
"2018-05-11 17:29:43",16.0288248611464,0,43.8306839447263,0
"2018-05-11 17:30:43",6.25477466423131,0,34.7481769144132,0
"2018-05-11 17:31:43",14.7351856193342,0,32.9174113468974,0
"2018-05-11 17:32:44",8.59395670817233,0,42.3408083980162,0
"2018-05-11 17:33:44",8.26692495021463,0,235.958053828857,1
"2018-05-11 17:34:44",9.248173361474,0,41.722078047231,0
"2018-05-11 17:35:44",11.6227274493959,0,29.8539941059882,0
"2018-05-11 17:36:44",7.87876874239043,0,35.7581967621996,0
"2018-05-11 17:37:44",8.76709683115328,0,37.1250397989273,0
"2018-05-11 17:38:44",9.6964933626319,0,35.4245938431008,0
"2018-05-11 17:39:44",15.3971321832526,0,49.770706978944,0
"2018-05-11 17:40:44",18.5232226395305,0,31.8983978453238,0
"2018-05-11 17:41:44",8.35104836018033,0,37.026486950597,0
"2018-05-11 17:42:44",11.9249021405809,0,31.1773785607344,0
"2018-05-11 17:43:44",11.3663472121036,0,39.9223062192875,0
"2018-05-11 17:44:44",20.4447134185274,0,36.80007241149,0
"2018-05-11 17:45:44",14.5169417407899,0,58.3872884151149,0
"2018-05-11 17:46:44",14.9852048359164,0,186.989876865298,0
"2018-05-11 17:47:44",13.9782715873205,0,49.3503606583165,0
"2018-05-11 17:48:44",13.2121864549894,0,25.5811605790813,0
"2018-05-11 17:49:44",10.7542068548979,0,33.7318780984977,0
"2018-05-11 17:50:44",12.6338640448267,0,34.6286829964147,0
"2018-05-11 17:51:44",8.92628145456821,0,40.1707425632139,0
"2018-05-11 17:52:44",9.38694177651288,0,64.4579040600213,0
"2018-05-11 17:53:44",12.7924400625192,0,31.9481244022913,0
"2018-05-11 17:54:44",12.447709843322,0,32.202965185041,0
"2018-05-11 17:55:44",12.0149349558458,0,34.2077989465044,0
"2018-05-11 17:56:45",10.5128689686879,0,49.3718593384895,0
"2018-05-11 17:57:45",19.5829382539837,0,41.8015351340112,0
"2018-05-11 17:58:45",9.45770382336969,0,38.4320203897688,0
"2018-05-11 17:59:45",20.3515482646109,0,32.2933352192023,0
"2018-05-11 18:00:45",8.37505182897942,0,37.7846709349601,0
"2018-05-11 18:01:45",12.8545014417009,0,46.2567324351469,0
"2018-05-11 18:02:45",10.1160754082598,0,39.9513525850928,0
"2018-05-11 18:03:45",13.1815961098208,0,26.887385644121,0
"2018-05-11 18:04:45",10.8081528441209,0,32.3438281120412,0
"2018-05-11 18:05:45",11.8677089283244,0,31.4832983005667,0
"2018-05-11 18:06:45",11.4659973603062,0,28.5526028762697,0
"2018-05-11 18:07:45",11.8614475190969,0,44.7098288553133,0
"2018-05-11 18:08:45",10.8763448025401,0,38.4955905217508,0
"2018-05-11 18:09:45",11.0873014782101,0,34.4931638356884,0
"2018-05-11 18:10:45",18.5854805636258,0,52.0702455269379,0
"2018-05-11 18:11:45",12.0154997526915,0,51.9615358624534,0
"2018-05-11 18:12:45",27.0109059369154,0,53.8473398855659,0
"2018-05-11 18:13:45",16.2305071640108,0,36.5617602751154,0
"2018-05-11 18:14:45",15.9633653366524,0,37.0980830636666,0
"2018-05-11 18:15:45",14.028591884664,0,35.4966691317217,0
"2018-05-11 18:16:45",13.6460005548654,0,34.36775735429,0
"2018-05-11 18:17:45",18.062611518614,0,45.8784374725218,0
"2018-05-11 18:18:45",13.2445937697594,0,48.5020143587676,0
"2018-05-11 18:19:45",11.3946156368249,0,36.0988665525493,0
"2018-05-11 18:20:45",11.0970436032795,0,37.9587125187985,0
"2018-05-11 18:21:46",13.3122361683038,0,46.9124204515742,0
"2018-05-11 18:22:46",12.4277621177389,0,48.6901910252569,0
"2018-05-11 18:23:46",18.1071965413826,0,54.9710226934137,0
"2018-05-11 18:24:46",11.5434205213564,0,46.0438259133525,0
"2018-05-11 18:25:46",17.9929867734531,0,60.1950264010042,0
"2018-05-11 18:26:46",7.18451321162983,0,54.563417083155,0
"2018-05-11 18:27:46",9.07186232180763,0,46.2141260574315,0
"2018-05-11 18:28:46",9.11144474122569,0,54.7829978035657,0
"2018-05-11 18:29:46",16.1613552732173,0,52.2642533104113,0
"2018-05-11 18:30:46",7.98898496173076,0,42.183199617706,0
"2018-05-11 18:31:46",11.11591644236,0,48.7807701805725,0
"2018-05-11 18:32:46",6.59187618537439,0,50.4361194284205,0
"2018-05-11 18:33:46",7.47591374820835,0,56.4317500523819,0
"2018-05-11 18:34:46",9.31305637046776,0,66.1499304707291,0
"2018-05-11 18:35:46",10.0711876793566,0,49.3378923192771,0
"2018-05-11 18:36:46",17.0507401921162,0,63.8890721823883,0
"2018-05-11 18:37:46",9.17552975880596,0,44.0529070533384,0
"2018-05-11 18:38:46",7.40123365918351,0,47.4102641313297,0
"2018-05-11 18:39:46",5.16086520048456,0,47.9643801001961,0
"2018-05-11 18:40:46",11.7877056572775,0,41.2791454276413,0
"2018-05-11 18:41:46",10.6713850109707,0,39.4233279763012,0
"2018-05-11 18:42:46",8.97420666806467,0,34.3754400802104,0
"2018-05-11 18:43:46",9.30100132435117,0,34.2578573703037,0
"2018-05-11 18:44:46",10.0259970139755,0,39.4649232863705,0
"2018-05-11 18:45:46",10.020633815715,0,46.3915266720666,0
"2018-05-11 18:46:47",10.8019743678927,0,39.2528762254212,0
"2018-05-11 18:47:47",9.95503666061604,0,43.5665238589167,0
"2018-05-11 18:48:47",10.0545018374233,0,42.2112516840512,0
"2018-05-11 18:49:47",19.0335360254918,0,48.0745027941584,0
"2018-05-11 18:50:47",12.6155433841211,0,40.1043457523036,0
"2018-05-11 18:51:47",14.6995680456846,0,58.6065128432229,0
"2018-05-11 18:52:47",9.75289066039498,0,38.2496016605945,0
"2018-05-11 18:53:47",11.3621166169415,0,38.8503161842281,0
"2018-05-11 18:54:47",8.9195514748012,0,38.3047848026907,0
"2018-05-11 18:55:47",9.71218329882498,0,42.3922360237219,0
"2018-05-11 18:56:47",8.08643018227552,0,53.1744225192499,0
"2018-05-11 18:57:47",10.936783802597,0,52.9860512420943,0
"2018-05-11 18:58:47",5.48078577293426,0,40.8818535221167,0
"2018-05-11 18:59:47",6.1147662826687,0,76.0242452971743,0
"2018-05-11 19:00:47",7.38750143720207,0,72.8252787790855,0
"2018-05-11 19:01:47",5.39375431998155,0,44.4736729481299,0
"2018-05-11 19:02:47",13.7693719904734,0,59.600536543719,0
"2018-05-11 19:03:47",6.17927373022297,0,41.4550902116932,0
"2018-05-11 19:04:47",11.0999441429517,0,41.9978740944946,0
"2018-05-11 19:05:47",6.52675707051831,0,42.1135903460489,0
"2018-05-11 19:06:47",9.95574693012031,0,52.6995510459131,0
"2018-05-11 19:07:47",12.6681357233711,0,51.4897853975399,0
"2018-05-11 19:08:48",6.80227686079817,0,63.1845444070015,0
"2018-05-11 19:09:48",5.71391824430223,0,44.2442625055561,0
"2018-05-11 19:10:48",5.66396295657174,0,43.280492053965,0
"2018-05-11 19:11:48",6.69235912285293,0,41.5887183133156,0
"2018-05-11 19:12:48",15.6023571855961,0,159.243692231779,0
"2018-05-11 19:13:48",20.3443516729476,0,64.5635813299465,0
"2018-05-11 19:14:48",4.78683317744575,0,45.7560475936491,0
"2018-05-11 19:15:48",8.78576531062919,0,48.7755476208577,0
"2018-05-11 19:16:48",5.52052868406744,0,46.3885457798982,0
"2018-05-11 19:17:48",9.95246860675033,0,46.3546022621529,0
"2018-05-11 19:18:48",5.81541930936037,0,59.2693498006103,0
"2018-05-11 19:19:48",9.89655423697606,0,37.4194370414709,0
"2018-05-11 19:20:48",3.73725315594727,0,37.2338054444418,0
"2018-05-11 19:21:48",6.7647957987436,0,36.3348944863623,0
"2018-05-11 19:22:48",3.80818436968004,0,36.951467533042,0
"2018-05-11 19:23:48",6.74025851646353,0,37.6810135660474,0
"2018-05-11 19:24:48",8.42352134653808,0,47.5029645396717,0
"2018-05-11 19:25:48",8.87020388569076,0,35.0698839229562,0
"2018-05-11 19:26:48",8.26116756407728,0,31.7384770287601,0
"2018-05-11 19:27:48",5.89109603639973,0,38.2458318266495,0
"2018-05-11 19:28:48",9.34287028878725,0,29.7557694623809,0
"2018-05-11 19:29:48",7.49020194971253,0,44.7447916873168,0
"2018-05-11 19:30:49",18.0746306790203,0,27.0095887629715,0
"2018-05-11 19:31:49",6.76219266967231,0,37.8666055142737,0
"2018-05-11 19:32:49",12.2031717589005,0,32.4732353613495,0
"2018-05-11 19:33:49",8.42059775609955,0,36.6956639219104,0
"2018-05-11 19:34:49",8.30683437185312,0,35.1327329504477,0
"2018-05-11 19:35:49",6.97741799061706,0,44.1507774039152,0
"2018-05-11 19:36:49",8.77846388185315,0,31.4129232693932,0
"2018-05-11 19:37:49",7.9208489217539,0,29.7554766566454,0
"2018-05-11 19:38:49",6.82605487893301,0,56.2644440649703,0
"2018-05-11 19:39:49",12.7575281318977,0,34.9384233227568,0
"2018-05-11 19:40:49",13.1424678356443,0,47.4571336672367,0
"2018-05-11 19:41:49",16.9205030119114,0,36.9424103996573,0
"2018-05-11 19:42:49",8.84950095497704,0,47.0269004640506,0
"2018-05-11 19:43:49",18.0464083547877,0,32.6010557262043,0
"2018-05-11 19:44:49",12.8135359673607,0,47.7647564926935,0
"2018-05-11 19:45:49",10.8258635869017,0,27.4654995240371,0
"2018-05-11 19:46:49",9.37860851001139,0,33.0134252648291,0
"2018-05-11 19:47:49",15.5290431352796,0,30.8005854521955,0
"2018-05-11 19:48:49",6.37936950018825,0,27.164716028164,0
"2018-05-11 19:49:49",6.33185206781607,0,53.5617049556859,0
"2018-05-11 19:50:49",9.91218856907339,0,27.3923632935915,0
"2018-05-11 19:51:49",10.7920979236729,0,37.520613013041,0
"2018-05-11 19:52:49",13.2037893747801,0,39.8810038074937,0
"2018-05-11 19:53:50",7.67981235537273,0,74.0632752935618,0
"2018-05-11 19:54:50",14.611542042034,0,40.315030526988,0
"2018-05-11 19:55:50",8.62853919186708,0,50.2174255791943,0
"2018-05-11 19:56:50",21.796708992696,0,35.1857544283737,0
"2018-05-11 19:57:50",9.80419598144865,0,56.4257661509918,0
"2018-05-11 19:58:50",10.4653039124355,0,44.0291468851422,0
"2018-05-11 19:59:50",8.96567086707264,0,36.8545345429523,0
"2018-05-11 20:00:50",12.0158592355183,0,39.3686645144105,0
"2018-05-11 20:01:50",8.98665193146364,0,39.7370347210577,0
"2018-05-11 20:02:50",16.9883903534824,0,43.4846787445947,0
"2018-05-11 20:03:50",8.82506513747377,0,47.8754175753831,0
"2018-05-11 20:04:50",10.9794708345863,0,41.0601887629705,0
"2018-05-11 20:05:50",12.8549790088784,0,41.189998201448,0
"2018-05-11 20:06:50",8.80851095742169,0,35.7640776848132,0
"2018-05-11 20:07:50",11.5310755700822,0,30.3263807476248,0
"2018-05-11 20:08:50",13.9389299416867,0,52.46517662153,0
"2018-05-11 20:09:50",25.2482643445387,0,55.2494656096065,0
"2018-05-11 20:10:50",11.4585296270768,0,53.1946165395093,0
"2018-05-11 20:11:50",10.1853237009068,0,100.237454253561,0
"2018-05-11 20:12:50",11.160245836794,0,53.572549683802,0
"2018-05-11 20:13:50",20.5663234087295,0,49.974664107386,0
"2018-05-11 20:14:50",14.2679340753123,0,38.536776407431,0
"2018-05-11 20:15:50",14.4280126234767,0,38.5844803151661,0
"2018-05-11 20:16:50",10.4439274830011,0,41.4213968432849,0
"2018-05-11 20:17:50",12.2258801346807,0,42.0102705310363,0
"2018-05-11 20:18:50",13.6785032062927,0,52.6960306236017,0
"2018-05-11 20:19:50",12.0592606059229,0,40.0632070867314,0
"2018-05-11 20:20:50",12.4666138772647,0,40.3879279850537,0
"2018-05-11 20:21:51",7.64088050526182,0,40.5369788011834,0
"2018-05-11 20:22:51",15.7524481638682,0,33.3973800330055,0
"2018-05-11 20:23:51",10.0038954059825,0,48.6889248297151,0
"2018-05-11 20:24:51",18.2637638600538,0,46.4511921750534,0
"2018-05-11 20:25:51",8.85433094477943,0,50.8781226184317,0
"2018-05-11 20:26:51",8.34625507833934,0,52.5696043730483,0
"2018-05-11 20:27:51",8.48330686294806,0,38.1559559727865,0
"2018-05-11 20:28:51",7.77391475244629,0,41.0725194325111,0
"2018-05-11 20:29:51",11.5418802174082,0,41.9115041970669,0
"2018-05-11 20:30:51",7.72047847866094,0,47.8631658244103,0
"2018-05-11 20:31:51",9.67792105814162,0,50.2318396240176,0
"2018-05-11 20:32:51",10.5134010149006,0,41.63939969635,0
"2018-05-11 20:33:51",5.20752111230689,0,57.3513949033991,0
"2018-05-11 20:34:51",4.86180429646203,0,47.5597038077297,0
"2018-05-11 20:35:51",21.4812817492518,0,57.2998193880921,0
"2018-05-11 20:36:51",6.42340783396912,0,46.2545330657151,0
"2018-05-11 20:37:51",6.59434323614034,0,37.9861851981915,0
"2018-05-11 20:38:51",7.17724533055444,0,45.0986277726313,0
"2018-05-11 20:39:51",6.26135679436207,0,44.273302110553,0
"2018-05-11 20:40:51",11.2582024336209,0,50.7459014848764,0
"2018-05-11 20:41:51",8.41197918263121,0,50.0545912616388,0
"2018-05-11 20:42:51",10.2993274792745,0,38.2066108000581,0
"2018-05-11 20:43:52",8.61414007521779,0,36.2243563689929,0
"2018-05-11 20:44:52",12.2079933682668,0,35.1724783605897,0
"2018-05-11 20:45:52",12.6951122035174,0,35.7273196325305,0
"2018-05-11 20:46:52",10.5363372247161,0,68.2538838053244,0
"2018-05-11 20:47:52",9.97253693264171,0,36.5153246405883,0
"2018-05-11 20:48:52",12.658570493791,0,32.1991353436752,0
"2018-05-11 20:49:52",10.0710857515129,0,44.7750288012903,0
"2018-05-11 20:50:52",11.356219446261,0,35.0911826854772,0
"2018-05-11 20:51:52",9.42617967641096,0,33.8290572361921,0
"2018-05-11 20:52:52",10.3219041198223,0,42.9686541978275,0
"2018-05-11 20:53:52",7.79228421963522,0,31.6836611032475,0
"2018-05-11 20:54:52",8.57502418731661,0,39.4604707107886,0
"2018-05-11 20:55:52",8.08580178063105,0,31.7482609713876,0
"2018-05-11 20:56:52",8.92281476705378,0,36.1970269744074,0
"2018-05-11 20:57:52",9.57196113527485,0,48.632845100681,0
"2018-05-11 20:58:52",8.51288256721545,0,38.0339458527284,0
"2018-05-11 20:59:52",11.2890566203927,0,42.0758287333713,0
"2018-05-11 21:00:52",9.93135502860089,0,39.20060789076,0
"2018-05-11 21:01:52",10.2417459225475,0,37.1437394457821,0
"2018-05-11 21:02:52",6.53926223168703,0,40.0985093195081,0
"2018-05-11 21:03:52",12.8492266150568,0,43.9002988596285,0
"2018-05-11 21:04:53",9.41087324925046,0,43.6935401445118,0
"2018-05-11 21:05:53",9.54170677512223,0,41.8053712127566,0
"2018-05-11 21:06:53",8.11041226405213,0,32.3850479508208,0
"2018-05-11 21:07:53",10.2105818984551,0,48.2028681165679,0
"2018-05-11 21:08:53",11.0553588809063,0,42.8138031807871,0
"2018-05-11 21:09:53",15.9731461593169,0,42.4062097584619,0
"2018-05-11 21:10:53",9.05230082058359,0,35.8309079042301,0
"2018-05-11 21:11:53",7.67590422110704,0,38.6129805250166,0
"2018-05-11 21:12:53",9.9480060427954,0,38.4827858388845,0
"2018-05-11 21:13:53",16.4493061527517,0,125.198183472418,0
"2018-05-11 21:14:53",14.9316539389019,0,38.3759517177266,0
"2018-05-11 21:15:53",9.289627332231,0,61.8200801863832,0
"2018-05-11 21:16:53",9.24925176237746,0,28.9518408808084,0
"2018-05-11 21:17:53",6.0978311566152,0,38.6488358355503,0
"2018-05-11 21:18:53",9.18492596315599,0,27.8482872421911,0
"2018-05-11 21:19:53",8.53312359199153,0,39.68127026219,0
"2018-05-11 21:20:53",16.1789879217178,0,36.9841761808472,0
"2018-05-11 21:21:53",6.65783302309652,0,46.8153379791431,0
"2018-05-11 21:22:53",6.07437463303659,0,28.8968863792282,0
"2018-05-11 21:23:53",6.80716120678302,0,32.471051638338,0
"2018-05-11 21:24:53",5.9821463524505,0,37.2278768755034,0
"2018-05-11 21:25:53",8.15294758316675,0,55.5464736669961,0
"2018-05-11 21:26:53",8.05497597338221,0,34.4751577103902,0
"2018-05-11 21:27:53",12.0364100927656,0,28.4031653342487,0
"2018-05-11 21:28:53",6.3464189778676,0,37.884534234882,0
"2018-05-11 21:29:54",10.2314969794133,0,32.7462778658605,0
"2018-05-11 21:30:54",5.33300973220807,0,32.2529270463309,0
"2018-05-11 21:31:54",9.15027481504731,0,39.6745153445109,0
"2018-05-11 21:32:54",14.9155011500753,0,45.7688821165098,0
"2018-05-11 21:33:54",7.93456662443416,0,30.4271184727427,0
"2018-05-11 21:34:54",8.23080148539057,0,29.5998277676009,0
"2018-05-11 21:35:54",9.14690629249479,0,33.3962951364251,0
"2018-05-11 21:36:54",8.85601882677139,0,42.5205629689749,0
"2018-05-11 21:37:54",8.54394862868796,0,31.1863735980413,0
"2018-05-11 21:38:54",13.9708692500164,0,31.9757788571021,0
"2018-05-11 21:39:54",7.06920576736669,0,38.7657432199589,0
"2018-05-11 21:40:54",12.0541169131108,0,30.2337662636248,0
"2018-05-11 21:41:54",6.78181316318681,0,45.9867424049027,0
"2018-05-11 21:42:54",10.9768158151051,0,48.5347368541164,0
"2018-05-11 21:43:54",10.3386453556705,0,32.8965708870274,0
"2018-05-11 21:44:54",12.5978653004508,0,23.7200607695246,0
"2018-05-11 21:45:54",10.8428923930634,0,29.6996780028892,0
"2018-05-11 21:46:54",14.2647992075062,0,34.6492895917863,0
"2018-05-11 21:47:54",13.6674563456874,0,32.2820797213108,0
"2018-05-11 21:48:54",13.7680213089281,0,26.5398803427371,0
"2018-05-11 21:49:54",13.7616253086491,0,23.9754756946038,0
"2018-05-11 21:50:54",10.8377657033704,0,29.6947245622344,0
"2018-05-11 21:51:55",13.7012519267106,0,40.8836526806142,0
"2018-05-11 21:52:55",12.4675468002126,0,38.4407251180735,0
"2018-05-11 21:53:55",22.1448450640941,0,33.4829620695644,0
"2018-05-11 21:54:55",12.5363881741413,0,30.246514091049,0
"2018-05-11 21:55:55",12.7230053906659,0,22.7469813720578,0
"2018-05-11 21:56:55",10.8169613696584,0,28.2502791459187,0
"2018-05-11 21:57:55",10.4138746456435,0,26.4544583904867,0
"2018-05-11 21:58:55",11.0026089488957,0,44.6286843965728,0
"2018-05-11 21:59:55",18.8545221821022,0,31.6407582447469,0
"2018-05-11 22:00:55",9.9827743193996,0,39.7227471220075,0
"2018-05-11 22:01:55",16.5412630407142,0,36.9207864870449,0
"2018-05-11 22:02:55",10.0040901877994,0,24.4642356793996,0
"2018-05-11 22:03:55",9.82814984764062,0,41.6004768626863,0
"2018-05-11 22:04:55",14.0368037236288,0,37.5060314893381,0
"2018-05-11 22:05:55",7.93474057634558,0,31.1938955714499,0
"2018-05-11 22:06:55",12.4192737328488,0,23.5461471803176,0
"2018-05-11 22:07:55",7.79959112722558,0,39.6582507795663,0
"2018-05-11 22:08:55",12.5369254341122,0,34.3749448448429,0
"2018-05-11 22:09:55",10.275319602242,0,42.4918542300147,0
"2018-05-11 22:10:55",18.5802663507906,0,61.3315714688865,0
"2018-05-11 22:11:55",10.7380167483303,0,51.6697510779416,0
"2018-05-11 22:12:56",16.0894181551311,0,50.4293480528002,0
"2018-05-11 22:13:56",19.7180218471602,0,62.2790262452613,0
"2018-05-11 22:14:56",17.7807195311442,0,50.8226049221773,0
"2018-05-11 22:15:56",15.9022572676687,0,40.7174359103451,0
"2018-05-11 22:16:56",11.0778746846549,0,41.8647057583671,0
"2018-05-11 22:17:56",10.1162321850345,0,40.405706372464,0
"2018-05-11 22:18:56",8.62365062288965,0,48.3537030589499,0
"2018-05-11 22:19:56",17.863719735183,0,49.3704103084671,0
"2018-05-11 22:20:56",7.90877341781733,0,38.8160524260416,0
"2018-05-11 22:21:56",9.67446768456417,0,41.124254709328,0
"2018-05-11 22:22:56",6.39026246855844,0,43.6246432061384,0
"2018-05-11 22:23:56",8.62731842830212,0,39.4820094186943,0
"2018-05-11 22:24:56",9.64851596204583,0,42.3057970484242,0
"2018-05-11 22:25:56",11.7620849017986,0,50.1840870045868,0
"2018-05-11 22:26:56",5.53035673902539,0,46.3928078924112,0
"2018-05-11 22:27:56",4.86149324005127,0,43.5329721349476,0
"2018-05-11 22:28:56",7.26792699400443,0,41.7684163582458,0
"2018-05-11 22:29:56",6.67151088266298,0,43.1199867233313,0
"2018-05-11 22:30:56",8.64057435789977,0,62.0787659316364,0
"2018-05-11 22:31:56",6.35090424766499,0,50.0376633321392,0
"2018-05-11 22:32:56",9.14054392810586,0,38.901347194749,0
"2018-05-11 22:33:56",6.69724283416956,0,41.4871346798274,0
"2018-05-11 22:34:56",5.38493963371552,0,43.6214295021498,0
"2018-05-11 22:35:56",3.62799339533493,0,51.4276672703644,0
"2018-05-11 22:36:56",8.06102250527728,0,61.0666976634161,0
"2018-05-11 22:37:56",3.39708354544025,0,45.948388588794,0
"2018-05-11 22:38:57",3.62246388759432,0,39.6981980343383,0
"2018-05-11 22:39:57",6.39867463933103,0,32.9044914583896,0
"2018-05-11 22:40:57",5.32238356438846,0,34.8402675081568,0
"2018-05-11 22:41:57",4.92767696023695,0,47.764157817054,0
"2018-05-11 22:42:57",5.88487022595911,0,32.7375592237352,0
"2018-05-11 22:43:57",8.83000305955449,0,35.7965731504927,0
"2018-05-11 22:44:57",7.41197610183262,0,34.0721649758098,0
"2018-05-11 22:45:57",9.24079543878287,0,32.7303175323474,0
"2018-05-11 22:46:57",5.55340592185836,0,38.2666715900424,0
"2018-05-11 22:47:57",9.61393045822526,0,33.9122727161513,0
"2018-05-11 22:48:57",6.77092418809153,0,28.7789867217532,0
"2018-05-11 22:49:57",7.0878214781085,0,27.3673012680974,0
"2018-05-11 22:50:57",6.20226645959295,0,27.3762388273884,0
"2018-05-11 22:51:57",7.44203119475694,0,33.4918028827911,0
"2018-05-11 22:52:57",6.97343312575298,0,38.727223700599,0
"2018-05-11 22:53:57",7.63147919231129,0,34.8120005223015,0
"2018-05-11 22:54:57",6.71656876322739,0,27.4447224017985,0
"2018-05-11 22:55:57",4.65913950503161,0,33.5437353539579,0
"2018-05-11 22:56:57",7.80709069795455,0,31.6802690876542,0
"2018-05-11 22:57:57",5.82644917869822,0,34.5211899946482,0
"2018-05-11 22:58:57",14.7193209896948,0,38.2674669834591,0
"2018-05-11 22:59:57",4.70684846823573,0,38.1475155789078,0
"2018-05-11 23:00:57",7.40335819892244,0,39.9721941778184,0
"2018-05-11 23:01:57",5.23563169230131,0,39.0989311881257,0
"2018-05-11 23:02:57",7.48393254846021,0,36.2546458841223,0
"2018-05-11 23:03:57",9.32265210520677,0,43.8424271694455,0
"2018-05-11 23:04:57",9.1739171971581,0,44.8300302618472,0
"2018-05-11 23:05:57",5.82017442261328,0,27.9224197438877,0
"2018-05-11 23:06:58",6.5840978169685,0,32.1230788854843,0
"2018-05-11 23:07:58",7.48833900348593,0,33.9437076492963,0
"2018-05-11 23:08:58",5.85356560907763,0,38.2353909360878,0
"2018-05-11 23:09:58",12.244218544348,0,44.8400927026109,0
"2018-05-11 23:10:58",5.25294555306265,0,36.1901187692321,0
"2018-05-11 23:11:58",9.78422720911643,0,32.7792968939562,0
"2018-05-11 23:12:58",4.40974352868272,0,37.7003259535365,0
"2018-05-11 23:13:58",7.64054922884169,0,31.717998667279,0
"2018-05-11 23:14:58",13.4974070166756,0,57.9540576747263,0
"2018-05-11 23:15:58",12.9669147368235,0,49.7730706413953,0
"2018-05-11 23:16:58",8.96541069113292,0,40.9452140640245,0
"2018-05-11 23:17:58",9.79285592061703,0,43.0475674331307,0
"2018-05-11 23:18:58",8.88277386996916,0,47.6688503186872,0
"2018-05-11 23:19:58",8.29345370482974,0,42.0318904414594,0
"2018-05-11 23:20:58",7.70031283487638,0,46.9050089531455,0
"2018-05-11 23:21:58",9.29217056132989,0,35.4519587201168,0
"2018-05-11 23:22:59",8.45463940732572,0,51.2173924731418,0
"2018-05-11 23:23:59",7.5682921373408,0,39.7705444029664,0
"2018-05-11 23:24:59",10.6114506650468,0,43.2357787733293,0
"2018-05-11 23:25:59",9.36657210966515,0,46.2224464472239,0
"2018-05-11 23:26:59",13.8527360578659,0,71.7332548864281,0
"2018-05-11 23:27:59",8.92245512189709,0,47.1389267105436,0
"2018-05-11 23:28:59",10.7762058814452,0,33.5187183574709,0
"2018-05-11 23:29:59",8.54887692502876,0,37.2629066736441,0
"2018-05-11 23:30:59",8.02815354072997,0,34.1473539881447,0
"2018-05-11 23:31:59",7.09698399934846,0,50.8608581158005,0
"2018-05-11 23:32:59",9.49817739332069,0,37.6486852538214,0
"2018-05-11 23:33:59",7.837049514147,0,34.6876561378224,0
"2018-05-11 23:34:59",10.7540805095816,0,42.7419910629085,0
"2018-05-11 23:35:59",10.9464151905651,0,52.1906208406826,0
"2018-05-11 23:36:59",7.57609715832064,0,41.6493016981863,0
"2018-05-11 23:37:59",13.0249383535407,0,45.2293845021434,0
"2018-05-11 23:38:59",9.97382191999132,0,42.6444496861425,0
"2018-05-11 23:39:59",9.40384438585474,0,52.2740713731824,0
"2018-05-11 23:40:59",8.80163495750845,0,43.5092566308418,0
"2018-05-11 23:41:59",9.99042048295149,0,37.4246814621054,0
"2018-05-11 23:42:59",10.3108917566255,0,45.5379701398118,0
"2018-05-11 23:44:00",17.352141961537,0,49.7582987267872,0
"2018-05-11 23:45:00",11.8120279363981,0,31.0175087126604,0
"2018-05-11 23:46:00",10.572869265993,0,40.5890550171609,0
"2018-05-11 23:47:00",12.7495722579147,0,48.0612821633308,0
"2018-05-11 23:48:00",12.7118127085873,0,36.1229978094518,0
"2018-05-11 23:49:00",13.590445258712,0,34.3465213419283,0
"2018-05-11 23:50:00",11.6523700664591,0,34.8233488923777,0
"2018-05-11 23:51:00",14.6785119930168,0,37.9188002221382,0
"2018-05-11 23:52:00",12.7880394447578,0,48.3096504357151,0
"2018-05-11 23:53:00",15.3817372517447,0,36.4153370857241,0
"2018-05-11 23:54:00",11.649762694775,0,50.0713533281072,0
"2018-05-11 23:55:00",14.1516669776569,0,41.3673622318138,0
"2018-05-11 23:56:00",10.3877150048148,0,40.1471585507774,0
"2018-05-11 23:57:00",12.2095416389871,0,38.1999309781948,0
"2018-05-11 23:58:00",10.6514320329359,0,36.8298307231943,0
"2018-05-11 23:59:00",14.2364416336649,0,45.4641936592784,0
"2018-05-12 00:00:00",13.8707554842765,0,53.3086632610555,0
"2018-05-12 00:00:08",13.350571768272,0,46.5556327938013,0
"2018-05-12 00:01:00",13.4386113139379,0,32.1032895766541,0
"2018-05-12 00:02:00",12.6164551827127,0,32.36909640526,0
"2018-05-12 00:03:00",12.2951177486231,0,35.4256265527167,0
"2018-05-12 00:04:00",12.9518264337734,0,37.6586994761463,0
"2018-05-12 00:05:01",13.8008737002736,0,48.2386425714301,0
"2018-05-12 00:06:01",15.6785466429712,0,43.8794522798188,0
"2018-05-12 00:07:01",10.1730072712098,0,36.9183267489248,0
"2018-05-12 00:08:01",11.9020467872386,0,31.6781590330399,0
"2018-05-12 00:09:01",10.5657650016189,0,34.6514327915461,0
"2018-05-12 00:10:01",14.1702563240946,0,50.709091899737,0
"2018-05-12 00:11:01",11.6948503294173,0,53.8067970529748,0
"2018-05-12 00:12:01",14.0855989875018,0,51.4893957818937,0
"2018-05-12 00:13:01",12.5185971023461,0,52.5092984196424,0
"2018-05-12 00:14:01",12.2881623846819,0,51.0420065686047,0
"2018-05-12 00:15:01",12.5809251757398,0,163.384520940683,0
"2018-05-12 00:16:01",18.1704795517017,0,29.7521395168985,0
"2018-05-12 00:17:01",19.8044670855135,0,33.0637591342043,0
"2018-05-12 00:18:01",13.3709538174675,0,40.598358364153,0
"2018-05-12 00:19:01",14.0353825232789,0,45.8328205343979,0
"2018-05-12 00:20:01",11.2195920187807,0,37.3309225414753,0
"2018-05-12 00:21:01",15.3344504948633,0,42.3677060286862,0
"2018-05-12 00:22:01",10.1677264329241,0,29.3193325496296,0
"2018-05-12 00:23:01",11.3482976759294,0,29.2120775849131,0
"2018-05-12 00:24:01",8.61499763345027,0,35.3533300977535,0
"2018-05-12 00:25:01",12.07982830439,0,33.5740515363814,0
"2018-05-12 00:26:01",11.2771307307326,0,40.846084835793,0
"2018-05-12 00:27:01",12.5704176226937,0,35.2680315063203,0
"2018-05-12 00:28:01",9.12655160905971,0,39.8910814426486,0
"2018-05-12 00:29:01",6.33020363809691,0,40.4969783258768,0
"2018-05-12 00:30:01",10.3304086998646,0,37.9976588818576,0
"2018-05-12 00:31:01",6.90838941275016,0,41.5298667796749,0
"2018-05-12 00:32:02",11.2998811405522,0,173.390104640203,0
"2018-05-12 00:33:02",7.19616182175398,0,32.5801907339309,0
"2018-05-12 00:34:02",7.15352641914013,0,37.4503926658597,0
"2018-05-12 00:35:02",4.56313630359821,0,38.1937108447602,0
"2018-05-12 00:36:02",6.87057141983076,0,46.6383964902652,0
"2018-05-12 00:37:02",11.196260254821,0,50.3078118989626,0
"2018-05-12 00:38:02",10.620291013733,0,42.0209629471553,0
"2018-05-12 00:39:02",7.77968452408447,0,28.3471805323722,0
"2018-05-12 00:40:02",5.55639863501225,0,38.9520062729518,0
"2018-05-12 00:41:02",4.71680187540655,0,31.5714164081832,0
"2018-05-12 00:42:02",6.57754204381959,0,39.0471062313158,0
"2018-05-12 00:43:02",9.63863405733239,0,51.1155091098537,0
"2018-05-12 00:44:02",7.03454556468596,0,36.9149798897185,0
"2018-05-12 00:45:02",8.96455871878663,0,38.6604289328347,0
"2018-05-12 00:46:02",7.55978564713806,0,36.6327458671149,0
"2018-05-12 00:47:02",8.73102700959433,0,28.8031859147548,0
"2018-05-12 00:48:02",11.6391655461749,0,42.2232739594546,0
"2018-05-12 00:49:02",8.62777989656265,0,40.9813136574048,0
"2018-05-12 00:50:02",7.30998829417262,0,23.9404415979525,0
"2018-05-12 00:51:02",8.65189926526393,0,27.570994755433,0
"2018-05-12 00:52:02",5.61137773848015,0,27.3820336535156,0
"2018-05-12 00:53:02",5.68331615813441,0,32.488309420439,0
"2018-05-12 00:54:02",7.93557176728541,0,50.73300577043,0
"2018-05-12 00:55:02",7.28463416720729,0,29.6488609794827,0
"2018-05-12 00:56:02",11.8070422202453,0,34.8580902381318,0
"2018-05-12 00:57:03",3.66847426617811,0,34.0247923401987,0
"2018-05-12 00:58:03",7.84288942598319,0,127.852392175624,0
"2018-05-12 00:59:03",5.04977509415501,0,32.2196707173231,0
"2018-05-12 01:00:03",7.28507716219862,0,35.4785781540323,0
"2018-05-12 01:01:03",5.88863347895299,0,31.7777191948199,0
"2018-05-12 01:02:03",6.00540427593385,0,28.251645686069,0
"2018-05-12 01:03:03",4.47473187682987,0,30.8954392457966,0
"2018-05-12 01:04:03",4.05853260328211,0,32.2759288572334,0
"2018-05-12 01:05:03",5.96152664406335,0,37.9144802117905,0
"2018-05-12 01:06:03",10.3124320265372,0,33.0999963324392,0
"2018-05-12 01:07:03",7.3163970098974,0,28.3517762901883,0
"2018-05-12 01:08:03",6.24005786595246,0,32.8980376606423,0
"2018-05-12 01:09:03",10.0373900520481,0,29.8134764363079,0
"2018-05-12 01:10:03",4.91685809565674,0,36.8359668384985,0
"2018-05-12 01:11:03",8.24713618711056,0,164.039791029378,0
"2018-05-12 01:12:03",5.99354592287241,0,34.1994524028323,0
"2018-05-12 01:13:03",7.16009017141337,0,30.8019667029949,0
"2018-05-12 01:14:03",4.12626577070325,0,33.1594839131921,0
"2018-05-12 01:15:03",6.83364098997231,0,31.9749958292991,0
"2018-05-12 01:16:03",6.31726895638165,0,43.5911959884144,0
"2018-05-12 01:17:03",6.9652623678037,0,37.6663075208587,0
"2018-05-12 01:18:03",5.60381336299492,0,32.121558699402,0
"2018-05-12 01:19:03",5.27874285363735,0,32.920038731849,0
"2018-05-12 01:20:03",5.68797094645826,0,34.2697539655234,0
"2018-05-12 01:21:03",4.23900399954083,0,33.9531408790195,0
"2018-05-12 01:22:03",12.1690328392881,0,38.9940876790589,0
"2018-05-12 01:23:04",5.63002886528692,0,32.6746756064186,0
"2018-05-12 01:24:04",8.04574574563789,0,42.6933383329764,0
"2018-05-12 01:25:04",6.06986402306525,0,33.4187055821494,0
"2018-05-12 01:26:04",8.84874500378452,0,37.0283002701191,0
"2018-05-12 01:27:04",6.93365881713887,0,38.6239009247491,0
"2018-05-12 01:28:04",12.2471590400031,0,46.2376920233013,0
"2018-05-12 01:29:04",5.44171598806626,0,33.2826296162142,0
"2018-05-12 01:30:04",5.57900062482079,0,32.8574286886191,0
"2018-05-12 01:31:04",5.01839933039721,0,34.9366889014867,0
"2018-05-12 01:32:04",4.74252849471678,0,35.8909059341523,0
"2018-05-12 01:33:04",8.22239391871193,0,47.6529986928317,0
"2018-05-12 01:34:04",5.88431946341755,0,31.2874943372534,0
"2018-05-12 01:35:04",7.28380245201979,0,24.6456270601478,0
"2018-05-12 01:36:04",7.84491677004273,0,33.0253416742204,0
"2018-05-12 01:37:04",9.22960020737225,0,74.0609611315792,0
"2018-05-12 01:38:04",6.29958915381967,0,35.0657509901785,0
"2018-05-12 01:39:04",11.0811429106412,0,40.2177593591363,0
"2018-05-12 01:40:04",6.90110399843153,0,32.734800623545,0
"2018-05-12 01:41:04",8.2586871087486,0,33.4690506207952,0
"2018-05-12 01:42:04",7.35971996883038,0,27.2293406802812,0
"2018-05-12 01:43:04",7.02627648392631,0,28.887805797824,0
"2018-05-12 01:44:04",8.58030174161731,0,38.7710648712687,0
"2018-05-12 01:45:04",10.2163073447834,0,29.7033070714271,0
"2018-05-12 01:46:04",10.5958895528467,0,23.0677055536296,0
"2018-05-12 01:47:04",10.7478527235868,0,27.0983662327288,0
"2018-05-12 01:48:04",13.0210347035432,0,32.1773315580379,0
"2018-05-12 01:49:04",12.6822508908693,0,38.7764806989401,0
"2018-05-12 01:50:04",12.4864624740983,0,37.9107531619774,0
"2018-05-12 01:51:05",12.0656681536207,0,27.8846575046952,0
"2018-05-12 01:52:05",10.9313199293357,0,24.6305424042779,0
"2018-05-12 01:53:05",11.5191159791076,0,31.7887282233527,0
"2018-05-12 01:54:05",12.0364723441094,0,31.6237999570663,0
"2018-05-12 01:55:05",10.7227481546535,0,37.2064391255108,0
"2018-05-12 01:56:05",14.3034392064838,0,31.6935347656437,0
"2018-05-12 01:57:05",11.8589539698842,0,26.0613473911002,0
"2018-05-12 01:58:05",12.3252747807685,0,28.974003962499,0
"2018-05-12 01:59:05",9.57907697538863,0,52.1877087390182,0
"2018-05-12 02:00:05",9.08419017880353,0,33.2935347119562,0
"2018-05-12 02:01:05",14.2114764919023,0,37.5752204844793,0
"2018-05-12 02:02:05",8.69133760395678,0,34.6780579166865,0
"2018-05-12 02:03:05",10.5535092729113,0,53.8991887483081,0
"2018-05-12 02:04:05",15.5215627090661,0,32.7424865773435,0
"2018-05-12 02:05:05",11.5165898539171,0,24.3766554018094,0
"2018-05-12 02:06:05",10.0574765805837,0,34.8441242715233,0
"2018-05-12 02:07:05",13.0727791638853,0,29.9828446218358,0
"2018-05-12 02:08:05",9.3586156761279,0,23.091104612316,0
"2018-05-12 02:09:05",9.61270575782965,0,26.3393208292588,0
"2018-05-12 02:10:05",8.89430477420553,0,25.2255346707918,0
"2018-05-12 02:11:05",8.82695797952107,0,30.3426922596747,0
"2018-05-12 02:12:05",13.5474393519478,0,46.9422291432037,0
"2018-05-12 02:13:05",11.3966075240214,0,42.2288999041827,0
"2018-05-12 02:14:05",15.098900411615,0,46.2818537741938,0
"2018-05-12 02:15:05",9.92195646519176,0,45.3542852518713,0
"2018-05-12 02:16:05",23.7846485706558,0,169.99948061985,0
"2018-05-12 02:17:05",18.6736832143204,0,47.0556475303562,0
"2018-05-12 02:18:05",20.1789289083124,0,29.856470666725,0
"2018-05-12 02:19:05",14.5096007890185,0,29.3463835588062,0
"2018-05-12 02:20:06",14.0417712973195,0,24.0432985202246,0
"2018-05-12 02:21:06",12.3758485369492,0,32.1007039063552,0
"2018-05-12 02:22:06",16.0554969194876,0,39.0410019394477,0
"2018-05-12 02:23:06",13.9726768735132,0,30.0946916583472,0
"2018-05-12 02:24:06",12.17983252658,0,31.2197792232949,0
"2018-05-12 02:25:06",9.70318801063021,0,26.5115467940754,0
"2018-05-12 02:26:06",11.8803088426604,0,32.8286417362972,0
"2018-05-12 02:27:06",14.6926705366067,0,41.9298742814406,0
"2018-05-12 02:28:06",11.045495065169,0,34.7628001517185,0
"2018-05-12 02:29:06",15.456616087765,0,37.8773735396252,0
"2018-05-12 02:30:06",7.78829166221974,0,30.6912170421662,0
"2018-05-12 02:31:06",10.0742024760114,0,28.4981230721638,0
"2018-05-12 02:32:06",7.99402029100122,0,42.9911791875507,0
"2018-05-12 02:33:06",10.9612784843471,0,42.4668971228771,0
"2018-05-12 02:34:06",9.56467918237267,0,31.2393501789128,0
"2018-05-12 02:35:06",8.82769246080916,0,37.5405401445411,0
"2018-05-12 02:36:06",7.27260855956804,0,37.6031239124585,0
"2018-05-12 02:37:06",7.31140138936624,0,43.44594683593,0
"2018-05-12 02:38:06",7.92558177872584,0,45.4028132066018,0
"2018-05-12 02:39:06",9.83969853508569,0,39.3410798230759,0
"2018-05-12 02:40:06",13.1172602789902,0,32.9689604446267,0
"2018-05-12 02:41:06",7.98695447843896,0,42.1822220924943,0
"2018-05-12 02:42:06",12.7631515147198,0,36.6983486599842,0
"2018-05-12 02:43:06",11.5660181883551,0,35.3706242786605,0
"2018-05-12 02:44:06",19.0907019259522,0,52.2561746025458,0
"2018-05-12 02:45:06",13.256642929748,0,34.2004501687356,0
"2018-05-12 02:46:07",19.1157385273012,0,30.7503608940824,0
"2018-05-12 02:47:07",18.0553329338086,0,27.1097140442346,0
"2018-05-12 02:48:07",19.5347502704244,0,37.188853113461,0
"2018-05-12 02:49:07",27.7954887130734,0,33.3882755861424,0
"2018-05-12 02:50:07",25.7386129655514,0,34.9703400701971,0
"2018-05-12 02:51:07",26.9066013787936,0,27.5367969434093,0
"2018-05-12 02:52:07",22.0062161455777,0,33.5944513694845,0
"2018-05-12 02:53:07",26.7148176091568,0,29.886038460723,0
"2018-05-12 02:54:07",20.3694218520135,0,35.5106582942361,0
"2018-05-12 02:55:07",31.0235017403773,0,42.7979632868348,0
"2018-05-12 02:56:07",21.8616776114286,0,31.5446589949169,0
"2018-05-12 02:57:07",22.14530576422,0,27.1002958297238,0
"2018-05-12 02:58:07",20.3112238074714,0,32.0498675853148,0
"2018-05-12 02:59:07",19.208901765147,0,27.8562029650274,0
"2018-05-12 03:00:07",21.4599734015222,0,41.5088560543369,0
"2018-05-12 03:01:07",17.3788190434197,0,43.5265466647174,0
"2018-05-12 03:02:07",16.6976822644756,0,28.8086705908419,0
"2018-05-12 03:03:07",13.381084379666,0,36.7426041331834,0
"2018-05-12 03:04:07",16.430353789262,0,34.0555231900906,0
"2018-05-12 03:05:07",14.1825924591505,0,39.1461356494237,0
"2018-05-12 03:06:07",21.9557752823817,0,43.0569081815288,0
"2018-05-12 03:07:07",15.2427306336416,0,34.8092423612302,0
"2018-05-12 03:08:07",20.5084785478061,0,25.2753266876346,0
"2018-05-12 03:09:07",14.7003540150478,0,37.6393574079892,0
"2018-05-12 03:10:07",16.0068024009102,0,35.0038948967773,0
"2018-05-12 03:11:07",11.8546406323069,0,36.1185807566703,0
"2018-05-12 03:12:07",12.5146343329014,0,92.692456809017,0
"2018-05-12 03:13:07",12.2763707535311,0,30.8464572855887,0
"2018-05-12 03:14:07",13.1227980404397,0,37.9333622409158,0
"2018-05-12 03:15:07",12.2115952482151,0,29.6084196681642,0
"2018-05-12 03:16:07",21.9229228329969,0,153.128426569526,0
"2018-05-12 03:17:08",16.1972709073631,0,51.1334589763353,0
"2018-05-12 03:18:08",12.3651963272496,0,36.2214872615864,0
"2018-05-12 03:19:08",12.9831377649168,0,29.6803547534703,0
"2018-05-12 03:20:08",9.54245548910662,0,35.1092483054489,0
"2018-05-12 03:21:08",14.620308741582,0,27.8842248062813,0
"2018-05-12 03:22:08",11.3400622937602,0,35.7469930519006,0
"2018-05-12 03:23:08",13.3444793273326,0,35.6923054929998,0
"2018-05-12 03:24:08",14.1397762948262,0,39.3634442458001,0
"2018-05-12 03:25:08",13.0278740085302,0,21.5569070023931,0
"2018-05-12 03:26:08",12.1134767817982,0,28.5433060032859,0
"2018-05-12 03:27:08",14.5967471159172,0,35.0818405458271,0
"2018-05-12 03:28:08",13.2483034406149,0,45.4607349974622,0
"2018-05-12 03:29:08",18.2964240849639,0,35.9287653956602,0
"2018-05-12 03:30:08",13.3307317183595,0,28.7376271645305,0
"2018-05-12 03:31:08",11.8386380693617,0,33.9933377758599,0
"2018-05-12 03:32:08",17.9585737043408,0,27.8143375407156,0
"2018-05-12 03:33:08",8.7152006934184,0,38.3245907407008,0
"2018-05-12 03:34:08",19.8492064034569,0,34.7479579520208,0
"2018-05-12 03:35:08",10.6309237060505,0,36.4008755037387,0
"2018-05-12 03:36:08",16.165562059893,0,27.0591306903183,0
"2018-05-12 03:37:08",11.9844143800741,0,32.3187318957115,0
"2018-05-12 03:38:08",14.1157324709759,0,30.5972963788444,0
"2018-05-12 03:39:08",13.086173199525,0,37.8223293723675,0
"2018-05-12 03:40:08",18.4760875234247,0,39.8733137848697,0
"2018-05-12 03:41:08",14.4065473750754,0,29.0662564982741,0
"2018-05-12 03:42:08",13.6479144099178,0,35.3708123555912,0
"2018-05-12 03:43:09",16.1537029490984,0,26.454938187611,0
"2018-05-12 03:44:09",14.1609906636274,0,40.1552181148117,0
"2018-05-12 03:45:09",15.9903501771251,0,83.8981503796109,0
"2018-05-12 03:46:09",21.9311307789977,0,35.1414851468013,0
"2018-05-12 03:47:09",23.3369415964259,0,22.3399430991767,0
"2018-05-12 03:48:09",19.897805609848,0,29.1151291250294,0
"2018-05-12 03:49:09",20.0551592737699,0,40.665515753306,0
"2018-05-12 03:50:09",19.1414589976272,0,39.2556752985855,0
"2018-05-12 03:51:09",19.0858761579343,0,44.8111719481407,0
"2018-05-12 03:52:09",16.3414771735025,0,25.1985332846313,0
"2018-05-12 03:53:09",16.5353655479272,0,31.7062447370276,0
"2018-05-12 03:54:09",19.6523048268612,0,27.7739001424457,0
"2018-05-12 03:55:09",15.4581656779446,0,29.9309775186637,0
"2018-05-12 03:56:09",20.9884715068459,0,43.0468601258931,0
"2018-05-12 03:57:09",16.5134524024522,0,22.757972755111,0
"2018-05-12 03:58:09",14.1811619073464,0,80.3045945340037,0
"2018-05-12 03:59:09",14.8778401340109,0,34.6531939777202,0
"2018-05-12 04:00:09",22.3184660462718,0,24.1693549236966,0
"2018-05-12 04:01:09",13.3265867436658,0,36.964425780932,0
"2018-05-12 04:02:09",15.9212497993985,0,38.7281657633256,0
"2018-05-12 04:03:09",12.4927007347581,0,30.4315085610372,0
"2018-05-12 04:04:09",15.5300802394522,0,29.2487076217155,0
"2018-05-12 04:05:09",18.3465591695986,0,30.8181856513354,0
"2018-05-12 04:06:09",14.1055603739493,0,30.1855826575095,0
"2018-05-12 04:07:09",13.3504086824022,0,42.7128978165345,0
"2018-05-12 04:08:10",15.1158421505499,0,29.3283599274765,0
"2018-05-12 04:09:10",14.2597454783598,0,25.4883092340327,0
"2018-05-12 04:10:10",12.5285294212113,0,38.8877067480575,0
"2018-05-12 04:11:10",16.611146373023,0,42.1789481613625,0
"2018-05-12 04:12:10",11.0329973446634,0,40.4895687323998,0
"2018-05-12 04:13:10",19.3918329937002,0,43.8307340716506,0
"2018-05-12 04:14:10",15.8400670131251,0,53.0487098488817,0
"2018-05-12 04:15:10",21.214186683334,0,50.8004646442415,0
"2018-05-12 04:16:10",14.6522652799146,0,49.3829254843148,0
"2018-05-12 04:17:10",27.630537301076,0,42.6209722317644,0
"2018-05-12 04:18:10",22.3225971441333,0,45.9858765675013,0
"2018-05-12 04:19:10",20.7934621137724,0,35.9057984369118,0
"2018-05-12 04:20:10",22.1616438148031,0,32.2595393534505,0
"2018-05-12 04:21:10",19.0069682137613,0,39.6369079241876,0
"2018-05-12 04:22:10",19.6478304249698,0,41.1940470848487,0
"2018-05-12 04:23:10",19.0432269916832,0,35.5605144657096,0
"2018-05-12 04:24:10",20.8684967536743,0,40.8753982941478,0
"2018-05-12 04:25:10",14.4053829761957,0,38.2922883829535,0
"2018-05-12 04:26:10",19.9306234892008,0,33.1618525453336,0
"2018-05-12 04:27:10",16.0701773123249,0,42.2923401990169,0
"2018-05-12 04:28:10",19.6403069973602,0,49.4297782450773,0
"2018-05-12 04:29:10",12.5046016590361,0,49.8110681275831,0
"2018-05-12 04:30:10",15.3254618455812,0,47.2224491700783,0
"2018-05-12 04:31:10",14.8104377515554,0,40.5104146430282,0
"2018-05-12 04:32:10",11.8304099584031,0,46.9211332051023,0
"2018-05-12 04:33:10",14.0538546569053,0,40.6058496684839,0
"2018-05-12 04:34:10",21.0037712915502,0,45.1243075005404,0
"2018-05-12 04:35:10",15.2361637679943,0,45.8525239078725,0
"2018-05-12 04:36:10",13.7367743925732,0,46.5357199308901,0
"2018-05-12 04:37:10",18.3299967511178,0,49.6631948503078,0
"2018-05-12 04:38:10",13.2664662296159,0,53.9938003449274,0
"2018-05-12 04:39:10",24.153424358135,0,80.7906005603396,0
"2018-05-12 04:40:11",22.0182202559111,0,47.9115954387786,0
"2018-05-12 04:41:11",12.4698518630506,0,42.1424597088248,0
"2018-05-12 04:42:11",8.99878130240605,0,39.7428825350199,0
"2018-05-12 04:43:11",12.750530564974,0,38.5798854595667,0
"2018-05-12 04:44:11",11.0562789488895,0,49.9177566708449,0
"2018-05-12 04:45:11",21.9370277641831,0,48.9522502237989,0
"2018-05-12 04:46:11",13.7658118631799,0,39.2020108123196,0
"2018-05-12 04:47:11",15.0642968737104,0,44.4691054354827,0
"2018-05-12 04:48:11",18.0244755321458,0,33.3596194856627,0
"2018-05-12 04:49:11",17.5699168205344,0,41.154305180136,0
"2018-05-12 04:50:11",25.7688843386101,0,45.7841177585171,0
"2018-05-12 04:51:11",17.0981493032817,0,41.8139331570279,0
"2018-05-12 04:52:11",28.8958284185973,0,33.8000917246026,0
"2018-05-12 04:53:11",20.4291450368062,0,39.5817710848256,0
"2018-05-12 04:54:11",18.8855851648805,0,38.7982093148245,0
"2018-05-12 04:55:11",17.6201314437713,0,34.8464187304811,0
"2018-05-12 04:56:11",21.0007188525245,0,50.8443559184955,0
"2018-05-12 04:57:11",19.9887050051253,0,40.1882613993933,0
"2018-05-12 04:58:11",21.741206151159,0,33.4900701196359,0
"2018-05-12 04:59:11",18.2685085534658,0,32.2765923451682,0
"2018-05-12 05:00:11",19.0784441430302,0,49.6167001982518,0
"2018-05-12 05:01:11",21.9167608807033,0,44.3998590970884,0
"2018-05-12 05:02:11",21.5858997447448,0,42.4840863335882,0
"2018-05-12 05:03:11",22.6053117969432,0,34.8247947538654,0
"2018-05-12 05:04:11",16.6607618162213,0,43.6382737573898,0
"2018-05-12 05:05:11",25.7988902178677,0,35.0607009686652,0
"2018-05-12 05:06:11",15.4508739611497,0,39.9114167943952,0
"2018-05-12 05:07:11",21.6069374078036,0,55.0300167163287,0
"2018-05-12 05:08:11",14.9509705064483,0,35.8817007634219,0
"2018-05-12 05:09:12",17.0548921453958,0,36.1908738270974,0
"2018-05-12 05:10:12",14.510775079518,0,40.6565672779002,0
"2018-05-12 05:11:12",15.6134803539916,0,39.3864329542808,0
"2018-05-12 05:12:12",13.2492967325859,0,44.7654759387361,0
"2018-05-12 05:13:12",17.5864702525654,0,44.5180209733518,0
"2018-05-12 05:14:12",19.4202379566611,0,52.9916164564898,0
"2018-05-12 05:15:12",12.9522879158283,0,46.4421167547327,0
"2018-05-12 05:16:12",17.2148059438742,0,43.6141622898656,0
"2018-05-12 05:17:12",16.0899802554143,0,136.561720180706,0
"2018-05-12 05:18:12",20.8972495183668,0,45.3110264322482,0
"2018-05-12 05:19:12",9.68851395797433,0,43.8920962258843,0
"2018-05-12 05:20:12",10.345625862682,0,27.082935725703,0
"2018-05-12 05:21:12",9.94015920027557,0,30.696049911298,0
"2018-05-12 05:22:12",11.6581525390266,0,39.04224331371,0
"2018-05-12 05:23:12",12.3699749567858,0,49.2995546472349,0
"2018-05-12 05:24:12",15.1555862055809,0,48.1043013448435,0
"2018-05-12 05:25:12",11.2930859227743,0,34.6257193884343,0
"2018-05-12 05:26:12",10.8508851688001,0,42.2557387704364,0
"2018-05-12 05:27:12",13.1734592753669,0,50.0806564932519,0
"2018-05-12 05:28:12",10.7039574631489,0,45.4484543490078,0
"2018-05-12 05:29:12",19.5281951207288,0,48.8913722813795,0
"2018-05-12 05:30:12",16.3414037631801,0,47.0344158662837,0
"2018-05-12 05:31:12",22.9692317988054,0,29.2446567710571,0
"2018-05-12 05:32:12",9.17018505838734,0,41.6141867862723,0
"2018-05-12 05:33:12",16.356281452712,0,30.0074275270473,0
"2018-05-12 05:34:13",12.6307089767051,0,39.2110741900265,0
"2018-05-12 05:35:13",19.1968609090382,0,45.6919150466742,0
"2018-05-12 05:36:13",12.5464046662198,0,42.3818228612538,0
"2018-05-12 05:37:13",14.0839662922351,0,36.0560701585287,0
"2018-05-12 05:38:13",16.6691738107865,0,37.6512071542694,0
"2018-05-12 05:39:13",12.0497175441486,0,45.1325705473308,0
"2018-05-12 05:40:13",13.8803823496582,0,47.9957437580238,0
"2018-05-12 05:41:13",11.9685670751445,0,37.3741203522066,0
"2018-05-12 05:42:13",15.9159094348708,0,31.9648274592237,0
"2018-05-12 05:43:13",12.7110407021466,0,45.8016163800406,0
"2018-05-12 05:44:13",17.6102322176072,0,36.1501903357386,0
"2018-05-12 05:45:13",10.7206269722115,0,51.2708559547142,0
"2018-05-12 05:46:13",18.1627368231128,0,37.0924099351217,0
"2018-05-12 05:47:13",14.6588282676198,0,33.3395822709174,0
"2018-05-12 05:48:13",16.4777150619874,0,28.8056553533014,0
"2018-05-12 05:49:13",45.2424268054657,1,26.305436474246,0
"2018-05-12 05:50:13",15.7963599926004,0,37.3421057447694,0
"2018-05-12 05:51:13",14.6150384093442,0,39.8687094037871,0
"2018-05-12 05:52:13",16.6184182864466,0,44.1173234588178,0
"2018-05-12 05:53:13",14.7295058031102,0,31.6438700896253,0
"2018-05-12 05:54:13",11.7846147307999,0,44.162434875537,0
"2018-05-12 05:55:13",16.9090427876667,0,40.8602492416836,0
"2018-05-12 05:56:13",11.9743106189999,0,48.6708558322026,0
"2018-05-12 05:57:14",26.8332016884733,0,55.5977108311962,0
"2018-05-12 05:58:14",13.8115530404257,0,33.4707027005059,0
"2018-05-12 05:59:14",16.6055045016666,0,27.2629728493648,0
"2018-05-12 06:00:14",12.4653968565087,0,37.2317537449652,0
"2018-05-12 06:01:14",12.2351307416641,0,46.3088615496433,0
"2018-05-12 06:02:14",14.3289086469841,0,47.3438241369444,0
"2018-05-12 06:03:14",16.348194330835,0,38.0469850813661,0
"2018-05-12 06:04:14",12.7774925834967,0,35.5153674907839,0
"2018-05-12 06:05:14",18.3564545017928,0,41.6442895571251,0
"2018-05-12 06:06:14",14.539799353614,0,27.5219495973453,0
"2018-05-12 06:07:14",12.4208747773508,0,37.8226431312214,0
"2018-05-12 06:08:14",15.3720452407045,0,44.3281084165363,0
"2018-05-12 06:09:14",10.9154922475966,0,40.1809835803955,0
"2018-05-12 06:10:14",19.9900611223955,0,37.6447437750835,0
"2018-05-12 06:11:14",11.1382031638191,0,44.5315669386546,0
"2018-05-12 06:12:14",15.1598947652392,0,38.3027852422899,0
"2018-05-12 06:13:14",11.8685830750296,0,45.1803110950135,0
"2018-05-12 06:14:14",14.2386366804461,0,41.9551745879903,0
"2018-05-12 06:15:14",13.4542837670772,0,50.999008004181,0
"2018-05-12 06:16:14",18.7704099794354,0,54.9472451537087,0
"2018-05-12 06:17:14",13.6730365595414,0,53.5066411666173,0
"2018-05-12 06:18:15",30.4863105940936,0,40.3533698551451,0
"2018-05-12 06:19:15",18.732350070362,0,35.4756058592562,0
"2018-05-12 06:20:15",20.0140162954667,0,36.9444378630816,0
"2018-05-12 06:21:15",21.1199909695667,0,36.5279681091091,0
"2018-05-12 06:22:15",16.1516843004426,0,44.3949037117163,0
"2018-05-12 06:23:15",24.1131986257918,0,41.393784797025,0
"2018-05-12 06:24:15",15.6955927659871,0,50.6585974410159,0
"2018-05-12 06:25:15",18.1425269554934,0,32.6283019761984,0
"2018-05-12 06:26:15",14.6202730563451,0,39.7961418749414,0
"2018-05-12 06:27:15",16.5322847558339,0,39.9020687040433,0
"2018-05-12 06:28:15",16.4873429481559,0,40.1340341206253,0
"2018-05-12 06:29:15",16.8467789170776,0,49.7188583826581,0
"2018-05-12 06:30:15",14.6532544591507,0,51.4264465540043,0
"2018-05-12 06:31:15",15.1368427072178,0,49.499980665671,0
"2018-05-12 06:32:15",16.1381699515742,0,48.7740974831339,0
"2018-05-12 06:33:15",11.2916867322502,0,51.3238018246448,0
"2018-05-12 06:34:15",17.5304390972762,0,63.3124687369083,0
"2018-05-12 06:35:15",10.7408644242072,0,52.2736719689447,0
"2018-05-12 06:36:15",15.9570601278998,0,48.9759450371325,0
"2018-05-12 06:37:15",11.1261021085755,0,45.1849183584255,0
"2018-05-12 06:38:15",11.2478632369009,0,39.5256050167051,0
"2018-05-12 06:39:15",11.6108082019549,0,48.3090224934566,0
"2018-05-12 06:40:15",17.1050297087378,0,57.9949316468077,0
"2018-05-12 06:41:15",17.3095990425116,0,43.182306970861,0
"2018-05-12 06:42:16",18.7949426683926,0,49.531802146153,0
"2018-05-12 06:43:16",19.5987400031801,0,36.3313105885432,0
"2018-05-12 06:44:16",21.0118986033418,0,55.478638637738,0
"2018-05-12 06:45:16",26.7703081877458,0,53.2521790345413,0
"2018-05-12 06:46:16",24.5899893102001,0,61.9175698271726,0
"2018-05-12 06:47:16",35.6790376045594,0,48.8328741949361,0
"2018-05-12 06:48:16",8.96297097057317,0,48.3646295043076,0
"2018-05-12 06:49:16",19.6218821199916,0,60.0150787414254,0
"2018-05-12 06:50:16",9.00081531394303,0,49.9912212221908,0
"2018-05-12 06:51:16",13.4362159900266,0,48.2386400823808,0
"2018-05-12 06:52:16",9.41387135390284,0,32.963687251215,0
"2018-05-12 06:53:16",9.37947815594957,0,33.5903907537707,0
"2018-05-12 06:54:16",8.8184119019475,0,34.0663438555601,0
"2018-05-12 06:55:16",11.1866627975671,0,43.2843294365817,0
"2018-05-12 06:56:16",16.2053853932121,0,51.2678138095349,0
"2018-05-12 06:57:16",9.60920409021018,0,43.9290399558703,0
"2018-05-12 06:58:16",11.9495390410643,0,32.7461507979351,0
"2018-05-12 06:59:16",10.4190909076671,0,38.0765031383233,0
"2018-05-12 07:00:16",8.58998145716293,0,68.2341386895265,0
"2018-05-12 07:01:16",9.19283598486605,0,39.536704574095,0
"2018-05-12 07:02:16",17.822037002735,0,44.7764627232135,0
"2018-05-12 07:03:16",6.94654165648174,0,40.138658165357,0
"2018-05-12 07:04:16",9.12930581986504,0,29.5248307861983,0
"2018-05-12 07:05:16",5.82087987281822,0,37.5422062723734,0
"2018-05-12 07:06:16",10.7572638572144,0,39.2719739446063,0
"2018-05-12 07:07:16",11.4102395813291,0,47.9116287384764,0
"2018-05-12 07:08:16",11.4754586231904,0,51.4183614569216,0
"2018-05-12 07:09:17",6.7622345802655,0,34.3015514370198,0
"2018-05-12 07:10:17",7.04436862291127,0,37.7804876492282,0
"2018-05-12 07:11:17",8.23640136160116,0,41.7878900565531,0
"2018-05-12 07:12:17",5.7344463603912,0,39.1622653596723,0
"2018-05-12 07:13:17",10.2115119515368,0,55.731246951524,0
"2018-05-12 07:14:17",6.47108989860346,0,43.3766422955814,0
"2018-05-12 07:15:17",11.5359567952216,0,39.6238146830177,0
"2018-05-12 07:16:17",4.19781906001227,0,45.6083242400637,0
"2018-05-12 07:17:17",10.1565688357813,0,43.1926089663924,0
"2018-05-12 07:18:17",10.0975203349856,0,42.8127859624863,0
"2018-05-12 07:19:17",12.1285517321198,0,42.2305000819761,0
"2018-05-12 07:20:17",7.70272752119612,0,37.232441661449,0
"2018-05-12 07:21:17",9.25415072654942,0,40.169233065004,0
"2018-05-12 07:22:17",8.98879781377724,0,38.6227209709747,0
"2018-05-12 07:23:17",6.66121114218439,0,51.7657367522711,0
"2018-05-12 07:24:17",8.97767523347428,0,60.6978566966292,0
"2018-05-12 07:25:17",8.10743564023644,0,41.921437819856,0
"2018-05-12 07:26:17",8.94372524698097,0,43.3598550384689,0
"2018-05-12 07:27:17",7.72502663602255,0,43.2371095940246,0
"2018-05-12 07:28:17",12.3595055184253,0,50.9038247888657,0
"2018-05-12 07:29:17",7.53612824692763,0,43.2736742819471,0
"2018-05-12 07:30:17",18.260909829119,0,41.8674764562617,0
"2018-05-12 07:31:17",11.98812272631,0,37.3343256172367,0
"2018-05-12 07:32:17",8.19049699178087,0,44.0241473987568,0
"2018-05-12 07:33:18",10.3763780650399,0,35.9449069589097,0
"2018-05-12 07:34:18",11.2891492501621,0,34.3119969389029,0
"2018-05-12 07:35:18",14.6489797544046,0,41.2219944634447,0
"2018-05-12 07:36:18",13.1460854533579,0,44.7207014340638,0
"2018-05-12 07:37:18",8.17954995142144,0,41.5148540208895,0
"2018-05-12 07:38:18",13.5995806952261,0,35.1085138993905,0
"2018-05-12 07:39:18",17.7400074087386,0,49.6891366838488,0
"2018-05-12 07:40:18",11.5706647569889,0,40.2193092338739,0
"2018-05-12 07:41:18",21.0573923959285,0,45.4901844975409,0
"2018-05-12 07:42:18",11.4379595027493,0,49.9814136099293,0
"2018-05-12 07:43:18",12.7142431756912,0,35.8367686044136,0
"2018-05-12 07:44:18",12.8617898060336,0,36.5266174811356,0
"2018-05-12 07:45:18",16.4911583084873,0,53.0254288075371,0
"2018-05-12 07:46:18",19.0565633218307,0,57.2299625189117,0
"2018-05-12 07:47:18",19.9145757739755,0,54.2824772983438,0
"2018-05-12 07:48:18",16.6676435932531,0,30.0981094649653,0
"2018-05-12 07:49:18",19.3929595236113,0,36.0797531251653,0
"2018-05-12 07:50:18",16.6808334827614,0,53.3922550250688,0
"2018-05-12 07:51:18",16.4692085424281,0,43.7229784555702,0
"2018-05-12 07:52:18",21.6186330251449,0,56.0385176170484,0
"2018-05-12 07:53:18",15.316959234625,0,43.9790519466916,0
"2018-05-12 07:54:18",23.4535647268033,0,42.6827613180702,0
"2018-05-12 07:55:18",16.4689861616518,0,49.8157923404429,0
"2018-05-12 07:56:19",18.952562568332,0,37.8624013401652,0
"2018-05-12 07:57:19",17.1710930438851,0,35.9613555967733,0
"2018-05-12 07:58:19",19.4088115382512,0,56.5893184506022,0
"2018-05-12 07:59:19",14.0337436421027,0,28.6537256449921,0
"2018-05-12 08:00:19",15.5341335897085,0,38.087206028116,0
"2018-05-12 08:01:19",16.3325709098867,0,44.5248247903401,0
"2018-05-12 08:02:19",15.2177493116482,0,44.1594303388508,0
"2018-05-12 08:03:19",17.2281392480011,0,48.5496896292738,0
"2018-05-12 08:04:19",17.0219371139871,0,47.3412275644433,0
"2018-05-12 08:05:19",17.8758636729361,0,50.175774948711,0
"2018-05-12 08:06:19",15.1078672369406,0,44.9723832595386,0
"2018-05-12 08:07:19",19.9242661723977,0,41.1263051267423,0
"2018-05-12 08:08:19",14.6731161431836,0,55.5053849496635,0
"2018-05-12 08:09:19",19.5320738820766,0,47.8929419543385,0
"2018-05-12 08:10:19",15.9545228040046,0,43.8821537069429,0
"2018-05-12 08:11:19",16.3866215220397,0,50.1234670976807,0
"2018-05-12 08:12:19",14.9922126072662,0,32.3982120096397,0
"2018-05-12 08:13:19",14.2338032070001,0,43.66752046211,0
"2018-05-12 08:14:19",16.0119606443126,0,45.0397951303882,0
"2018-05-12 08:15:19",17.1864367358965,0,62.8691891852493,0
"2018-05-12 08:16:19",16.583248602017,0,62.6965882571971,0
"2018-05-12 08:17:19",14.5820005748634,0,56.7784273396938,0
"2018-05-12 08:18:19",38.7245025227822,0,178.341492136872,0
"2018-05-12 08:19:19",28.1677938615659,0,39.8345400236176,0
"2018-05-12 08:20:19",35.0571996035294,0,41.9351012709994,0
"2018-05-12 08:21:19",22.745132189519,0,51.6213402052668,0
"2018-05-12 08:22:19",23.7046412316581,0,41.6028612119687,0
"2018-05-12 08:23:20",21.9953231917829,0,45.1437592313574,0
"2018-05-12 08:24:20",27.425643631358,0,65.4517160988346,0
"2018-05-12 08:25:20",20.9214526907735,0,39.9396846273772,0
"2018-05-12 08:26:20",19.4444678671972,0,43.0681685685545,0
"2018-05-12 08:27:20",19.4409747121881,0,30.2851358031058,0
"2018-05-12 08:28:20",19.3215575920994,0,47.3477328322293,0
"2018-05-12 08:29:20",21.0941547785479,0,50.4099977781549,0
"2018-05-12 08:30:20",20.3245485973699,0,60.8677310235558,0
"2018-05-12 08:31:20",18.6347708038264,0,54.47188870502,0
"2018-05-12 08:32:20",20.4894475186952,0,47.609785385624,0
"2018-05-12 08:33:20",21.1703928199081,0,33.7644636795533,0
"2018-05-12 08:34:20",15.2041953194515,0,48.0841572620996,0
"2018-05-12 08:35:20",22.6615173784509,0,69.4353897704025,0
"2018-05-12 08:36:20",13.0466691239724,0,50.9508861983478,0
"2018-05-12 08:37:20",18.2572211737119,0,40.1318733028558,0
"2018-05-12 08:38:20",14.0029466450812,0,51.1025382646001,0
"2018-05-12 08:39:20",15.4540483561507,0,68.4442100032309,0
"2018-05-12 08:40:20",16.5222545135486,0,52.280255477369,0
"2018-05-12 08:41:20",16.7521466307646,0,60.2695637969836,0
"2018-05-12 08:42:20",18.0199630891598,0,42.7378668198628,0
"2018-05-12 08:43:20",17.5383026309882,0,48.7419668355846,0
"2018-05-12 08:44:20",18.3931400399339,0,48.8421244610591,0
"2018-05-12 08:45:20",16.547604960302,0,56.5375359800496,0
"2018-05-12 08:46:20",26.6667257668657,0,55.1150958385691,0
"2018-05-12 08:47:20",11.5161712128774,0,42.7458198468446,0
"2018-05-12 08:48:21",11.0528362637208,0,32.4954467214147,0
"2018-05-12 08:49:21",11.0343105706888,0,34.2991296685133,0
"2018-05-12 08:50:21",9.72156697517848,0,64.9847487639511,0
"2018-05-12 08:51:21",11.1384484270591,0,29.9478698367171,0
"2018-05-12 08:52:21",14.7100083901804,0,44.5056960013621,0
"2018-05-12 08:53:21",11.4925452334675,0,27.2727723398307,0
"2018-05-12 08:54:21",9.98071271091111,0,35.0694894033482,0
"2018-05-12 08:55:21",9.86750661549123,0,24.1087701812455,0
"2018-05-12 08:56:21",10.7081705007939,0,39.4962946172829,0
"2018-05-12 08:57:21",12.8643667169195,0,46.7110792112683,0
"2018-05-12 08:58:21",13.8346132442846,0,39.059905790055,0
"2018-05-12 08:59:21",17.7003275808067,0,39.7190713505931,0
"2018-05-12 09:00:21",8.26554300492926,0,43.7203822849196,0
"2018-05-12 09:01:21",14.6594045630475,0,30.9629618209392,0
"2018-05-12 09:02:21",11.8302938267653,0,35.5144366732681,0
"2018-05-12 09:03:21",16.8146990984169,0,48.7176568100475,0
"2018-05-12 09:04:21",11.896352216253,0,29.8505344825954,0
"2018-05-12 09:05:21",10.9083263648795,0,28.9907354283287,0
"2018-05-12 09:06:21",11.9559874203221,0,30.8937135480319,0
"2018-05-12 09:07:21",5.45608624796701,0,36.0818983299245,0
"2018-05-12 09:08:21",11.3896029831069,0,49.2519661967853,0
"2018-05-12 09:09:21",9.60465792487227,0,43.5881624189931,0
"2018-05-12 09:10:21",12.3150538755705,0,41.6626290599279,0
"2018-05-12 09:11:21",6.28913429630998,0,41.4251644820857,0
"2018-05-12 09:12:21",14.7043464548511,0,38.8448448629972,0
"2018-05-12 09:13:21",5.23172902303507,0,41.3929086262546,0
"2018-05-12 09:14:21",14.4734230690719,0,47.4377177397643,0
"2018-05-12 09:15:22",7.07428151046076,0,36.7467755898579,0
"2018-05-12 09:16:22",8.24956184846186,0,31.5993919157076,0
"2018-05-12 09:17:22",5.27460609361136,0,26.5888324343044,0
"2018-05-12 09:18:22",7.29066016557831,0,41.4397152249227,0
"2018-05-12 09:19:22",7.85206605543675,0,66.5643676133038,0
"2018-05-12 09:20:22",9.88393311395781,0,47.3029813455389,0
"2018-05-12 09:21:22",5.9033147943544,0,44.9751207587679,0
"2018-05-12 09:22:22",4.41222862255253,0,35.5936631467363,0
"2018-05-12 09:23:22",4.74594538910759,0,33.8052666943431,0
"2018-05-12 09:24:22",4.02167905054481,0,37.8366104850915,0
"2018-05-12 09:25:22",36.1420010262727,0,82.6257308266512,0
"2018-05-12 09:26:22",5.94274466752665,0,26.2000096622119,0
"2018-05-12 09:27:22",9.62935526448458,0,36.3830710464903,0
"2018-05-12 09:28:22",4.93966783954334,0,23.3043025243795,0
"2018-05-12 09:29:22",7.04475785696898,0,39.6148758337853,0
"2018-05-12 09:30:22",5.2895154945643,0,35.9606443264089,0
"2018-05-12 09:31:22",13.2117781342659,0,47.1330795022782,0
"2018-05-12 09:32:22",12.9642143615284,0,38.0051708313485,0
"2018-05-12 09:33:22",10.3983265283633,0,21.0693755934156,0
"2018-05-12 09:34:22",6.09838774678204,0,23.1691569233834,0
"2018-05-12 09:35:22",9.31712734361922,0,35.0244454688238,0
"2018-05-12 09:36:22",6.98779824267871,0,23.762883592073,0
"2018-05-12 09:37:22",16.0069489498046,0,26.7854850946785,0
"2018-05-12 09:38:22",9.46074348913306,0,33.1055583160794,0
"2018-05-12 09:39:22",19.5787710795986,0,38.2090840087181,0
"2018-05-12 09:40:23",8.26480891726856,0,31.3067011263535,0
"2018-05-12 09:41:23",6.70823098192262,0,23.9164141588874,0
"2018-05-12 09:42:23",7.68111024582169,0,32.3770225804477,0
"2018-05-12 09:43:23",6.89085052792442,0,38.4752811569111,0
"2018-05-12 09:44:23",12.7624846470386,0,33.5524697288523,0
"2018-05-12 09:45:23",10.5753003406241,0,32.7487087804569,0
"2018-05-12 09:46:23",16.2222427928489,0,27.0646250635018,0
"2018-05-12 09:47:23",11.1769619864212,0,39.5732511513644,0
"2018-05-12 09:48:23",11.5740155719179,0,60.3518379099043,0
"2018-05-12 09:49:23",18.3236228049488,0,49.3504387912778,0
"2018-05-12 09:50:23",18.2877243099552,0,33.8118288828051,0
"2018-05-12 09:51:23",11.4285512369647,0,27.3661023643591,0
"2018-05-12 09:52:23",14.776641077503,0,28.0376325203888,0
"2018-05-12 09:53:23",13.2565455178641,0,26.1967621924065,0
"2018-05-12 09:54:23",14.1689264831034,0,31.9083371704394,0
"2018-05-12 09:55:23",16.8475682547357,0,52.0946674301038,0
"2018-05-12 09:56:23",19.816142288343,0,35.885192148779,0
"2018-05-12 09:57:24",15.3660910344925,0,22.9667655480587,0
"2018-05-12 09:58:24",15.4010728102194,0,29.9014296392323,0
"2018-05-12 09:59:24",21.2226025776185,0,29.9321847080786,0
"2018-05-12 10:00:24",11.8778699183554,0,33.2772660359579,0
"2018-05-12 10:01:24",13.3055005436425,0,38.485115700629,0
"2018-05-12 10:02:24",13.2877015360896,0,23.4502839408778,0
"2018-05-12 10:03:24",12.4036331588948,0,18.3696766238462,0
"2018-05-12 10:04:24",10.414852837785,0,22.8471286944033,0
"2018-05-12 10:05:24",13.5187015052632,0,29.0236518608389,0
"2018-05-12 10:06:24",13.3688732665115,0,32.4892346090358,0
"2018-05-12 10:07:24",13.5357657323495,0,26.3462680190675,0
"2018-05-12 10:08:24",13.6907891205421,0,37.2122742347564,0
"2018-05-12 10:09:24",21.0685968651227,0,36.3786246229515,0
"2018-05-12 10:10:24",14.5054375120585,0,23.6746870671676,0
"2018-05-12 10:11:24",10.9555490622469,0,35.4648700985536,0
"2018-05-12 10:12:24",21.7486145484675,0,38.0788997643194,0
"2018-05-12 10:13:24",9.06816844639184,0,29.0660555642768,0
"2018-05-12 10:14:24",13.7599707933942,0,24.0165057026303,0
"2018-05-12 10:15:24",12.0815300320853,0,29.3496914536008,0
"2018-05-12 10:16:24",12.0731145922804,0,26.9236964741491,0
"2018-05-12 10:17:24",13.9184498834729,0,40.9911857419526,0
"2018-05-12 10:18:24",15.1492975210037,0,44.0344295510319,0
"2018-05-12 10:19:24",9.99997868149713,0,153.858816629644,0
"2018-05-12 10:20:24",27.1777491569258,0,27.5744298987952,0
"2018-05-12 10:21:24",17.5000980852791,0,26.7959019482898,0
"2018-05-12 10:22:24",16.5559154659366,0,27.0499485826869,0
"2018-05-12 10:23:24",18.4270202526292,0,26.7564804964011,0
"2018-05-12 10:24:24",14.104437851601,0,28.0632486141508,0
"2018-05-12 10:25:25",22.4278833762474,0,35.3269308242089,0
"2018-05-12 10:26:25",14.7083020257014,0,28.1717587269235,0
"2018-05-12 10:27:25",13.6417239120461,0,20.6811457842564,0
"2018-05-12 10:28:25",11.5354782435704,0,30.1789406809607,0
"2018-05-12 10:29:25",20.4986178692419,0,34.6673768869645,0
"2018-05-12 10:30:25",16.3204838076114,0,41.5041489409887,0
"2018-05-12 10:31:25",17.8699756100145,0,35.0226194310719,0
"2018-05-12 10:32:25",11.4066393458086,0,30.3696004014935,0
"2018-05-12 10:33:25",9.27851874265802,0,33.3459916667012,0
"2018-05-12 10:34:25",11.1099457159898,0,26.9153913700255,0
"2018-05-12 10:35:25",8.34571077050676,0,45.5768769326631,0
"2018-05-12 10:36:25",19.5807186685532,0,46.3736850751524,0
"2018-05-12 10:37:25",9.64261966012579,0,34.7123443195582,0
"2018-05-12 10:38:25",19.3486629089647,0,28.9918819570266,0
"2018-05-12 10:39:25",6.25340432503832,0,38.2844497749659,0
"2018-05-12 10:40:25",10.2470839836986,0,59.0698708087923,0
"2018-05-12 10:41:25",7.77358472365905,0,48.4687005302432,0
"2018-05-12 10:42:25",11.93898071515,0,44.4253611919253,0
"2018-05-12 10:43:25",7.56862551031029,0,43.7513668239325,0
"2018-05-12 10:44:25",5.93656677230231,0,50.2002673212949,0
"2018-05-12 10:45:25",7.63057316209692,0,46.4259159609506,0
"2018-05-12 10:46:25",10.9022818821089,0,48.5867254688544,0
"2018-05-12 10:47:25",14.2880462338699,0,64.3156980748761,0
"2018-05-12 10:48:25",9.48221112458868,0,38.7522919989295,0
"2018-05-12 10:49:25",9.21635900147794,0,31.5824529900359,0
"2018-05-12 10:50:26",6.52116352105284,0,38.07397004054,0
"2018-05-12 10:51:26",13.6470744358011,0,25.6400309460293,0
"2018-05-12 10:52:26",8.22717421806416,0,56.4752701089069,0
"2018-05-12 10:53:26",11.2941954042543,0,49.2416743690499,0
"2018-05-12 10:54:26",10.1594453330139,0,35.4225803741147,0
"2018-05-12 10:55:26",7.27923413975085,0,31.3342977400695,0
"2018-05-12 10:56:26",8.05064786538496,0,29.3671604345519,0
"2018-05-12 10:57:26",10.5772587074308,0,33.9161127723776,0
"2018-05-12 10:58:26",8.56909748503631,0,47.7584107467968,0
"2018-05-12 10:59:26",7.1879553424278,0,38.5477252229128,0
"2018-05-12 11:00:26",7.11948612610057,0,26.1538303375346,0
"2018-05-12 11:01:26",6.09206066182711,0,36.113617196926,0
"2018-05-12 11:02:26",9.26145501080471,0,40.3727754923261,0
"2018-05-12 11:03:26",6.71272548888741,0,40.6126639395174,0
"2018-05-12 11:04:26",12.9623576591741,0,52.9886970673384,0
"2018-05-12 11:05:26",3.42187726596689,0,38.0677256739193,0
"2018-05-12 11:06:26",7.55724344575593,0,40.5778922779101,0
"2018-05-12 11:07:26",4.24040413678507,0,40.7559849851834,0
"2018-05-12 11:08:26",6.25203794989332,0,42.5075444225702,0
"2018-05-12 11:09:26",10.644015676122,0,40.3790972502603,0
"2018-05-12 11:10:26",13.3608809204477,0,43.1798899191192,0
"2018-05-12 11:11:26",9.56549856090214,0,31.0134321723201,0
"2018-05-12 11:12:26",12.1177530205977,0,33.6180627301996,0
"2018-05-12 11:13:26",12.1860107156276,0,29.1292628022124,0
"2018-05-12 11:14:27",9.96254842219007,0,39.8709642956174,0
"2018-05-12 11:15:27",12.9921323217142,0,39.2093283594024,0
"2018-05-12 11:16:27",11.4042560942052,0,37.4393738288455,0
"2018-05-12 11:17:27",18.3611242334926,0,32.5792131491863,0
"2018-05-12 11:18:27",8.61823092052439,0,38.3971034119948,0
"2018-05-12 11:19:27",18.8549271440208,0,179.418239429384,0
"2018-05-12 11:20:27",12.6778983829617,0,49.0960987531247,0
"2018-05-12 11:21:27",12.1382788637335,0,33.9051309181788,0
"2018-05-12 11:22:27",8.89263119017758,0,37.3232536221206,0
"2018-05-12 11:23:27",9.52856341644563,0,34.0372689324346,0
"2018-05-12 11:24:27",7.15640950165273,0,27.4341139371626,0
"2018-05-12 11:25:27",10.9777546585266,0,35.0031269200019,0
"2018-05-12 11:26:27",10.2469240190501,0,37.044345731472,0
"2018-05-12 11:27:27",11.6220465708645,0,27.7746347524065,0
"2018-05-12 11:28:27",13.2227650516924,0,25.1261266205109,0
"2018-05-12 11:29:27",10.9183130254294,0,33.3063174151988,0
"2018-05-12 11:30:27",15.9744107387843,0,26.6143112611768,0
"2018-05-12 11:31:27",10.9518042549426,0,43.9570225825353,0
"2018-05-12 11:32:27",15.81696231936,0,29.8980183787265,0
"2018-05-12 11:33:27",11.4511851151852,0,25.5301511233437,0
"2018-05-12 11:34:27",15.6997612842339,0,20.8995738330112,0
"2018-05-12 11:35:27",11.8534130392209,0,22.0850578724149,0
"2018-05-12 11:36:27",13.5143957941998,0,25.6205313697025,0
"2018-05-12 11:37:28",11.2136998696153,0,38.1061217307378,0
"2018-05-12 11:38:28",12.3363818956748,0,18.8154582074867,0
"2018-05-12 11:39:28",10.1274960688883,0,24.7075031432321,0
"2018-05-12 11:40:28",9.99761206444379,0,24.4375287167869,0
"2018-05-12 11:41:28",9.51745127007065,0,42.6311801481403,0
"2018-05-12 11:42:28",12.194088881601,0,48.192895273756,0
"2018-05-12 11:43:28",11.8700727976836,0,56.4049042445587,0
"2018-05-12 11:44:28",4.36235165720047,0,37.0284188133216,0
"2018-05-12 11:45:28",9.03692791522154,0,40.0226863098444,0
"2018-05-12 11:46:28",5.67035635374423,0,34.3668699183178,0
"2018-05-12 11:47:28",9.05111253777357,0,27.27689212755,0
"2018-05-12 11:48:28",8.99810540806062,0,42.2489439245544,0
"2018-05-12 11:49:28",8.08553419387742,0,27.6458488508755,0
"2018-05-12 11:50:28",6.54157048425567,0,24.7618652653579,0
"2018-05-12 11:51:28",7.49265662778284,0,24.5456762752427,0
"2018-05-12 11:52:28",11.5923891546294,0,32.9032681914236,0
"2018-05-12 11:53:28",7.64170099599558,0,39.2426627560748,0
"2018-05-12 11:54:28",8.58252465620424,0,40.2332870382417,0
"2018-05-12 11:55:28",6.27093971210481,0,35.14688411151,0
"2018-05-12 11:56:28",8.1034963273539,0,47.1465021809356,0
"2018-05-12 11:57:28",10.9987714214622,0,42.3243837497259,0
"2018-05-12 11:58:29",10.4881515049897,0,24.3665476040782,0
"2018-05-12 11:59:29",10.1713425377485,0,44.3471546500598,0
"2018-05-12 12:00:29",11.8208118298179,0,25.2376345329041,0
"2018-05-12 12:01:29",7.3520709140371,0,31.6612848178091,0
"2018-05-12 12:02:29",8.02581361993817,0,30.831636571021,0
"2018-05-12 12:03:29",10.0257746496733,0,26.917029981757,0
"2018-05-12 12:04:29",6.87717324582578,0,27.9164169341702,0
"2018-05-12 12:05:29",9.63740919448324,0,36.0280813577563,0
"2018-05-12 12:06:29",5.76263700320887,0,29.0864583042707,0
"2018-05-12 12:07:29",10.67604644953,0,39.6921592507706,0
"2018-05-12 12:08:29",9.79546657313754,0,33.1051437348877,0
"2018-05-12 12:09:29",11.0106202989693,0,33.0895996648911,0
"2018-05-12 12:10:29",5.88622465842974,0,45.8187644555237,0
"2018-05-12 12:11:29",11.6070767634499,0,32.4040111477085,0
"2018-05-12 12:12:29",5.16059150939095,0,31.1649679347626,0
"2018-05-12 12:13:29",8.72803043591525,0,30.5375929713971,0
"2018-05-12 12:14:29",6.23650240899137,0,29.9252818473422,0
"2018-05-12 12:15:29",9.31328281344935,0,36.4608932896715,0
"2018-05-12 12:16:29",7.39495099153833,0,48.021257477181,0
"2018-05-12 12:17:29",10.1340158370466,0,48.9480422891048,0
"2018-05-12 12:18:29",9.42211154309639,0,55.6170188013912,0
"2018-05-12 12:19:29",9.86805254619215,0,46.0385428159176,0
"2018-05-12 12:20:29",17.5398368160958,0,45.131105620087,0
"2018-05-12 12:21:29",12.9434714658941,0,31.4680700838541,0
"2018-05-12 12:22:29",14.9726301468396,0,29.0709053201278,0
"2018-05-12 12:23:29",8.76042522538283,0,44.5100102010126,0
"2018-05-12 12:24:30",16.7444485767416,0,31.085113969547,0
"2018-05-12 12:25:30",10.8896500181969,0,44.5426639670353,0
"2018-05-12 12:26:30",18.1672629002997,0,48.4406882379929,0
"2018-05-12 12:27:30",10.1931813272889,0,27.2532551402021,0
"2018-05-12 12:28:30",10.9587074817359,0,27.2887855464899,0
"2018-05-12 12:29:30",8.38654457192869,0,28.9921681415607,0
"2018-05-12 12:30:30",15.0399323032,0,49.6403631215848,0
"2018-05-12 12:31:30",11.8216374705769,0,56.4115220898256,0
"2018-05-12 12:32:30",9.23181269517335,0,30.9195926287525,0
"2018-05-12 12:33:30",8.3591139485881,0,34.2545751241177,0
"2018-05-12 12:34:30",8.65261517858246,0,28.2193412719343,0
"2018-05-12 12:35:30",11.3990087261875,0,27.8489848054205,0
"2018-05-12 12:36:30",4.15417688759659,0,40.5582695340205,0
"2018-05-12 12:37:30",18.9274903429837,0,37.5925731777046,0
"2018-05-12 12:38:30",5.05019931856689,0,40.3096337987804,0
"2018-05-12 12:39:30",9.67430653005201,0,28.4916369315129,0
"2018-05-12 12:40:30",4.07750524188138,0,39.5067537201958,0
"2018-05-12 12:41:30",14.078836059878,0,90.3328190306855,0
"2018-05-12 12:42:30",7.14977398166691,0,41.6248020851962,0
"2018-05-12 12:43:30",11.4222250658581,0,29.8200479400026,0
"2018-05-12 12:44:30",10.2765705971253,0,28.3941801366638,0
"2018-05-12 12:45:30",5.37454512167067,0,34.9654130879182,0
"2018-05-12 12:46:30",9.82691749679265,0,33.9191042169523,0
"2018-05-12 12:47:31",6.38472223821961,0,34.9889583824988,0
"2018-05-12 12:48:31",11.2287751471483,0,38.916910384168,0
"2018-05-12 12:49:31",8.6606446577493,0,37.9575408595849,0
"2018-05-12 12:50:31",10.6848656950967,0,28.1840437165497,0
"2018-05-12 12:51:31",7.72718554461411,0,27.0261393132211,0
"2018-05-12 12:52:31",9.65419516942229,0,29.9102808381003,0
"2018-05-12 12:53:31",10.9720195787689,0,38.2626018952516,0
"2018-05-12 12:54:31",13.7010383539144,0,26.3138978799597,0
"2018-05-12 12:55:31",10.4396431820815,0,27.8496730287349,0
"2018-05-12 12:56:31",11.257545927192,0,30.5839507121843,0
"2018-05-12 12:57:31",9.52216170388794,0,30.1991815986765,0
"2018-05-12 12:58:31",8.8992627746935,0,34.0105394624045,0
"2018-05-12 12:59:31",11.7942759080875,0,40.4011122176898,0
"2018-05-12 13:00:31",11.8378804542728,0,29.5678672056871,0
"2018-05-12 13:01:31",16.6896681379428,0,26.8663731060968,0
"2018-05-12 13:02:31",7.62416062292068,0,38.2533479701062,0
"2018-05-12 13:03:31",10.0024082909762,0,186.278961619954,0
"2018-05-12 13:04:31",13.9192520825799,0,39.4641507338807,0
"2018-05-12 13:05:31",16.750487370166,0,25.919477104441,0
"2018-05-12 13:06:31",7.02631243082339,0,28.5117454602402,0
"2018-05-12 13:07:31",9.29352388079854,0,32.8819855013224,0
"2018-05-12 13:08:31",7.52411536278901,0,29.7141567564926,0
"2018-05-12 13:09:31",9.55255097074388,0,33.7415436731952,0
"2018-05-12 13:10:31",10.0520435575688,0,34.4445868715836,0
"2018-05-12 13:11:32",7.32584562011713,0,32.1590244891323,0
"2018-05-12 13:12:32",9.28444522061307,0,28.8524273917277,0
"2018-05-12 13:13:32",5.40774605414961,0,35.9455634349218,0
"2018-05-12 13:14:32",14.0433296343925,0,34.0447875571721,0
"2018-05-12 13:15:32",8.29758554928376,0,43.6671779379134,0
"2018-05-12 13:16:32",20.867801778825,0,47.0169477418125,0
"2018-05-12 13:17:32",6.68533191719421,0,32.6153323456656,0
"2018-05-12 13:18:32",8.23092646639991,0,28.1162334840885,0
"2018-05-12 13:19:32",5.28577983019073,0,30.5029861040866,0
"2018-05-12 13:20:32",38.9888663313609,0,138.891627749574,0
"2018-05-12 13:21:32",21.9436388379118,0,75.3587106027078,0
"2018-05-12 13:22:32",23.6364653220712,0,63.5947330596748,0
"2018-05-12 13:23:32",21.3200365592228,0,66.7019298436374,0
"2018-05-12 13:24:32",20.9095044589658,0,63.9202031297099,0
"2018-05-12 13:25:32",19.609338527889,0,71.6429837987548,0
"2018-05-12 13:26:32",23.7780227017583,0,66.2533445617851,0
"2018-05-12 13:27:32",22.4170407411694,0,79.9453448544328,0
"2018-05-12 13:28:32",23.9460075481079,0,57.6375776418934,0
"2018-05-12 13:29:32",19.9534716050574,0,93.7753916674726,0
"2018-05-12 13:30:32",19.6171954821417,0,71.1604771436032,0
"2018-05-12 13:31:32",21.295178590298,0,64.2073581117777,0
"2018-05-12 13:32:32",23.4883632502146,0,62.67073563567,0
"2018-05-12 13:33:32",21.5751924399303,0,61.890864772457,0
"2018-05-12 13:34:32",21.083780220739,0,54.518670390563,0
"2018-05-12 13:35:32",20.0087251270112,0,56.2631678732178,0
"2018-05-12 13:36:33",19.4321455592818,0,56.4913481036001,0
"2018-05-12 13:37:33",19.4392704549094,0,60.7382101171949,0
"2018-05-12 13:38:33",23.5454777179192,0,68.9464826666947,0
"2018-05-12 13:39:33",20.8229251563802,0,57.3752987501176,0
"2018-05-12 13:40:33",21.9432132856074,0,63.0867764202509,0
"2018-05-12 13:41:33",23.9323142366434,0,60.0771556626594,0
"2018-05-12 13:42:33",22.5909822957851,0,74.3349919669151,0
"2018-05-12 13:43:33",21.3277015337409,0,76.0665109429678,0
"2018-05-12 13:44:33",23.2167722846566,0,73.2029149555111,0
"2018-05-12 13:45:33",24.5236174771538,0,58.5780025495454,0
"2018-05-12 13:46:33",23.6850244985833,0,60.5891160688354,0
"2018-05-12 13:47:33",23.5297917852065,0,59.7831522223911,0
"2018-05-12 13:48:33",24.2465887665728,0,61.2178511196135,0
"2018-05-12 13:49:33",31.4589809136189,0,58.5186899837734,0
"2018-05-12 13:50:33",24.2214018075759,0,63.30108949904,0
"2018-05-12 13:51:33",26.8888243528182,0,64.0402761220054,0
"2018-05-12 13:52:33",26.4168739157706,0,64.3169990290451,0
"2018-05-12 13:53:33",27.7392966958977,0,64.3137652249485,0
"2018-05-12 13:54:33",26.7286864803377,0,80.6005160570167,0
"2018-05-12 13:55:33",28.2815115619408,0,212.13657388127,1
"2018-05-12 13:56:33",31.3663921564442,0,55.9607455625563,0
"2018-05-12 13:57:33",29.9064294802976,0,58.5205933577532,0
"2018-05-12 13:58:33",29.3681801688988,0,59.2634955450681,0
"2018-05-12 13:59:33",28.4245449535982,0,67.9892158122763,0
"2018-05-12 14:00:34",33.5793387878835,0,71.7990142245303,0
"2018-05-12 14:01:34",30.06633556168,0,65.6578868935995,0
"2018-05-12 14:02:34",29.5832779447721,0,68.4261215501276,0
"2018-05-12 14:03:34",28.2409876376138,0,62.0180889934605,0
"2018-05-12 14:04:34",28.3357069403854,0,60.8969413355419,0
"2018-05-12 14:05:34",32.8216092812343,0,65.3228014842137,0
"2018-05-12 14:06:34",29.2632725176243,0,76.5888400826955,0
"2018-05-12 14:07:34",29.1480082704348,0,61.2348400793761,0
"2018-05-12 14:08:34",26.7765379342736,0,108.895561636903,0
"2018-05-12 14:09:34",27.5467924555097,0,63.6589294628172,0
"2018-05-12 14:10:34",30.763503060365,0,78.5372278276254,0
"2018-05-12 14:11:34",26.679141480966,0,71.4956688568603,0
"2018-05-12 14:12:34",27.4338987483448,0,67.4885358320667,0
"2018-05-12 14:13:34",26.3652380660555,0,63.0645956362709,0
"2018-05-12 14:14:34",26.5306793771997,0,65.1296023137631,0
"2018-05-12 14:15:34",25.7730516077273,0,66.2978079488353,0
"2018-05-12 14:16:34",26.1863550493062,0,67.2793880210778,0
"2018-05-12 14:17:34",26.8475706155686,0,71.0562411976726,0
"2018-05-12 14:18:34",26.8692160324555,0,64.4607888275157,0
"2018-05-12 14:19:34",29.2222735026142,0,73.24248343817,0
"2018-05-12 14:20:34",26.8843302230204,0,62.2186607329322,0
"2018-05-12 14:21:34",34.5945727748108,0,155.703491223103,0
"2018-05-12 14:22:34",33.3332545628054,0,45.4697882437533,0
"2018-05-12 14:23:34",31.296602697358,0,48.3550378968172,0
"2018-05-12 14:24:34",29.36091224162,0,50.9050359758702,0
"2018-05-12 14:25:34",22.2857600944163,0,59.337917381557,0
"2018-05-12 14:26:34",20.7645972919984,0,71.5886264687296,0
"2018-05-12 14:27:35",20.8192667932462,0,54.2894664969622,0
"2018-05-12 14:28:35",20.8900216025751,0,54.0259227684413,0
"2018-05-12 14:29:35",20.3434331153142,0,55.4806723286777,0
"2018-05-12 14:30:35",19.4464498708806,0,56.8379009021433,0
"2018-05-12 14:31:35",20.958448379047,0,61.3620686506927,0
"2018-05-12 14:32:35",25.6219494612422,0,74.1931760967707,0
"2018-05-12 14:33:35",17.1806543304616,0,67.2990830760999,0
"2018-05-12 14:34:35",17.808826003617,0,263.247371647372,1
"2018-05-12 14:35:35",17.5696227628906,0,56.0192860528965,0
"2018-05-12 14:36:35",24.3288586003277,0,61.2835228219353,0
"2018-05-12 14:37:35",22.9828524327111,0,74.0330795239042,0
"2018-05-12 14:38:35",22.5409172218677,0,70.3722030323185,0
"2018-05-12 14:39:35",17.1246494839757,0,57.76562466536,0
"2018-05-12 14:40:35",16.415066675888,0,60.4777985225059,0
"2018-05-12 14:41:35",22.3093808079164,0,64.1316846217228,0
"2018-05-12 14:42:35",16.2214894109554,0,65.2528258560903,0
"2018-05-12 14:43:35",33.4777556818141,0,81.008346237038,0
"2018-05-12 14:44:35",19.2547771226158,0,65.4102435669246,0
"2018-05-12 14:45:35",22.0530122343976,0,69.4142232888454,0
"2018-05-12 14:46:35",18.1836357087487,0,60.7405711838247,0
"2018-05-12 14:47:35",17.9203599450713,0,156.559478016922,0
"2018-05-12 14:48:35",17.5247158223275,0,83.0174288838307,0
"2018-05-12 14:49:35",22.0661938194293,0,90.3459152953482,0
"2018-05-12 14:50:35",21.8470281297713,0,62.8875054318575,0
"2018-05-12 14:51:35",21.0270206053313,0,63.8732681595846,0
"2018-05-12 14:52:35",20.8928417739576,0,57.6768161815077,0
"2018-05-12 14:53:35",21.2383997260187,0,56.8446994084439,0
"2018-05-12 14:54:36",19.9073013934927,0,72.3158458680209,0
"2018-05-12 14:55:36",20.6202656546822,0,59.2459392623869,0
"2018-05-12 14:56:36",21.5480906561637,0,55.136502063341,0
"2018-05-12 14:57:36",21.7581080716692,0,57.7473791831585,0
"2018-05-12 14:58:36",21.2988063233308,0,62.8962487638029,0
"2018-05-12 14:59:36",22.3507199174633,0,61.1871974138491,0
"2018-05-12 15:00:36",19.9178281158018,0,102.125524604131,0
"2018-05-12 15:01:36",19.9056045161077,0,59.8083836220013,0
"2018-05-12 15:02:36",20.0110303119049,0,58.8954800033311,0
"2018-05-12 15:03:36",22.1067041451294,0,60.0490823989981,0
"2018-05-12 15:04:36",17.871491218588,0,67.8460793583298,0
"2018-05-12 15:05:36",17.9197077665822,0,65.9828813874889,0
"2018-05-12 15:06:36",18.7628800193445,0,64.0325940343416,0
"2018-05-12 15:07:36",18.3012042428069,0,60.1935035559513,0
"2018-05-12 15:08:36",18.6005359659015,0,63.5536306907805,0
"2018-05-12 15:09:36",18.1335353984845,0,58.5954312554527,0
"2018-05-12 15:10:36",16.9840903144513,0,69.1953006545445,0
"2018-05-12 15:11:36",21.1426413642335,0,76.8363798899325,0
"2018-05-12 15:12:36",18.4361081980321,0,58.5020542433194,0
"2018-05-12 15:13:36",16.3343724109524,0,183.437798894502,0
"2018-05-12 15:14:36",16.5626005594858,0,65.1324999264982,0
"2018-05-12 15:15:36",16.4652187718797,0,77.7647867984579,0
"2018-05-12 15:16:36",14.8357153860684,0,82.2114170940488,0
"2018-05-12 15:17:36",15.3039474214121,0,78.0089164848015,0
"2018-05-12 15:18:36",15.532698851913,0,74.626167957069,0
"2018-05-12 15:19:36",14.8240523382675,0,81.8447317007864,0
"2018-05-12 15:20:36",14.2594958692227,0,75.2610291003825,0
"2018-05-12 15:21:36",12.405096216664,0,62.1134607940958,0
"2018-05-12 15:22:37",8.64376468559198,0,35.3507492662721,0
"2018-05-12 15:23:37",5.46874398128188,0,35.0984003255443,0
"2018-05-12 15:24:37",7.29407305463979,0,34.8962353450151,0
"2018-05-12 15:25:37",4.91445895418751,0,39.3919211230035,0
"2018-05-12 15:26:37",10.6162132067302,0,35.9744116587432,0
"2018-05-12 15:27:37",6.48740547210788,0,47.4541902871387,0
"2018-05-12 15:28:37",9.71930235178863,0,26.3327639795658,0
"2018-05-12 15:29:37",6.25469296520643,0,30.4721384283836,0
"2018-05-12 15:30:37",6.90925959016982,0,26.3258328040028,0
"2018-05-12 15:31:37",7.57304747330271,0,29.0032160039742,0
"2018-05-12 15:32:37",10.1106886276651,0,45.354949893257,0
"2018-05-12 15:33:37",8.34485293589386,0,28.2131311884481,0
"2018-05-12 15:34:37",10.4379464754013,0,37.0780779406893,0
"2018-05-12 15:35:37",5.26477636314975,0,26.8886374338118,0
"2018-05-12 15:36:37",4.82719555981051,0,29.2570589770608,0
"2018-05-12 15:37:37",9.05760276805253,0,24.8128965354168,0
"2018-05-12 15:38:37",5.38576106041018,0,39.9794714069213,0
"2018-05-12 15:39:37",11.5650515775239,0,29.3561384140164,0
"2018-05-12 15:40:37",4.8852344873564,0,30.5047399589407,0
"2018-05-12 15:41:37",10.9445442216472,0,29.3375127611969,0
"2018-05-12 15:42:37",8.40767898730426,0,25.1262355290556,0
"2018-05-12 15:43:37",10.3284340216489,0,39.6396004966176,0
"2018-05-12 15:44:38",7.26304488283529,0,33.2283065066928,0
"2018-05-12 15:45:38",8.15237487662091,0,30.2375304410925,0
"2018-05-12 15:46:38",6.30759980705236,0,28.8655034538812,0
"2018-05-12 15:47:38",6.39203787641807,0,31.1847087860103,0
"2018-05-12 15:48:38",8.94228496794916,0,33.0306588371166,0
"2018-05-12 15:49:38",12.7716172464353,0,38.5809063014585,0
"2018-05-12 15:50:38",11.0350634583454,0,46.84966749998,0
"2018-05-12 15:51:38",7.16922330340289,0,35.4985448528478,0
"2018-05-12 15:52:38",11.7700138732948,0,35.6899861971664,0
"2018-05-12 15:53:38",7.67410493842524,0,32.8337660248146,0
"2018-05-12 15:54:38",9.66468751191234,0,37.5561222071104,0
"2018-05-12 15:55:38",15.4071797923978,0,38.0198755350754,0
"2018-05-12 15:56:38",16.0458923810098,0,27.6338240650356,0
"2018-05-12 15:57:38",8.63109109879734,0,27.4818379653748,0
"2018-05-12 15:58:38",9.9405720295631,0,25.9808426907741,0
"2018-05-12 15:59:38",7.68674055751329,0,23.8657089379858,0
"2018-05-12 16:00:38",10.2060172815417,0,35.8527858301603,0
"2018-05-12 16:01:38",9.68555698729372,0,34.8532033488933,0
"2018-05-12 16:02:38",7.85005657585181,0,38.4355513258364,0
"2018-05-12 16:03:38",18.6653817751145,0,33.1687850031477,0
"2018-05-12 16:04:38",7.8464933424881,0,32.0509904163799,0
"2018-05-12 16:05:39",11.7331596276406,0,42.1580054454905,0
"2018-05-12 16:06:39",8.57465401145096,0,39.0579162926315,0
"2018-05-12 16:07:39",9.85494253297345,0,28.7508729106258,0
"2018-05-12 16:08:39",6.52623222590129,0,27.0903417457535,0
"2018-05-12 16:09:39",7.73623489200952,0,37.8400614989467,0
"2018-05-12 16:10:39",10.4851572834303,0,33.5608147941599,0
"2018-05-12 16:11:39",9.45365730323034,0,48.7603699697145,0
"2018-05-12 16:12:39",8.16923914005933,0,30.3973596692111,0
"2018-05-12 16:13:39",7.98974962943012,0,33.8586294131073,0
"2018-05-12 16:14:39",8.6308290349562,0,29.2981163339499,0
"2018-05-12 16:15:39",7.21547950709362,0,37.5640076628209,0
"2018-05-12 16:16:39",9.06687411770197,0,61.1434307648911,0
"2018-05-12 16:17:39",8.95727201157926,0,45.7782573565388,0
"2018-05-12 16:18:39",13.3328347183253,0,49.6750921039772,0
"2018-05-12 16:19:39",9.29899021986229,0,52.4829388329024,0
"2018-05-12 16:20:39",12.3623892390953,0,47.4641737635076,0
"2018-05-12 16:21:39",33.9229871865197,0,176.695718123457,0
"2018-05-12 16:22:39",19.7500801014305,0,55.3480685102585,0
"2018-05-12 16:23:39",11.2744878697358,0,35.2620161472796,0
"2018-05-12 16:24:39",10.7213827940693,0,33.7226261547609,0
"2018-05-12 16:25:39",11.1266370869441,0,35.0457636969149,0
"2018-05-12 16:26:40",10.4687534834864,0,41.6758940821399,0
"2018-05-12 16:27:40",7.32338370455793,0,56.4370620971921,0
"2018-05-12 16:28:40",6.44251874542869,0,36.7949575362278,0
"2018-05-12 16:29:40",7.43883408076875,0,39.7776255303902,0
"2018-05-12 16:30:40",6.33998508305055,0,36.2317760087113,0
"2018-05-12 16:31:40",10.0518278106041,0,38.5699798011576,0
"2018-05-12 16:32:40",6.9338221874095,0,37.0126073884316,0
"2018-05-12 16:33:40",13.2769029501582,0,56.1108713802534,0
"2018-05-12 16:34:40",4.62589718445968,0,45.3366032014157,0
"2018-05-12 16:35:40",5.11867855265392,0,40.326119054182,0
"2018-05-12 16:36:40",3.32713869330597,0,39.5638592605418,0
"2018-05-12 16:37:40",4.33936589014712,0,38.6417878147708,0
"2018-05-12 16:38:40",10.7381117176044,0,43.0113956902721,0
"2018-05-12 16:39:40",5.67950276834504,0,36.0722985578199,0
"2018-05-12 16:40:40",5.9534628746004,0,31.849466004321,0
"2018-05-12 16:41:40",3.66372692183884,0,38.1805677679899,0
"2018-05-12 16:42:40",10.6182407381932,0,46.7584641921244,0
"2018-05-12 16:43:40",3.93378823029988,0,40.758357595221,0
"2018-05-12 16:44:40",10.2965039511404,0,48.0931555631953,0
"2018-05-12 16:45:40",5.68457019880135,0,34.3925524308873,0
"2018-05-12 16:46:40",5.42700186131427,0,39.4500018984367,0
"2018-05-12 16:47:40",4.97418589991423,0,36.4141660485201,0
"2018-05-12 16:48:40",5.13657698959004,0,43.468598684091,0
"2018-05-12 16:49:40",8.41360995052511,0,52.2255436443226,0
"2018-05-12 16:50:40",7.62605177075297,0,36.915303386715,0
"2018-05-12 16:51:40",9.1804268695095,0,32.881410750772,0
"2018-05-12 16:52:41",8.49867711758281,0,35.96224520697,0
"2018-05-12 16:53:41",8.9037441180174,0,35.4790160475941,0
"2018-05-12 16:54:41",9.58759853879049,0,35.0423017503992,0
"2018-05-12 16:55:41",11.5634736594371,0,40.2140870466114,0
"2018-05-12 16:56:41",8.13401655202705,0,37.2095624768431,0
"2018-05-12 16:57:41",12.5538520809413,0,32.5271060405276,0
"2018-05-12 16:58:41",8.30625201025669,0,36.9940763116303,0
"2018-05-12 16:59:41",13.3146246165105,0,37.4034140265163,0
"2018-05-12 17:00:41",11.7152268763786,0,46.3849229835845,0
"2018-05-12 17:01:41",15.3998367401437,0,33.3574564766968,0
"2018-05-12 17:02:41",10.3075639829166,0,34.8585411505235,0
"2018-05-12 17:03:41",13.06374858436,0,34.3376569070972,0
"2018-05-12 17:04:41",11.5888737403409,0,35.5742626876496,0
"2018-05-12 17:05:41",11.0192448552947,0,39.9429265014019,0
"2018-05-12 17:06:41",14.0853359488251,0,46.6611135353812,0
"2018-05-12 17:07:41",12.7128969695488,0,42.6909410206955,0
"2018-05-12 17:08:41",14.8837494818748,0,42.123318888465,0
"2018-05-12 17:09:41",8.81088203546649,0,43.4560208520496,0
"2018-05-12 17:10:41",8.62636174225931,0,56.3921592905913,0
"2018-05-12 17:11:41",10.4769169676993,0,52.201490828724,0
"2018-05-12 17:12:41",14.1477359156471,0,41.7416792002141,0
"2018-05-12 17:13:42",8.5712990513565,0,42.6685113724634,0
"2018-05-12 17:14:42",8.99581744063975,0,38.152566898618,0
"2018-05-12 17:15:42",9.32963002144344,0,41.626618648252,0
"2018-05-12 17:16:42",9.48851289968404,0,43.748451244036,0
"2018-05-12 17:17:42",8.57362523288844,0,56.0487498020007,0
"2018-05-12 17:18:42",7.83475168478493,0,37.552017692033,0
"2018-05-12 17:19:42",8.73924605896997,0,38.3363615059285,0
"2018-05-12 17:20:42",6.70192265558435,0,40.7186648283036,0
"2018-05-12 17:21:42",15.4983988680647,0,67.4234533828,0
"2018-05-12 17:22:42",10.6664538612788,0,58.9265934838784,0
"2018-05-12 17:23:42",11.1524420239083,0,54.0984244526403,0
"2018-05-12 17:24:42",9.18254259830483,0,47.3373180697329,0
"2018-05-12 17:25:42",11.6432373885679,0,45.0850853381678,0
"2018-05-12 17:26:42",8.11501009677052,0,41.1997157969357,0
"2018-05-12 17:27:42",15.8091857633356,0,96.3046603991539,0
"2018-05-12 17:28:42",9.99441764889483,0,40.1568670127731,0
"2018-05-12 17:29:42",8.86822919869483,0,34.9704191289954,0
"2018-05-12 17:30:42",9.01764701821082,0,39.8332377514041,0
"2018-05-12 17:31:42",10.753748053523,0,40.1319656519687,0
"2018-05-12 17:32:42",11.7277845318497,0,39.2788671836949,0
"2018-05-12 17:33:42",15.4299105821469,0,50.0591816317113,0
"2018-05-12 17:34:42",11.747129753128,0,39.3197822002724,0
"2018-05-12 17:35:42",11.2469563104325,0,40.5813265265297,0
"2018-05-12 17:36:42",14.5249814342339,0,34.8143275998171,0
"2018-05-12 17:37:42",8.36366407775898,0,39.8921062132027,0
"2018-05-12 17:38:43",16.1253099230295,0,39.0076131915129,0
"2018-05-12 17:39:43",8.43540483583696,0,52.063365004239,0
"2018-05-12 17:40:43",8.92148029624979,0,31.3608520850073,0
"2018-05-12 17:41:43",6.2329487950427,0,32.1164456350798,0
"2018-05-12 17:42:43",9.31441298584146,0,36.2186931840133,0
"2018-05-12 17:43:43",8.0067425915881,0,39.3933655418162,0
"2018-05-12 17:44:43",12.0393344649167,0,61.5383926387687,0
"2018-05-12 17:45:43",8.55520791461552,0,44.1004408949482,0
"2018-05-12 17:46:43",6.16866413329941,0,37.3541554784599,0
"2018-05-12 17:47:43",7.82570291966573,0,37.2246931190732,0
"2018-05-12 17:48:43",6.8984913013911,0,41.4098650380718,0
"2018-05-12 17:49:43",18.2398015528943,0,44.0893805323598,0
"2018-05-12 17:50:43",8.50050136139916,0,47.9133787777689,0
"2018-05-12 17:51:43",9.46712875786898,0,39.4777120607092,0
"2018-05-12 17:52:43",12.4256824587689,0,31.711956061641,0
"2018-05-12 17:53:43",9.9921431912003,0,31.5187319579181,0
"2018-05-12 17:54:43",9.22192023415093,0,27.7164836001035,0
"2018-05-12 17:55:43",7.80059467191025,0,50.4741458660679,0
"2018-05-12 17:56:43",8.54342670390526,0,30.7467729140245,0
"2018-05-12 17:57:43",8.33157181546346,0,33.0630777297332,0
"2018-05-12 17:58:44",8.93044085918118,0,29.6032361198063,0
"2018-05-12 17:59:44",7.20882601469215,0,39.0303553914792,0
"2018-05-12 18:00:44",13.0094677822413,0,48.826582509704,0
"2018-05-12 18:01:44",15.8027664961652,0,44.6798419933649,0
"2018-05-12 18:02:44",11.5429398603597,0,35.2603188944454,0
"2018-05-12 18:03:44",8.98721087824533,0,34.1941286311387,0
"2018-05-12 18:04:44",8.88361379513063,0,34.3844703333487,0
"2018-05-12 18:05:44",15.61822839971,0,43.4947114635319,0
"2018-05-12 18:06:44",7.92570851312546,0,49.764234011141,0
"2018-05-12 18:07:44",8.95820243040412,0,29.7419799376467,0
"2018-05-12 18:08:44",7.99244358366711,0,34.1659367003148,0
"2018-05-12 18:09:44",10.8858557759232,0,43.0340842248509,0
"2018-05-12 18:10:44",17.0000018406717,0,41.202696092466,0
"2018-05-12 18:11:44",9.27554303480682,0,37.5313676490976,0
"2018-05-12 18:12:44",10.8276526341951,0,48.6039175056951,0
"2018-05-12 18:13:44",8.86431524897022,0,35.7241212700658,0
"2018-05-12 18:14:44",7.70388299839417,0,39.5569239788221,0
"2018-05-12 18:15:44",10.6421793009621,0,57.0788463785013,0
"2018-05-12 18:16:44",9.25936682133512,0,39.7257911427382,0
"2018-05-12 18:17:44",13.8063421175736,0,68.4461829285947,0
"2018-05-12 18:18:44",8.07569133230395,0,57.0631512845046,0
"2018-05-12 18:19:44",10.4672230591812,0,70.3373197845161,0
"2018-05-12 18:20:44",8.46180815019895,0,50.9323463574975,0
"2018-05-12 18:21:44",10.4056365561387,0,48.1016964638139,0
"2018-05-12 18:22:45",3.32703589991429,0,151.025800543328,0
"2018-05-12 18:23:45",16.3057944703915,0,28.1945140969278,0
"2018-05-12 18:24:45",9.7379477043656,0,28.947843397968,0
"2018-05-12 18:25:45",9.58004737865912,0,31.5767984430109,0
"2018-05-12 18:26:45",13.1213115711594,0,34.625642036214,0
"2018-05-12 18:27:45",7.17192921707299,0,33.7383128988396,0
"2018-05-12 18:28:45",16.3051739963243,0,38.0509170779963,0
"2018-05-12 18:29:45",7.31984823937514,0,34.7413890269707,0
"2018-05-12 18:30:45",9.27920987048701,0,28.859062849219,0
"2018-05-12 18:31:45",5.99822648915636,0,36.9690630804719,0
"2018-05-12 18:32:45",10.0967875353559,0,30.519133000876,0
"2018-05-12 18:33:45",7.83568935414528,0,47.1206593120066,0
"2018-05-12 18:34:45",7.08497007908021,0,37.8335478078024,0
"2018-05-12 18:35:45",6.33809230701374,0,46.0954216394905,0
"2018-05-12 18:36:45",14.1437708013264,0,36.9466432350725,0
"2018-05-12 18:37:45",7.39115880368437,0,28.7816766581065,0
"2018-05-12 18:38:45",7.33975182246217,0,31.8649896762274,0
"2018-05-12 18:39:45",13.7250954122786,0,36.7505469582738,0
"2018-05-12 18:40:45",4.57432015781679,0,33.1191345314423,0
"2018-05-12 18:41:45",10.3360458467162,0,40.1082237755627,0
"2018-05-12 18:42:45",4.9552461836257,0,45.1143009626036,0
"2018-05-12 18:43:45",5.75875986163883,0,34.1169882674028,0
"2018-05-12 18:44:45",5.56942437016632,0,42.4427585534691,0
"2018-05-12 18:45:45",10.2751978299805,0,49.260762560874,0
"2018-05-12 18:46:45",5.94061927845481,0,30.583525374307,0
"2018-05-12 18:47:46",9.29133096249343,0,29.5474767283476,0
"2018-05-12 18:48:46",8.07846281509758,0,35.0932982437344,0
"2018-05-12 18:49:46",9.26719576813826,0,30.6049634379443,0
"2018-05-12 18:50:46",10.5050065496695,0,52.5557457481372,0
"2018-05-12 18:51:46",9.27333560954068,0,32.5015716909353,0
"2018-05-12 18:52:46",12.279286454467,0,28.3539255934196,0
"2018-05-12 18:53:46",12.178463617858,0,31.1565463192828,0
"2018-05-12 18:54:46",17.1320636411037,0,32.3333448766288,0
"2018-05-12 18:55:46",11.7476755754263,0,31.4605812065986,0
"2018-05-12 18:56:46",21.9416452781754,0,37.398995835935,0
"2018-05-12 18:57:46",5.49871792104095,0,31.795709807839,0
"2018-05-12 18:58:46",7.77104476381614,0,29.12402271647,0
"2018-05-12 18:59:46",5.07685154964412,0,28.1267321908058,0
"2018-05-12 19:00:46",4.12292486697245,0,29.1091966235353,0
"2018-05-12 19:01:46",4.39534108729517,0,38.1179501476389,0
"2018-05-12 19:02:46",7.55912141057959,0,25.7001125931676,0
"2018-05-12 19:03:46",6.2164160374882,0,28.7161478269852,0
"2018-05-12 19:04:46",4.68724700329619,0,30.023517377972,0
"2018-05-12 19:05:46",3.74489834225018,0,41.1975227763084,0
"2018-05-12 19:06:46",4.38665092941833,0,38.9772644458025,0
"2018-05-12 19:07:46",11.9206649254788,0,39.8318238678909,0
"2018-05-12 19:08:46",2.61351071776327,0,34.0115945453126,0
"2018-05-12 19:09:47",5.60546118808926,0,27.0207135206418,0
"2018-05-12 19:10:47",4.52994749206869,0,33.457627825277,0
"2018-05-12 19:11:47",6.7214733310664,0,28.4025501523119,0
"2018-05-12 19:12:47",6.17366023110744,0,45.0704995976071,0
"2018-05-12 19:13:47",8.53191202280486,0,28.745767349574,0
"2018-05-12 19:14:47",3.97878178343884,0,27.1941955528565,0
"2018-05-12 19:15:47",4.94283044392956,0,30.7833053699532,0
"2018-05-12 19:16:47",5.13827607678707,0,28.211972278407,0
"2018-05-12 19:17:47",5.10640961530613,0,33.8769015323087,0
"2018-05-12 19:18:47",8.77158483085025,0,40.8010681649977,0
"2018-05-12 19:19:47",3.68821954536965,0,34.6246550662892,0
"2018-05-12 19:20:47",10.3338199034074,0,30.0916267973944,0
"2018-05-12 19:21:47",3.13496928684618,0,39.8410498876434,0
"2018-05-12 19:22:47",19.0099768547866,0,103.349246842323,0
"2018-05-12 19:23:47",7.7570845482736,0,46.2808042246952,0
"2018-05-12 19:24:47",9.03723385383021,0,29.7303274327375,0
"2018-05-12 19:25:47",3.21893265749895,0,32.2553562027849,0
"2018-05-12 19:26:47",6.44941452666693,0,24.9824963754628,0
"2018-05-12 19:27:47",3.65216889047316,0,27.7230916993276,0
"2018-05-12 19:28:48",6.81354406121959,0,27.0180981885541,0
"2018-05-12 19:29:48",6.07874385032231,0,48.2623103771386,0
"2018-05-12 19:30:48",4.4836493794591,0,24.0949263981532,0
"2018-05-12 19:31:48",8.12381717236792,0,34.1988150712049,0
"2018-05-12 19:32:48",4.74452201682785,0,27.2384760412762,0
"2018-05-12 19:33:48",10.6394725729004,0,28.0703587256914,0
"2018-05-12 19:34:48",7.06778855162513,0,49.7536237205462,0
"2018-05-12 19:35:48",8.49187672270931,0,32.820748265996,0
"2018-05-12 19:36:48",10.9793036987808,0,32.5577050927136,0
"2018-05-12 19:37:48",6.57726860807111,0,22.655597813459,0
"2018-05-12 19:38:48",3.51185731007739,0,27.937849190145,0
"2018-05-12 19:39:48",5.28467688695352,0,25.5692160825294,0
"2018-05-12 19:40:48",5.45271895474004,0,38.5271972819112,0
"2018-05-12 19:41:48",8.79992396322868,0,21.9931435831741,0
"2018-05-12 19:42:48",5.49849800660575,0,22.6940670170405,0
"2018-05-12 19:43:48",8.0786867280953,0,25.901201139914,0
"2018-05-12 19:44:48",8.44191230634027,0,35.1091242622798,0
"2018-05-12 19:45:48",7.31224502908056,0,36.6358699333584,0
"2018-05-12 19:46:48",5.67304473473251,0,46.2312617353476,0
"2018-05-12 19:47:49",4.20109346004244,0,33.9426787811782,0
"2018-05-12 19:48:49",12.3789801150726,0,33.967927941842,0
"2018-05-12 19:49:49",6.26244524931359,0,30.0557316668602,0
"2018-05-12 19:50:49",10.9127609195794,0,33.9208862843802,0
"2018-05-12 19:51:49",13.292015644775,0,41.7174335260363,0
"2018-05-12 19:52:49",8.31792061940314,0,38.3353303182812,0
"2018-05-12 19:53:49",8.51569634100765,0,24.4614474184089,0
"2018-05-12 19:54:49",10.0439958515868,0,23.8935272118064,0
"2018-05-12 19:55:49",9.05286251002679,0,19.6281966142351,0
"2018-05-12 19:56:49",9.01991051131405,0,21.8492115954046,0
"2018-05-12 19:57:49",12.3984409774266,0,29.4879907924048,0
"2018-05-12 19:58:49",9.854811576154,0,21.0614827922579,0
"2018-05-12 19:59:49",12.5543521284779,0,23.6933292465994,0
"2018-05-12 20:00:49",6.95805812440826,0,34.6686779047049,0
"2018-05-12 20:01:49",11.2533711068399,0,23.6817738537183,0
"2018-05-12 20:02:49",9.50925188136301,0,36.8699574365013,0
"2018-05-12 20:03:49",9.56165907599827,0,20.7432787835309,0
"2018-05-12 20:04:49",8.00047756281406,0,23.3786957269898,0
"2018-05-12 20:05:49",9.08076157385979,0,23.0583057441226,0
"2018-05-12 20:06:49",7.74316313519633,0,29.5032586874644,0
"2018-05-12 20:07:50",11.8708307747191,0,27.8075215836422,0
"2018-05-12 20:08:50",11.551888550992,0,36.0629910339164,0
"2018-05-12 20:09:50",8.36938876641329,0,19.3572145381866,0
"2018-05-12 20:10:50",8.96893010749576,0,19.5430983989669,0
"2018-05-12 20:11:50",6.38499965276642,0,33.438386359716,0
"2018-05-12 20:12:50",11.1938924512572,0,25.4801656714123,0
"2018-05-12 20:13:50",8.0582567745216,0,38.2602058278224,0
"2018-05-12 20:14:50",12.8271444017296,0,26.8540286801495,0
"2018-05-12 20:15:50",6.97464855264878,0,28.3164148865776,0
"2018-05-12 20:16:50",9.74983757287795,0,22.3332641350111,0
"2018-05-12 20:17:50",5.31647045673189,0,26.38686379804,0
"2018-05-12 20:18:50",7.64561364159289,0,22.8998272459799,0
"2018-05-12 20:19:50",8.33521543266531,0,42.0163205408561,0
"2018-05-12 20:20:50",10.5319347367653,0,39.9966516317944,0
"2018-05-12 20:21:50",10.368890629434,0,41.7909361959403,0
"2018-05-12 20:22:50",9.42001936195137,0,40.2953138705123,0
"2018-05-12 20:23:50",14.7668878700218,0,35.9328007452724,0
"2018-05-12 20:24:50",11.612896130121,0,30.0201174768151,0
"2018-05-12 20:25:50",16.3302728789289,0,26.6169618692921,0
"2018-05-12 20:26:50",10.4369425283112,0,30.7063701071419,0
"2018-05-12 20:27:50",14.1175677807223,0,27.1953996612962,0
"2018-05-12 20:28:51",11.6298130782858,0,42.4413997013209,0
"2018-05-12 20:29:51",11.7041792098068,0,31.5222298743982,0
"2018-05-12 20:30:51",9.25688185642321,0,28.6106209489844,0
"2018-05-12 20:31:51",9.5252608752924,0,25.5580352723353,0
"2018-05-12 20:32:51",8.11694084469618,0,28.785331345803,0
"2018-05-12 20:33:51",11.083791284872,0,34.8019314191829,0
"2018-05-12 20:34:51",11.4269199545255,0,46.6297660267521,0
"2018-05-12 20:35:51",10.0887476017828,0,35.8920154314233,0
"2018-05-12 20:36:51",8.90108131182436,0,47.9149799485367,0
"2018-05-12 20:37:51",4.56540140726804,0,37.5429351594554,0
"2018-05-12 20:38:51",9.85581382749063,0,36.8608903386642,0
"2018-05-12 20:39:51",4.75083896178814,0,42.7557295980249,0
"2018-05-12 20:40:51",6.53007284220535,0,203.070126613898,1
"2018-05-12 20:41:51",6.0828764359492,0,30.8168185159485,0
"2018-05-12 20:42:51",8.1519095673115,0,26.6426072555055,0
"2018-05-12 20:43:51",4.30802853062735,0,36.0571879094133,0
"2018-05-12 20:44:51",6.96041347574535,0,32.9642636780357,0
"2018-05-12 20:45:51",5.89655290259224,0,43.6942985265428,0
"2018-05-12 20:46:51",6.43645235424006,0,54.9631725395009,0
"2018-05-12 20:47:51",8.34381067418545,0,34.9489275962787,0
"2018-05-12 20:48:51",8.74738554700868,0,37.5716222423097,0
"2018-05-12 20:49:51",12.329751894977,0,33.1042566481456,0
"2018-05-12 20:50:52",9.85993998604738,0,41.6907474456207,0
"2018-05-12 20:51:52",15.7762237487497,0,44.0970374215335,0
"2018-05-12 20:52:52",12.4001756943733,0,40.2643850571318,0
"2018-05-12 20:53:52",20.6288812129736,0,33.9390865832742,0
"2018-05-12 20:54:52",17.01035091427,0,30.087253590724,0
"2018-05-12 20:55:52",18.725175691391,0,30.6445637958888,0
"2018-05-12 20:56:52",20.7947165435382,0,38.8695454532019,0
"2018-05-12 20:57:52",25.2296439213549,0,32.1942246286549,0
"2018-05-12 20:58:52",21.253619193204,0,26.4106752672966,0
"2018-05-12 20:59:52",23.9129276902529,0,36.8353808198866,0
"2018-05-12 21:00:52",24.3327112896229,0,24.7210278122063,0
"2018-05-12 21:01:52",24.360635902608,0,31.4948628423947,0
"2018-05-12 21:02:52",26.8164071697806,0,33.496112345106,0
"2018-05-12 21:03:52",25.9568320966894,0,31.7989559607749,0
"2018-05-12 21:04:52",29.6385600865393,0,32.4900507692669,0
"2018-05-12 21:05:52",24.0064205669009,0,34.1436745050653,0
"2018-05-12 21:06:52",24.0938223280156,0,80.146253223199,0
"2018-05-12 21:07:52",27.3665252700469,0,44.1409733879428,0
"2018-05-12 21:08:52",37.400670303915,0,38.2911727661425,0
"2018-05-12 21:09:52",23.7560625590934,0,37.3711779311427,0
"2018-05-12 21:10:52",24.4042533261019,0,30.6473885470228,0
"2018-05-12 21:11:52",22.7749704791264,0,30.7266535356295,0
"2018-05-12 21:12:52",23.0385787942823,0,35.7945827723818,0
"2018-05-12 21:13:52",27.4480821671591,0,36.7971118167434,0
"2018-05-12 21:14:53",20.6700232344399,0,30.0874703658363,0
"2018-05-12 21:15:53",22.0471704889068,0,31.2727877394848,0
"2018-05-12 21:16:53",16.9612664186915,0,38.1045149987033,0
"2018-05-12 21:17:53",23.0178828999805,0,39.8322206042505,0
"2018-05-12 21:18:53",17.9347210290567,0,49.5661630631695,0
"2018-05-12 21:19:53",20.8836533553348,0,98.3256589493961,0
"2018-05-12 21:20:53",15.3232692419793,0,40.0933562197412,0
"2018-05-12 21:21:53",16.5268133014302,0,30.0119735879553,0
"2018-05-12 21:22:53",12.9296040336716,0,32.8651727457131,0
"2018-05-12 21:23:53",20.6524652377076,0,130.752734582047,0
"2018-05-12 21:24:53",17.2980244383263,0,52.205131158701,0
"2018-05-12 21:25:53",18.4481965785926,0,31.2600865289727,0
"2018-05-12 21:26:53",12.4954215857284,0,26.8751084596715,0
"2018-05-12 21:27:53",12.2092073807809,0,30.505235698914,0
"2018-05-12 21:28:53",13.2330848805661,0,26.0171562813532,0
"2018-05-12 21:29:53",10.7137667044475,0,34.3087145986638,0
"2018-05-12 21:30:53",18.8721277363755,0,39.578530487965,0
"2018-05-12 21:31:53",11.2065758445327,0,31.7197691580955,0
"2018-05-12 21:32:53",18.0859974671741,0,30.822753617506,0
"2018-05-12 21:33:53",12.8148714175448,0,26.7107570359983,0
"2018-05-12 21:34:53",15.2370389557998,0,27.3117033249434,0
"2018-05-12 21:35:53",11.0309783033472,0,50.3791217568228,0
"2018-05-12 21:36:53",20.0735867804428,0,27.0206572546789,0
"2018-05-12 21:37:53",10.5636480797891,0,26.6159081524387,0
"2018-05-12 21:38:53",11.2502757005244,0,25.2152870303051,0
"2018-05-12 21:39:54",10.5781476663998,0,24.5832838032881,0
"2018-05-12 21:40:54",9.44769448367784,0,29.6664327702293,0
"2018-05-12 21:41:54",13.006685281198,0,44.5678461238337,0
"2018-05-12 21:42:54",8.95538572760602,0,28.7982839387591,0
"2018-05-12 21:43:54",15.7265430027236,0,23.9834697673729,0
"2018-05-12 21:44:54",11.8979502950048,0,31.5731973800498,0
"2018-05-12 21:45:54",13.7965505013329,0,194.080764815854,0
"2018-05-12 21:46:54",12.1454107445991,0,42.1846851593147,0
"2018-05-12 21:47:54",16.6248556995832,0,25.8632295854247,0
"2018-05-12 21:48:54",11.6816035108387,0,44.3900851065117,0
"2018-05-12 21:49:54",12.734781225959,0,30.0377008731292,0
"2018-05-12 21:50:54",10.9794039996908,0,37.5033373282668,0
"2018-05-12 21:51:54",11.9747114829146,0,33.020248981597,0
"2018-05-12 21:52:54",10.5797562347537,0,41.3219664175259,0
"2018-05-12 21:53:54",13.6934761780722,0,23.4877050683851,0
"2018-05-12 21:54:54",14.1627269478088,0,38.744926710816,0
"2018-05-12 21:55:54",13.186163095228,0,29.8300955650164,0
"2018-05-12 21:56:54",17.965565452412,0,31.0796137539622,0
"2018-05-12 21:57:54",14.2480466210213,0,49.4221211605721,0
"2018-05-12 21:58:54",17.7985840961971,0,99.7551001477722,0
"2018-05-12 21:59:54",11.593719034376,0,36.4448948510411,0
"2018-05-12 22:00:54",12.327041513364,0,30.0659310062569,0
"2018-05-12 22:01:54",10.7308313401386,0,30.9664780897228,0
"2018-05-12 22:02:54",14.9110041767002,0,30.1526556207221,0
"2018-05-12 22:03:54",13.4300775565902,0,47.026674357808,0
"2018-05-12 22:04:54",14.9904749755141,0,27.606570164367,0
"2018-05-12 22:05:55",11.2523641704188,0,28.1867534426267,0
"2018-05-12 22:06:55",11.1217749840862,0,29.986363666947,0
"2018-05-12 22:07:55",15.1718675023971,0,35.7654309097496,0
"2018-05-12 22:08:55",15.535594068259,0,55.0384365356487,0
"2018-05-12 22:09:55",17.5778115552588,0,43.0548689168591,0
"2018-05-12 22:10:55",9.85578926460567,0,31.062296761143,0
"2018-05-12 22:11:55",14.4582984703265,0,29.9737957666967,0
"2018-05-12 22:12:55",18.4668180916739,0,36.281209469342,0
"2018-05-12 22:13:55",14.3455930445463,0,23.2833708202964,0
"2018-05-12 22:14:55",13.9005707950671,0,42.0013617427149,0
"2018-05-12 22:15:55",16.4756274925301,0,25.6616032900334,0
"2018-05-12 22:16:55",11.2166480671973,0,28.4420701196935,0
"2018-05-12 22:17:55",11.9759988436278,0,25.5843015217514,0
"2018-05-12 22:18:55",11.5174313073378,0,28.1298399748822,0
"2018-05-12 22:19:55",11.406748239646,0,31.3314454617766,0
"2018-05-12 22:20:55",15.746995348523,0,39.5597051252178,0
"2018-05-12 22:21:55",13.9580563399825,0,47.7027618365028,0
"2018-05-12 22:22:55",19.1099389046657,0,50.2803492362203,0
"2018-05-12 22:23:55",10.2734888901628,0,47.6803292560594,0
"2018-05-12 22:24:55",22.9653040893759,0,91.7754004996069,0
"2018-05-12 22:25:55",17.9468091631864,0,34.1866592957991,0
"2018-05-12 22:26:55",16.5497393483041,0,29.2799978662543,0
"2018-05-12 22:27:55",15.2885674662593,0,33.3892645087598,0
"2018-05-12 22:28:55",16.2959792263452,0,31.7970827031989,0
"2018-05-12 22:29:55",16.0395756105426,0,41.6315515463515,0
"2018-05-12 22:30:55",20.8111321575064,0,35.5182241398155,0
"2018-05-12 22:31:55",14.399773893988,0,34.4690329645096,0
"2018-05-12 22:32:55",12.0680890714669,0,28.3500859367415,0
"2018-05-12 22:33:56",12.61040354665,0,29.7768653027245,0
"2018-05-12 22:34:56",12.6533045141614,0,33.6332411332434,0
"2018-05-12 22:35:56",19.689853310107,0,42.8243750522541,0
"2018-05-12 22:36:56",9.01287583249997,0,45.7955297414924,0
"2018-05-12 22:37:56",16.0020507095707,0,48.2637139068004,0
"2018-05-12 22:38:56",7.97918158716978,0,38.4780973487944,0
"2018-05-12 22:39:56",10.7011487854798,0,27.2631402653242,0
"2018-05-12 22:40:56",10.8373767000117,0,52.842929118161,0
"2018-05-12 22:41:56",17.578126542991,0,47.9309852519787,0
"2018-05-12 22:42:56",16.3210148755435,0,30.3103936748797,0
"2018-05-12 22:43:56",11.4095585588007,0,28.6968564702295,0
"2018-05-12 22:44:56",8.43244879417689,0,31.3647456002349,0
"2018-05-12 22:45:56",8.10231502144894,0,38.1339356224167,0
"2018-05-12 22:46:56",9.78705150599642,0,48.4987639396731,0
"2018-05-12 22:47:56",9.10953967278969,0,39.2632868772739,0
"2018-05-12 22:48:56",11.1260632037459,0,36.5727338937555,0
"2018-05-12 22:49:56",9.15894571202675,0,41.0665358521718,0
"2018-05-12 22:50:56",16.2871312522365,0,39.2477094254132,0
"2018-05-12 22:51:56",10.4849358143446,0,38.7465826449821,0
"2018-05-12 22:52:56",10.9486779306507,0,49.9953795611205,0
"2018-05-12 22:53:56",6.17361928746702,0,31.7076475941742,0
"2018-05-12 22:54:57",12.7467491486687,0,30.6688447444706,0
"2018-05-12 22:55:57",7.33984086815597,0,20.6027391680157,0
"2018-05-12 22:56:57",10.6432686624203,0,27.3994589251103,0
"2018-05-12 22:57:57",9.51778042602954,0,33.351377120635,0
"2018-05-12 22:58:57",9.88765842417068,0,25.1491166162852,0
"2018-05-12 22:59:57",10.7511910113184,0,23.6354012644428,0
"2018-05-12 23:00:57",7.13327523883314,0,29.4312700007261,0
"2018-05-12 23:01:57",9.48036251471948,0,30.89764020011,0
"2018-05-12 23:02:57",6.07207711236231,0,35.7546922486167,0
"2018-05-12 23:03:57",16.0271634591315,0,43.2568766843526,0
"2018-05-12 23:04:57",5.1240885151306,0,33.0698921021413,0
"2018-05-12 23:05:57",8.27023251627128,0,23.1946184144838,0
"2018-05-12 23:06:57",6.45922626124108,0,27.1968374806548,0
"2018-05-12 23:07:57",8.46921749390724,0,25.0042350428557,0
"2018-05-12 23:08:57",7.21959940220375,0,37.3540220355584,0
"2018-05-12 23:09:57",6.84965688637272,0,34.6512416114012,0
"2018-05-12 23:10:57",5.62487834744749,0,29.906162503595,0
"2018-05-12 23:11:57",4.45886146421274,0,35.9507828558815,0
"2018-05-12 23:12:57",7.06986868667941,0,25.93926328366,0
"2018-05-12 23:13:57",4.41799707003608,0,32.6590157836773,0
"2018-05-12 23:14:57",9.91894022855816,0,32.3422444742413,0
"2018-05-12 23:15:58",4.92526444046127,0,28.7478380281618,0
"2018-05-12 23:16:58",13.2032067513287,0,30.0434883748511,0
"2018-05-12 23:17:58",5.68409329934415,0,30.0863649015712,0
"2018-05-12 23:18:58",6.82374982085968,0,29.092812339354,0
"2018-05-12 23:19:58",6.412251682169,0,38.099922275308,0
"2018-05-12 23:20:58",9.54180571824968,0,30.1748399156559,0
"2018-05-12 23:21:58",5.04960505806269,0,25.7881925274671,0
"2018-05-12 23:22:58",5.83641098040954,0,29.3042432436469,0
"2018-05-12 23:23:58",4.84943701562495,0,24.0015536700126,0
"2018-05-12 23:24:58",14.1095491357135,0,121.110668572667,0
"2018-05-12 23:25:58",5.96326355149715,0,34.4125421152109,0
"2018-05-12 23:26:58",4.37483164157006,0,28.9145813382918,0
"2018-05-12 23:27:58",10.3628800060977,0,39.9400046862912,0
"2018-05-12 23:28:58",5.14292699330532,0,28.0819975091614,0
"2018-05-12 23:29:58",12.5341323637463,0,27.7241599853961,0
"2018-05-12 23:30:58",7.9539960737489,0,34.443942593108,0
"2018-05-12 23:31:58",12.2589216012683,0,35.6206448410003,0
"2018-05-12 23:32:58",5.37395196955347,0,22.7198174883403,0
"2018-05-12 23:33:58",7.78562725285698,0,22.070996630463,0
"2018-05-12 23:34:58",5.65797774462632,0,25.4982373493811,0
"2018-05-12 23:35:58",7.78267612440774,0,28.1266171795188,0
"2018-05-12 23:36:58",12.2689783223828,0,36.3924350070581,0
"2018-05-12 23:37:58",11.6006738770699,0,20.5642852797402,0
"2018-05-12 23:38:59",9.3836387351828,0,22.9513531272752,0
"2018-05-12 23:39:59",7.25586978132154,0,24.774604831443,0
"2018-05-12 23:40:59",10.6350649653754,0,22.5741406717729,0
"2018-05-12 23:41:59",6.86915547284144,0,24.7738455835302,0
"2018-05-12 23:42:59",18.7465518089141,0,26.9900630452202,0
"2018-05-12 23:43:59",10.4521973636812,0,26.5065597056952,0
"2018-05-12 23:44:59",16.1703637702949,0,18.0108193476019,0
"2018-05-12 23:45:59",13.7124991225699,0,24.3964410138248,0
"2018-05-12 23:46:59",14.8069481893718,0,28.08951972672,0
"2018-05-12 23:47:59",11.8709748068343,0,31.244210317385,0
"2018-05-12 23:48:59",11.4623954465597,0,21.910406638259,0
"2018-05-12 23:49:59",11.0389628791346,0,23.7213286321363,0
"2018-05-12 23:50:59",10.597098159191,0,25.884673504617,0
"2018-05-12 23:51:59",12.5258368014623,0,27.6248488144366,0
"2018-05-12 23:52:59",12.2634614266714,0,32.0981426709907,0
"2018-05-12 23:53:59",13.3599658821118,0,43.0267310744001,0
"2018-05-12 23:54:59",9.68605522412494,0,31.9109422095105,0
"2018-05-12 23:55:59",22.8355940876157,0,31.8888479591688,0
"2018-05-12 23:56:59",11.2787281309522,0,33.3915857766413,0
"2018-05-12 23:57:59",12.7143157241466,0,32.3841101670203,0
"2018-05-12 23:58:59",18.7142536379113,0,43.2220327945509,0
"2018-05-12 23:59:59",23.1408430517361,0,30.4514120967738,0
"2018-05-13 00:00:00",23.2396114245684,0,30.4015596760159,0
"2018-05-13 00:00:59",10.2211808705769,0,20.2427065582991,0
"2018-05-13 00:01:59",11.7405939029408,0,23.6850429628592,0
"2018-05-13 00:03:00",8.88167846622932,0,21.6768581081646,0
"2018-05-13 00:04:00",11.1389029906498,0,25.1329475013116,0
"2018-05-13 00:05:00",9.62943428829059,0,32.5795567868704,0
"2018-05-13 00:06:00",9.49003915173394,0,24.4083003359912,0
"2018-05-13 00:07:00",15.3660096164778,0,32.1398528846731,0
"2018-05-13 00:08:00",14.3766628702221,0,34.0293221325313,0
"2018-05-13 00:09:00",16.1238206920306,0,21.7077314290808,0
"2018-05-13 00:10:00",14.843164710044,0,39.9013444411763,0
"2018-05-13 00:11:00",15.2872968820235,0,24.3819094998193,0
"2018-05-13 00:12:00",10.3524656185968,0,31.638854653401,0
"2018-05-13 00:13:00",10.9932123535193,0,27.8541719692209,0
"2018-05-13 00:14:00",15.7050055292314,0,29.0123641245455,0
"2018-05-13 00:15:00",12.982903085743,0,27.7624604184046,0
"2018-05-13 00:16:00",11.1255807700694,0,38.2537069685038,0
"2018-05-13 00:17:00",10.9141744867074,0,20.4405009264079,0
"2018-05-13 00:18:00",11.6330855254365,0,20.6341373612695,0
"2018-05-13 00:19:00",10.5438988068601,0,26.0059611089323,0
"2018-05-13 00:20:00",13.7888853693438,0,31.0450490564262,0
"2018-05-13 00:21:00",14.7559003000791,0,41.166162235489,0
"2018-05-13 00:22:00",21.5397535143882,0,38.1495848919679,0
"2018-05-13 00:23:00",11.8710334141353,0,40.5119062872293,0
"2018-05-13 00:24:00",17.491979121112,0,37.5637111004202,0
"2018-05-13 00:25:00",65.6883717724854,1,174.642584736844,0
"2018-05-13 00:26:00",18.3285537159748,0,24.455561525144,0
"2018-05-13 00:27:00",14.0624349091752,0,26.0247532072362,0
"2018-05-13 00:28:00",15.6592069973634,0,28.0279876924386,0
"2018-05-13 00:29:00",13.0570343899718,0,24.7552312482157,0
"2018-05-13 00:30:00",12.6016370182037,0,28.8476574050026,0
"2018-05-13 00:31:00",13.5833475139706,0,33.6619808943815,0
"2018-05-13 00:32:00",13.0069283808167,0,26.9965783108141,0
"2018-05-13 00:33:00",12.4508423670735,0,20.3166239391323,0
"2018-05-13 00:34:00",10.2533811330107,0,31.5116074148195,0
"2018-05-13 00:35:00",18.4989777720252,0,26.6603348025392,0
"2018-05-13 00:36:01",13.643708768265,0,34.0319898436371,0
"2018-05-13 00:37:01",13.518459199968,0,38.5903957687192,0
"2018-05-13 00:38:01",10.1228752903305,0,33.5033000351334,0
"2018-05-13 00:39:01",12.6833814443068,0,41.4148361017164,0
"2018-05-13 00:40:01",14.2130888364641,0,31.4559393088863,0
"2018-05-13 00:41:01",10.7984563165466,0,24.2933457541036,0
"2018-05-13 00:42:01",12.7411235596667,0,42.2226703252276,0
"2018-05-13 00:43:01",10.0155156390343,0,25.156476176853,0
"2018-05-13 00:44:01",6.81493878029501,0,30.9806214838626,0
"2018-05-13 00:45:01",9.54184623911534,0,35.8213389247773,0
"2018-05-13 00:46:01",15.3307714565512,0,38.8809926508878,0
"2018-05-13 00:47:01",5.66190564484259,0,37.6024085847303,0
"2018-05-13 00:48:01",17.3017274934863,0,36.7884873516763,0
"2018-05-13 00:49:01",6.82251973952861,0,40.0428837263469,0
"2018-05-13 00:50:01",9.39499712182364,0,23.0164346018794,0
"2018-05-13 00:51:01",8.9508069517174,0,26.1477402114925,0
"2018-05-13 00:52:01",10.7353524079234,0,23.8294369834517,0
"2018-05-13 00:53:01",8.8342174384232,0,37.5190701663182,0
"2018-05-13 00:54:01",12.4208107718557,0,29.0292235672829,0
"2018-05-13 00:55:01",9.40189018287656,0,23.9186509486199,0
"2018-05-13 00:56:01",8.81837126065949,0,28.8748496066127,0
"2018-05-13 00:57:01",8.83065627680978,0,24.10447547655,0
"2018-05-13 00:58:01",7.03626093895075,0,26.9021049587031,0
"2018-05-13 00:59:01",14.384872087831,0,29.7870873913955,0
"2018-05-13 01:00:01",8.31836924628475,0,26.3125257980375,0
"2018-05-13 01:00:49",12.0750637121782,0,20.2379185530391,0
"2018-05-13 01:01:49",7.01102296386183,0,28.6541730375927,0
"2018-05-13 01:02:49",10.7515998909483,0,24.5422770935048,0
"2018-05-13 01:03:49",10.067761767654,0,32.9961116292823,0
"2018-05-13 01:04:49",17.2496495054373,0,32.5605732108197,0
"2018-05-13 01:05:49",6.86004917838049,0,22.1729681222846,0
"2018-05-13 01:06:49",10.7289863975481,0,21.3297285492196,0
"2018-05-13 01:07:49",12.3217017410773,0,31.7754470867826,0
"2018-05-13 01:08:49",7.19809680801596,0,25.0435163557711,0
"2018-05-13 01:09:49",14.3248162287308,0,32.0934080078053,0
"2018-05-13 01:10:49",7.79068072598784,0,24.3255584627844,0
"2018-05-13 01:11:49",8.6109429837826,0,29.47187711707,0
"2018-05-13 01:12:49",8.55600726528915,0,25.8872480339627,0
"2018-05-13 01:13:49",9.61839562058813,0,27.4319305247065,0
"2018-05-13 01:14:49",6.72621916980581,0,45.7929756472176,0
"2018-05-13 01:15:49",14.6976185647712,0,41.0456186237364,0
"2018-05-13 01:16:49",7.05635957731804,0,25.1338208066158,0
"2018-05-13 01:17:49",9.80293402509691,0,24.0883799868961,0
"2018-05-13 01:18:49",8.95348673621201,0,26.8430968508232,0
"2018-05-13 01:19:49",9.35024554423794,0,28.5168215385882,0
"2018-05-13 01:20:50",8.35769478815603,0,31.9169409203164,0
"2018-05-13 01:21:50",9.63820709400936,0,24.3769224962834,0
"2018-05-13 01:22:50",9.84832902773676,0,28.8476253800524,0
"2018-05-13 01:23:50",7.41917152315149,0,27.0196636172699,0
"2018-05-13 01:24:50",12.7152257590705,0,25.0280683676949,0
"2018-05-13 01:25:50",6.48857796551617,0,34.7844395187204,0
"2018-05-13 01:26:50",10.7520069469776,0,36.6849552533789,0
"2018-05-13 01:27:50",5.36098241397895,0,77.3059172063514,0
"2018-05-13 01:28:50",9.51987523991781,0,27.7342751911498,0
"2018-05-13 01:29:50",6.45230325130564,0,27.5821542162529,0
"2018-05-13 01:30:50",8.72195958146261,0,22.8228016309722,0
"2018-05-13 01:31:50",8.70817626646012,0,36.6085215939186,0
"2018-05-13 01:32:50",13.4201393562584,0,18.3298198976231,0
"2018-05-13 01:33:50",9.71283854356756,0,16.6372232779221,0
"2018-05-13 01:34:50",10.8191213419926,0,18.271336998568,0
"2018-05-13 01:35:50",10.7110816958006,0,19.2976423535762,0
"2018-05-13 01:36:50",9.29811779501734,0,26.4088847725763,0
"2018-05-13 01:37:50",15.5174242447633,0,33.4940502646594,0
"2018-05-13 01:38:50",12.7155665873494,0,21.6847218444306,0
"2018-05-13 01:39:50",13.7955980955062,0,19.6277998209124,0
"2018-05-13 01:40:50",6.02849773640977,0,44.8103659072834,0
"2018-05-13 01:41:50",13.109513415056,0,17.045212555075,0
"2018-05-13 01:42:50",6.89627124584711,0,34.0172210203117,0
"2018-05-13 01:43:50",10.8782846472992,0,22.734195205822,0
"2018-05-13 01:44:50",6.02202315504812,0,17.3138388553943,0
"2018-05-13 01:45:50",10.2475387197194,0,19.2281310457911,0
"2018-05-13 01:46:50",8.17887238010578,0,19.8943171275475,0
"2018-05-13 01:47:50",8.04474446398022,0,21.6238061187586,0
"2018-05-13 01:48:51",10.9662655100589,0,22.2214247548979,0
"2018-05-13 01:49:51",6.67826832901343,0,22.6060644865037,0
"2018-05-13 01:50:51",13.3442639666377,0,23.7484340071732,0
"2018-05-13 01:51:51",9.33154773394388,0,29.6400595325676,0
"2018-05-13 01:52:51",16.8866487443522,0,34.9134377459354,0
"2018-05-13 01:53:51",12.8073770103747,0,38.3783797328703,0
"2018-05-13 01:54:51",30.7677635175459,0,34.6731791569145,0
"2018-05-13 01:55:51",15.3246958714,0,21.7052582940423,0
"2018-05-13 01:56:51",15.6208587128983,0,14.8553535683851,0
"2018-05-13 01:57:51",17.1043390637923,0,17.4232387947982,0
"2018-05-13 01:58:51",18.1392277053166,0,19.7515982095903,0
"2018-05-13 01:59:51",19.9788354201127,0,24.7307206767894,0
"2018-05-13 02:00:51",19.2786450436622,0,22.7590068132635,0
"2018-05-13 02:01:51",17.2256593420379,0,20.3487751732072,0
"2018-05-13 02:02:51",15.1284146895966,0,28.5717543558246,0
"2018-05-13 02:03:51",20.9663558419861,0,22.9392805510558,0
"2018-05-13 02:04:51",17.413667997075,0,34.0787955608103,0
"2018-05-13 02:05:51",22.5028698332908,0,40.8658827738107,0
"2018-05-13 02:06:51",14.168244588013,0,36.1182254779763,0
"2018-05-13 02:07:51",18.4923421945148,0,19.146011399602,0
"2018-05-13 02:08:51",14.3315254004021,0,22.874741210498,0
"2018-05-13 02:09:51",17.196883250847,0,19.7382444524099,0
"2018-05-13 02:10:51",16.3900912401492,0,36.1822567877835,0
"2018-05-13 02:11:51",18.0065144750054,0,16.4615598782267,0
"2018-05-13 02:12:51",14.1566722231382,0,16.8344624732239,0
"2018-05-13 02:13:51",15.6695764459378,0,19.5249501459825,0
"2018-05-13 02:14:51",20.8552970441142,0,30.4256110511341,0
"2018-05-13 02:15:51",22.7359234441151,0,31.7177270291054,0
"2018-05-13 02:16:52",18.5414520309256,0,26.4715827961185,0
"2018-05-13 02:17:52",13.5599492586298,0,24.0187949820404,0
"2018-05-13 02:18:52",21.8263402327799,0,22.2681157765668,0
"2018-05-13 02:19:52",11.8574020520749,0,21.1393764127844,0
"2018-05-13 02:20:52",15.3047498863236,0,20.4900715041711,0
"2018-05-13 02:21:52",15.5739287001415,0,33.2340430260058,0
"2018-05-13 02:22:52",18.7641760809931,0,18.5685049103199,0
"2018-05-13 02:23:52",15.1775129663452,0,26.7891428434332,0
"2018-05-13 02:24:52",21.4998120434487,0,44.779081144281,0
"2018-05-13 02:25:52",23.2138542398086,0,141.325141874893,0
"2018-05-13 02:26:52",29.5160600540049,0,28.1781454646852,0
"2018-05-13 02:27:52",29.3413241373054,0,37.8113980641788,0
"2018-05-13 02:28:52",33.3287607458492,0,58.9572199721601,0
"2018-05-13 02:29:52",36.4362809847798,0,51.2287622300876,0
"2018-05-13 02:30:52",25.0521666351838,0,41.706035816144,0
"2018-05-13 02:31:52",25.0603896834288,0,41.1492849245525,0
"2018-05-13 02:32:52",21.2305164942336,0,45.7691497189645,0
"2018-05-13 02:33:52",19.8840626250041,0,31.8170134400745,0
"2018-05-13 02:34:52",15.3699257122824,0,25.4414101005726,0
"2018-05-13 02:35:52",20.2673312083848,0,34.6542130884043,0
"2018-05-13 02:36:52",25.331529417712,0,52.0153776482812,0
"2018-05-13 02:37:52",26.4925530600917,0,45.4413738544043,0
"2018-05-13 02:38:52",22.4960138286463,0,50.6363588586106,0
"2018-05-13 02:39:52",22.1992476882912,0,47.4071189408508,0
"2018-05-13 02:40:52",21.0993654998845,0,52.2979847155307,0
"2018-05-13 02:41:52",21.3907195292231,0,57.526317392297,0
"2018-05-13 02:42:52",13.1535146353695,0,78.4385304053522,0
"2018-05-13 02:43:52",22.1447827950377,0,59.4727706131196,0
"2018-05-13 02:44:53",22.11764105455,0,54.562489494731,0
"2018-05-13 02:45:53",13.2587906628959,0,42.3357521321443,0
"2018-05-13 02:46:53",13.6017524651075,0,30.6179918272188,0
"2018-05-13 02:47:53",14.525405348592,0,35.188304057832,0
"2018-05-13 02:48:53",20.9319582357262,0,73.1852407418357,0
"2018-05-13 02:49:53",11.270001649463,0,49.6380869742936,0
"2018-05-13 02:50:53",13.3739385843053,0,38.5037106971401,0
"2018-05-13 02:51:53",15.8208006590626,0,38.0397159461858,0
"2018-05-13 02:52:53",14.762352483977,0,39.8694499577249,0
"2018-05-13 02:53:53",20.2972387837827,0,45.0477551314932,0
"2018-05-13 02:54:53",24.5582408788536,0,51.6860415177959,0
"2018-05-13 02:55:53",22.0057212026099,0,30.5493657946616,0
"2018-05-13 02:56:53",20.7286662820211,0,29.9109734147673,0
"2018-05-13 02:57:53",15.5561513384089,0,29.7684731968391,0
"2018-05-13 02:58:53",18.3165662950429,0,37.9083421135263,0
"2018-05-13 02:59:53",32.4384060367125,0,38.5374118328117,0
"2018-05-13 03:00:53",23.9511600513835,0,85.1365202583842,0
"2018-05-13 03:01:53",30.0744909477029,0,103.183164775577,0
"2018-05-13 03:02:53",19.8039705683864,0,27.2196445613335,0
"2018-05-13 03:03:53",27.5723744634781,0,64.7199955254413,0
"2018-05-13 03:04:53",17.259730726291,0,47.368239275591,0
"2018-05-13 03:05:53",24.9211058406228,0,50.2064656606095,0
"2018-05-13 03:06:53",16.9777966631503,0,32.0272686857357,0
"2018-05-13 03:07:53",21.9186251788249,0,61.6931119715339,0
"2018-05-13 03:08:53",23.3668959596432,0,41.3560364921497,0
"2018-05-13 03:09:53",21.9071670914499,0,21.6318846148994,0
"2018-05-13 03:10:53",14.4381595110438,0,30.3922445549369,0
"2018-05-13 03:11:54",15.2081194247602,0,41.8349519803192,0
"2018-05-13 03:12:54",19.4070426584691,0,41.3364605495091,0
"2018-05-13 03:13:54",17.9759252965457,0,30.8889761671189,0
"2018-05-13 03:14:54",14.1948375749348,0,48.9483210346577,0
"2018-05-13 03:15:54",25.5650339240517,0,75.8202092458769,0
"2018-05-13 03:16:54",17.0022120342163,0,23.2421945454948,0
"2018-05-13 03:17:54",18.8081219108725,0,36.2989037350912,0
"2018-05-13 03:18:54",16.8304743831846,0,35.9397319902327,0
"2018-05-13 03:19:54",36.5922258081943,0,44.9130903446354,0
"2018-05-13 03:20:54",15.7577094948066,0,29.8662093214134,0
"2018-05-13 03:21:54",18.1896810286496,0,46.7323819123059,0
"2018-05-13 03:22:54",14.1201635435919,0,61.0321724862645,0
"2018-05-13 03:23:54",19.2245440666883,0,34.9150707539015,0
"2018-05-13 03:24:54",14.6049213114114,0,33.9849649857678,0
"2018-05-13 03:25:54",29.106072810243,0,88.1587044143847,0
"2018-05-13 03:26:54",21.2616887832066,0,65.0825106422339,0
"2018-05-13 03:27:54",15.8959361064407,0,64.6846492227139,0
"2018-05-13 03:28:54",13.9301217120667,0,37.2142461559228,0
"2018-05-13 03:29:54",8.52219589558166,0,31.4727390262962,0
"2018-05-13 03:30:54",8.60058703818413,0,34.2989181658419,0
"2018-05-13 03:31:54",10.0379573015569,0,43.7717264445965,0
"2018-05-13 03:32:55",11.9231316601271,0,30.6458285108226,0
"2018-05-13 03:33:55",9.55998388521125,0,26.9561867265161,0
"2018-05-13 03:34:55",8.98725271362021,0,29.490232840083,0
"2018-05-13 03:35:55",12.2644921413137,0,35.6258617435349,0
"2018-05-13 03:36:55",9.36083775275328,0,38.704313655813,0
"2018-05-13 03:37:55",20.3547822910303,0,40.788964168142,0
"2018-05-13 03:38:55",12.4030992113095,0,34.0424503397387,0
"2018-05-13 03:39:55",14.2109177905864,0,34.2963776585689,0
"2018-05-13 03:40:55",8.28095669842698,0,26.8652753471852,0
"2018-05-13 03:41:55",11.1440314194769,0,28.576493437156,0
"2018-05-13 03:42:55",9.75136137549226,0,34.0234459371436,0
"2018-05-13 03:43:55",16.9263972146083,0,31.9558081121894,0
"2018-05-13 03:44:55",18.6860012859086,0,53.8141388344525,0
"2018-05-13 03:45:55",12.3131928079057,0,28.5400300079583,0
"2018-05-13 03:46:55",17.0150331614317,0,24.0245280655867,0
"2018-05-13 03:47:55",12.332610764824,0,25.8957812506516,0
"2018-05-13 03:48:55",20.6130315293382,0,36.2841912446348,0
"2018-05-13 03:49:55",12.0245489646647,0,32.301810146765,0
"2018-05-13 03:50:55",18.9064907891933,0,32.6964972666768,0
"2018-05-13 03:51:55",12.9369000647502,0,29.9895738360319,0
"2018-05-13 03:52:55",14.264526005183,0,24.3567873524347,0
"2018-05-13 03:53:55",15.3093327149461,0,35.4160799956129,0
"2018-05-13 03:54:55",19.6192411784741,0,55.7194993332911,0
"2018-05-13 03:55:55",16.9420732911201,0,32.6156624379451,0
"2018-05-13 03:56:55",20.558158484709,0,26.5497174947086,0
"2018-05-13 03:57:55",20.7028242480037,0,38.5562746560273,0
"2018-05-13 03:58:55",19.3380564089096,0,31.8602279327283,0
"2018-05-13 03:59:56",26.4714388872563,0,48.6117613320863,0
"2018-05-13 04:00:56",16.9540277931875,0,40.4471514342009,0
"2018-05-13 04:01:56",25.9361686724152,0,36.8531850906099,0
"2018-05-13 04:02:56",17.7458094561142,0,23.7548345828123,0
"2018-05-13 04:03:56",23.1934012747233,0,28.6399367883062,0
"2018-05-13 04:04:56",20.0233175947898,0,38.0252729094029,0
"2018-05-13 04:05:56",21.8179343486909,0,42.551508338097,0
"2018-05-13 04:06:56",16.0157261886641,0,32.4836675427381,0
"2018-05-13 04:07:56",14.8608716658178,0,41.5986451276041,0
"2018-05-13 04:08:56",13.9103775743157,0,37.6625598543911,0
"2018-05-13 04:09:56",15.0283064429255,0,44.7872496926328,0
"2018-05-13 04:10:56",16.8393156091799,0,38.7522015288875,0
"2018-05-13 04:11:56",18.0803047599641,0,45.2837988006755,0
"2018-05-13 04:12:56",18.0353539420103,0,50.5542106644795,0
"2018-05-13 04:13:56",20.5226343747279,0,36.5302133338387,0
"2018-05-13 04:14:56",17.5600309355733,0,35.618161868719,0
"2018-05-13 04:15:56",12.9584765506348,0,42.9440486072529,0
"2018-05-13 04:16:56",24.0277639199374,0,39.0905035280193,0
"2018-05-13 04:17:56",14.9846612177596,0,31.5935368273112,0
"2018-05-13 04:18:56",14.6198121654222,0,26.0323938703938,0
"2018-05-13 04:19:56",14.9504921001927,0,35.1673962331519,0
"2018-05-13 04:20:56",17.059594469688,0,84.2209701222783,0
"2018-05-13 04:21:56",15.6176317046994,0,40.7385420324524,0
"2018-05-13 04:22:56",19.2326071444875,0,44.2282189474955,0
"2018-05-13 04:23:56",15.8387986231153,0,42.1382416456361,0
"2018-05-13 04:24:56",13.2546832317505,0,41.2776804113749,0
"2018-05-13 04:25:56",15.6651710215092,0,29.6570009090048,0
"2018-05-13 04:26:56",31.5789408401263,0,53.7428994013558,0
"2018-05-13 04:27:57",23.2150902871558,0,43.6359218159565,0
"2018-05-13 04:28:57",12.0557393761201,0,34.5796818015024,0
"2018-05-13 04:29:57",17.1356596731389,0,32.0496279513706,0
"2018-05-13 04:30:57",10.9486945011787,0,46.7625539562215,0
"2018-05-13 04:31:57",18.3548298820619,0,46.9201814425708,0
"2018-05-13 04:32:57",11.1776438989679,0,45.9874267178543,0
"2018-05-13 04:33:57",10.2258176590763,0,34.1296709171312,0
"2018-05-13 04:34:57",9.26054921348786,0,52.9977184895615,0
"2018-05-13 04:35:57",9.12459586047828,0,41.8399765734114,0
"2018-05-13 04:36:57",12.6015195105792,0,44.4142299110246,0
"2018-05-13 04:37:57",10.598064909195,0,54.9287410432547,0
"2018-05-13 04:38:57",17.9909865432409,0,68.3361431707155,0
"2018-05-13 04:39:57",8.4509199233087,0,62.1102825229061,0
"2018-05-13 04:40:57",11.5825845022326,0,57.8706306805083,0
"2018-05-13 04:41:57",7.01647285143648,0,49.9738064449517,0
"2018-05-13 04:42:57",19.2753742927759,0,57.9386966990815,0
"2018-05-13 04:43:57",17.8383442516529,0,46.3866290121239,0
"2018-05-13 04:44:57",11.7439261264933,0,34.4825213440835,0
"2018-05-13 04:45:57",10.2756696026945,0,34.3264172660591,0
"2018-05-13 04:46:57",7.84436928648742,0,42.3236137649512,0
"2018-05-13 04:47:57",7.02166810264803,0,32.3764834412292,0
"2018-05-13 04:48:57",8.28672677684416,0,61.7861334500167,0
"2018-05-13 04:49:57",10.8788666271257,0,62.0608844082289,0
"2018-05-13 04:50:57",10.4197569421077,0,46.5458872958701,0
"2018-05-13 04:51:57",9.80709495350634,0,45.0777529294497,0
"2018-05-13 04:52:58",6.59622394804203,0,45.5605180663903,0
"2018-05-13 04:53:58",10.5714185660824,0,39.9607283587334,0
"2018-05-13 04:54:58",12.6579283707599,0,49.067157564635,0
"2018-05-13 04:55:58",17.3938030563078,0,43.6618203411019,0
"2018-05-13 04:56:58",11.9599229523128,0,46.1303101197404,0
"2018-05-13 04:57:58",11.9079567531036,0,33.6635510656536,0
"2018-05-13 04:58:58",12.4035600676278,0,32.0246996617769,0
"2018-05-13 04:59:58",16.4193783609045,0,72.0552627906581,0
"2018-05-13 05:00:58",18.4508077509513,0,48.2657779566118,0
"2018-05-13 05:01:58",13.6251960042485,0,41.8426951134288,0
"2018-05-13 05:02:58",14.3064539557238,0,29.4056580822396,0
"2018-05-13 05:03:58",14.5665972301791,0,36.5683748803528,0
"2018-05-13 05:04:58",16.253002164262,0,36.2777231018438,0
"2018-05-13 05:05:58",16.3204392051589,0,47.0186479326402,0
"2018-05-13 05:06:58",17.8465051768654,0,60.3859113631532,0
"2018-05-13 05:07:58",12.7505494202738,0,41.2738819617353,0
"2018-05-13 05:08:58",15.0679550088202,0,37.9105190518899,0
"2018-05-13 05:09:58",13.4854047519216,0,35.9918868623589,0
"2018-05-13 05:10:58",15.3473358621971,0,51.6634510554656,0
"2018-05-13 05:11:58",10.2316026238512,0,40.3905422061108,0
"2018-05-13 05:12:58",9.04937899764773,0,29.8925102021054,0
"2018-05-13 05:13:58",6.8395116305664,0,28.8662474929448,0
"2018-05-13 05:14:58",6.6232633541898,0,43.0892932350537,0
"2018-05-13 05:15:59",7.25230932909615,0,49.2642294747084,0
"2018-05-13 05:16:59",7.83559099067841,0,56.4001354961186,0
"2018-05-13 05:17:59",6.4544055245154,0,37.3266069828422,0
"2018-05-13 05:18:59",5.04507735084641,0,34.9096834485808,0
"2018-05-13 05:19:59",9.53516040635108,0,51.350998561458,0
"2018-05-13 05:20:59",4.33629157937893,0,43.7507724796393,0
"2018-05-13 05:21:59",9.39845789446451,0,44.9644815978941,0
"2018-05-13 05:22:59",5.53970559521117,0,49.3530807356526,0
"2018-05-13 05:23:59",9.83714446593075,0,48.219886221849,0
"2018-05-13 05:24:59",4.65890711949286,0,38.6234313576053,0
"2018-05-13 05:25:59",6.19395525033588,0,48.4132821758549,0
"2018-05-13 05:26:59",16.5000426910167,0,134.382792495349,0
"2018-05-13 05:27:59",7.40549551564681,0,45.4534443698293,0
"2018-05-13 05:28:59",5.16833040490397,0,34.0616319766013,0
"2018-05-13 05:29:59",3.19850986325278,0,28.6773439871063,0
"2018-05-13 05:30:59",6.89872972452036,0,39.1247666892749,0
"2018-05-13 05:31:59",4.61879535103147,0,40.3190002188349,0
"2018-05-13 05:32:59",6.41023366471033,0,40.0051119125649,0
"2018-05-13 05:33:59",3.82975749242248,0,48.0788885141364,0
"2018-05-13 05:34:59",12.6904512908906,0,37.1985584856188,0
"2018-05-13 05:35:59",3.27284692194958,0,35.9695296149286,0
"2018-05-13 05:36:59",10.5700118104395,0,45.6660906543034,0
"2018-05-13 05:37:59",5.08095659480018,0,41.0216818791845,0
"2018-05-13 05:38:59",12.3092544912199,0,47.5745896204261,0
"2018-05-13 05:39:59",19.1665347551006,0,42.539902625539,0
"2018-05-13 05:40:59",11.7536269518177,0,29.4772677306056,0
"2018-05-13 05:41:59",9.80597973606487,0,27.6248355075508,0
"2018-05-13 05:42:59",11.6373223061664,0,34.2364363253554,0
"2018-05-13 05:44:00",10.0879570775404,0,27.4927163382751,0
"2018-05-13 05:45:00",15.5539392818484,0,34.7613017611626,0
"2018-05-13 05:46:00",11.9072120572928,0,27.8473958138452,0
"2018-05-13 05:47:00",7.81341939804543,0,31.6928170978836,0
"2018-05-13 05:48:00",22.4160987746237,0,32.5200494477705,0
"2018-05-13 05:49:00",10.333157587442,0,29.4326061817282,0
"2018-05-13 05:50:00",12.7343551693848,0,37.4028725107257,0
"2018-05-13 05:51:00",18.211223590052,0,40.0765933138529,0
"2018-05-13 05:52:00",11.471661121083,0,28.8045008918935,0
"2018-05-13 05:53:00",10.9673712160614,0,22.720257552395,0
"2018-05-13 05:54:00",14.0950237375669,0,23.4127581011516,0
"2018-05-13 05:55:00",11.2567976962498,0,30.1030679230198,0
"2018-05-13 05:56:00",15.7917777766895,0,41.3690374890278,0
"2018-05-13 05:57:00",15.4864399687212,0,29.4681258186254,0
"2018-05-13 05:58:00",7.65055871978569,0,28.8286073108234,0
"2018-05-13 05:59:00",11.7938491074898,0,32.5919306295812,0
"2018-05-13 06:00:00",9.89974673976878,0,27.3725946510787,0
"2018-05-13 06:01:00",19.4252660069285,0,32.0093018904058,0
"2018-05-13 06:02:00",7.72175428598285,0,41.2460587116146,0
"2018-05-13 06:03:00",14.8297875663664,0,31.4949593681131,0
"2018-05-13 06:04:00",9.10075949652269,0,23.103780293653,0
"2018-05-13 06:05:00",13.7769788448479,0,24.0350619292353,0
"2018-05-13 06:06:00",8.26017673808605,0,24.8213625291279,0
"2018-05-13 06:07:01",11.8852468513128,0,40.0078757325978,0
"2018-05-13 06:08:01",9.65229778051349,0,29.446909596488,0
"2018-05-13 06:09:01",9.80855367269214,0,34.9772702457612,0
"2018-05-13 06:10:01",16.0786796049223,0,25.2952419749518,0
"2018-05-13 06:11:01",7.45867291036764,0,58.5961292559217,0
"2018-05-13 06:12:01",17.7502559212638,0,34.1422196397728,0
"2018-05-13 06:13:01",11.8358675952568,0,43.6377895787366,0
"2018-05-13 06:14:01",17.2302587791991,0,22.1003798098333,0
"2018-05-13 06:15:01",7.45779105973727,0,27.7159073488022,0
"2018-05-13 06:16:01",10.5997208717255,0,25.2889979741405,0
"2018-05-13 06:17:01",8.34915236868142,0,24.2167358657712,0
"2018-05-13 06:18:01",10.2890120039447,0,33.9781910481491,0
"2018-05-13 06:19:01",8.4437195467124,0,32.1496527853483,0
"2018-05-13 06:20:01",8.98630859422537,0,20.8495611969686,0
"2018-05-13 06:21:01",7.8552514469069,0,23.95780679447,0
"2018-05-13 06:22:01",8.22523930963317,0,27.0795243094368,0
"2018-05-13 06:23:01",10.9535289551713,0,30.5843267235225,0
"2018-05-13 06:24:01",13.6134325872531,0,46.6407551859176,0
"2018-05-13 06:25:01",17.6288553384877,0,52.3185716959253,0
"2018-05-13 06:26:01",9.78337112177015,0,43.8539886754913,0
"2018-05-13 06:27:01",16.7284535237126,0,38.7830733970187,0
"2018-05-13 06:28:01",13.3723040816009,0,55.4778416011016,0
"2018-05-13 06:29:01",14.480107047685,0,26.9265367814482,0
"2018-05-13 06:30:01",11.4995645482417,0,23.2766364877996,0
"2018-05-13 06:31:01",11.5079252714281,0,32.5236091531039,0
"2018-05-13 06:32:01",9.35020295334752,0,32.9692434715534,0
"2018-05-13 06:33:02",10.6845049114878,0,40.9792031829,0
"2018-05-13 06:34:02",9.42123077612044,0,26.729940778445,0
"2018-05-13 06:35:02",9.97882966792257,0,37.0428210188981,0
"2018-05-13 06:36:02",9.77797633019427,0,35.1312465530612,0
"2018-05-13 06:37:02",7.59811224993664,0,38.0037899511786,0
"2018-05-13 06:38:02",13.1265681577841,0,37.6343636472002,0
"2018-05-13 06:39:02",9.76097736614914,0,47.7515849870295,0
"2018-05-13 06:40:02",11.8228978910977,0,42.7481974784861,0
"2018-05-13 06:41:02",8.26999447905545,0,54.5461232044412,0
"2018-05-13 06:42:02",13.6572050169156,0,27.6320805198418,0
"2018-05-13 06:43:02",7.47028022338426,0,33.5818304626305,0
"2018-05-13 06:44:02",10.5722062666343,0,38.9287085862897,0
"2018-05-13 06:45:02",6.64102634159399,0,41.2872236831115,0
"2018-05-13 06:46:02",7.28771633463894,0,38.8127767889086,0
"2018-05-13 06:47:02",5.093594346218,0,36.1129585127357,0
"2018-05-13 06:48:02",4.61745758189075,0,35.1633693931839,0
"2018-05-13 06:49:02",5.63623799845432,0,42.3143957847428,0
"2018-05-13 06:50:02",12.0483257766464,0,53.0386197286348,0
"2018-05-13 06:51:02",16.4700978554998,0,42.0673363221782,0
"2018-05-13 06:52:02",5.06163129138167,0,34.2148392074478,0
"2018-05-13 06:53:02",12.9014859462567,0,38.7659595637959,0
"2018-05-13 06:54:02",5.40374830722959,0,38.1623267815757,0
"2018-05-13 06:55:02",10.1257776941525,0,61.761045123318,0
"2018-05-13 06:56:02",15.6712538361337,0,51.5714435669882,0
"2018-05-13 06:57:02",6.17002558401078,0,31.716827312733,0
"2018-05-13 06:58:03",4.86921138261969,0,30.1720873477812,0
"2018-05-13 06:59:03",6.82229055087821,0,24.0277629639278,0
"2018-05-13 07:00:03",6.19575829145016,0,21.8800427874229,0
"2018-05-13 07:01:03",13.7203647825045,0,38.0234907103292,0
"2018-05-13 07:02:03",8.39996669124431,0,44.8739069198153,0
"2018-05-13 07:03:03",6.96985413582204,0,28.2250531705489,0
"2018-05-13 07:04:03",9.7128140576261,0,29.4589445835216,0
"2018-05-13 07:05:03",7.10103430351933,0,24.0237179648742,0
"2018-05-13 07:06:03",15.7756625428035,0,33.0440606741071,0
"2018-05-13 07:07:03",7.27633711340406,0,70.2172071967004,0
"2018-05-13 07:08:03",11.1221529805105,0,35.4595461083877,0
"2018-05-13 07:09:03",7.95754387106864,0,28.7511707493234,0
"2018-05-13 07:10:03",7.78902622608656,0,25.312327837793,0
"2018-05-13 07:11:03",7.79377693894526,0,28.8078464324527,0
"2018-05-13 07:12:03",8.24246252714603,0,40.1052900816107,0
"2018-05-13 07:13:03",7.70536363539704,0,30.4183305054786,0
"2018-05-13 07:14:03",8.33198834949261,0,34.2934722459621,0
"2018-05-13 07:15:03",7.62085790742595,0,28.9764217522056,0
"2018-05-13 07:16:03",6.02916137846838,0,31.5851013972314,0
"2018-05-13 07:17:03",7.99189126472221,0,34.1186388439117,0
"2018-05-13 07:18:03",10.9935911627147,0,41.2958360815938,0
"2018-05-13 07:19:03",15.2715399564871,0,24.7983937985961,0
"2018-05-13 07:20:03",9.52114507348784,0,33.7895623304168,0
"2018-05-13 07:21:03",10.7457637937062,0,26.1897096229091,0
"2018-05-13 07:22:03",9.90416001889665,0,31.6171478557432,0
"2018-05-13 07:23:04",12.377032567782,0,42.2805651722787,0
"2018-05-13 07:24:04",10.6188945534446,0,29.8132332504277,0
"2018-05-13 07:25:04",9.61022827023384,0,30.5189105096908,0
"2018-05-13 07:26:04",11.5877249074101,0,37.9610210737059,0
"2018-05-13 07:27:04",8.8349907010758,0,28.7430502342592,0
"2018-05-13 07:28:04",8.96576445094864,0,147.21575154893,0
"2018-05-13 07:29:04",14.1960063298884,0,31.6529369771508,0
"2018-05-13 07:30:04",11.7094434929116,0,28.5428981166047,0
"2018-05-13 07:31:04",9.00796033725639,0,27.6103676375639,0
"2018-05-13 07:32:04",16.6133689680568,0,20.9944342251038,0
"2018-05-13 07:33:04",9.67569261211415,0,34.4359786270746,0
"2018-05-13 07:34:04",14.29631465239,0,24.8041797278687,0
"2018-05-13 07:35:04",11.1783328887833,0,20.605157233488,0
"2018-05-13 07:36:04",15.7857901362832,0,19.733190205848,0
"2018-05-13 07:37:04",12.0135020190042,0,17.641001727639,0
"2018-05-13 07:38:04",15.4332626563612,0,20.5803422802758,0
"2018-05-13 07:39:04",15.0991493787902,0,36.3942731201158,0
"2018-05-13 07:40:04",13.9165348393279,0,25.3112794382442,0
"2018-05-13 07:41:04",18.7210372101649,0,20.0489952882853,0
"2018-05-13 07:42:04",9.67598269430666,0,25.0402213784905,0
"2018-05-13 07:43:04",13.5832341777869,0,22.5606947049438,0
"2018-05-13 07:44:04",9.519623213922,0,24.5521832104825,0
"2018-05-13 07:45:04",18.3086297749451,0,30.3988506738958,0
"2018-05-13 07:46:04",9.62036023175868,0,20.0133085633129,0
"2018-05-13 07:47:04",14.2090673548987,0,16.8861837742314,0
"2018-05-13 07:48:04",13.4488037929839,0,28.1243251338164,0
"2018-05-13 07:49:04",16.2531649305876,0,22.2715690591741,0
"2018-05-13 07:50:05",14.1634575726286,0,32.3015609535442,0
"2018-05-13 07:51:05",16.8770330290178,0,40.9216538331365,0
"2018-05-13 07:52:05",13.5049746670412,0,36.4835568838705,0
"2018-05-13 07:53:05",13.4211802526526,0,25.6383832010954,0
"2018-05-13 07:54:05",15.1032469458618,0,22.4532930313498,0
"2018-05-13 07:55:05",14.3454596236946,0,35.7879644611229,0
"2018-05-13 07:56:05",19.1910794223596,0,34.7280011532252,0
"2018-05-13 07:57:05",7.47154001450858,0,27.2618057882186,0
"2018-05-13 07:58:05",16.8677398376488,0,25.1227061531588,0
"2018-05-13 07:59:05",7.43908289722922,0,29.8321054290778,0
"2018-05-13 08:00:05",12.0055460758983,0,26.3802848970322,0
"2018-05-13 08:01:05",7.87264786622633,0,31.3463196588328,0
"2018-05-13 08:02:05",13.3861011824712,0,29.6260587588025,0
"2018-05-13 08:03:05",9.11799119870818,0,28.8358243434839,0
"2018-05-13 08:04:05",12.3302336518986,0,28.4738183865423,0
"2018-05-13 08:05:05",12.9288841138543,0,28.7463462928056,0
"2018-05-13 08:06:05",10.3860965980917,0,18.5906019578473,0
"2018-05-13 08:07:05",10.6045708750378,0,26.890075040453,0
"2018-05-13 08:08:05",10.0952895959963,0,24.3778901515143,0
"2018-05-13 08:09:05",13.00725184597,0,22.1681699126874,0
"2018-05-13 08:10:05",7.99696854205366,0,31.7747774881861,0
"2018-05-13 08:11:05",6.91464024851238,0,86.6953937508246,0
"2018-05-13 08:12:05",9.10545899093285,0,25.7103086297572,0
"2018-05-13 08:13:05",13.2684569337734,0,33.7268823246321,0
"2018-05-13 08:14:05",12.8957011972193,0,31.0135476597604,0
"2018-05-13 08:15:05",12.3260907662505,0,20.8421874397671,0
"2018-05-13 08:16:06",9.11540834270766,0,24.1210639375752,0
"2018-05-13 08:17:06",8.4350118109222,0,33.2376866243904,0
"2018-05-13 08:18:06",12.472720634463,0,40.6201008588461,0
"2018-05-13 08:19:06",11.5442830674405,0,23.9357486449187,0
"2018-05-13 08:20:06",10.2443863270679,0,26.9109128852275,0
"2018-05-13 08:21:06",8.99279873980518,0,31.4663917146495,0
"2018-05-13 08:22:06",10.686646916949,0,25.0829887644119,0
"2018-05-13 08:23:06",7.75818212252238,0,30.6162252487733,0
"2018-05-13 08:24:06",14.7987968145046,0,33.7221696092232,0
"2018-05-13 08:25:06",8.35425135234347,0,36.6762067870281,0
"2018-05-13 08:26:06",9.05954751187993,0,33.3925761987604,0
"2018-05-13 08:27:06",7.6927390859212,0,23.312256245138,0
"2018-05-13 08:28:06",24.2260128874713,0,48.2264439124589,0
"2018-05-13 08:29:06",26.736403584124,0,38.0874550625802,0
"2018-05-13 08:30:06",19.6778063677508,0,33.2978907747894,0
"2018-05-13 08:31:06",16.4470380126384,0,25.4080145356006,0
"2018-05-13 08:32:06",18.5422514306276,0,31.5395958414148,0
"2018-05-13 08:33:06",15.8768139258147,0,27.2798211224092,0
"2018-05-13 08:34:06",22.8474314320607,0,44.719403054332,0
"2018-05-13 08:35:06",12.896446956513,0,39.5180142607954,0
"2018-05-13 08:36:06",7.02504399791014,0,28.2613452976902,0
"2018-05-13 08:37:06",12.5161415013374,0,31.4740179378317,0
"2018-05-13 08:38:06",9.04223210340275,0,32.6040734274874,0
"2018-05-13 08:39:06",11.0570005460964,0,30.1500133648708,0
"2018-05-13 08:40:06",8.80611592073465,0,39.9021849880808,0
"2018-05-13 08:41:06",6.57932424188827,0,35.6051086039112,0
"2018-05-13 08:42:06",8.3259172970039,0,46.7645369658859,0
"2018-05-13 08:43:07",6.30164254633196,0,28.9587912226584,0
"2018-05-13 08:44:07",4.34984976923722,0,28.5878124504899,0
"2018-05-13 08:45:07",5.87956274839011,0,47.7314193934062,0
"2018-05-13 08:46:07",7.58835247436442,0,32.9012733461206,0
"2018-05-13 08:47:07",5.22478920550223,0,40.0768723346965,0
"2018-05-13 08:48:07",5.77507602203452,0,43.4470310067817,0
"2018-05-13 08:49:07",9.72534924272193,0,47.2417504667984,0
"2018-05-13 08:50:07",7.14725018516613,0,39.5526925145371,0
"2018-05-13 08:51:07",5.30573518765711,0,50.4700010458962,0
"2018-05-13 08:52:07",10.5528890871223,0,35.7143954236374,0
"2018-05-13 08:53:07",7.53327237358838,0,34.4126483757339,0
"2018-05-13 08:54:07",8.91533334783226,0,28.8725353411587,0
"2018-05-13 08:55:07",8.87027137812365,0,32.0922322816576,0
"2018-05-13 08:56:07",8.69383670447918,0,54.3918350232552,0
"2018-05-13 08:57:07",9.1767911372431,0,44.0805741175972,0
"2018-05-13 08:58:07",8.33014160557063,0,28.6833851524441,0
"2018-05-13 08:59:07",9.54624817541283,0,25.4327949492298,0
"2018-05-13 09:00:07",7.06084072112653,0,29.1064161454101,0
"2018-05-13 09:01:07",9.37066533694266,0,26.1534057932247,0
"2018-05-13 09:02:07",10.8164803480653,0,33.7380777277897,0
"2018-05-13 09:03:07",15.2595505012008,0,37.7553808814904,0
"2018-05-13 09:04:07",9.75615122432803,0,30.8009133531972,0
"2018-05-13 09:05:07",11.3795063711654,0,50.9848395059343,0
"2018-05-13 09:06:07",9.11438179491518,0,35.7462969865507,0
"2018-05-13 09:07:07",13.1442480269329,0,36.499853078175,0
"2018-05-13 09:08:07",12.0204712686771,0,42.3601697522732,0
"2018-05-13 09:09:08",12.3588092883447,0,26.2364914081562,0
"2018-05-13 09:10:08",12.5745229322617,0,31.2288646908327,0
"2018-05-13 09:11:08",11.6617549855009,0,30.3254266893495,0
"2018-05-13 09:12:08",13.8752646086253,0,27.3622972393565,0
"2018-05-13 09:13:08",15.9888246517952,0,44.9690659169527,0
"2018-05-13 09:14:08",15.5599733943692,0,30.6129259125575,0
"2018-05-13 09:15:08",14.5818390950321,0,34.029157896729,0
"2018-05-13 09:16:08",14.3364102992311,0,40.703463487568,0
"2018-05-13 09:17:08",10.696145649185,0,40.3548758940278,0
"2018-05-13 09:18:08",18.1347320843118,0,39.4452445850652,0
"2018-05-13 09:19:08",12.7626138072067,0,41.4776729434725,0
"2018-05-13 09:20:08",13.3752570638271,0,38.913543169016,0
"2018-05-13 09:21:08",10.8337996012482,0,34.052446490812,0
"2018-05-13 09:22:08",10.4145938157988,0,36.6614683120536,0
"2018-05-13 09:23:08",9.53167016912528,0,32.7238757196342,0
"2018-05-13 09:24:08",9.87982809200894,0,49.9078236237998,0
"2018-05-13 09:25:08",10.1456589035863,0,39.150707790869,0
"2018-05-13 09:26:08",8.25236168307552,0,40.2216137836916,0
"2018-05-13 09:27:08",9.50620747319536,0,35.1666748632753,0
"2018-05-13 09:28:08",10.155880680105,0,46.8399679565942,0
"2018-05-13 09:29:09",12.5649480254595,0,38.5671300824708,0
"2018-05-13 09:30:09",8.32631739723101,0,50.3003069702298,0
"2018-05-13 09:31:09",9.59659160985235,0,35.08267657055,0
"2018-05-13 09:32:09",6.97953426584206,0,26.4313756726003,0
"2018-05-13 09:33:09",8.5784821393301,0,32.1148790964076,0
"2018-05-13 09:34:09",7.05612071643881,0,32.9917760696866,0
"2018-05-13 09:35:09",9.55190839035834,0,45.9965635748824,0
"2018-05-13 09:36:09",7.53317832956038,0,21.8346523760038,0
"2018-05-13 09:37:09",10.1772821229219,0,35.1487831838756,0
"2018-05-13 09:38:09",8.62036895879123,0,24.325948314445,0
"2018-05-13 09:39:09",8.10598447340207,0,41.1383461836017,0
"2018-05-13 09:40:09",15.9659142930171,0,52.3651861059867,0
"2018-05-13 09:41:09",13.1690175703219,0,45.8776349406343,0
"2018-05-13 09:42:09",13.6549166349465,0,35.8825003573938,0
"2018-05-13 09:43:09",9.04881482072935,0,32.3880185882215,0
"2018-05-13 09:44:09",12.34833875334,0,15.4703879162101,0
"2018-05-13 09:45:09",10.0356497983907,0,27.3432089420172,0
"2018-05-13 09:46:09",13.5341572230468,0,25.9610333723321,0
"2018-05-13 09:47:09",19.9739844132838,0,32.2041160648958,0
"2018-05-13 09:48:09",11.9336989700594,0,20.0493506714302,0
"2018-05-13 09:49:09",11.6124129897193,0,18.3083616446498,0
"2018-05-13 09:50:09",14.4856982283668,0,33.284160904857,0
"2018-05-13 09:51:09",15.2776005508698,0,31.1510622241383,0
"2018-05-13 09:52:09",14.0919076288486,0,35.2012144270692,0
"2018-05-13 09:53:10",16.0177703801203,0,38.7389141156381,0
"2018-05-13 09:54:10",17.0394166575475,0,37.6451748167784,0
"2018-05-13 09:55:10",16.8575841422933,0,26.3389073486548,0
"2018-05-13 09:56:10",14.3354462632294,0,28.0131549238011,0
"2018-05-13 09:57:10",11.8054561534352,0,32.3798574213404,0
"2018-05-13 09:58:10",10.4062340662579,0,34.1337690292752,0
"2018-05-13 09:59:10",11.6982604124689,0,22.6564977735591,0
"2018-05-13 10:00:10",8.82600680923444,0,28.8671808825766,0
"2018-05-13 10:01:10",10.1658504378008,0,23.6816583907203,0
"2018-05-13 10:02:10",11.0736767916377,0,21.9552044716,0
"2018-05-13 10:03:10",17.8854516947795,0,42.5229554710035,0
"2018-05-13 10:04:10",13.7290912838136,0,25.3356844266818,0
"2018-05-13 10:05:10",12.9399157630453,0,20.4856935266831,0
"2018-05-13 10:06:10",11.7215421886235,0,16.0692474402729,0
"2018-05-13 10:07:10",10.0606779749542,0,34.1041203164146,0
"2018-05-13 10:08:10",13.7790005166059,0,27.5425830226186,0
"2018-05-13 10:09:10",8.12820135941943,0,46.3450791831366,0
"2018-05-13 10:10:10",16.2222233859901,0,26.9760091440468,0
"2018-05-13 10:11:10",8.38687149671831,0,23.7513294497567,0
"2018-05-13 10:12:10",11.1108685440995,0,27.6242900290551,0
"2018-05-13 10:13:10",14.1045310545682,0,30.1375982016687,0
"2018-05-13 10:14:10",17.0628899280657,0,43.4642593998574,0
"2018-05-13 10:15:10",11.7673264947446,0,20.9710727054982,0
"2018-05-13 10:16:10",9.90158467790843,0,21.6973360026673,0
"2018-05-13 10:17:10",12.2251505245199,0,28.3207575735028,0
"2018-05-13 10:18:10",10.4830011158989,0,40.2280576225551,0
"2018-05-13 10:19:11",18.5356880590448,0,30.7025356458372,0
"2018-05-13 10:20:11",11.5887525149813,0,43.9870314210465,0
"2018-05-13 10:21:11",19.1003387313604,0,40.9097869608699,0
"2018-05-13 10:22:11",8.87292402921431,0,30.6562112012597,0
"2018-05-13 10:23:11",16.4604390035282,0,30.0629822823746,0
"2018-05-13 10:24:11",10.0393414168283,0,32.2796558257337,0
"2018-05-13 10:25:11",12.2522276150396,0,32.4196103804278,0
"2018-05-13 10:26:11",18.5138911370899,0,34.6055944815133,0
"2018-05-13 10:27:11",14.027335704229,0,36.5231785057017,0
"2018-05-13 10:28:11",12.5995300833358,0,56.1150045226805,0
"2018-05-13 10:29:11",34.856375493938,0,224.206927903426,1
"2018-05-13 10:30:11",20.618836420463,0,41.258641259837,0
"2018-05-13 10:31:11",19.3256351956903,0,38.7011914017214,0
"2018-05-13 10:32:11",19.5214719072837,0,31.9791808147217,0
"2018-05-13 10:33:11",13.2286532862363,0,35.3132055538959,0
"2018-05-13 10:34:11",14.5462189915104,0,31.8059388996779,0
"2018-05-13 10:35:11",12.2841405370687,0,42.1097367430841,0
"2018-05-13 10:36:11",14.4119370695878,0,28.3550394372111,0
"2018-05-13 10:37:11",8.47714640248977,0,26.3576543309675,0
"2018-05-13 10:38:11",11.6074872974683,0,38.4651675274142,0
"2018-05-13 10:39:11",11.9981592799569,0,35.9217540993861,0
"2018-05-13 10:40:11",13.6877440604566,0,48.4777052808463,0
"2018-05-13 10:41:12",11.4643935127152,0,35.9753355313792,0
"2018-05-13 10:42:12",8.26174984264818,0,36.9467872297301,0
"2018-05-13 10:43:12",5.79641148654878,0,33.2402638732365,0
"2018-05-13 10:44:12",10.3152954813907,0,38.8697341270589,0
"2018-05-13 10:45:12",12.9155419233843,0,29.4659530593318,0
"2018-05-13 10:46:12",10.4978590950906,0,48.261613890032,0
"2018-05-13 10:47:12",12.3384219948219,0,36.5334827006639,0
"2018-05-13 10:48:12",5.43292392583994,0,35.0435853060055,0
"2018-05-13 10:49:12",6.6228306536094,0,127.440021825741,0
"2018-05-13 10:50:12",5.192413363375,0,31.9581106439645,0
"2018-05-13 10:51:12",11.6738535587814,0,77.5292291476797,0
"2018-05-13 10:52:12",7.65101283657519,0,45.9665003810179,0
"2018-05-13 10:53:12",9.54938837126171,0,27.6985283346108,0
"2018-05-13 10:54:12",7.67350653902631,0,30.6002606481516,0
"2018-05-13 10:55:12",8.51821168714008,0,29.8128650443824,0
"2018-05-13 10:56:12",10.9837169717769,0,29.1666739851822,0
"2018-05-13 10:57:12",16.7977904826303,0,63.9623215827244,0
"2018-05-13 10:58:12",21.5560547773688,0,47.8603476750078,0
"2018-05-13 10:59:12",10.3349612024975,0,34.4112620307439,0
"2018-05-13 11:00:12",9.72224398154616,0,36.7655515927378,0
"2018-05-13 11:01:12",7.14344643213493,0,32.8808678190836,0
"2018-05-13 11:02:12",9.39333233604069,0,154.981568305775,0
"2018-05-13 11:03:13",9.30865816377191,0,39.5213873374699,0
"2018-05-13 11:04:13",9.08171463273902,0,23.9498234868538,0
"2018-05-13 11:05:13",7.09519059123318,0,30.0329817925529,0
"2018-05-13 11:06:13",9.74363948917398,0,34.712359432033,0
"2018-05-13 11:07:13",8.47247514276333,0,25.5621127084256,0
"2018-05-13 11:08:13",9.52292866614762,0,37.6958771745477,0
"2018-05-13 11:09:13",8.8696478816757,0,25.37240869841,0
"2018-05-13 11:10:13",8.50528328884909,0,32.001261389825,0
"2018-05-13 11:11:13",10.4723525626235,0,27.1880269059086,0
"2018-05-13 11:12:13",8.92748419520438,0,38.4745832630508,0
"2018-05-13 11:13:13",11.7786837503078,0,41.483250529234,0
"2018-05-13 11:14:13",9.81800755483058,0,36.1379409755858,0
"2018-05-13 11:15:13",16.8282025803762,0,32.7979798720612,0
"2018-05-13 11:16:13",9.17895700512289,0,27.969115050074,0
"2018-05-13 11:17:13",7.94663479930936,0,28.0152964299418,0
"2018-05-13 11:18:13",8.58472550175278,0,30.6187101986676,0
"2018-05-13 11:19:13",13.6216961164805,0,47.9261835225682,0
"2018-05-13 11:20:13",12.1207125443607,0,32.9608374743967,0
"2018-05-13 11:21:13",9.54967062073521,0,27.9192351971882,0
"2018-05-13 11:22:13",12.020385807695,0,39.4472807168072,0
"2018-05-13 11:23:13",9.0575472567428,0,36.3679329769911,0
"2018-05-13 11:24:13",13.536644722196,0,43.9654437932057,0
"2018-05-13 11:25:13",9.94313138681208,0,39.4255576152113,0
"2018-05-13 11:26:13",11.7987219650324,0,26.4539343034896,0
"2018-05-13 11:27:13",7.36750207291706,0,35.1298008013444,0
"2018-05-13 11:28:14",9.92808743967868,0,191.044343211372,0
"2018-05-13 11:29:14",8.23216465613262,0,33.635067896539,0
"2018-05-13 11:30:14",13.0340218859058,0,37.3882300529936,0
"2018-05-13 11:31:14",7.68417879688414,0,30.3054698185482,0
"2018-05-13 11:32:14",12.3583132790605,0,26.313529469607,0
"2018-05-13 11:33:14",8.45899283329069,0,20.581043309996,0
"2018-05-13 11:34:14",12.1320250529795,0,31.0019161762966,0
"2018-05-13 11:35:14",9.32240658926776,0,22.5336079549305,0
"2018-05-13 11:36:14",15.6546590290584,0,44.3919685596788,0
"2018-05-13 11:37:14",14.386673673871,0,28.648908415623,0
"2018-05-13 11:38:14",11.1218145006284,0,27.7522692149466,0
"2018-05-13 11:39:14",16.4462629492736,0,30.9811590996753,0
"2018-05-13 11:40:14",11.7350773016176,0,30.1596781322733,0
"2018-05-13 11:41:14",27.3231344961624,0,39.6724996497236,0
"2018-05-13 11:42:14",12.2715280161332,0,38.6652923150703,0
"2018-05-13 11:43:14",16.0960610590546,0,21.0590438799059,0
"2018-05-13 11:44:14",6.94398758621497,0,21.6594500001998,0
"2018-05-13 11:45:14",9.55711634165779,0,24.9741934933332,0
"2018-05-13 11:46:14",9.69494696738614,0,19.1766378413272,0
"2018-05-13 11:47:14",13.7875096423721,0,34.2193502894125,0
"2018-05-13 11:48:14",12.7097426379703,0,25.6269469978832,0
"2018-05-13 11:49:14",9.26149128803703,0,25.9029140064458,0
"2018-05-13 11:50:14",12.4645860799058,0,22.3888119887812,0
"2018-05-13 11:51:14",12.5272209323348,0,29.44765881669,0
"2018-05-13 11:52:15",18.5372565697055,0,43.4196516028287,0
"2018-05-13 11:53:15",10.8462672032988,0,35.6823413817037,0
"2018-05-13 11:54:15",20.9946193633195,0,38.9766603538265,0
"2018-05-13 11:55:15",12.1939405830457,0,33.987699898303,0
"2018-05-13 11:56:15",15.3650079310484,0,28.759073191885,0
"2018-05-13 11:57:15",13.5223585100113,0,34.8009527862109,0
"2018-05-13 11:58:15",16.8933249798578,0,43.3333543399269,0
"2018-05-13 11:59:15",16.1107025197424,0,29.456456088677,0
"2018-05-13 12:00:15",11.5513045963609,0,32.2680382233893,0
"2018-05-13 12:01:15",9.34324518054097,0,28.0950193664218,0
"2018-05-13 12:02:15",10.6129789957985,0,20.8415289433039,0
"2018-05-13 12:03:15",10.7646722180215,0,22.7050835055809,0
"2018-05-13 12:04:15",11.5128954602358,0,41.2628964945912,0
"2018-05-13 12:05:15",15.612837794492,0,29.9472218003069,0
"2018-05-13 12:06:15",9.11061843880486,0,25.1874891466926,0
"2018-05-13 12:07:15",12.6221832105233,0,23.7837920730553,0
"2018-05-13 12:08:15",9.91816216303141,0,26.5636925593217,0
"2018-05-13 12:09:15",13.7026871341856,0,39.0262169869829,0
"2018-05-13 12:10:15",10.5791896061319,0,19.7087751590071,0
"2018-05-13 12:11:15",9.42162147055771,0,20.2351292777293,0
"2018-05-13 12:12:15",9.67761339238733,0,20.2671489040031,0
"2018-05-13 12:13:15",9.91618127640737,0,27.6168927797255,0
"2018-05-13 12:14:15",11.3116179803519,0,31.8360914172813,0
"2018-05-13 12:15:16",10.3697688229236,0,34.1157847428154,0
"2018-05-13 12:16:16",17.4574393989429,0,46.3426462701111,0
"2018-05-13 12:17:16",9.44911462759022,0,30.2569212791918,0
"2018-05-13 12:18:16",18.0315893884008,0,44.9058576261658,0
"2018-05-13 12:19:16",9.94172977155832,0,26.785221826508,0
"2018-05-13 12:20:16",17.91804618005,0,37.2075949274664,0
"2018-05-13 12:21:16",11.7823268543506,0,37.8381801381409,0
"2018-05-13 12:22:16",12.233549889858,0,25.1258662743188,0
"2018-05-13 12:23:16",12.1244405180233,0,32.9787306570799,0
"2018-05-13 12:24:16",11.2370530429361,0,25.5602558308857,0
"2018-05-13 12:25:16",10.0733385344721,0,27.1457392531934,0
"2018-05-13 12:26:16",14.4752372879124,0,37.3757124674894,0
"2018-05-13 12:27:16",11.635529460732,0,27.1508728147902,0
"2018-05-13 12:28:16",9.08070733290974,0,26.9288756261942,0
"2018-05-13 12:29:16",11.3910978635738,0,27.4216935213458,0
"2018-05-13 12:30:16",21.544756011028,0,142.383400878399,0
"2018-05-13 12:31:16",25.7958109212473,0,39.7056586198428,0
"2018-05-13 12:32:16",14.0692678528604,0,45.5554313923773,0
"2018-05-13 12:33:16",17.5980316415176,0,38.1085996650604,0
"2018-05-13 12:34:16",12.5734945513781,0,28.3885381168428,0
"2018-05-13 12:35:16",12.9345693151651,0,25.4727255324494,0
"2018-05-13 12:36:16",10.466658948685,0,25.9238632880028,0
"2018-05-13 12:37:17",13.5002080049532,0,42.5043421304112,0
"2018-05-13 12:38:17",9.43326098001689,0,27.4908463764462,0
"2018-05-13 12:39:17",10.0428023639211,0,32.6813645388516,0
"2018-05-13 12:40:17",13.3457266178956,0,29.1922573052763,0
"2018-05-13 12:41:17",12.4484150803028,0,37.1691534408725,0
"2018-05-13 12:42:17",11.9740253511204,0,47.8348065628728,0
"2018-05-13 12:43:17",14.4479562680664,0,49.5009300535761,0
"2018-05-13 12:44:17",17.7147034727459,0,43.5235898115114,0
"2018-05-13 12:45:17",12.7636518231485,0,42.1633538843399,0
"2018-05-13 12:46:17",12.9091206342086,0,27.6490141562378,0
"2018-05-13 12:47:17",7.87471450869534,0,32.2565611288094,0
"2018-05-13 12:48:17",9.87102833232986,0,49.3540049934411,0
"2018-05-13 12:49:17",7.19002456733674,0,32.6079624338701,0
"2018-05-13 12:50:17",7.75352429855117,0,36.1019020921966,0
"2018-05-13 12:51:17",7.07352521117151,0,32.5634323779766,0
"2018-05-13 12:52:17",7.30358200777996,0,53.1495523360271,0
"2018-05-13 12:53:17",7.41667091524313,0,33.2828790963165,0
"2018-05-13 12:54:17",11.741622716171,0,45.6401322364521,0
"2018-05-13 12:55:17",9.88967371671121,0,41.835561883051,0
"2018-05-13 12:56:17",8.58388453348213,0,36.8646227104359,0
"2018-05-13 12:57:17",10.3390097938064,0,41.0714565753949,0
"2018-05-13 12:58:18",8.5507594259248,0,41.5393044308842,0
"2018-05-13 12:59:18",12.5257554478008,0,53.6616044381346,0
"2018-05-13 13:00:18",22.043875541647,0,48.3898554699067,0
"2018-05-13 13:01:18",12.6748985814137,0,40.2100659398925,0
"2018-05-13 13:02:18",12.3768029336714,0,36.3064057484926,0
"2018-05-13 13:03:18",14.021263976356,0,32.3174619490922,0
"2018-05-13 13:04:18",10.2024915025757,0,33.693061432503,0
"2018-05-13 13:05:18",16.3002476764225,0,49.5701812499839,0
"2018-05-13 13:06:18",9.0952771235595,0,31.036380364253,0
"2018-05-13 13:07:18",7.95815710336297,0,32.8974768324429,0
"2018-05-13 13:08:18",10.1179036535271,0,31.9245649052615,0
"2018-05-13 13:09:18",9.08501690188432,0,32.4935757277615,0
"2018-05-13 13:10:18",16.155427836687,0,58.1572432376697,0
"2018-05-13 13:11:18",15.5221882661,0,48.4980770420308,0
"2018-05-13 13:12:18",12.0687766262718,0,28.381993781775,0
"2018-05-13 13:13:18",7.0065939338406,0,21.3976075967359,0
"2018-05-13 13:14:18",10.6380789009364,0,27.5040739788058,0
"2018-05-13 13:15:18",10.1407686673901,0,29.0717872137201,0
"2018-05-13 13:16:18",16.0180577900311,0,44.4205196329835,0
"2018-05-13 13:17:18",11.0290583294919,0,36.0346985067849,0
"2018-05-13 13:18:18",9.64840178262264,0,32.1365183834344,0
"2018-05-13 13:19:18",12.3507284524662,0,50.5318613656584,0
"2018-05-13 13:20:19",12.7730985633177,0,40.5630466348685,0
"2018-05-13 13:21:19",14.9140296936985,0,41.0245566501173,0
"2018-05-13 13:22:19",14.1804233789109,0,50.69368001585,0
"2018-05-13 13:23:19",15.92081509161,0,42.1712631036359,0
"2018-05-13 13:24:19",9.64042298226484,0,42.9250021645239,0
"2018-05-13 13:25:19",13.3528708958109,0,34.2270784639417,0
"2018-05-13 13:26:19",10.3810199622542,0,36.7318450054084,0
"2018-05-13 13:27:19",11.5983281073939,0,43.2228897397796,0
"2018-05-13 13:28:19",10.4191532602229,0,40.6496614998137,0
"2018-05-13 13:29:19",11.0013446840984,0,41.3836949263208,0
"2018-05-13 13:30:19",18.1541949250108,0,159.199194329888,0
"2018-05-13 13:31:19",9.69288080492915,0,35.4906157841789,0
"2018-05-13 13:32:19",14.4726342944829,0,60.1075854442004,0
"2018-05-13 13:33:19",11.0079284176639,0,41.4229237443226,0
"2018-05-13 13:34:19",12.9662567948962,0,34.2985212100865,0
"2018-05-13 13:35:19",9.2896894470295,0,23.8948461467998,0
"2018-05-13 13:36:19",15.4413575726038,0,31.602866717435,0
"2018-05-13 13:37:19",10.0859419785499,0,24.6570767897545,0
"2018-05-13 13:38:19",20.4056455138033,0,37.8148837263153,0
"2018-05-13 13:39:19",13.3306671391244,0,37.27185971786,0
"2018-05-13 13:40:19",19.0066144648503,0,35.8870800539365,0
"2018-05-13 13:41:20",14.1779092504828,0,25.4221122128277,0
"2018-05-13 13:42:20",17.8597420965964,0,29.2994128688952,0
"2018-05-13 13:43:20",16.9775356321551,0,20.0056954337547,0
"2018-05-13 13:44:20",23.6799502537352,0,36.6987907979393,0
"2018-05-13 13:45:20",12.0138874767889,0,28.7272172984416,0
"2018-05-13 13:46:20",12.0260392288489,0,27.1224456258749,0
"2018-05-13 13:47:20",12.8344722425923,0,30.007442321247,0
"2018-05-13 13:48:20",10.538395921996,0,38.8164684842442,0
"2018-05-13 13:49:20",17.0604184121718,0,44.3933084159756,0
"2018-05-13 13:50:20",17.1161533569235,0,32.6743051155638,0
"2018-05-13 13:51:20",20.6660931120778,0,29.0149388479266,0
"2018-05-13 13:52:20",12.1637122210024,0,26.1488159395753,0
"2018-05-13 13:53:20",13.9957172120176,0,23.1029174344369,0
"2018-05-13 13:54:20",10.9130050302595,0,26.9700748378172,0
"2018-05-13 13:55:20",20.6092791430502,0,39.714497559117,0
"2018-05-13 13:56:20",11.5434699312964,0,26.1332028354662,0
"2018-05-13 13:57:20",13.3562241986199,0,26.8908541089095,0
"2018-05-13 13:58:20",11.0721283301215,0,27.7809957820277,0
"2018-05-13 13:59:20",13.8161083364626,0,37.2210140503873,0
"2018-05-13 14:00:20",22.6112560203097,0,44.2622907391662,0
"2018-05-13 14:01:20",23.7437594363882,0,36.7358904628616,0
"2018-05-13 14:02:20",20.3862419411397,0,38.2210831264292,0
"2018-05-13 14:03:20",15.0293739103179,0,37.9206821235221,0
"2018-05-13 14:04:20",24.2866859083498,0,22.885618458542,0
"2018-05-13 14:05:20",14.9286211363011,0,25.0325444637199,0
"2018-05-13 14:06:20",25.609225216836,0,47.3411237288364,0
"2018-05-13 14:07:20",18.3526757036235,0,31.9838236920998,0
"2018-05-13 14:08:20",18.1340067429537,0,22.7704269260867,0
"2018-05-13 14:09:20",17.2345066921007,0,17.99182591845,0
"2018-05-13 14:10:20",19.007803796721,0,30.4231563049769,0
"2018-05-13 14:11:21",17.8165882788938,0,27.9763616010967,0
"2018-05-13 14:12:21",20.5919861038432,0,43.8652538880642,0
"2018-05-13 14:13:21",18.6647025308548,0,37.1212170755627,0
"2018-05-13 14:14:21",15.0856415044433,0,33.6325219783403,0
"2018-05-13 14:15:21",19.663644542754,0,27.148464744253,0
"2018-05-13 14:16:21",14.2469157335021,0,37.8022149192929,0
"2018-05-13 14:17:21",15.4247617435143,0,108.313176388433,0
"2018-05-13 14:18:21",15.5019219972754,0,67.2035132550042,0
"2018-05-13 14:19:21",15.5080103491166,0,31.0228428807563,0
"2018-05-13 14:20:21",14.3271378616635,0,22.6360432091151,0
"2018-05-13 14:21:21",20.05937629153,0,36.8643459300633,0
"2018-05-13 14:22:21",14.7610126688539,0,29.8560754155748,0
"2018-05-13 14:23:21",17.4604779395526,0,36.6427731447359,0
"2018-05-13 14:24:21",16.0026151708813,0,25.9498495359187,0
"2018-05-13 14:25:21",15.3313873342667,0,32.9869810603688,0
"2018-05-13 14:26:21",16.5321845895256,0,29.6499371038035,0
"2018-05-13 14:27:21",15.3354641078732,0,47.5392120310884,0
"2018-05-13 14:28:21",21.984030537942,0,54.9871272411985,0
"2018-05-13 14:29:21",18.2605805860346,0,41.7376891385239,0
"2018-05-13 14:30:21",24.792354910366,0,44.9093322287748,0
"2018-05-13 14:31:21",19.4354845672434,0,66.8922165239669,0
"2018-05-13 14:32:21",23.1711231178557,0,47.5337408813957,0
"2018-05-13 14:33:21",14.247693078318,0,28.6863606795231,0
"2018-05-13 14:34:21",16.3822650531377,0,35.3324512983138,0
"2018-05-13 14:35:21",14.6297932979049,0,34.5524577417501,0
"2018-05-13 14:36:21",14.6458119897305,0,41.4897080263961,0
"2018-05-13 14:37:21",14.6797013140088,0,34.6479875177657,0
"2018-05-13 14:38:22",12.3343739482082,0,29.8032469100739,0
"2018-05-13 14:39:22",14.6176176847749,0,37.9503313105903,0
"2018-05-13 14:40:22",12.4030465587429,0,37.3200924690122,0
"2018-05-13 14:41:22",18.6887107684608,0,35.9207821364743,0
"2018-05-13 14:42:22",13.6829931211656,0,55.1826775053451,0
"2018-05-13 14:43:22",20.1473589372028,0,55.5074362938039,0
"2018-05-13 14:44:22",16.7714683984557,0,52.2686919057943,0
"2018-05-13 14:45:22",8.95866868583908,0,44.7178012142526,0
"2018-05-13 14:46:22",8.61746156184459,0,34.3173891435018,0
"2018-05-13 14:47:22",12.40551030723,0,43.8027798733635,0
"2018-05-13 14:48:22",7.14600600767725,0,51.8189758481895,0
"2018-05-13 14:49:22",8.74900582709118,0,28.1586525646696,0
"2018-05-13 14:50:22",7.6502370245727,0,25.6630668445486,0
"2018-05-13 14:51:22",7.4168283447167,0,39.1150596066538,0
"2018-05-13 14:52:22",10.308141623526,0,40.5817537418655,0
"2018-05-13 14:53:22",11.2053504833622,0,58.1846402180891,0
"2018-05-13 14:54:22",19.3098279567607,0,49.608282301175,0
"2018-05-13 14:55:22",8.50920733935691,0,43.669563122472,0
"2018-05-13 14:56:22",17.0375809738554,0,51.3591584992681,0
"2018-05-13 14:57:22",11.1181748716856,0,49.4058135546349,0
"2018-05-13 14:58:22",19.3515845458276,0,33.8806119009074,0
"2018-05-13 14:59:22",11.623006178706,0,48.9218804768457,0
"2018-05-13 15:00:22",17.9339235553265,0,32.197767712947,0
"2018-05-13 15:01:23",15.8182152851637,0,43.9514167118933,0
"2018-05-13 15:02:23",16.0936586473956,0,32.6089712380379,0
"2018-05-13 15:03:23",18.3153245454964,0,27.5357714633112,0
"2018-05-13 15:04:23",17.5013278343636,0,48.5506319458897,0
"2018-05-13 15:05:23",21.8647407357874,0,40.8172949661993,0
"2018-05-13 15:06:23",9.9052099312443,0,34.141577687204,0
"2018-05-13 15:07:23",12.4913261994724,0,32.8605189592601,0
"2018-05-13 15:08:23",7.87884967165549,0,41.6464765423819,0
"2018-05-13 15:09:23",14.939239710587,0,38.8313151160698,0
"2018-05-13 15:10:23",7.0803628975697,0,122.532924289064,0
"2018-05-13 15:11:23",12.1121241095147,0,48.8585889983454,0
"2018-05-13 15:12:23",5.02317149723609,0,39.1786300205345,0
"2018-05-13 15:13:23",7.72554039187137,0,33.580519285178,0
"2018-05-13 15:14:23",7.96962372388079,0,33.2144956603554,0
"2018-05-13 15:15:23",12.6330027312659,0,49.8338590887177,0
"2018-05-13 15:16:23",9.94203136125997,0,42.9142124887886,0
"2018-05-13 15:17:23",7.11321381621115,0,39.6504025826674,0
"2018-05-13 15:18:23",9.58484606251705,0,33.2255085801562,0
"2018-05-13 15:19:23",8.83689271177571,0,36.9429636402139,0
"2018-05-13 15:20:23",10.5937876221355,0,32.1094030269718,0
"2018-05-13 15:21:23",7.56098364672524,0,44.0390911413759,0
"2018-05-13 15:22:23",17.325937107965,0,37.8570826407673,0
"2018-05-13 15:23:23",5.65393790725445,0,50.6195533535746,0
"2018-05-13 15:24:23",10.0529270484529,0,32.0472960911995,0
"2018-05-13 15:25:24",7.05457030280089,0,33.2064616810974,0
"2018-05-13 15:26:24",12.9864924099281,0,52.3127163314311,0
"2018-05-13 15:27:24",8.92835825751949,0,37.4653658360039,0
"2018-05-13 15:28:24",8.45087218481348,0,39.9377673137764,0
"2018-05-13 15:29:24",8.24051931658796,0,33.7890143145029,0
"2018-05-13 15:30:24",7.93823176499857,0,45.3639990878602,0
"2018-05-13 15:31:24",13.5473032816932,0,139.085418564924,0
"2018-05-13 15:32:24",8.82759383357423,0,52.5862477192925,0
"2018-05-13 15:33:24",9.67960086043611,0,35.4229352188538,0
"2018-05-13 15:34:24",5.67488187167047,0,35.6263937486194,0
"2018-05-13 15:35:24",13.6460063912646,0,32.7958069813082,0
"2018-05-13 15:36:24",5.48235672236784,0,60.4466493557189,0
"2018-05-13 15:37:24",15.461839586925,0,40.2765564113208,0
"2018-05-13 15:38:24",7.53102204106541,0,49.6346893224723,0
"2018-05-13 15:39:24",12.7354617775273,0,26.6943178799674,0
"2018-05-13 15:40:24",8.70042818640436,0,28.543639196088,0
"2018-05-13 15:41:24",11.2419211407414,0,30.9851660988384,0
"2018-05-13 15:42:24",9.6069302952157,0,34.3706396272907,0
"2018-05-13 15:43:24",19.6620151472773,0,48.8495468501068,0
"2018-05-13 15:44:24",16.5982385036314,0,29.7613704740355,0
"2018-05-13 15:45:24",13.2752064596697,0,31.4445955905166,0
"2018-05-13 15:46:24",15.5424359730248,0,35.189652020299,0
"2018-05-13 15:47:24",8.18355631578878,0,32.063815221225,0
"2018-05-13 15:48:24",20.5751673943385,0,27.5449434198289,0
"2018-05-13 15:49:25",7.47693338445881,0,72.3860425832791,0
"2018-05-13 15:50:25",15.37770773456,0,25.798918926556,0
"2018-05-13 15:51:25",12.5360809965687,0,30.6599186033296,0
"2018-05-13 15:52:25",14.2184833427777,0,21.4690693644274,0
"2018-05-13 15:53:25",12.4967541418472,0,21.8681980160195,0
"2018-05-13 15:54:25",13.3415950160199,0,39.2575307769556,0
"2018-05-13 15:55:25",11.5733012461092,0,32.9471099784598,0
"2018-05-13 15:56:25",11.9520443353137,0,32.5223671659609,0
"2018-05-13 15:57:25",7.1269780899848,0,54.8460440296052,0
"2018-05-13 15:58:25",12.4214792465507,0,34.1421641293626,0
"2018-05-13 15:59:25",12.9495837205321,0,37.3077524983648,0
"2018-05-13 16:00:25",15.3411887501578,0,41.4267738373573,0
"2018-05-13 16:01:25",21.9654567013623,0,29.2044814490379,0
"2018-05-13 16:02:25",10.8215989934855,0,42.5416709547398,0
"2018-05-13 16:03:25",14.6012302183543,0,30.4802240779043,0
"2018-05-13 16:04:25",10.684665595743,0,22.8463181147175,0
"2018-05-13 16:05:25",17.5223276767164,0,42.691839240668,0
"2018-05-13 16:06:25",11.5828551872041,0,22.0302487562153,0
"2018-05-13 16:07:25",11.2691772510317,0,29.2119970425543,0
"2018-05-13 16:08:25",23.6908132571729,0,34.6894216531363,0
"2018-05-13 16:09:25",12.3634415801976,0,27.5577457166822,0
"2018-05-13 16:10:25",13.4282378726566,0,20.742678554495,0
"2018-05-13 16:11:26",14.6732510382141,0,31.7287908499137,0
"2018-05-13 16:12:26",15.9227120554832,0,45.6347131197247,0
"2018-05-13 16:13:26",11.1972662270784,0,30.9772046671968,0
"2018-05-13 16:14:26",12.7815223233381,0,22.0350887000403,0
"2018-05-13 16:15:26",7.66167103477361,0,34.4188079817431,0
"2018-05-13 16:16:26",15.6963835563937,0,45.4407253421388,0
"2018-05-13 16:17:26",10.174744492293,0,38.5621233161649,0
"2018-05-13 16:18:26",14.3954452205243,0,24.174555167238,0
"2018-05-13 16:19:26",9.77312933923192,0,32.7670902411963,0
"2018-05-13 16:20:26",12.0704378601306,0,29.3235812978786,0
"2018-05-13 16:21:26",12.516913205783,0,29.9672562814374,0
"2018-05-13 16:22:26",17.162835799302,0,46.4261390709316,0
"2018-05-13 16:23:26",12.6451244760675,0,30.9200290992813,0
"2018-05-13 16:24:26",10.2355643116746,0,37.4041805144161,0
"2018-05-13 16:25:26",14.2647872672644,0,36.2589188420646,0
"2018-05-13 16:26:26",9.69207534404652,0,35.3965046799594,0
"2018-05-13 16:27:26",22.5912105515057,0,40.3599251519979,0
"2018-05-13 16:28:26",8.48867515102737,0,60.0219226794791,0
"2018-05-13 16:29:26",14.9670018557241,0,33.4170801406882,0
"2018-05-13 16:30:26",9.09034388062585,0,32.5407623944442,0
"2018-05-13 16:31:26",14.0723374999945,0,45.3828664498286,0
"2018-05-13 16:32:26",16.4270207769904,0,37.0643633968895,0
"2018-05-13 16:33:26",19.2948094176587,0,33.8241256099468,0
"2018-05-13 16:34:26",17.5135513837608,0,39.7809073931902,0
"2018-05-13 16:35:27",16.2234891901304,0,37.183767986355,0
"2018-05-13 16:36:27",19.8305733046539,0,56.4602975667496,0
"2018-05-13 16:37:27",13.5513601190995,0,44.7154647039832,0
"2018-05-13 16:38:27",20.8568168218293,0,46.3026130524833,0
"2018-05-13 16:39:27",8.20254049156919,0,38.0666777925724,0
"2018-05-13 16:40:27",13.9852909885363,0,31.1323870904228,0
"2018-05-13 16:41:27",8.88370711251977,0,38.3660185661883,0
"2018-05-13 16:42:27",18.7162050847146,0,47.172010756145,0
"2018-05-13 16:43:27",12.4762186414983,0,46.594320184641,0
"2018-05-13 16:44:27",15.6092901960553,0,37.7877579680925,0
"2018-05-13 16:45:27",13.8183675405948,0,47.9031488715285,0
"2018-05-13 16:46:27",8.91477217616901,0,33.8297310343369,0
"2018-05-13 16:47:27",10.7382092411225,0,62.2267700083175,0
"2018-05-13 16:48:27",21.0746715941035,0,62.582720373584,0
"2018-05-13 16:49:27",10.2960466180982,0,34.0820038347178,0
"2018-05-13 16:50:27",9.96563643589305,0,36.1789113913281,0
"2018-05-13 16:51:27",9.37089652125371,0,31.1193792907812,0
"2018-05-13 16:52:27",5.76517620115899,0,46.4213600130083,0
"2018-05-13 16:53:27",11.3832517397193,0,43.5238938910702,0
"2018-05-13 16:54:27",7.86369847112308,0,46.4773812910634,0
"2018-05-13 16:55:27",14.330225199346,0,59.6815180945034,0
"2018-05-13 16:56:27",9.20722618048338,0,51.8081268108481,0
"2018-05-13 16:57:27",11.7920905535656,0,43.1636788749253,0
"2018-05-13 16:58:27",7.85787012531306,0,33.9902065563877,0
"2018-05-13 16:59:27",11.1053210870388,0,44.8917602462382,0
"2018-05-13 17:00:28",8.68976621827409,0,46.9335268972108,0
"2018-05-13 17:01:28",12.7870823104178,0,26.4130687804183,0
"2018-05-13 17:02:28",11.4300151500281,0,33.4981299256209,0
"2018-05-13 17:03:28",10.7482032840622,0,35.4835268321903,0
"2018-05-13 17:04:28",15.8095429287888,0,34.5574398093241,0
"2018-05-13 17:05:28",16.2196534080784,0,52.8559759625279,0
"2018-05-13 17:06:28",16.7204175494337,0,31.5964440129493,0
"2018-05-13 17:07:28",8.97720449521209,0,37.768919437737,0
"2018-05-13 17:08:28",15.1150924206851,0,25.6463973593394,0
"2018-05-13 17:09:28",11.9607445265261,0,33.1782750537012,0
"2018-05-13 17:10:28",12.3307226197147,0,36.5761019417597,0
"2018-05-13 17:11:28",13.0699458939346,0,62.0665110120744,0
"2018-05-13 17:12:28",12.7609170393688,0,22.1882624536251,0
"2018-05-13 17:13:28",13.7891713353574,0,20.7143173783295,0
"2018-05-13 17:14:28",12.5547436327017,0,35.6667949167998,0
"2018-05-13 17:15:28",8.55137700424648,0,38.0414424256787,0
"2018-05-13 17:16:28",10.6751262140989,0,59.5598390228601,0
"2018-05-13 17:17:28",11.5466175589163,0,46.6279378920987,0
"2018-05-13 17:18:28",7.37140160708396,0,33.053819752011,0
"2018-05-13 17:19:28",9.20812872647928,0,34.5101159369697,0
"2018-05-13 17:20:28",6.01846146543918,0,36.8571145581684,0
"2018-05-13 17:21:28",9.72348255702645,0,41.6466744385934,0
"2018-05-13 17:22:28",7.11496627334326,0,43.8561517475109,0
"2018-05-13 17:23:28",12.4224991537406,0,34.0860264285661,0
"2018-05-13 17:24:28",7.58063085076083,0,25.3758882484929,0
"2018-05-13 17:25:29",10.9948763097031,0,43.2223084531213,0
"2018-05-13 17:26:29",9.65417689075354,0,47.6431440992432,0
"2018-05-13 17:27:29",8.45198903659934,0,41.9591039449552,0
"2018-05-13 17:28:29",11.6879004072633,0,36.5160041501932,0
"2018-05-13 17:29:29",9.01136328660679,0,41.72848280114,0
"2018-05-13 17:30:29",11.6088726444859,0,39.2436619264049,0
"2018-05-13 17:31:29",7.15859604939938,0,36.7366668621317,0
"2018-05-13 17:32:29",10.6343043501431,0,49.3893755744792,0
"2018-05-13 17:33:29",5.98248381475625,0,46.6200234742862,0
"2018-05-13 17:34:29",11.1239955294742,0,41.8121851616719,0
"2018-05-13 17:35:29",5.56292338468549,0,28.1031369628481,0
"2018-05-13 17:36:29",7.82201698420719,0,28.6011768701151,0
"2018-05-13 17:37:29",5.6633754050866,0,32.9673715890006,0
"2018-05-13 17:38:29",9.0997651212914,0,48.5212615759874,0
"2018-05-13 17:39:29",9.75130867196241,0,30.1604929122663,0
"2018-05-13 17:40:29",8.65259693037002,0,35.9330642852483,0
"2018-05-13 17:41:29",7.60428584620611,0,30.8002939350711,0
"2018-05-13 17:42:29",9.1262816679308,0,37.0073594399956,0
"2018-05-13 17:43:29",9.44542833106959,0,37.7451019181404,0
"2018-05-13 17:44:30",16.8649994420115,0,51.7858704352665,0
"2018-05-13 17:45:30",17.5533540827595,0,25.4751502228195,0
"2018-05-13 17:46:30",9.34895684550322,0,31.732326837384,0
"2018-05-13 17:47:30",8.56525751843839,0,64.7601254148991,0
"2018-05-13 17:48:30",10.5163301942098,0,29.168895660478,0
"2018-05-13 17:49:30",22.2039517329517,0,38.6768224960561,0
"2018-05-13 17:50:30",11.9933300863095,0,34.1465184818969,0
"2018-05-13 17:51:30",13.2251281102425,0,24.8818118741655,0
"2018-05-13 17:52:30",12.1359130729159,0,20.6635877262352,0
"2018-05-13 17:53:30",14.4911448834177,0,34.8292785515369,0
"2018-05-13 17:54:30",9.07220560953581,0,29.8881838729958,0
"2018-05-13 17:55:30",11.7046370574779,0,42.7694787752723,0
"2018-05-13 17:56:30",15.4240254712045,0,32.3667774521469,0
"2018-05-13 17:57:30",12.6001031291264,0,34.5645286100447,0
"2018-05-13 17:58:30",18.2862706602298,0,26.2612910507857,0
"2018-05-13 17:59:30",10.4119201829878,0,31.5054837412292,0
"2018-05-13 18:00:30",22.9810366440425,0,32.4549564651407,0
"2018-05-13 18:01:30",13.4504731958463,0,40.1179014825567,0
"2018-05-13 18:02:30",18.5617572602125,0,20.9955220272147,0
"2018-05-13 18:03:30",13.7178567416904,0,21.1290747618816,0
"2018-05-13 18:04:31",19.9482478370962,0,24.5324875423927,0
"2018-05-13 18:05:31",18.2996205921528,0,17.3727993829331,0
"2018-05-13 18:06:31",20.6270506535732,0,36.0096410560079,0
"2018-05-13 18:07:31",22.7727296434769,0,33.8897304907494,0
"2018-05-13 18:08:31",18.3001231937514,0,30.4791948571602,0
"2018-05-13 18:09:31",29.1121219292242,0,36.8766021505905,0
"2018-05-13 18:10:31",17.399574838019,0,25.8989001394641,0
"2018-05-13 18:11:31",26.1992767140346,0,29.8154297914266,0
"2018-05-13 18:12:31",15.1675435984861,0,35.3573791709817,0
"2018-05-13 18:13:31",22.8483835287597,0,27.5307784399276,0
"2018-05-13 18:14:31",14.8968109929488,0,33.9760519252932,0
"2018-05-13 18:15:31",15.0495534819401,0,21.1423781654751,0
"2018-05-13 18:16:31",12.2811973630578,0,18.6550399340811,0
"2018-05-13 18:17:31",19.434953850646,0,34.4614821748232,0
"2018-05-13 18:18:31",15.1475879743025,0,23.6194031348067,0
"2018-05-13 18:19:31",14.9359888276287,0,23.3999348197075,0
"2018-05-13 18:20:31",16.748988770181,0,24.8370640311154,0
"2018-05-13 18:21:31",14.8150815620673,0,24.6691621251617,0
"2018-05-13 18:22:31",16.6764665665776,0,23.0715429218979,0
"2018-05-13 18:23:31",13.9234698511904,0,36.9823046239962,0
"2018-05-13 18:24:31",22.4092506022681,0,29.7136968211848,0
"2018-05-13 18:25:31",11.1315377198457,0,29.555062076531,0
"2018-05-13 18:26:31",12.9059209971626,0,23.7199839067779,0
"2018-05-13 18:27:31",11.8895064920097,0,25.0290646608287,0
"2018-05-13 18:28:31",19.3860529390736,0,42.3164457317533,0
"2018-05-13 18:29:32",15.3479058360041,0,34.0609382996907,0
"2018-05-13 18:30:32",14.9973526363645,0,22.4576826998244,0
"2018-05-13 18:31:32",14.474035345098,0,31.550540135609,0
"2018-05-13 18:32:32",55.5270617785532,1,172.26168208213,0
"2018-05-13 18:33:32",29.9382262764159,0,49.5904239780436,0
"2018-05-13 18:34:32",20.3207544616006,0,32.0456962956832,0
"2018-05-13 18:35:32",23.3597539898701,0,29.0996482972901,0
"2018-05-13 18:36:32",24.7335240158937,0,60.6506717644953,0
"2018-05-13 18:37:32",25.7297374662424,0,29.8299417153642,0
"2018-05-13 18:38:32",15.0539189260194,0,45.9567887523571,0
"2018-05-13 18:39:32",26.6469225140125,0,36.5627831331833,0
"2018-05-13 18:40:32",15.9457899634323,0,32.3326778493218,0
"2018-05-13 18:41:32",16.295688383421,0,22.9578006242547,0
"2018-05-13 18:42:32",15.4337044539943,0,25.0948192521266,0
"2018-05-13 18:43:32",18.7537607798522,0,35.2873692052972,0
"2018-05-13 18:44:32",13.5463544380829,0,28.9298439955941,0
"2018-05-13 18:45:32",14.6634460357611,0,43.6363603878922,0
"2018-05-13 18:46:32",15.9944025213325,0,41.6803718701083,0
"2018-05-13 18:47:32",10.0171727850543,0,34.6484475105606,0
"2018-05-13 18:48:32",13.6708963262605,0,42.3117240963823,0
"2018-05-13 18:49:32",15.0010035527131,0,54.5844844217484,0
"2018-05-13 18:50:33",17.1995228855175,0,33.8873114941968,0
"2018-05-13 18:51:33",10.7673380665385,0,32.6388566079592,0
"2018-05-13 18:52:33",12.0146158785413,0,45.8145085752642,0
"2018-05-13 18:53:33",7.77290455519031,0,37.2718724241748,0
"2018-05-13 18:54:33",11.0144751685969,0,33.9863524189371,0
"2018-05-13 18:55:33",8.73141458161488,0,49.3051583865568,0
"2018-05-13 18:56:33",23.3998210930553,0,37.2807806215673,0
"2018-05-13 18:57:33",12.7626499870149,0,30.4796922289102,0
"2018-05-13 18:58:33",14.1329746954332,0,26.9431778676086,0
"2018-05-13 18:59:33",16.6199800025011,0,30.9449642693615,0
"2018-05-13 19:00:33",18.4010140507736,0,36.4805356756312,0
"2018-05-13 19:01:33",19.0086493182473,0,31.576910946135,0
"2018-05-13 19:02:33",15.9950648006596,0,24.0738526580305,0
"2018-05-13 19:03:33",22.0080263698375,0,26.2363314530625,0
"2018-05-13 19:04:33",18.2749345231474,0,37.2504439391445,0
"2018-05-13 19:05:33",31.8448429683042,0,41.6651851420762,0
"2018-05-13 19:06:33",23.2696761867716,0,41.9292223802234,0
"2018-05-13 19:07:33",28.070976175233,0,22.1199946812558,0
"2018-05-13 19:08:33",26.1950788905474,0,30.2878493688917,0
"2018-05-13 19:09:33",40.7411856152459,0,68.261512971974,0
"2018-05-13 19:10:33",41.0720283853512,1,77.6918907994322,0
"2018-05-13 19:11:33",35.7439785917611,0,46.1004705401643,0
"2018-05-13 19:12:33",32.8490890584714,0,27.8443993365715,0
"2018-05-13 19:13:34",29.118481467999,0,29.5881887708309,0
"2018-05-13 19:14:34",31.6751469140895,0,28.2629858288695,0
"2018-05-13 19:15:34",29.3686755794115,0,37.9983255876295,0
"2018-05-13 19:16:34",37.1537227167491,0,39.5065532312104,0
"2018-05-13 19:17:34",28.5241748383756,0,46.4211803968989,0
"2018-05-13 19:18:34",30.4553792888067,0,46.6050931863944,0
"2018-05-13 19:19:34",25.2908107266714,0,31.229062655616,0
"2018-05-13 19:20:34",28.2817054289189,0,33.6397369421923,0
"2018-05-13 19:21:34",25.6185638537604,0,46.5760785855846,0
"2018-05-13 19:22:34",28.9635099634342,0,47.5801103094668,0
"2018-05-13 19:23:34",29.0191791046921,0,34.0837443831059,0
"2018-05-13 19:24:34",21.7586661844204,0,29.8902863881866,0
"2018-05-13 19:25:34",24.5662799624999,0,40.6457568679664,0
"2018-05-13 19:26:34",21.7587004558091,0,38.0320297085437,0
"2018-05-13 19:27:34",20.4864877970881,0,31.9094302349829,0
"2018-05-13 19:28:34",18.876204900284,0,30.980653910364,0
"2018-05-13 19:29:34",25.1497689153819,0,31.6282350273773,0
"2018-05-13 19:30:34",14.9581446267365,0,36.664373352718,0
"2018-05-13 19:31:34",20.6033825987223,0,99.5757011530333,0
"2018-05-13 19:32:34",17.9178432490274,0,48.2293155257673,0
"2018-05-13 19:33:34",18.8501017959569,0,41.2019554466592,0
"2018-05-13 19:34:35",11.5202583914177,0,43.4489408529021,0
"2018-05-13 19:35:35",15.0409122692966,0,35.7900867087437,0
"2018-05-13 19:36:35",10.6003857048023,0,29.0509320376002,0
"2018-05-13 19:37:35",14.0299323785183,0,35.4200430311489,0
"2018-05-13 19:38:35",13.9900842888527,0,52.8344464972285,0
"2018-05-13 19:39:35",19.4306087498956,0,46.0085461085126,0
"2018-05-13 19:40:35",18.1047504792561,0,48.1868433274043,0
"2018-05-13 19:41:35",12.4467617177596,0,34.7447889068266,0
"2018-05-13 19:42:35",15.3408128168762,0,33.3094018235951,0
"2018-05-13 19:43:35",11.0134162431751,0,34.5178868001591,0
"2018-05-13 19:44:35",17.4887415484733,0,39.718788748942,0
"2018-05-13 19:45:35",12.5052983004294,0,42.4294229898346,0
"2018-05-13 19:46:35",18.3135774671043,0,33.8479711082406,0
"2018-05-13 19:47:35",10.831932880757,0,34.3342438425092,0
"2018-05-13 19:48:35",13.0609381828035,0,33.2353945431367,0
"2018-05-13 19:49:35",13.2290068991919,0,32.519183179291,0
"2018-05-13 19:50:35",14.783406017215,0,37.5932983815587,0
"2018-05-13 19:51:35",12.0876526798422,0,29.659969795924,0
"2018-05-13 19:52:35",11.7853099010495,0,30.8256333831945,0
"2018-05-13 19:53:35",18.1159507244418,0,35.098531426736,0
"2018-05-13 19:54:35",12.1059344175193,0,37.2024357570765,0
"2018-05-13 19:55:35",11.4685210688426,0,21.0202734443288,0
"2018-05-13 19:56:35",11.2002196336374,0,53.7127820997497,0
"2018-05-13 19:57:36",20.3057641562472,0,49.4202711025494,0
"2018-05-13 19:58:36",12.0281645074421,0,34.6833676062373,0
"2018-05-13 19:59:36",17.0361636695799,0,40.5268757090078,0
"2018-05-13 20:00:36",12.8430516267661,0,40.3452745686149,0
"2018-05-13 20:01:36",14.7972448262087,0,49.9017973939377,0
"2018-05-13 20:02:36",15.4483238874952,0,37.9329146394725,0
"2018-05-13 20:03:36",22.9699909265958,0,32.4866045584512,0
"2018-05-13 20:04:36",18.4907631306153,0,27.4176759133659,0
"2018-05-13 20:05:36",16.855733301422,0,23.5638129765983,0
"2018-05-13 20:06:36",22.0470600705619,0,36.117800929096,0
"2018-05-13 20:07:36",17.320405748679,0,34.6344868168311,0
"2018-05-13 20:08:36",21.7967967395069,0,25.1902711113164,0
"2018-05-13 20:09:36",16.033822070611,0,31.9825121774953,0
"2018-05-13 20:10:36",22.9493447565105,0,37.9326033897045,0
"2018-05-13 20:11:36",15.9434896621626,0,23.8007746491495,0
"2018-05-13 20:12:36",22.807907969203,0,42.0050234971212,0
"2018-05-13 20:13:36",19.3976552462464,0,23.7990951988867,0
"2018-05-13 20:14:36",20.0392302355139,0,22.7000927937653,0
"2018-05-13 20:15:36",19.0807954283254,0,23.0893515487905,0
"2018-05-13 20:16:36",17.8780421346724,0,33.3853368333116,0
"2018-05-13 20:17:36",22.6399175882555,0,34.4402179682686,0
"2018-05-13 20:18:37",22.7381164577084,0,42.5392284915389,0
"2018-05-13 20:19:37",23.0485326144783,0,29.2987470611117,0
"2018-05-13 20:20:37",17.0829509451111,0,29.8929307096657,0
"2018-05-13 20:21:37",22.5514400239566,0,28.0592816446611,0
"2018-05-13 20:22:37",21.785020197162,0,35.2070158776947,0
"2018-05-13 20:23:37",29.6756252090368,0,27.6804383507973,0
"2018-05-13 20:24:37",16.9778656538804,0,46.9927613444028,0
"2018-05-13 20:25:37",19.8205194592833,0,19.9705289073048,0
"2018-05-13 20:26:37",15.6476601360846,0,30.3777956692594,0
"2018-05-13 20:27:37",18.6791199768024,0,23.0147015877883,0
"2018-05-13 20:28:37",15.1037713560141,0,19.2613362925096,0
"2018-05-13 20:29:37",22.9049209483837,0,40.9361619918064,0
"2018-05-13 20:30:37",20.9151226233318,0,31.9141091069962,0
"2018-05-13 20:31:37",15.2745265606872,0,25.3919860048042,0
"2018-05-13 20:32:37",17.6750600389776,0,30.500531134355,0
"2018-05-13 20:33:37",13.4251906903294,0,145.717921911769,0
"2018-05-13 20:34:37",32.7152503431421,0,21.7096965154227,0
"2018-05-13 20:35:37",23.5445841212515,0,32.2104896253031,0
"2018-05-13 20:36:37",31.3970721257993,0,23.5758476794254,0
"2018-05-13 20:37:37",24.7624119119191,0,29.975940630932,0
"2018-05-13 20:38:37",27.3504601604151,0,36.8164909162369,0
"2018-05-13 20:39:37",21.6467275388657,0,53.1443270781673,0
"2018-05-13 20:40:37",26.367594598991,0,20.153313795364,0
"2018-05-13 20:41:37",19.5188429699099,0,30.333901803978,0
"2018-05-13 20:42:37",21.9872253615537,0,21.4136873436858,0
"2018-05-13 20:43:38",22.4452564698135,0,18.3975685333872,0
"2018-05-13 20:44:38",24.5177878328215,0,42.0986145658993,0
"2018-05-13 20:45:38",28.403100558959,0,31.21480240513,0
"2018-05-13 20:46:38",19.1814231874002,0,38.5211696932669,0
"2018-05-13 20:47:38",25.4704845846223,0,36.9979781877915,0
"2018-05-13 20:48:38",17.3584232501451,0,33.3748121063958,0
"2018-05-13 20:49:38",24.2355093101334,0,27.2890225217832,0
"2018-05-13 20:50:38",15.7923169683681,0,33.2527729715934,0
"2018-05-13 20:51:38",16.8879409850599,0,28.8278363281719,0
"2018-05-13 20:52:38",12.6571934171829,0,39.4122030014913,0
"2018-05-13 20:53:38",11.2065704381858,0,35.631036194806,0
"2018-05-13 20:54:38",10.3129894018439,0,43.4652653173045,0
"2018-05-13 20:55:38",17.7480591364243,0,44.4409318365746,0
"2018-05-13 20:56:38",15.0968706300171,0,31.0836060974407,0
"2018-05-13 20:57:38",12.232385865876,0,33.2849397803104,0
"2018-05-13 20:58:38",15.597439150102,0,39.8431167096686,0
"2018-05-13 20:59:38",13.796464161806,0,38.0264208106587,0
"2018-05-13 21:00:38",20.7060275397059,0,40.8196287898228,0
"2018-05-13 21:01:38",22.5043720769304,0,71.8411067369731,0
"2018-05-13 21:02:38",32.4284798685327,0,41.3345040477573,0
"2018-05-13 21:03:38",17.570880287809,0,31.7131817684401,0
"2018-05-13 21:04:38",23.4333397961031,0,24.3843919110672,0
"2018-05-13 21:05:38",27.7573350673902,0,62.709545558836,0
"2018-05-13 21:06:38",27.8237803255419,0,31.0391319638082,0
"2018-05-13 21:07:39",24.1720325371245,0,44.5403823926257,0
"2018-05-13 21:08:39",22.2902830212331,0,32.0161189431942,0
"2018-05-13 21:09:39",25.5366128712677,0,28.4137130872446,0
"2018-05-13 21:10:39",24.6035421081405,0,30.0067382423559,0
"2018-05-13 21:11:39",24.931141556363,0,32.646414594826,0
"2018-05-13 21:12:39",25.1302242237,0,47.6571585967795,0
"2018-05-13 21:13:39",29.5718537338596,0,30.6278878572051,0
"2018-05-13 21:14:39",21.3815722526193,0,34.3984871706939,0
"2018-05-13 21:15:39",33.8375821553058,0,26.5328090476736,0
"2018-05-13 21:16:39",26.7028053523113,0,27.732248024479,0
"2018-05-13 21:17:39",27.7197205724327,0,35.0002408489482,0
"2018-05-13 21:18:39",21.4124419059515,0,35.414668798195,0
"2018-05-13 21:19:39",25.178973195503,0,22.6598871329905,0
"2018-05-13 21:20:39",25.4045080698848,0,54.2704017962256,0
"2018-05-13 21:21:39",20.9622862361641,0,24.402235171647,0
"2018-05-13 21:22:39",24.1035966879737,0,29.7126450638945,0
"2018-05-13 21:23:39",23.2450862821953,0,37.2372170599358,0
"2018-05-13 21:24:39",24.6358263218901,0,24.1291059092821,0
"2018-05-13 21:25:39",21.0839303461576,0,36.4972118383385,0
"2018-05-13 21:26:39",15.1599177553632,0,75.723783323344,0
"2018-05-13 21:27:39",14.2789491063374,0,37.4031554421514,0
"2018-05-13 21:28:39",23.7285268523046,0,25.3660739816031,0
"2018-05-13 21:29:39",17.6059407294553,0,42.5174544051616,0
"2018-05-13 21:30:40",24.2870615041028,0,30.0128203514684,0
"2018-05-13 21:31:40",16.7916506973887,0,38.2073759339745,0
"2018-05-13 21:32:40",18.6981138915985,0,33.7403319991608,0
"2018-05-13 21:33:40",34.3728112524458,0,159.280286624826,0
"2018-05-13 21:34:40",17.5569963552086,0,66.0440985317825,0
"2018-05-13 21:35:40",16.7583428864133,0,42.8556473331472,0
"2018-05-13 21:36:40",15.182732802961,0,56.0188818782041,0
"2018-05-13 21:37:40",15.0325940795741,0,53.8893140807869,0
"2018-05-13 21:38:40",14.4754738951033,0,47.7952505235415,0
"2018-05-13 21:39:40",15.6312149046173,0,48.7657531718147,0
"2018-05-13 21:40:40",16.6052686449899,0,47.2581633384475,0
"2018-05-13 21:41:40",17.6198449450363,0,44.93398236531,0
"2018-05-13 21:42:40",14.0130153601111,0,46.3272868287316,0
"2018-05-13 21:43:40",16.4268188037548,0,50.9731405856828,0
"2018-05-13 21:44:40",14.9046398512056,0,45.386171821264,0
"2018-05-13 21:45:40",17.1596765262178,0,62.6579124322433,0
"2018-05-13 21:46:40",16.3931544005691,0,55.8687356469383,0
"2018-05-13 21:47:40",16.2548363782989,0,48.3271187570569,0
"2018-05-13 21:48:40",15.9732437746154,0,44.4336256373967,0
"2018-05-13 21:49:40",14.2121058478578,0,51.4659027731281,0
"2018-05-13 21:50:40",14.5920284240438,0,45.2464066594427,0
"2018-05-13 21:51:40",19.5430992541105,0,50.9844833857256,0
"2018-05-13 21:52:41",14.8614524457897,0,64.4545661544562,0
"2018-05-13 21:53:41",13.1234847114519,0,45.4033601766191,0
"2018-05-13 21:54:41",18.6138060358524,0,46.3194774951371,0
"2018-05-13 21:55:41",15.5783427140614,0,41.7844045903572,0
"2018-05-13 21:56:41",23.3060652197922,0,58.6864666953394,0
"2018-05-13 21:57:41",16.5919036867198,0,53.6939139046103,0
"2018-05-13 21:58:41",17.1731870510046,0,56.5367429292295,0
"2018-05-13 21:59:41",15.9871381980506,0,37.2799560992493,0
"2018-05-13 22:00:41",15.2665111351741,0,37.6779587915475,0
"2018-05-13 22:01:41",16.6092156601503,0,36.5472930765187,0
"2018-05-13 22:02:41",21.1058987292584,0,67.3312956688746,0
"2018-05-13 22:03:41",17.5525035973315,0,66.6657073148044,0
"2018-05-13 22:04:41",23.0580580317135,0,50.1557037854423,0
"2018-05-13 22:05:41",22.2176550872029,0,41.9050035113501,0
"2018-05-13 22:06:41",21.0167117725458,0,48.6014630209784,0
"2018-05-13 22:07:41",27.4467177329553,0,47.1199035143904,0
"2018-05-13 22:08:41",19.1194287552842,0,90.7535457035524,0
"2018-05-13 22:09:41",23.4881167348381,0,36.9602315271944,0
"2018-05-13 22:10:41",21.7820671703651,0,35.5140621353184,0
"2018-05-13 22:11:41",21.1328496692211,0,45.9877697270987,0
"2018-05-13 22:12:41",19.3245821848738,0,39.7883994354194,0
"2018-05-13 22:13:41",20.1729740885554,0,59.5499993160379,0
"2018-05-13 22:14:41",19.582494074416,0,36.2160498951711,0
"2018-05-13 22:15:41",19.0611574126539,0,36.6904551144293,0
"2018-05-13 22:16:42",20.4180223355598,0,36.1488183923734,0
"2018-05-13 22:17:42",17.1098024959438,0,45.8522031781104,0
"2018-05-13 22:18:42",19.5285888377696,0,51.31976854777,0
"2018-05-13 22:19:42",22.6925708974824,0,57.4383872372319,0
"2018-05-13 22:20:42",23.9698913034464,0,48.4228104723035,0
"2018-05-13 22:21:42",17.4275569023076,0,55.71509055583,0
"2018-05-13 22:22:42",18.6595880974295,0,51.1009124366306,0
"2018-05-13 22:23:42",20.7717281330923,0,50.6714662714765,0
"2018-05-13 22:24:42",23.5568093085957,0,79.3123503944854,0
"2018-05-13 22:25:42",17.9732021960356,0,47.6620069329446,0
"2018-05-13 22:26:42",19.4229499705298,0,40.9828698462941,0
"2018-05-13 22:27:42",18.5804695559965,0,33.5452705544306,0
"2018-05-13 22:28:42",20.2604470276128,0,51.6101105143178,0
"2018-05-13 22:29:42",19.5451398054442,0,53.6635740234186,0
"2018-05-13 22:30:42",18.7067542662914,0,56.2593287028118,0
"2018-05-13 22:31:42",19.459039480213,0,49.2419621498491,0
"2018-05-13 22:32:42",18.2628163531482,0,55.3225780818803,0
"2018-05-13 22:33:42",20.064087782849,0,51.2626083551798,0
"2018-05-13 22:34:42",30.9393664324227,0,43.5028746085535,0
"2018-05-13 22:35:42",24.3184779670118,0,47.7021260282097,0
"2018-05-13 22:36:42",19.0546911039329,0,35.4255441647535,0
"2018-05-13 22:37:42",17.9241082522071,0,50.13376341534,0
"2018-05-13 22:38:42",17.3771181940241,0,36.7742898722337,0
"2018-05-13 22:39:42",17.0345676431773,0,33.6096299881727,0
"2018-05-13 22:40:42",22.7309248528962,0,59.7235446025901,0
"2018-05-13 22:41:43",27.0274320571959,0,40.1354747016885,0
"2018-05-13 22:42:43",19.4120514297552,0,42.9353588234548,0
"2018-05-13 22:43:43",16.1722662417345,0,42.6033569320881,0
"2018-05-13 22:44:43",14.9279279394596,0,48.1325321350327,0
"2018-05-13 22:45:43",17.8987679289467,0,30.0032671616898,0
"2018-05-13 22:46:43",18.5446444335756,0,36.3923920788861,0
"2018-05-13 22:47:43",17.9420130872676,0,51.746750167799,0
"2018-05-13 22:48:43",16.3273366692881,0,35.4336636186712,0
"2018-05-13 22:49:43",6.92151022534794,0,30.3271447754942,0
"2018-05-13 22:50:43",17.8781286092493,0,41.4479336083895,0
"2018-05-13 22:51:43",13.1062241736176,0,49.6650186288986,0
"2018-05-13 22:52:43",16.6275477014257,0,62.9102424807663,0
"2018-05-13 22:53:43",22.1659045379384,0,103.231957417009,0
"2018-05-13 22:54:43",41.7248538733459,1,144.808738556665,0
"2018-05-13 22:55:43",10.4081559564404,0,46.056831664944,0
"2018-05-13 22:56:43",5.54777870644666,0,35.5550600342463,0
"2018-05-13 22:57:43",8.82719740662702,0,40.8145455653661,0
"2018-05-13 22:58:43",14.7400378963017,0,35.087687105063,0
"2018-05-13 22:59:43",28.0267172224806,0,47.7523489509128,0
"2018-05-13 23:00:43",15.4382736999866,0,32.8789569548404,0
"2018-05-13 23:01:43",18.8697486123411,0,42.1450053467528,0
"2018-05-13 23:02:43",15.2607930672474,0,43.2274693930227,0
"2018-05-13 23:03:44",10.1901700881691,0,41.8994073379845,0
"2018-05-13 23:04:44",20.0607040686196,0,58.5676961116498,0
"2018-05-13 23:05:44",14.1296812264028,0,47.0991436331195,0
"2018-05-13 23:06:44",16.4715920920291,0,43.4058237334838,0
"2018-05-13 23:07:44",18.5307864620967,0,50.7887641470199,0
"2018-05-13 23:08:44",12.9512996795733,0,31.8229159036106,0
"2018-05-13 23:09:44",16.5342732787273,0,33.2053257369784,0
"2018-05-13 23:10:44",13.8063213643719,0,36.5702954250209,0
"2018-05-13 23:11:44",25.8023517046386,0,32.1362462112859,0
"2018-05-13 23:12:44",10.2889655538823,0,28.4308903596209,0
"2018-05-13 23:13:44",15.5036022696789,0,34.7062600192717,0
"2018-05-13 23:14:44",6.81169484397516,0,35.8914172200485,0
"2018-05-13 23:15:44",15.7833241767511,0,37.4472042199071,0
"2018-05-13 23:16:44",8.99908766150494,0,24.2566948960578,0
"2018-05-13 23:17:44",8.09980932804111,0,65.6904214372116,0
"2018-05-13 23:18:44",12.9774433195703,0,30.1830472031948,0
"2018-05-13 23:19:44",11.0529872053881,0,38.5304106528074,0
"2018-05-13 23:20:44",17.9357674947453,0,72.3455747505528,0
"2018-05-13 23:21:44",31.4880037139265,0,37.2826223767509,0
"2018-05-13 23:22:44",15.6148633217149,0,39.9341398149949,0
"2018-05-13 23:23:44",19.4580252528599,0,64.9871550154232,0
"2018-05-13 23:24:44",16.3958714766503,0,60.9152141854032,0
"2018-05-13 23:25:44",25.9515385770561,0,100.072027498031,0
"2018-05-13 23:26:44",18.4322037044353,0,68.2748301164809,0
"2018-05-13 23:27:45",21.3660584927841,0,83.8972844509822,0
"2018-05-13 23:28:45",18.1089737870736,0,51.660742605912,0
"2018-05-13 23:29:45",9.90887205100409,0,34.647180453808,0
"2018-05-13 23:30:45",11.4560787221811,0,36.4500882606165,0
"2018-05-13 23:31:45",11.9208343473379,0,28.7810458570524,0
"2018-05-13 23:32:45",12.0537978642501,0,33.0569116820573,0
"2018-05-13 23:33:45",8.72928866644387,0,26.6026719308162,0
"2018-05-13 23:34:45",8.65235448184575,0,147.412182919307,0
"2018-05-13 23:35:45",11.7938738871726,0,92.2379955699317,0
"2018-05-13 23:36:45",5.92887945997784,0,36.908289448013,0
"2018-05-13 23:37:45",9.70902301429558,0,43.8266237204915,0
"2018-05-13 23:38:45",5.15218434073926,0,32.9582139634945,0
"2018-05-13 23:39:45",7.44939776873266,0,25.2937430823472,0
"2018-05-13 23:40:45",9.6258480447853,0,37.4764811302334,0
"2018-05-13 23:41:45",7.13467557986263,0,33.742527672814,0
"2018-05-13 23:42:45",6.0151702339138,0,30.6375656481982,0
"2018-05-13 23:43:45",6.54499453606531,0,34.134419892233,0
"2018-05-13 23:44:45",7.35635759735196,0,41.5370576564706,0
"2018-05-13 23:45:45",7.23379417611981,0,40.5835526348485,0
"2018-05-13 23:46:45",13.113360488148,0,34.5330706780028,0
"2018-05-13 23:47:46",13.5416035434543,0,33.7293557894099,0
"2018-05-13 23:48:46",18.332107582986,0,37.3407297039552,0
"2018-05-13 23:49:46",7.16700537067188,0,35.6653736771037,0
"2018-05-13 23:50:46",10.7463630703801,0,30.8271326364877,0
"2018-05-13 23:51:46",13.5745085322091,0,40.1356611459237,0
"2018-05-13 23:52:46",12.3242304505375,0,42.0371526541347,0
"2018-05-13 23:53:46",7.02387114608301,0,29.1231401461492,0
"2018-05-13 23:54:46",9.30964271585996,0,22.2994769973739,0
"2018-05-13 23:55:46",8.4818491520239,0,28.2120360181122,0
"2018-05-13 23:56:46",16.1346927761326,0,38.2407926800297,0
"2018-05-13 23:57:46",9.54466777912184,0,39.7296085359943,0
"2018-05-13 23:58:46",10.3784892286034,0,28.0449290738911,0
"2018-05-13 23:59:46",10.0088409170465,0,26.9530803401739,0
"2018-05-14 00:00:07",8.51771576840731,0,27.6608656433663,0
"2018-05-14 00:00:46",11.7846634576968,0,28.1235344949294,0
"2018-05-14 00:01:46",10.785570167422,0,28.1854727965335,0
"2018-05-14 00:02:46",10.7099783676923,0,45.3655574892758,0
"2018-05-14 00:03:46",14.7399224732829,0,38.3063492444839,0
"2018-05-14 00:04:46",9.86433687859142,0,28.210651694301,0
"2018-05-14 00:05:46",13.8276516446399,0,42.0027561639609,0
"2018-05-14 00:06:46",10.7492510868418,0,35.9884354049385,0
"2018-05-14 00:07:46",11.4648696102527,0,30.5531669286522,0
"2018-05-14 00:08:46",12.0877283946015,0,43.757076354284,0
"2018-05-14 00:09:46",12.7932629375714,0,30.4350444706522,0
"2018-05-14 00:10:47",14.1949029207181,0,25.843359927945,0
"2018-05-14 00:11:47",12.8252388261047,0,29.083914134933,0
"2018-05-14 00:12:47",13.0189840446614,0,26.7375997381432,0
"2018-05-14 00:13:47",12.9743077753595,0,43.6384911559741,0
"2018-05-14 00:14:47",15.0112373112647,0,35.2583624624945,0
"2018-05-14 00:15:47",11.3778757311573,0,37.2949993567399,0
"2018-05-14 00:16:47",16.5007942902082,0,33.120604634953,0
"2018-05-14 00:17:47",12.464961673713,0,28.7987927537175,0
"2018-05-14 00:18:47",15.0013457254878,0,25.6368765522707,0
"2018-05-14 00:19:47",15.598918761253,0,39.6483232281096,0
"2018-05-14 00:20:47",15.4366865560935,0,33.0481484889581,0
"2018-05-14 00:21:47",12.8301190936601,0,44.2504318419739,0
"2018-05-14 00:22:47",16.8323634233367,0,29.889075900592,0
"2018-05-14 00:23:47",13.8620344922504,0,25.0009173881729,0
"2018-05-14 00:24:47",15.0462311430669,0,42.2150926052429,0
"2018-05-14 00:25:47",21.4100070470299,0,41.5201147308914,0
"2018-05-14 00:26:47",13.6736892960757,0,27.0240546299346,0
"2018-05-14 00:27:47",15.1022340962768,0,24.8591426763824,0
"2018-05-14 00:28:47",12.2676250659525,0,34.9399094100782,0
"2018-05-14 00:29:47",17.9257934296042,0,33.5038912071223,0
"2018-05-14 00:30:47",12.2612766214231,0,33.4716920856506,0
"2018-05-14 00:31:47",18.7528673487652,0,42.2614072944526,0
"2018-05-14 00:32:47",10.8711308891068,0,35.0532837305826,0
"2018-05-14 00:33:47",15.49424360457,0,43.400651016642,0
"2018-05-14 00:34:47",12.8521373285529,0,46.2993419748365,0
"2018-05-14 00:35:47",19.7712261654767,0,42.4305105879298,0
"2018-05-14 00:36:47",19.560610758148,0,27.678599730713,0
"2018-05-14 00:37:47",18.1923194865685,0,29.523698871143,0
"2018-05-14 00:38:47",17.6982051710238,0,27.0528002010218,0
"2018-05-14 00:39:47",15.7801869483801,0,30.06325901859,0
"2018-05-14 00:40:48",19.0227653032617,0,48.0493697346062,0
"2018-05-14 00:41:48",22.0957227231313,0,35.4850629174579,0
"2018-05-14 00:42:48",22.9641899807436,0,27.9251104194066,0
"2018-05-14 00:43:48",13.3677677392958,0,30.392694448285,0
"2018-05-14 00:44:48",14.2917663159956,0,31.6913263268742,0
"2018-05-14 00:45:48",14.8550040297602,0,35.0830708908987,0
"2018-05-14 00:46:48",16.680661412299,0,44.7879184037599,0
"2018-05-14 00:47:48",10.8096295230138,0,36.5960635504734,0
"2018-05-14 00:48:48",11.8400708663057,0,41.4010529762019,0
"2018-05-14 00:49:48",9.55937697265311,0,26.2073885921663,0
"2018-05-14 00:50:48",8.53539771524672,0,33.2959210085703,0
"2018-05-14 00:51:48",9.7112528492747,0,41.2370734014264,0
"2018-05-14 00:52:48",14.8932945875004,0,45.8379755209492,0
"2018-05-14 00:53:48",10.7947274658059,0,34.5677888617824,0
"2018-05-14 00:54:48",8.51831300338435,0,40.8420558219849,0
"2018-05-14 00:55:48",11.8088960704923,0,38.6373578476676,0
"2018-05-14 00:56:48",10.3386512949072,0,47.477389178248,0
"2018-05-14 00:57:48",16.1715348665477,0,48.9406607352318,0
"2018-05-14 00:58:48",19.1019319078185,0,32.4349951733954,0
"2018-05-14 00:59:48",17.6392162124283,0,37.5129837315674,0
"2018-05-14 01:00:48",17.213269259191,0,32.0920789035008,0
"2018-05-14 01:01:48",19.7120750687199,0,41.0958277974785,0
"2018-05-14 01:02:49",21.955429938437,0,38.1440043659523,0
"2018-05-14 01:03:49",13.0132010031424,0,58.9989170851544,0
"2018-05-14 01:04:49",10.9096183240318,0,37.3950108952191,0
"2018-05-14 01:05:49",8.39299455595891,0,38.6107030021776,0
"2018-05-14 01:06:49",8.99724868728725,0,35.1483950619274,0
"2018-05-14 01:07:49",8.3281565754532,0,34.3246535795816,0
"2018-05-14 01:08:49",11.9101576906704,0,44.6872284909524,0
"2018-05-14 01:09:49",9.63786090744932,0,40.4123179105105,0
"2018-05-14 01:10:49",10.8690342349692,0,28.4269075849703,0
"2018-05-14 01:11:49",10.1918415332666,0,31.0120269726075,0
"2018-05-14 01:12:49",11.0122659910812,0,36.5536329175682,0
"2018-05-14 01:13:49",9.69617325892947,0,28.0080936590808,0
"2018-05-14 01:14:49",13.2285336875143,0,74.0647562818389,0
"2018-05-14 01:15:49",11.1805233072983,0,44.7623568174935,0
"2018-05-14 01:16:49",9.38803696086345,0,37.5984564449321,0
"2018-05-14 01:17:49",9.53489748651425,0,35.0604371477244,0
"2018-05-14 01:18:49",10.9079489502255,0,60.0928725054884,0
"2018-05-14 01:19:49",8.73047164098628,0,41.6726308984335,0
"2018-05-14 01:20:49",7.45163949470222,0,39.0028402834913,0
"2018-05-14 01:21:49",11.0129392755528,0,31.2540339792973,0
"2018-05-14 01:22:49",7.29816041019686,0,35.4501740613942,0
"2018-05-14 01:23:49",8.01887650876938,0,39.5192242522132,0
"2018-05-14 01:24:49",7.85138453093504,0,35.6830408625521,0
"2018-05-14 01:25:49",13.0687457103848,0,36.3556333174975,0
"2018-05-14 01:26:49",10.0178496741883,0,31.7546851831769,0
"2018-05-14 01:27:49",10.9780852589907,0,34.9311026353388,0
"2018-05-14 01:28:49",9.70872997952263,0,30.0731395364428,0
"2018-05-14 01:29:49",9.00336065898169,0,39.3483263911781,0
"2018-05-14 01:30:49",12.0026786065683,0,55.8316165039313,0
"2018-05-14 01:31:50",9.91744098071648,0,36.7960553871347,0
"2018-05-14 01:32:50",13.9930013981629,0,39.0422649037069,0
"2018-05-14 01:33:50",7.62716125076726,0,46.7247926772255,0
"2018-05-14 01:34:50",13.3900172170762,0,42.6933706129836,0
"2018-05-14 01:35:50",8.62319380273158,0,124.873150484731,0
"2018-05-14 01:36:50",12.4631748987492,0,30.6805296834364,0
"2018-05-14 01:37:50",7.65924383149934,0,35.1137081661281,0
"2018-05-14 01:38:50",7.49610295681759,0,56.1217243429988,0
"2018-05-14 01:39:50",10.4991644894068,0,43.8462193115129,0
"2018-05-14 01:40:50",11.4568695059717,0,34.1314470561266,0
"2018-05-14 01:41:50",17.7128373821062,0,34.8842407792224,0
"2018-05-14 01:42:50",11.1512886496906,0,26.2099816160124,0
"2018-05-14 01:43:50",12.4589982794856,0,29.6800209610738,0
"2018-05-14 01:44:50",11.2732599054195,0,28.0692417558358,0
"2018-05-14 01:45:50",12.6501790620027,0,38.2700112535359,0
"2018-05-14 01:46:50",17.1157633034079,0,47.8856851857941,0
"2018-05-14 01:47:50",21.5927899872646,0,32.0443174700738,0
"2018-05-14 01:48:50",13.1874107085564,0,33.6031168960361,0
"2018-05-14 01:49:50",13.2764112021777,0,22.5896908016552,0
"2018-05-14 01:50:50",10.1872466887501,0,30.8431103099415,0
"2018-05-14 01:51:50",12.2413467755292,0,23.1714965615036,0
"2018-05-14 01:52:50",10.9513447995604,0,33.9731379399961,0
"2018-05-14 01:53:50",13.8772109632103,0,23.7240255345758,0
"2018-05-14 01:54:50",10.1734715898247,0,20.4568722665681,0
"2018-05-14 01:55:50",11.7186003468712,0,15.6222745625947,0
"2018-05-14 01:56:50",17.3113253172884,0,16.3230935692038,0
"2018-05-14 01:57:50",15.1899654025794,0,38.9126891501427,0
"2018-05-14 01:58:50",17.5744248836773,0,32.4707725467523,0
"2018-05-14 01:59:51",13.4016153340331,0,28.3925491085616,0
"2018-05-14 02:00:51",16.9665755793219,0,22.1242393092025,0
"2018-05-14 02:01:51",14.0897501937178,0,30.5208371868516,0
"2018-05-14 02:02:51",14.1385611097138,0,31.8104442803396,0
"2018-05-14 02:03:51",15.1372080407306,0,39.7816512169943,0
"2018-05-14 02:04:51",19.2074208611897,0,27.9629361260102,0
"2018-05-14 02:05:51",21.9211279106336,0,22.8504750143744,0
"2018-05-14 02:06:51",22.1257883772168,0,29.6339329550463,0
"2018-05-14 02:07:51",17.8716081779191,0,56.1762856713847,0
"2018-05-14 02:08:51",23.6224061387388,0,27.7058155300404,0
"2018-05-14 02:09:51",22.3931480331874,0,42.2526101712908,0
"2018-05-14 02:10:51",21.6107930151191,0,26.7045668684929,0
"2018-05-14 02:11:51",23.4589854014404,0,30.057489004406,0
"2018-05-14 02:12:51",18.1977087318619,0,23.0510197148608,0
"2018-05-14 02:13:51",54.1589698350184,1,35.3508024487757,0
"2018-05-14 02:14:51",22.9923189305352,0,42.0688339621536,0
"2018-05-14 02:15:51",25.5656698233513,0,31.4880648195392,0
"2018-05-14 02:16:51",17.5385585979433,0,30.9757785509926,0
"2018-05-14 02:17:51",19.557250267765,0,31.2335594850766,0
"2018-05-14 02:18:51",17.9303387392595,0,30.4188948108129,0
"2018-05-14 02:19:51",22.4172556354281,0,53.9467610615829,0
"2018-05-14 02:20:51",16.4882006945439,0,36.4534230591176,0
"2018-05-14 02:21:51",18.922939962999,0,28.3266312308395,0
"2018-05-14 02:22:51",17.966564079932,0,24.5495493064657,0
"2018-05-14 02:23:51",15.4349951747664,0,32.2459461148588,0
"2018-05-14 02:24:51",21.0488021451881,0,29.3289695769474,0
"2018-05-14 02:25:51",22.3210164016688,0,46.7030800353834,0
"2018-05-14 02:26:52",25.809563745892,0,26.4624111982862,0
"2018-05-14 02:27:52",15.4157108711571,0,27.4670918742911,0
"2018-05-14 02:28:52",17.3597788301698,0,20.1055673818275,0
"2018-05-14 02:29:52",15.8060894679163,0,27.7490033723274,0
"2018-05-14 02:30:52",23.7047838159751,0,35.7648360712312,0
"2018-05-14 02:31:52",17.4788418108093,0,40.1009147476475,0
"2018-05-14 02:32:52",16.905266648262,0,23.1826103564177,0
"2018-05-14 02:33:52",17.0442952353678,0,25.5963546125685,0
"2018-05-14 02:34:52",18.1345528993987,0,31.9882416951055,0
"2018-05-14 02:35:52",73.8347703876374,1,252.158706168698,1
"2018-05-14 02:36:52",26.4705013321206,0,24.6321631247045,0
"2018-05-14 02:37:52",30.3046369625597,0,37.2135220610167,0
"2018-05-14 02:38:52",23.6666758901141,0,42.8954984285397,0
"2018-05-14 02:39:52",28.934333847918,0,33.3395486537331,0
"2018-05-14 02:40:52",22.0072345889314,0,35.4943854245513,0
"2018-05-14 02:41:52",29.3005848816184,0,54.4509070372508,0
"2018-05-14 02:42:52",21.4048699899499,0,39.1957362414345,0
"2018-05-14 02:43:52",21.2036417409013,0,30.188391037539,0
"2018-05-14 02:44:52",21.2607012784895,0,32.933675163669,0
"2018-05-14 02:45:52",21.9147292536517,0,38.0534812605259,0
"2018-05-14 02:46:52",27.417462787606,0,47.1786042348571,0
"2018-05-14 02:47:52",22.570935437109,0,41.9054747250864,0
"2018-05-14 02:48:52",21.5163957891171,0,55.1993376489462,0
"2018-05-14 02:49:52",22.7392122565928,0,60.9211264506667,0
"2018-05-14 02:50:52",21.6076423163062,0,29.2148121548176,0
"2018-05-14 02:51:52",16.7391926929204,0,37.2484701094712,0
"2018-05-14 02:52:53",29.5236633918664,0,50.6381761953106,0
"2018-05-14 02:53:53",17.221932212035,0,53.5358748029313,0
"2018-05-14 02:54:53",18.9459215096685,0,40.5398622796405,0
"2018-05-14 02:55:53",18.6174710074747,0,45.0850555871314,0
"2018-05-14 02:56:53",16.3084832430363,0,49.976460009326,0
"2018-05-14 02:57:53",18.5392236674369,0,43.5295136645938,0
"2018-05-14 02:58:53",23.1522306371368,0,64.9721426192746,0
"2018-05-14 02:59:53",22.9742652609616,0,43.4242862486793,0
"2018-05-14 03:00:53",23.7809069117195,0,42.0521907929982,0
"2018-05-14 03:01:53",17.2461349291741,0,36.2938367106747,0
"2018-05-14 03:02:53",11.1259260537481,0,50.3075151175019,0
"2018-05-14 03:03:53",17.4142528680228,0,63.9555186613229,0
"2018-05-14 03:04:53",13.3865753145389,0,44.3840717067737,0
"2018-05-14 03:05:53",23.0476314135393,0,48.2253649302328,0
"2018-05-14 03:06:53",12.6308797937207,0,38.27774768687,0
"2018-05-14 03:07:53",14.4581598131435,0,28.7791554864018,0
"2018-05-14 03:08:53",16.1736210772211,0,41.093667018992,0
"2018-05-14 03:09:53",21.4730659811725,0,45.5374633711701,0
"2018-05-14 03:10:53",17.0161218255159,0,38.2734464420772,0
"2018-05-14 03:11:53",19.7878000356089,0,50.6524833348487,0
"2018-05-14 03:12:53",18.5308490006643,0,37.4419581119633,0
"2018-05-14 03:13:53",17.5353919322154,0,43.9785524407014,0
"2018-05-14 03:14:53",18.3411384980865,0,50.0956428687799,0
"2018-05-14 03:15:53",27.9740730727695,0,59.2125020111723,0
"2018-05-14 03:16:53",26.7685228506821,0,51.9149511589832,0
"2018-05-14 03:17:53",17.8278019014617,0,48.0548770998727,0
"2018-05-14 03:18:54",23.3448077513469,0,38.1527967684143,0
"2018-05-14 03:19:54",17.8790247074901,0,35.243738856692,0
"2018-05-14 03:20:54",23.3559610945351,0,53.3056887098207,0
"2018-05-14 03:21:54",17.3547927389233,0,31.9722541265899,0
"2018-05-14 03:22:54",19.7029736896612,0,40.9928919134133,0
"2018-05-14 03:23:54",15.9376812658368,0,33.7955986508672,0
"2018-05-14 03:24:54",17.8719032085476,0,76.802699239662,0
"2018-05-14 03:25:54",19.646054883156,0,47.8697426704839,0
"2018-05-14 03:26:54",22.7360221892004,0,58.2606539671986,0
"2018-05-14 03:27:54",18.269808248639,0,56.052454929537,0
"2018-05-14 03:28:54",14.5777482962121,0,47.114336754425,0
"2018-05-14 03:29:54",15.9674616520791,0,39.6387326939095,0
"2018-05-14 03:30:54",13.6623017181182,0,62.0857607280153,0
"2018-05-14 03:31:54",19.2314827072936,0,62.4688109715723,0
"2018-05-14 03:32:54",11.8594259430333,0,59.8747193162627,0
"2018-05-14 03:33:54",12.9769655707911,0,55.9296997821089,0
"2018-05-14 03:34:54",12.2264317548714,0,60.0071137193833,0
"2018-05-14 03:35:54",15.4365696236403,0,73.0534481441991,0
"2018-05-14 03:36:54",19.0277256523002,0,78.4869755270648,0
"2018-05-14 03:37:54",16.5696610566364,0,46.7835898892246,0
"2018-05-14 03:38:54",15.4786189543616,0,73.3717837669657,0
"2018-05-14 03:39:54",14.2346040108568,0,42.9420634080831,0
"2018-05-14 03:40:54",21.816076297268,0,78.2800476616446,0
"2018-05-14 03:41:54",18.1791111179412,0,59.0931474419837,0
"2018-05-14 03:42:54",20.041317380736,0,45.5009047672777,0
"2018-05-14 03:43:55",14.2266212749015,0,45.5874735294912,0
"2018-05-14 03:44:55",20.9363812566098,0,38.9894218001789,0
"2018-05-14 03:45:55",14.7735433847215,0,45.4533795081056,0
"2018-05-14 03:46:55",13.9454134003077,0,36.2801568746275,0
"2018-05-14 03:47:55",20.8102438604742,0,56.0269972902151,0
"2018-05-14 03:48:55",21.644734100102,0,49.8151870808147,0
"2018-05-14 03:49:55",18.6332861744016,0,42.1678281146476,0
"2018-05-14 03:50:55",18.7050004846332,0,34.0179302535814,0
"2018-05-14 03:51:55",18.8654992862887,0,31.6601439500569,0
"2018-05-14 03:52:55",27.0576746104537,0,46.7248088747152,0
"2018-05-14 03:53:55",21.72147988851,0,43.2607990017489,0
"2018-05-14 03:54:55",21.2077633537232,0,40.2197783641163,0
"2018-05-14 03:55:55",28.8667516529123,0,34.5835053637439,0
"2018-05-14 03:56:55",24.5967566056432,0,34.3060731143607,0
"2018-05-14 03:57:55",30.1971020295722,0,32.5648358630134,0
"2018-05-14 03:58:55",22.9018164265329,0,50.7954480457407,0
"2018-05-14 03:59:55",26.0702940526884,0,41.79416204128,0
"2018-05-14 04:00:55",19.6666789905637,0,34.4533127476,0
"2018-05-14 04:01:55",25.8800257579278,0,32.3451774088776,0
"2018-05-14 04:02:55",27.1844965788557,0,36.0379764771059,0
"2018-05-14 04:03:55",27.5844086424257,0,34.534562268626,0
"2018-05-14 04:04:55",24.2097443860317,0,46.0788957377813,0
"2018-05-14 04:05:55",27.3261984308879,0,45.0264632040808,0
"2018-05-14 04:06:56",32.7717573673447,0,26.3605980993115,0
"2018-05-14 04:07:56",33.5242728702727,0,45.7453911785637,0
"2018-05-14 04:08:56",37.8105395846657,0,33.7448728238363,0
"2018-05-14 04:09:56",30.5396715852225,0,54.4509108461128,0
"2018-05-14 04:10:56",31.5295639499782,0,31.4641613846905,0
"2018-05-14 04:11:56",19.391578032541,0,49.0434836777185,0
"2018-05-14 04:12:56",20.5658285220756,0,32.9916584423113,0
"2018-05-14 04:13:56",16.8783901358952,0,31.4435665576517,0
"2018-05-14 04:14:56",23.0810195633555,0,45.0658287731377,0
"2018-05-14 04:15:56",18.6930529526722,0,52.2140079903521,0
"2018-05-14 04:16:56",19.3233546976759,0,35.3359494135709,0
"2018-05-14 04:17:56",21.4925873320418,0,43.4866516267511,0
"2018-05-14 04:18:56",19.0011276942661,0,43.3430115724063,0
"2018-05-14 04:19:56",20.2212770851868,0,37.3307912936733,0
"2018-05-14 04:20:56",21.1841164817879,0,44.7675153391729,0
"2018-05-14 04:21:56",31.4270969883256,0,39.6899270161188,0
"2018-05-14 04:22:56",16.1294444547497,0,43.1882164251755,0
"2018-05-14 04:23:56",22.6642598839407,0,25.7047156085426,0
"2018-05-14 04:24:56",15.3127514031795,0,39.9819039103235,0
"2018-05-14 04:25:56",19.6294758027078,0,32.8862499547858,0
"2018-05-14 04:26:56",18.9140989379841,0,43.5612715621094,0
"2018-05-14 04:27:56",24.3024457695762,0,36.1394950106435,0
"2018-05-14 04:28:56",17.2790580807451,0,27.0550628726391,0
"2018-05-14 04:29:56",17.0189447097562,0,35.3718393512564,0
"2018-05-14 04:30:56",16.2105270538707,0,32.2341126074625,0
"2018-05-14 04:31:56",22.8563329333988,0,43.8735210949832,0
"2018-05-14 04:32:56",19.1980957824711,0,37.1466670200276,0
"2018-05-14 04:33:57",14.5220576702802,0,35.8914564434435,0
"2018-05-14 04:34:57",17.2143577818271,0,26.4257917079448,0
"2018-05-14 04:35:57",12.9902309167137,0,29.6797425022487,0
"2018-05-14 04:36:57",22.9382495947644,0,146.262944703567,0
"2018-05-14 04:37:57",20.3489825073948,0,34.2566680188879,0
"2018-05-14 04:38:57",28.5137492445136,0,49.6285886442286,0
"2018-05-14 04:39:57",23.0325973699789,0,36.0512050775843,0
"2018-05-14 04:40:57",23.6550681411831,0,35.861062736487,0
"2018-05-14 04:41:57",20.4617077894679,0,40.6869592511656,0
"2018-05-14 04:42:57",22.8066233117873,0,50.3888789854099,0
"2018-05-14 04:43:57",20.1924288880236,0,44.7987256812522,0
"2018-05-14 04:44:57",22.098584352846,0,41.9599223754956,0
"2018-05-14 04:45:57",19.7878098267705,0,47.0532272264385,0
"2018-05-14 04:46:57",25.0988101596421,0,53.4743575544669,0
"2018-05-14 04:47:57",25.3675165840057,0,66.847662060314,0
"2018-05-14 04:48:57",26.3658273128384,0,74.8029391737475,0
"2018-05-14 04:49:57",22.4164044441772,0,61.6754721175609,0
"2018-05-14 04:50:57",12.9239889831668,0,56.6259099524372,0
"2018-05-14 04:51:57",16.3947924333158,0,45.0581465755692,0
"2018-05-14 04:52:57",20.3149258547492,0,48.5256589264216,0
"2018-05-14 04:53:57",20.9603255581139,0,50.7654786736889,0
"2018-05-14 04:54:57",24.1563712287676,0,71.6209571871829,0
"2018-05-14 04:55:57",17.5232158116673,0,48.9380188605045,0
"2018-05-14 04:56:57",19.3720554267656,0,49.5726589855672,0
"2018-05-14 04:57:57",17.8632308615184,0,51.9866398837191,0
"2018-05-14 04:58:57",13.6143269328837,0,62.4660388884044,0
"2018-05-14 04:59:57",21.1356818863329,0,71.3707284764892,0
"2018-05-14 05:00:57",15.1638846011855,0,63.5448094046593,0
"2018-05-14 05:01:58",16.1925448717877,0,58.5857353747141,0
"2018-05-14 05:02:58",23.7732124528231,0,39.3731301852431,0
"2018-05-14 05:03:58",15.276586702993,0,52.3505640941111,0
"2018-05-14 05:04:58",23.5556050092701,0,69.9815730462063,0
"2018-05-14 05:05:58",18.3030660344196,0,43.767253090819,0
"2018-05-14 05:06:58",20.5084634112755,0,42.5123125096669,0
"2018-05-14 05:07:58",19.8302988244502,0,49.4168611587911,0
"2018-05-14 05:08:58",18.4438883261752,0,41.9624539360728,0
"2018-05-14 05:09:58",16.3898333779971,0,39.3711871032918,0
"2018-05-14 05:10:58",23.1234892716077,0,70.9629347721016,0
"2018-05-14 05:11:58",17.3073426091087,0,38.6181103725094,0
"2018-05-14 05:12:58",16.5960557917801,0,47.859979361274,0
"2018-05-14 05:13:58",19.7219595716059,0,38.9433942653857,0
"2018-05-14 05:14:58",16.4001044644708,0,50.1499030531138,0
"2018-05-14 05:15:58",22.0316314244471,0,52.274250319461,0
"2018-05-14 05:16:58",15.9715108021944,0,47.2152109783379,0
"2018-05-14 05:17:58",18.7547875741,0,38.1313534553784,0
"2018-05-14 05:18:58",15.1712587064277,0,35.8383319805749,0
"2018-05-14 05:19:58",17.3015359919937,0,40.3029252219887,0
"2018-05-14 05:20:58",17.7053897408047,0,41.0059246593444,0
"2018-05-14 05:21:58",20.3177140225169,0,58.363307749584,0
"2018-05-14 05:22:58",18.6487253365027,0,43.2576386451688,0
"2018-05-14 05:23:59",16.7590990633302,0,42.0178089461167,0
"2018-05-14 05:24:59",18.7978264186681,0,38.8056050735915,0
"2018-05-14 05:25:59",17.8925213532615,0,51.4183135344045,0
"2018-05-14 05:26:59",19.3120983418367,0,49.7911009919096,0
"2018-05-14 05:27:59",19.7231184031558,0,42.7130441695733,0
"2018-05-14 05:28:59",24.177825523092,0,39.4936120451301,0
"2018-05-14 05:29:59",17.7482964271205,0,49.4202111577441,0
"2018-05-14 05:30:59",18.6821058234902,0,41.362068013817,0
"2018-05-14 05:31:59",17.6403573606821,0,37.5696882301492,0
"2018-05-14 05:32:59",21.4830047099614,0,41.1026235369213,0
"2018-05-14 05:33:59",16.7580437419845,0,42.9085756207552,0
"2018-05-14 05:34:59",18.2180039752669,0,46.9728034283264,0
"2018-05-14 05:35:59",17.4685235166297,0,44.7950702018627,0
"2018-05-14 05:36:59",17.4818794838212,0,45.200831507697,0
"2018-05-14 05:37:59",24.9215564719057,0,58.8917461978554,0
"2018-05-14 05:38:59",27.9936280648004,0,46.9224206124176,0
"2018-05-14 05:39:59",25.262711738707,0,37.5764603745069,0
"2018-05-14 05:40:59",14.2714211466262,0,31.4013137211096,0
"2018-05-14 05:41:59",19.5655651052243,0,27.2876570091071,0
"2018-05-14 05:42:59",16.803312350609,0,37.409966443359,0
"2018-05-14 05:43:59",24.8930658144529,0,35.1164531384282,0
"2018-05-14 05:44:59",15.7008298322393,0,32.1715198943399,0
"2018-05-14 05:45:59",20.0307678734441,0,26.0459720002545,0
"2018-05-14 05:46:59",15.7236038806392,0,29.3528363019175,0
"2018-05-14 05:47:59",21.4699166014223,0,26.1730438076373,0
"2018-05-14 05:48:59",23.1304318680657,0,35.2153135433658,0
"2018-05-14 05:50:00",21.2022316861619,0,44.7064563623871,0
"2018-05-14 05:51:00",22.1791480593269,0,42.5926146094678,0
"2018-05-14 05:52:00",17.2841998266178,0,31.1328558144938,0
"2018-05-14 05:53:00",18.9026177688969,0,26.9467943985772,0
"2018-05-14 05:54:00",16.6425117754789,0,31.207793787692,0
"2018-05-14 05:55:00",27.3533305187457,0,32.6765319423916,0
"2018-05-14 05:56:00",20.6004918669165,0,37.6211403487644,0
"2018-05-14 05:57:00",26.0252148384669,0,26.4302036641434,0
"2018-05-14 05:58:00",23.977928454214,0,31.8116744131532,0
"2018-05-14 05:59:00",26.2918443736031,0,28.8898594962196,0
"2018-05-14 06:00:00",20.740281588729,0,35.4058568550325,0
"2018-05-14 06:01:00",26.9866085846282,0,44.4331745700153,0
"2018-05-14 06:02:00",23.7245189937339,0,36.945661455859,0
"2018-05-14 06:03:00",25.7040509400891,0,35.1032443638236,0
"2018-05-14 06:04:00",23.6317264437922,0,29.4081418430949,0
"2018-05-14 06:05:00",21.99203966781,0,25.6863217068939,0
"2018-05-14 06:06:00",33.8099691774167,0,52.2809747523441,0
"2018-05-14 06:07:00",26.1733708675961,0,27.5175790096914,0
"2018-05-14 06:08:00",32.6916886374189,0,21.8511122015432,0
"2018-05-14 06:09:00",25.3492503414816,0,27.9376090209595,0
"2018-05-14 06:10:00",31.0244866634033,0,26.7284438811546,0
"2018-05-14 06:11:00",34.7581765277361,0,20.9286706814652,0
"2018-05-14 06:12:00",38.5241871104826,0,25.6663484918715,0
"2018-05-14 06:13:00",32.4359970948347,0,24.3307162167527,0
"2018-05-14 06:14:00",23.9321307823857,0,25.2832190412066,0
"2018-05-14 06:15:00",29.3021853957977,0,75.3559546927114,0
"2018-05-14 06:16:00",15.4328458943571,0,20.664177784593,0
"2018-05-14 06:17:01",21.4277702913421,0,34.3400126785128,0
"2018-05-14 06:18:01",23.2132613638033,0,35.5687293353674,0
"2018-05-14 06:19:01",26.9249220501992,0,50.2339212276275,0
"2018-05-14 06:20:01",18.186798285015,0,28.6271188967951,0
"2018-05-14 06:21:01",22.7800224498199,0,28.99070630046,0
"2018-05-14 06:22:01",13.5165702147719,0,36.0814066641863,0
"2018-05-14 06:23:01",20.3603003436275,0,39.6573259731178,0
"2018-05-14 06:24:01",21.3490972441177,0,33.2992200270034,0
"2018-05-14 06:25:01",16.4846285865053,0,24.4440011135068,0
"2018-05-14 06:26:01",42.2410231684115,1,47.3640859254454,0
"2018-05-14 06:27:01",17.9867139637372,0,36.1412982889668,0
"2018-05-14 06:28:01",15.150951903031,0,35.7656115750559,0
"2018-05-14 06:29:01",25.4997540528828,0,41.5810931013618,0
"2018-05-14 06:30:01",16.1239842309246,0,34.0282563224677,0
"2018-05-14 06:31:01",14.4657590608583,0,38.0469415700204,0
"2018-05-14 06:32:01",14.4304213118743,0,30.9170571893266,0
"2018-05-14 06:33:01",11.8879975707414,0,38.5714509197831,0
"2018-05-14 06:34:01",18.2186728368577,0,50.4869015940093,0
"2018-05-14 06:35:01",10.7638004225667,0,41.3615208367573,0
"2018-05-14 06:36:01",11.6444269450037,0,102.84490522531,0
"2018-05-14 06:37:01",13.3182652816397,0,57.3251493427743,0
"2018-05-14 06:38:01",24.7608704581575,0,44.3363398094056,0
"2018-05-14 06:39:02",19.8008507223469,0,43.6760473177557,0
"2018-05-14 06:40:02",17.791014134379,0,29.4475772509689,0
"2018-05-14 06:41:02",20.8817430055691,0,46.6263199128777,0
"2018-05-14 06:42:02",12.9303961022763,0,41.5632517607831,0
"2018-05-14 06:43:02",16.0838783317346,0,42.3117870135254,0
"2018-05-14 06:44:02",20.663211521274,0,87.91337316918,0
"2018-05-14 06:45:02",57.2854210238837,1,411.735961696026,1
"2018-05-14 06:46:02",10.7344926562965,0,44.060722810614,0
"2018-05-14 06:47:02",18.8404191069552,0,45.4428518958829,0
"2018-05-14 06:48:02",12.8163899494471,0,42.6010363618652,0
"2018-05-14 06:49:02",18.9169916443877,0,52.2439598711413,0
"2018-05-14 06:50:02",9.43680261448832,0,47.7378321991858,0
"2018-05-14 06:51:02",13.3761553545499,0,51.6589474346562,0
"2018-05-14 06:52:02",9.22369821744687,0,32.5396369117088,0
"2018-05-14 06:53:02",8.28849592207007,0,41.8592027407736,0
"2018-05-14 06:54:02",14.2602885619875,0,51.440140802774,0
"2018-05-14 06:55:02",10.1060067700156,0,55.2443842504447,0
"2018-05-14 06:56:02",10.4085499441071,0,55.894867587732,0
"2018-05-14 06:57:02",7.06130005352773,0,38.0355819531046,0
"2018-05-14 06:58:02",9.05625042783831,0,51.999437316289,0
"2018-05-14 06:59:02",7.86629447809005,0,68.4199004257483,0
"2018-05-14 07:00:02",17.1262587479716,0,68.6221027213386,0
"2018-05-14 07:01:02",9.15358962380406,0,39.9773747043066,0
"2018-05-14 07:02:02",14.684398028554,0,37.8176862954927,0
"2018-05-14 07:03:02",9.13766200374359,0,36.2288269300733,0
"2018-05-14 07:04:02",9.65552726456252,0,36.535288564379,0
"2018-05-14 07:05:02",11.3840397999668,0,47.0728341939595,0
"2018-05-14 07:06:03",18.9491771425969,0,43.6203286933649,0
"2018-05-14 07:07:03",10.3005837868096,0,36.5138802902758,0
"2018-05-14 07:08:03",11.1434155970422,0,27.6806649591762,0
"2018-05-14 07:09:03",11.231632194887,0,25.1585896390035,0
"2018-05-14 07:10:03",10.7991943653796,0,36.5026942352806,0
"2018-05-14 07:11:03",14.1538469584684,0,48.1505301881481,0
"2018-05-14 07:12:03",14.9835570599231,0,37.5861466908735,0
"2018-05-14 07:13:03",16.506707999159,0,33.0621231838529,0
"2018-05-14 07:14:03",15.1060003092548,0,31.9731033629815,0
"2018-05-14 07:15:03",20.4734570986931,0,50.9747365553519,0
"2018-05-14 07:16:03",15.3229393063202,0,36.1973120072534,0
"2018-05-14 07:17:03",19.8656959755951,0,61.6011510742404,0
"2018-05-14 07:18:03",15.6868200833878,0,40.6799218732216,0
"2018-05-14 07:19:03",17.017733104889,0,39.2277693090598,0
"2018-05-14 07:20:03",15.6001440904625,0,35.9161224334644,0
"2018-05-14 07:21:03",17.3268651985184,0,39.1097126235576,0
"2018-05-14 07:22:03",18.7282976817284,0,45.2705848610295,0
"2018-05-14 07:23:03",18.9683250749018,0,52.903154613618,0
"2018-05-14 07:24:03",20.0498323139869,0,58.459460006542,0
"2018-05-14 07:25:03",14.8695860090731,0,47.3382725861801,0
"2018-05-14 07:26:03",18.4585459201517,0,47.651097343199,0
"2018-05-14 07:27:03",15.3601590237206,0,45.8752165406221,0
"2018-05-14 07:28:03",24.1279170257102,0,58.4536928504115,0
"2018-05-14 07:29:04",16.7164286577841,0,31.642295330997,0
"2018-05-14 07:30:04",17.9510718362899,0,33.5556904834536,0
"2018-05-14 07:31:04",16.8892796753428,0,28.3352683331005,0
"2018-05-14 07:32:04",19.9867106430816,0,45.5327638599421,0
"2018-05-14 07:33:04",19.8234585361792,0,46.9817932406895,0
"2018-05-14 07:34:04",22.5994936377055,0,49.3745740778176,0
"2018-05-14 07:35:04",19.4512255590104,0,43.8551142753158,0
"2018-05-14 07:36:04",16.8782866431432,0,39.4244470134612,0
"2018-05-14 07:37:04",17.2472735699347,0,38.6432596928772,0
"2018-05-14 07:38:04",22.629805158501,0,126.902232206653,0
"2018-05-14 07:39:04",24.2220646669034,0,55.8096973605765,0
"2018-05-14 07:40:04",18.4502111160336,0,42.3420869695997,0
"2018-05-14 07:41:04",24.4848766658367,0,39.8305509582091,0
"2018-05-14 07:42:04",15.8909921170761,0,40.1917313227755,0
"2018-05-14 07:43:04",20.1613057720337,0,40.2216673655142,0
"2018-05-14 07:44:04",15.6252919879838,0,33.4331753286356,0
"2018-05-14 07:45:04",20.9340784525723,0,41.2385062383552,0
"2018-05-14 07:46:04",17.8628329986641,0,38.5792354179375,0
"2018-05-14 07:47:04",19.3324795674086,0,28.3383174515203,0
"2018-05-14 07:48:04",17.4858677871459,0,27.7945505570422,0
"2018-05-14 07:49:04",18.1068320647851,0,35.2177059600035,0
"2018-05-14 07:50:04",22.8844254892376,0,47.2540935757961,0
"2018-05-14 07:51:04",23.3686325178135,0,31.8680045847409,0
"2018-05-14 07:52:04",20.4136502392284,0,29.6687495151969,0
"2018-05-14 07:53:04",14.5377105158028,0,29.9437820539125,0
"2018-05-14 07:54:05",13.9969323601626,0,44.7578619544928,0
"2018-05-14 07:55:05",14.1189228179768,0,37.7227495720415,0
"2018-05-14 07:56:05",15.3385298266331,0,36.668454119271,0
"2018-05-14 07:57:05",14.2765256247163,0,38.7262130561361,0
"2018-05-14 07:58:05",13.8859515530138,0,26.96316718632,0
"2018-05-14 07:59:05",16.6656552442081,0,26.2154451616915,0
"2018-05-14 08:00:05",18.2257491679256,0,36.7746532881746,0
"2018-05-14 08:01:05",18.5179516882294,0,42.2302185612461,0
"2018-05-14 08:02:05",26.1358880471774,0,51.892098552294,0
"2018-05-14 08:03:05",22.6085444930476,0,38.9667246394009,0
"2018-05-14 08:04:05",17.7443601008523,0,40.2513883507061,0
"2018-05-14 08:05:05",20.9038643122681,0,37.7748063473399,0
"2018-05-14 08:06:05",11.7306920449432,0,40.097474958955,0
"2018-05-14 08:07:05",25.4950248279427,0,45.0392424291739,0
"2018-05-14 08:08:05",15.1277640153193,0,32.1857200953058,0
"2018-05-14 08:09:05",13.5235884796571,0,37.5910108135154,0
"2018-05-14 08:10:05",13.1193072366313,0,28.5971816028742,0
"2018-05-14 08:11:05",14.0648697416424,0,38.8625285755368,0
"2018-05-14 08:12:05",15.9315095791206,0,63.4310806443461,0
"2018-05-14 08:13:05",20.5298582896133,0,35.2970837068607,0
"2018-05-14 08:14:05",13.8775182511814,0,34.8803345843809,0
"2018-05-14 08:15:05",12.3994027135765,0,29.5558526945896,0
"2018-05-14 08:16:05",13.3959415187301,0,34.6407316863151,0
"2018-05-14 08:17:05",13.3216696328601,0,43.2087270645419,0
"2018-05-14 08:18:06",19.0217951288261,0,49.1218458566332,0
"2018-05-14 08:19:06",11.3412685486253,0,37.7335192900143,0
"2018-05-14 08:20:06",12.8894072534274,0,82.3127081883784,0
"2018-05-14 08:21:06",12.8096377045681,0,42.8534465839104,0
"2018-05-14 08:22:06",11.8431290644361,0,29.7739529159082,0
"2018-05-14 08:23:06",12.334043411504,0,47.2308987632853,0
"2018-05-14 08:24:06",13.6881864127931,0,46.5593102778072,0
"2018-05-14 08:25:06",16.0275790686594,0,43.6252580003137,0
"2018-05-14 08:26:06",12.1821778504211,0,42.005351109263,0
"2018-05-14 08:27:06",13.0669309944828,0,35.2121847911967,0
"2018-05-14 08:28:06",13.6392752874263,0,38.5837134781371,0
"2018-05-14 08:29:06",13.7975175118143,0,43.0039417484317,0
"2018-05-14 08:30:06",12.2328388684053,0,32.0272265630378,0
"2018-05-14 08:31:06",16.0377122272654,0,40.2650984795267,0
"2018-05-14 08:32:06",10.2178689948872,0,37.0754820766182,0
"2018-05-14 08:33:06",17.8274025974578,0,42.7917107050404,0
"2018-05-14 08:34:06",12.0398512733275,0,37.8566056427113,0
"2018-05-14 08:35:06",17.9362763122556,0,42.8020817231787,0
"2018-05-14 08:36:06",12.3972534937219,0,35.4370586308249,0
"2018-05-14 08:37:06",13.6166269042988,0,35.1370201438223,0
"2018-05-14 08:38:06",14.232187422126,0,46.01565935905,0
"2018-05-14 08:39:07",22.8550107057149,0,43.0535765152197,0
"2018-05-14 08:40:07",22.6898609040985,0,56.8565034420758,0
"2018-05-14 08:41:07",20.3106952911593,0,33.5069255763928,0
"2018-05-14 08:42:07",18.5898498307257,0,31.8336995184081,0
"2018-05-14 08:43:07",15.3647911415273,0,39.9875054417144,0
"2018-05-14 08:44:07",14.6377977232927,0,53.014228909304,0
"2018-05-14 08:45:07",19.3111694357942,0,48.2407568655469,0
"2018-05-14 08:46:07",14.1477249472617,0,38.1311085678644,0
"2018-05-14 08:47:07",10.5080436840144,0,33.9935324100035,0
"2018-05-14 08:48:07",14.2667789154617,0,46.0403228900446,0
"2018-05-14 08:49:07",14.2984228395687,0,38.2052541761806,0
"2018-05-14 08:50:07",11.0783699682195,0,45.0294826422701,0
"2018-05-14 08:51:07",13.8001181962826,0,53.5406411825758,0
"2018-05-14 08:52:07",9.88501765439072,0,29.0768107532566,0
"2018-05-14 08:53:07",7.16664315990371,0,38.3070223427171,0
"2018-05-14 08:54:07",17.6034082863686,0,42.7998958244218,0
"2018-05-14 08:55:07",12.4628303357883,0,45.9119510454506,0
"2018-05-14 08:56:07",17.3723246092248,0,49.0738602507252,0
"2018-05-14 08:57:07",12.6838943634373,0,48.1882979599231,0
"2018-05-14 08:58:07",8.2418494952009,0,50.416690999798,0
"2018-05-14 08:59:07",16.3921931096261,0,53.3723834889682,0
"2018-05-14 09:00:07",7.32695715283742,0,47.1907587441363,0
"2018-05-14 09:01:08",9.68167749675919,0,40.8190178143385,0
"2018-05-14 09:02:08",10.0087721058644,0,49.7763746649876,0
"2018-05-14 09:03:08",6.26974735606738,0,45.8771894566139,0
"2018-05-14 09:04:08",7.09531187394981,0,36.7732236257715,0
"2018-05-14 09:05:08",6.91095893028812,0,44.8643664019194,0
"2018-05-14 09:06:08",10.2114248219647,0,53.7935344457255,0
"2018-05-14 09:07:08",10.1461633644682,0,54.9790340488465,0
"2018-05-14 09:08:08",11.9305456482409,0,53.2690247265347,0
"2018-05-14 09:09:08",10.9487504065062,0,37.8138816128546,0
"2018-05-14 09:10:08",15.5820851096647,0,37.4558983059539,0
"2018-05-14 09:11:08",12.3454278948887,0,31.5567754132392,0
"2018-05-14 09:12:08",17.0061200365772,0,52.8424970941123,0
"2018-05-14 09:13:08",8.55773987432344,0,33.7982930997886,0
"2018-05-14 09:14:08",9.2822604008418,0,46.6278109646555,0
"2018-05-14 09:15:08",7.10970900530894,0,31.9945285120045,0
"2018-05-14 09:16:08",8.69833797544312,0,41.5560346245136,0
"2018-05-14 09:17:08",9.93239923560452,0,27.6715198690872,0
"2018-05-14 09:18:08",10.8253574632833,0,46.6230506923652,0
"2018-05-14 09:19:08",8.64708191389385,0,36.2205013930432,0
"2018-05-14 09:20:08",24.0134591246839,0,41.7987511638354,0
"2018-05-14 09:21:08",7.5869111910632,0,36.8887264766216,0
"2018-05-14 09:22:08",9.25332918304978,0,35.7810113658775,0
"2018-05-14 09:23:08",10.002078368004,0,52.1900987536349,0
"2018-05-14 09:24:09",9.35763692479701,0,52.5249669497626,0
"2018-05-14 09:25:09",11.8139589545016,0,36.2847412487365,0
"2018-05-14 09:26:09",9.98468632867373,0,39.1142941588916,0
"2018-05-14 09:27:09",11.5828533278823,0,36.8713821478964,0
"2018-05-14 09:28:09",9.56484937213155,0,38.9140645995059,0
"2018-05-14 09:29:09",13.9263609599738,0,39.9654256347106,0
"2018-05-14 09:30:09",11.9129946538365,0,45.5669455006104,0
"2018-05-14 09:31:09",13.0176567940826,0,52.0379286655643,0
"2018-05-14 09:32:09",10.5352834769108,0,32.0084866372365,0
"2018-05-14 09:33:09",11.7031961102033,0,45.6099448948431,0
"2018-05-14 09:34:09",12.9900885646537,0,48.3581814657757,0
"2018-05-14 09:35:09",26.2681884790575,0,45.0556624800869,0
"2018-05-14 09:36:09",12.2849456655767,0,46.7351073958232,0
"2018-05-14 09:37:09",19.750372045507,0,60.6917971006604,0
"2018-05-14 09:38:09",10.2984688152514,0,47.3099928411909,0
"2018-05-14 09:39:09",12.9682891363341,0,145.414372392818,0
"2018-05-14 09:40:09",9.96568900718367,0,30.9614030618347,0
"2018-05-14 09:41:09",14.7206247207927,0,30.1542502283923,0
"2018-05-14 09:42:09",10.381590269096,0,25.8522392301421,0
"2018-05-14 09:43:09",12.10768799317,0,25.8179770632387,0
"2018-05-14 09:44:09",13.4876852013907,0,24.9740190562852,0
"2018-05-14 09:45:09",25.7289108540784,0,35.3077807237681,0
"2018-05-14 09:46:09",15.6518111402576,0,26.6303920639303,0
"2018-05-14 09:47:09",15.4562942422813,0,34.1028601143038,0
"2018-05-14 09:48:09",16.5735386200002,0,19.5063598826837,0
"2018-05-14 09:49:10",11.1215427934741,0,49.2244197228184,0
"2018-05-14 09:50:10",18.5493750394936,0,34.601147830878,0
"2018-05-14 09:51:10",16.1381906846141,0,34.2642460013861,0
"2018-05-14 09:52:10",32.0266987829907,0,73.9775446252049,0
"2018-05-14 09:53:10",11.5732646596048,0,19.5518074480166,0
"2018-05-14 09:54:10",10.9727199062642,0,29.1469176589588,0
"2018-05-14 09:55:10",10.917462635686,0,26.8088200365483,0
"2018-05-14 09:56:10",18.2241722751589,0,25.0402824742436,0
"2018-05-14 09:57:10",12.5988162944255,0,23.3382568581248,0
"2018-05-14 09:58:10",15.4456819701354,0,37.5566888950054,0
"2018-05-14 09:59:10",15.3915877210414,0,35.8046158764266,0
"2018-05-14 10:00:10",12.5064780580829,0,27.7606766396248,0
"2018-05-14 10:01:10",16.0484747061836,0,33.0110127055316,0
"2018-05-14 10:02:10",13.05234041923,0,26.49804397189,0
"2018-05-14 10:03:10",19.6017897042724,0,32.4866930755835,0
"2018-05-14 10:04:10",15.8447932776778,0,33.1895357269656,0
"2018-05-14 10:05:10",21.0558862419921,0,31.2502070868075,0
"2018-05-14 10:06:10",15.4784988417498,0,39.5686651509443,0
"2018-05-14 10:07:10",18.7505803538252,0,31.6867509495152,0
"2018-05-14 10:08:10",22.796716610123,0,30.5144352547423,0
"2018-05-14 10:09:10",22.9917810693651,0,27.9248288974218,0
"2018-05-14 10:10:10",18.0190719605259,0,26.0476459224955,0
"2018-05-14 10:11:10",11.6262766586312,0,26.1959494815301,0
"2018-05-14 10:12:10",14.7921038231738,0,41.7055775384898,0
"2018-05-14 10:13:10",10.2218256420983,0,28.8966256108656,0
"2018-05-14 10:14:11",15.0192938456429,0,34.8073228302825,0
"2018-05-14 10:15:11",20.4527727847437,0,38.5320129111939,0
"2018-05-14 10:16:11",14.1522655298385,0,34.56773306956,0
"2018-05-14 10:17:11",11.6088401108275,0,32.5728673578324,0
"2018-05-14 10:18:11",23.2852665260721,0,54.1100568173258,0
"2018-05-14 10:19:11",10.6765894101445,0,36.4776254153326,0
"2018-05-14 10:20:11",13.9051336400176,0,29.2800689444227,0
"2018-05-14 10:21:11",9.83891904230462,0,32.4472916462752,0
"2018-05-14 10:22:11",11.8984273187357,0,33.0330804829692,0
"2018-05-14 10:23:11",10.4171122394222,0,32.4385942416325,0
"2018-05-14 10:24:11",11.5181014821103,0,43.1864366341607,0
"2018-05-14 10:25:11",9.15242494809057,0,26.2235010951015,0
"2018-05-14 10:26:11",16.4683301404174,0,39.3572998786441,0
"2018-05-14 10:27:11",11.271685330367,0,28.8646749701493,0
"2018-05-14 10:28:11",10.1097317120389,0,40.2670483742963,0
"2018-05-14 10:29:11",16.3502572961896,0,37.0120065018708,0
"2018-05-14 10:30:11",10.0430917704794,0,40.1046561806603,0
"2018-05-14 10:31:11",15.9016402063656,0,33.4424033060286,0
"2018-05-14 10:32:11",10.1965236441085,0,35.7132196386202,0
"2018-05-14 10:33:11",11.5732930719712,0,33.2623247976804,0
"2018-05-14 10:34:11",9.20773884603311,0,36.3465623225149,0
"2018-05-14 10:35:11",10.6941522028927,0,25.5461089455661,0
"2018-05-14 10:36:11",8.67281980007997,0,27.8141131930647,0
"2018-05-14 10:37:11",12.7946699101095,0,39.0717661434913,0
"2018-05-14 10:38:12",10.538983210208,0,28.6375015834943,0
"2018-05-14 10:39:12",29.8129944884681,0,160.965577560548,0
"2018-05-14 10:40:12",19.0962559895553,0,43.5060074945469,0
"2018-05-14 10:41:12",18.3000627476794,0,39.0130901281785,0
"2018-05-14 10:42:12",22.4328031341844,0,44.0900759004065,0
"2018-05-14 10:43:12",16.6066285230608,0,38.1472710731075,0
"2018-05-14 10:44:12",19.4766670744475,0,46.7286683610444,0
"2018-05-14 10:45:12",16.243609320189,0,41.5240792998124,0
"2018-05-14 10:46:12",16.3973616390238,0,33.978148423011,0
"2018-05-14 10:47:12",13.6058853030903,0,25.3805619405272,0
"2018-05-14 10:48:12",14.8882391237577,0,33.2935703736174,0
"2018-05-14 10:49:12",14.6952833621478,0,27.21988294912,0
"2018-05-14 10:50:12",16.2575630459144,0,41.2703996697054,0
"2018-05-14 10:51:12",12.7658150059781,0,48.5579170422723,0
"2018-05-14 10:52:12",13.4065998525548,0,34.7982411451072,0
"2018-05-14 10:53:12",13.6181665217851,0,51.7886425520136,0
"2018-05-14 10:54:12",8.805502147677,0,44.7457961416859,0
"2018-05-14 10:55:12",15.0914075190788,0,41.170895406547,0
"2018-05-14 10:56:12",12.5744173731243,0,50.9649699092974,0
"2018-05-14 10:57:12",17.6858052546806,0,49.1386653585264,0
"2018-05-14 10:58:12",11.5250820063949,0,33.0034794789227,0
"2018-05-14 10:59:12",14.4792845319145,0,40.0408626102359,0
"2018-05-14 11:00:12",17.4396175184514,0,41.2786782262805,0
"2018-05-14 11:01:12",13.5979484938282,0,36.754332496311,0
"2018-05-14 11:02:13",17.4733767223328,0,42.5102963379476,0
"2018-05-14 11:03:13",15.327651184676,0,47.8105466127328,0
"2018-05-14 11:04:13",16.3221867724453,0,43.7203454671958,0
"2018-05-14 11:05:13",19.2637854169317,0,48.0492470752831,0
"2018-05-14 11:06:13",21.7910979411517,0,65.0407979401516,0
"2018-05-14 11:07:13",24.9842766529659,0,63.0116223200221,0
"2018-05-14 11:08:13",25.9896168780338,0,51.7299319646856,0
"2018-05-14 11:09:13",29.2313472894343,0,41.8576969932779,0
"2018-05-14 11:10:13",30.3730796974333,0,40.2041775879368,0
"2018-05-14 11:11:13",30.1311868499857,0,44.2309386135118,0
"2018-05-14 11:12:13",34.5724627420399,0,46.0708742509979,0
"2018-05-14 11:13:13",37.6784756488231,0,51.078868995551,0
"2018-05-14 11:14:13",40.7330657109664,0,51.6883930854367,0
"2018-05-14 11:15:13",40.6740078403865,0,40.4260376037461,0
"2018-05-14 11:16:13",46.112250896022,1,92.4778367547642,0
"2018-05-14 11:17:13",43.4560868410701,1,71.1152777664743,0
"2018-05-14 11:18:13",45.1550485113072,1,70.1912682927824,0
"2018-05-14 11:19:13",17.3932613141556,0,55.9072044320331,0
"2018-05-14 11:20:13",15.5470839955233,0,45.1828807056559,0
"2018-05-14 11:21:13",13.8319766479884,0,35.3875184005532,0
"2018-05-14 11:22:13",10.7268238184334,0,39.3623614825535,0
"2018-05-14 11:23:13",12.704993742643,0,35.21199342837,0
"2018-05-14 11:24:13",12.7507140506346,0,61.7378093984671,0
"2018-05-14 11:25:13",13.4655434266453,0,39.1043180363604,0
"2018-05-14 11:26:14",10.1831302097814,0,37.422686465184,0
"2018-05-14 11:27:14",12.4912793458168,0,44.8520763776242,0
"2018-05-14 11:28:14",10.7229413847715,0,39.3528943732707,0
"2018-05-14 11:29:14",9.57835371543544,0,36.9976345029458,0
"2018-05-14 11:30:14",9.00183482535533,0,38.6621308098623,0
"2018-05-14 11:31:14",9.2727499096913,0,40.0609838439492,0
"2018-05-14 11:32:14",13.515974342262,0,48.1851900854722,0
"2018-05-14 11:33:14",9.4511123898168,0,41.8802101361725,0
"2018-05-14 11:34:14",13.0208547056354,0,52.6001597707796,0
"2018-05-14 11:35:14",10.3679567624752,0,49.1754790403121,0
"2018-05-14 11:36:14",15.3412737286729,0,43.4118303996835,0
"2018-05-14 11:37:14",10.4881917207277,0,40.4384143186705,0
"2018-05-14 11:38:14",11.1882865148972,0,35.9940592420292,0
"2018-05-14 11:39:14",13.3477861244891,0,63.513203494095,0
"2018-05-14 11:40:14",11.7018042377069,0,48.505397117368,0
"2018-05-14 11:41:14",10.8730299314027,0,47.3609104255749,0
"2018-05-14 11:42:14",8.55307274623209,0,33.6165421430106,0
"2018-05-14 11:43:14",12.4605258183971,0,40.3424502087868,0
"2018-05-14 11:44:14",9.36734545610332,0,32.4394470824452,0
"2018-05-14 11:45:14",11.3612302057926,0,30.7061359052663,0
"2018-05-14 11:46:14",19.8779665184569,0,33.3487058701172,0
"2018-05-14 11:47:14",15.631382130618,0,31.6710243015481,0
"2018-05-14 11:48:14",11.8507848879722,0,24.1336603787513,0
"2018-05-14 11:49:14",15.9665449661727,0,22.1561728258159,0
"2018-05-14 11:50:15",11.289866399816,0,25.8210174781132,0
"2018-05-14 11:51:15",16.3530213320434,0,37.3710269538502,0
"2018-05-14 11:52:15",12.0288808001419,0,35.4361778845851,0
"2018-05-14 11:53:15",18.2200896359351,0,27.5005047971062,0
"2018-05-14 11:54:15",11.0612580449576,0,21.0063681342613,0
"2018-05-14 11:55:15",12.582618200091,0,25.3521504250004,0
"2018-05-14 11:56:15",10.7050235137683,0,25.7898372931875,0
"2018-05-14 11:57:15",16.2392431067586,0,34.5175209054702,0
"2018-05-14 11:58:15",20.0481650365889,0,36.5035537303378,0
"2018-05-14 11:59:15",11.3645439410028,0,20.1726975809536,0
"2018-05-14 12:00:15",23.6479486128661,0,41.1030757303786,0
"2018-05-14 12:01:15",14.5273747595833,0,29.5591590904731,0
"2018-05-14 12:02:15",18.9610996662442,0,24.4681577495238,0
"2018-05-14 12:03:15",12.3994235758741,0,29.2890230560706,0
"2018-05-14 12:04:15",16.0045137571771,0,30.2667664787865,0
"2018-05-14 12:05:15",11.1077263730517,0,24.0846192483505,0
"2018-05-14 12:06:15",14.7564487306528,0,32.7546448349783,0
"2018-05-14 12:07:15",15.5819441224502,0,38.0228158698994,0
"2018-05-14 12:08:15",19.0377677784343,0,43.3951777488623,0
"2018-05-14 12:09:15",21.2263519902946,0,65.5785625539063,0
"2018-05-14 12:10:15",18.5247420244794,0,25.5677452935107,0
"2018-05-14 12:11:15",21.9161935843683,0,36.7270347684031,0
"2018-05-14 12:12:15",18.411321929118,0,18.2626806728722,0
"2018-05-14 12:13:16",25.1106881966139,0,38.9375556968495,0
"2018-05-14 12:14:16",19.4227175469867,0,35.1983403231122,0
"2018-05-14 12:15:16",30.1633788456919,0,34.5164767904835,0
"2018-05-14 12:16:16",20.6593077535623,0,29.0900183343417,0
"2018-05-14 12:17:16",20.5058415135037,0,23.6470751407084,0
"2018-05-14 12:18:16",20.2861806112087,0,20.1452628622498,0
"2018-05-14 12:19:16",23.3378450669901,0,38.3071570042581,0
"2018-05-14 12:20:16",23.4757380311582,0,56.6702638375956,0
"2018-05-14 12:21:16",21.7197318806874,0,21.1754446761757,0
"2018-05-14 12:22:16",21.4779080838858,0,21.4854959443713,0
"2018-05-14 12:23:16",19.9657567665302,0,28.4513947177413,0
"2018-05-14 12:24:16",25.7859050489641,0,47.9393957902828,0
"2018-05-14 12:25:16",21.2075884340121,0,41.4109156321173,0
"2018-05-14 12:26:16",23.2302757263988,0,29.7592194065909,0
"2018-05-14 12:27:16",17.2878888656475,0,35.1414134960982,0
"2018-05-14 12:28:16",21.3992105593024,0,29.5923984056237,0
"2018-05-14 12:29:16",17.2959206832888,0,39.8695929707687,0
"2018-05-14 12:30:16",22.5391807771422,0,37.7320283776042,0
"2018-05-14 12:31:16",18.8991980398665,0,34.4093468129646,0
"2018-05-14 12:32:16",18.0658923040108,0,29.4726913798257,0
"2018-05-14 12:33:16",17.0991419176156,0,26.6194915079783,0
"2018-05-14 12:34:16",19.3933310142495,0,38.783476064429,0
"2018-05-14 12:35:16",25.0522536981572,0,44.2907838438003,0
"2018-05-14 12:36:16",25.1721061608948,0,43.8780473577398,0
"2018-05-14 12:37:16",20.492951119805,0,34.1196296908197,0
"2018-05-14 12:38:17",18.0583394517196,0,36.4247520734574,0
"2018-05-14 12:39:17",23.3798391453336,0,52.8291380190354,0
"2018-05-14 12:40:17",36.7022538479922,0,184.923968800101,0
"2018-05-14 12:41:17",34.6599492501546,0,46.8158445989841,0
"2018-05-14 12:42:17",27.0534509297376,0,43.0158859078055,0
"2018-05-14 12:43:17",28.8394393515439,0,37.2045168715992,0
"2018-05-14 12:44:17",27.2846293797909,0,41.793702424486,0
"2018-05-14 12:45:17",25.8160383687692,0,34.6487243223041,0
"2018-05-14 12:46:17",24.3016724071709,0,35.080854597209,0
"2018-05-14 12:47:17",26.9141502008776,0,40.718727022112,0
"2018-05-14 12:48:17",26.0633397571387,0,39.2139149577841,0
"2018-05-14 12:49:17",27.6402614137567,0,43.4833047740228,0
"2018-05-14 12:50:17",25.0169419026363,0,35.5980142167969,0
"2018-05-14 12:51:17",29.6971065329918,0,63.3172284095877,0
"2018-05-14 12:52:17",27.1790201592713,0,61.2710699319112,0
"2018-05-14 12:53:17",20.0055413997027,0,38.2645771968307,0
"2018-05-14 12:54:17",29.6427538282099,0,41.9076034257914,0
"2018-05-14 12:55:17",16.7829341781461,0,41.7252047090477,0
"2018-05-14 12:56:17",22.4045708311854,0,63.4086709215285,0
"2018-05-14 12:57:17",22.8675806814893,0,64.7114268836143,0
"2018-05-14 12:58:17",23.3732077064617,0,38.193024986593,0
"2018-05-14 12:59:17",23.0641058222222,0,84.3168595566687,0
"2018-05-14 13:00:17",17.9795709517925,0,46.6612941299881,0
"2018-05-14 13:01:17",18.7273655938843,0,42.2069564995224,0
"2018-05-14 13:02:17",25.804752974541,0,59.3272913975835,0
"2018-05-14 13:03:17",22.8463238983778,0,48.1385880153329,0
"2018-05-14 13:04:17",20.9320039631669,0,49.6495940521749,0
"2018-05-14 13:05:17",25.259632362965,0,43.2419601011271,0
"2018-05-14 13:06:18",24.3550565738329,0,53.6617077946898,0
"2018-05-14 13:07:18",32.0341007241074,0,62.5644522844674,0
"2018-05-14 13:08:18",34.8793861892313,0,78.0467231601295,0
"2018-05-14 13:09:18",42.3134484396452,1,58.4414749333605,0
"2018-05-14 13:10:18",35.8613262417536,0,48.2936753776422,0
"2018-05-14 13:11:18",41.2465122772833,1,33.2857798214554,0
"2018-05-14 13:12:18",44.901290905005,1,37.4573574360184,0
"2018-05-14 13:13:18",49.5901229481878,1,69.5278696970059,0
"2018-05-14 13:14:18",49.2709423496521,1,69.8002161465259,0
"2018-05-14 13:15:18",48.4461230432105,1,49.3154759523659,0
"2018-05-14 13:16:18",56.1695371978428,1,59.1688397400285,0
"2018-05-14 13:17:18",50.4927678608161,1,63.8443435110434,0
"2018-05-14 13:18:18",55.819307755334,1,56.3242201756027,0
"2018-05-14 13:19:18",58.5553661212527,1,80.5860751530926,0
"2018-05-14 13:20:18",55.520984223173,1,63.8775081961331,0
"2018-05-14 13:21:18",53.7290374020835,1,51.84197121299,0
"2018-05-14 13:22:18",59.3759651725232,1,78.3202017533009,0
"2018-05-14 13:23:18",56.7784944658269,1,77.8988723823182,0
"2018-05-14 13:24:18",56.7004455185483,1,65.4390353204273,0
"2018-05-14 13:25:18",56.8755715374705,1,89.1054003270478,0
"2018-05-14 13:26:18",60.7108174902891,1,89.8751565194717,0
"2018-05-14 13:27:18",61.1560151057619,1,96.0729862076133,0
"2018-05-14 13:28:18",57.9734780512543,1,69.7264540750926,0
"2018-05-14 13:29:18",61.4626395870153,1,78.1519721431285,0
"2018-05-14 13:30:18",69.915726078073,1,84.3448591073294,0
"2018-05-14 13:31:19",72.7844735989153,1,80.6119224332517,0
"2018-05-14 13:32:19",64.9186372916514,1,67.7397748407573,0
"2018-05-14 13:33:19",70.8239577601449,1,113.688771791132,0
"2018-05-14 13:34:19",14.6284114178822,0,76.1678120978691,0
"2018-05-14 13:35:19",18.3831508430368,0,70.2883204022161,0
"2018-05-14 13:36:19",12.7519414422671,0,53.8460539492444,0
"2018-05-14 13:37:19",19.2280852643535,0,51.6632768594643,0
"2018-05-14 13:38:19",18.5531386208114,0,65.6830324439076,0
"2018-05-14 13:39:19",18.0057671670127,0,67.0533988013249,0
"2018-05-14 13:40:19",20.8477527488467,0,82.5970184735872,0
"2018-05-14 13:41:19",12.9142582503881,0,52.7343258751755,0
"2018-05-14 13:42:19",17.1692502548836,0,68.4044330330626,0
"2018-05-14 13:43:19",12.0629528777757,0,38.9539321194826,0
"2018-05-14 13:44:19",22.3603996578116,0,52.9555993448612,0
"2018-05-14 13:45:19",12.0241896929231,0,52.9873482287845,0
"2018-05-14 13:46:19",24.061681256856,0,61.2333483400697,0
"2018-05-14 13:47:19",17.4235464858151,0,67.2261192047938,0
"2018-05-14 13:48:19",16.9028107949757,0,40.4300146821092,0
"2018-05-14 13:49:19",12.8791621894028,0,28.7629212695876,0
"2018-05-14 13:50:20",15.9571029944233,0,24.3315682574544,0
"2018-05-14 13:51:20",17.713274478014,0,46.9003890645791,0
"2018-05-14 13:52:20",17.0675520128958,0,67.4000842513303,0
"2018-05-14 13:53:20",22.1488092043518,0,54.7278697509471,0
"2018-05-14 13:54:20",26.7387972633635,0,43.863085298274,0
"2018-05-14 13:55:20",22.0746237481422,0,47.4782154788872,0
"2018-05-14 13:56:20",18.2029015957231,0,44.1787180825297,0
"2018-05-14 13:57:20",20.1791633083438,0,54.2731002029819,0
"2018-05-14 13:58:20",18.6398934572237,0,42.5552856446927,0
"2018-05-14 13:59:20",23.9055761318364,0,31.6608933957046,0
"2018-05-14 14:00:20",14.4535975148191,0,32.5523664782488,0
"2018-05-14 14:01:20",21.47742901497,0,38.5578508019759,0
"2018-05-14 14:02:20",20.0842107373548,0,39.4901540221351,0
"2018-05-14 14:03:20",24.1257476529519,0,44.4442006951983,0
"2018-05-14 14:04:20",19.9327237303969,0,43.2762054221807,0
"2018-05-14 14:05:20",23.2110784558345,0,60.550966723431,0
"2018-05-14 14:06:20",21.0949961552287,0,34.2237167581006,0
"2018-05-14 14:07:20",23.0098514666603,0,45.012237188172,0
"2018-05-14 14:08:20",24.4834233045265,0,47.4834315005146,0
"2018-05-14 14:09:20",29.1485837206678,0,46.1454753642805,0
"2018-05-14 14:10:20",23.1736819341444,0,32.5999039944326,0
"2018-05-14 14:11:20",15.7087214184477,0,40.4541216516532,0
"2018-05-14 14:12:20",24.7170226617562,0,52.7601246370691,0
"2018-05-14 14:13:20",12.0828768476017,0,40.9562032838781,0
"2018-05-14 14:14:20",27.426402314942,0,54.0460278958221,0
"2018-05-14 14:15:21",19.5090445917294,0,49.3956875320891,0
"2018-05-14 14:16:21",14.014554046907,0,23.2678488125231,0
"2018-05-14 14:17:21",13.2304371539575,0,36.5894432870311,0
"2018-05-14 14:18:21",12.2313896749882,0,26.9443461541572,0
"2018-05-14 14:19:21",13.1807464588513,0,48.7589236477059,0
"2018-05-14 14:20:21",21.830344084491,0,45.8661589297897,0
"2018-05-14 14:21:21",15.4080430070336,0,44.5199594972985,0
"2018-05-14 14:22:21",12.8398736483774,0,31.4314646327348,0
"2018-05-14 14:23:21",15.4828237713832,0,106.094312236704,0
"2018-05-14 14:24:21",13.5013081555889,0,46.2949641573693,0
"2018-05-14 14:25:21",22.1870256338143,0,51.901423684769,0
"2018-05-14 14:26:21",13.0131316187405,0,50.7571967798014,0
"2018-05-14 14:27:21",16.4400206825581,0,43.5678538703797,0
"2018-05-14 14:28:21",13.4692399764999,0,35.0292227155801,0
"2018-05-14 14:29:21",14.1387677713209,0,44.0687070738023,0
"2018-05-14 14:30:21",20.6181337129037,0,36.2106354993265,0
"2018-05-14 14:31:21",15.0250699380716,0,46.1355165122052,0
"2018-05-14 14:32:21",17.8575740317658,0,69.9895014129072,0
"2018-05-14 14:33:21",12.0047881991819,0,47.1901897793778,0
"2018-05-14 14:34:21",12.9630180238867,0,43.2404221179175,0
"2018-05-14 14:35:21",19.5894245878221,0,55.814234406165,0
"2018-05-14 14:36:21",12.9844266598005,0,52.384939765877,0
"2018-05-14 14:37:21",2405.1555609787,1,2728.58760294768,1
"2018-05-14 14:38:21",21.0741142569371,0,60.6877102909432,0
"2018-05-14 14:39:22",11.937355814342,0,52.59726898241,0
"2018-05-14 14:40:22",16.7168317134556,0,59.7918088999861,0
"2018-05-14 14:41:22",20.7959377506575,0,100.782255427231,0
"2018-05-14 14:42:22",24.0498082211232,0,58.3529097219649,0
"2018-05-14 14:43:22",21.6923148749499,0,54.0566130735569,0
"2018-05-14 14:44:22",21.7976290990959,0,45.1346110351418,0
"2018-05-14 14:45:22",21.9358220920952,0,64.1072853574688,0
"2018-05-14 14:46:22",21.7773749527857,0,48.4357555360713,0
"2018-05-14 14:47:22",21.6804156936909,0,67.2831208294969,0
"2018-05-14 14:48:22",19.9253376660267,0,42.4028933719083,0
"2018-05-14 14:49:22",67.4921401558452,1,108.344545532486,0
"2018-05-14 14:50:22",21.3976048120088,0,79.031942417986,0
"2018-05-14 14:51:22",201.667419173952,1,233.148104837231,1
"2018-05-14 14:52:22",26.4774897913905,0,102.74427005706,0
"2018-05-14 14:53:22",27.5959944546896,0,73.4683203228414,0
"2018-05-14 14:54:22",23.0220843336217,0,110.86181140086,0
"2018-05-14 14:55:22",15.9081954180526,0,41.9273328137733,0
"2018-05-14 14:56:22",30.300096427031,0,63.3565695273164,0
"2018-05-14 14:57:22",14.2416798970683,0,53.3886707479255,0
"2018-05-14 14:58:22",22.2016849383974,0,79.7294489093843,0
"2018-05-14 14:59:22",18.6405092251918,0,45.1809980881807,0
"2018-05-14 15:00:22",148.393125441609,1,163.150381121003,0
"2018-05-14 15:01:23",14.1283722206922,0,55.0967439475551,0
"2018-05-14 15:02:23",18.3268225153515,0,56.1646711241879,0
"2018-05-14 15:03:23",17.7278897659945,0,62.6313082808066,0
"2018-05-14 15:04:23",22.7815692449161,0,54.2814328412431,0
"2018-05-14 15:05:23",16.4250907254503,0,53.3618669786237,0
"2018-05-14 15:06:23",16.1723988099245,0,39.4045298688614,0
"2018-05-14 15:07:23",20.5188019168578,0,37.7244731185667,0
"2018-05-14 15:08:23",17.4886059948921,0,51.905033391177,0
"2018-05-14 15:09:23",20.5314915660701,0,45.393959097161,0
"2018-05-14 15:10:23",21.8377424663481,0,78.9891831146413,0
"2018-05-14 15:11:23",22.0237715141882,0,45.6240516976182,0
"2018-05-14 15:12:23",21.4311499988336,0,41.7478729424924,0
"2018-05-14 15:13:23",22.1291498664061,0,38.359767281178,0
"2018-05-14 15:14:23",21.968486338884,0,47.5028308380608,0
"2018-05-14 15:15:23",31.7263463604604,0,75.9270056377875,0
"2018-05-14 15:16:23",37.6310067020489,0,66.5340282560695,0
"2018-05-14 15:17:23",31.0926822198202,0,67.5514350812203,0
"2018-05-14 15:18:23",20.3260865786063,0,44.5098130331362,0
"2018-05-14 15:19:23",26.2410991673483,0,31.2914736853736,0
"2018-05-14 15:20:23",35.3048111698031,0,69.8546143404183,0
"2018-05-14 15:21:23",26.7107665100431,0,51.7293212139927,0
"2018-05-14 15:22:23",22.2000818265155,0,29.6174273754737,0
"2018-05-14 15:23:23",26.2280608502853,0,43.9767273498878,0
"2018-05-14 15:24:23",276.219029833936,1,284.724122280432,1
"2018-05-14 15:25:24",24.8553285092546,0,51.3892210376571,0
"2018-05-14 15:26:24",25.1780681730912,0,52.921178156085,0
"2018-05-14 15:27:24",23.6065937556464,0,59.2303965934841,0
"2018-05-14 15:28:24",22.5963283752094,0,55.669448830606,0
"2018-05-14 15:29:24",17.3583670107136,0,45.3024878406633,0
"2018-05-14 15:30:24",25.1355265591961,0,60.16019247521,0
"2018-05-14 15:31:24",26.7912740417558,0,60.5476858612437,0
"2018-05-14 15:32:24",29.4161985752923,0,49.9998807001758,0
"2018-05-14 15:33:24",24.3715024341245,0,45.5438126505937,0
"2018-05-14 15:34:24",26.0953870182315,0,47.3977388872726,0
"2018-05-14 15:35:24",23.1472634572176,0,35.4458538843841,0
"2018-05-14 15:36:24",23.8191325866357,0,40.3506927826332,0
"2018-05-14 15:37:24",2261.68950454269,1,2435.44899873263,1
"2018-05-14 15:38:24",25.6855075260555,0,41.9096971288417,0
"2018-05-14 15:39:24",27.387131796065,0,47.6521376839038,0
"2018-05-14 15:40:24",23.2974823169237,0,53.1272988513897,0
"2018-05-14 15:41:24",39.5591412516644,0,157.390382701058,0
"2018-05-14 15:42:24",27.2379224839777,0,60.9328057860904,0
"2018-05-14 15:43:24",28.999722108381,0,45.2391564892318,0
"2018-05-14 15:44:24",18.9059253520347,0,40.4459606594879,0
"2018-05-14 15:45:25",24.5426718957798,0,32.5196244077582,0
"2018-05-14 15:46:25",22.7309820565337,0,42.3681871416127,0
"2018-05-14 15:47:25",27.9863335505751,0,45.5434797017733,0
"2018-05-14 15:48:25",29.2280360536264,0,49.0066180037154,0
"2018-05-14 15:49:25",27.9789439663845,0,40.376539057331,0
"2018-05-14 15:50:25",27.2390226169639,0,45.2708274046377,0
"2018-05-14 15:51:25",27.1161256267504,0,41.106695510217,0
"2018-05-14 15:52:25",38.5316024153428,0,74.4151852057285,0
"2018-05-14 15:53:25",29.8222622456961,0,49.5002381669513,0
"2018-05-14 15:54:25",36.9184839587172,0,50.5273720729595,0
"2018-05-14 15:55:25",29.9563157033569,0,37.3089143670859,0
"2018-05-14 15:56:25",35.5400845119314,0,35.4916647001018,0
"2018-05-14 15:57:25",24.7637069341786,0,46.1170410993235,0
"2018-05-14 15:58:25",27.2646888071403,0,37.0240792931426,0
"2018-05-14 15:59:25",22.3335225915731,0,41.2420090230809,0
"2018-05-14 16:00:25",26.0090065731801,0,30.1329867419366,0
"2018-05-14 16:01:25",23.5202604262346,0,33.8527881135315,0
"2018-05-14 16:02:25",25.7678719639574,0,26.8659231314532,0
"2018-05-14 16:03:25",23.6355117502624,0,32.2599533008489,0
"2018-05-14 16:04:25",24.1094503918858,0,46.4884356778689,0
"2018-05-14 16:05:25",31.4279698313474,0,40.7091947271779,0
"2018-05-14 16:06:25",24.2921924057117,0,40.2988745756536,0
"2018-05-14 16:07:25",30.4424353713246,0,34.4427907334955,0
"2018-05-14 16:08:25",26.1755138168561,0,32.8448509170015,0
"2018-05-14 16:09:25",29.5974234478019,0,47.2728418727985,0
"2018-05-14 16:10:25",30.3035042111962,0,47.0730103157437,0
"2018-05-14 16:11:26",28.4517566092159,0,86.0012631015117,0
"2018-05-14 16:12:26",27.6656579273958,0,42.5265987572388,0
"2018-05-14 16:13:26",31.927063351459,0,32.3918128131797,0
"2018-05-14 16:14:26",32.2504528248669,0,48.8315120241708,0
"2018-05-14 16:15:26",30.2737470361271,0,40.3549658193498,0
"2018-05-14 16:16:26",41.1699139430744,1,56.932138618504,0
"2018-05-14 16:17:26",33.1026919040374,0,42.1396117683418,0
"2018-05-14 16:18:26",34.0608192044802,0,41.6839913390769,0
"2018-05-14 16:19:26",30.8215769660595,0,47.3053319135339,0
"2018-05-14 16:20:26",34.3131393758828,0,51.7736765117138,0
"2018-05-14 16:21:26",30.9761222871272,0,45.028781164928,0
"2018-05-14 16:22:26",38.2358082814454,0,40.2126183656435,0
"2018-05-14 16:23:26",27.3954106342415,0,50.9071457319854,0
"2018-05-14 16:24:26",32.8777954770878,0,45.685669323503,0
"2018-05-14 16:25:26",28.599282494778,0,42.1868059469701,0
"2018-05-14 16:26:26",26.4369600110377,0,28.1022465349344,0
"2018-05-14 16:27:26",25.8284608002927,0,47.8215376350017,0
"2018-05-14 16:28:26",32.4913674687662,0,45.0859336214877,0
"2018-05-14 16:29:26",28.0910140661342,0,34.7729028469036,0
"2018-05-14 16:30:26",26.9511989062073,0,31.1008027077819,0
"2018-05-14 16:31:26",29.3041707443604,0,54.7088537001163,0
"2018-05-14 16:32:26",30.366501449916,0,49.5200997945634,0
"2018-05-14 16:33:27",27.0959476188732,0,24.0942333694984,0
"2018-05-14 16:34:27",25.8604661047452,0,35.3610497115117,0
"2018-05-14 16:35:27",33.4106381172142,0,50.7920989324647,0
"2018-05-14 16:36:27",23.5682830417287,0,42.7159261917707,0
"2018-05-14 16:37:27",30.1084577944495,0,44.9638212448618,0
"2018-05-14 16:38:27",26.308607275217,0,63.7323515725454,0
"2018-05-14 16:39:27",29.3628053426585,0,44.0718181994433,0
"2018-05-14 16:40:27",28.2213854573756,0,63.2899049687896,0
"2018-05-14 16:41:27",33.8051438294409,0,61.7682959749701,0
"2018-05-14 16:42:27",33.8421950462682,0,52.6082309283349,0
"2018-05-14 16:43:27",38.0274677130457,0,48.532847775568,0
"2018-05-14 16:44:27",35.3102557178888,0,58.7327895360476,0
"2018-05-14 16:45:27",32.0217976438259,0,41.2426433849361,0
"2018-05-14 16:46:27",37.5516766570072,0,48.1100639928239,0
"2018-05-14 16:47:27",38.4974992466478,0,58.3472729361084,0
"2018-05-14 16:48:27",40.8658750114288,1,60.334400129543,0
"2018-05-14 16:49:27",31.8987687024232,0,58.1986005728719,0
"2018-05-14 16:50:27",29.9573696708865,0,69.6084041036786,0
"2018-05-14 16:51:27",28.9036756260219,0,40.570449567304,0
"2018-05-14 16:52:27",33.0893594255652,0,42.0030745666328,0
"2018-05-14 16:53:27",32.8558858416842,0,56.9922844220276,0
"2018-05-14 16:54:27",29.6404480616808,0,54.5331183694084,0
"2018-05-14 16:55:28",23.5542976165074,0,35.4639544412357,0
"2018-05-14 16:56:28",21.3658497510561,0,30.0101022963165,0
"2018-05-14 16:57:28",27.2274256667044,0,56.58000442885,0
"2018-05-14 16:58:28",30.2183064019019,0,59.2144910812864,0
"2018-05-14 16:59:28",31.0726394635926,0,64.1099796828595,0
"2018-05-14 17:00:28",21.9618185448478,0,52.3600418817048,0
"2018-05-14 17:01:28",31.797597839586,0,90.6395306617141,0
"2018-05-14 17:02:28",18.5999583622784,0,55.6267233096694,0
"2018-05-14 17:03:28",22.4943269762353,0,138.876182077334,0
"2018-05-14 17:04:28",22.5694932390618,0,87.9637525385174,0
"2018-05-14 17:05:28",24.1364324932633,0,57.0397222263256,0
"2018-05-14 17:06:28",23.3984553622476,0,39.9195604870713,0
"2018-05-14 17:07:28",28.1437507314227,0,55.9824458873088,0
"2018-05-14 17:08:28",37.3178393947071,0,69.9077261098118,0
"2018-05-14 17:09:28",41.6390724960495,1,83.9066530667628,0
"2018-05-14 17:10:28",36.4190418888398,0,71.9970739777479,0
"2018-05-14 17:11:28",40.378005932369,0,55.0862328601244,0
"2018-05-14 17:12:28",45.7738791452632,1,70.9083445501657,0
"2018-05-14 17:13:28",44.1092548642267,1,63.0056128575097,0
"2018-05-14 17:14:28",129.13217507097,1,93.6295739326079,0
"2018-05-14 17:15:28",58.3621616302947,1,63.8493675275382,0
"2018-05-14 17:16:28",59.7079797257804,1,34.943064106328,0
"2018-05-14 17:17:28",57.2741574160753,1,60.8371694406433,0
"2018-05-14 17:18:28",65.1393541124408,1,59.3420191125075,0
"2018-05-14 17:19:28",62.9356392480748,1,90.6331314780536,0
"2018-05-14 17:20:28",27.8408270230618,0,65.7698046626656,0
"2018-05-14 17:21:29",23.6405624884318,0,74.7518182623864,0
"2018-05-14 17:22:29",25.7039200218207,0,65.5795906835865,0
"2018-05-14 17:23:29",30.0152211514468,0,90.5271842538055,0
"2018-05-14 17:24:29",22.8174102063164,0,52.8635088651069,0
"2018-05-14 17:25:29",22.6492049510176,0,42.1536292877477,0
"2018-05-14 17:26:29",24.6176180316679,0,64.8308670353672,0
"2018-05-14 17:27:29",26.0929783352262,0,38.9133594771238,0
"2018-05-14 17:28:29",18.1492107763775,0,50.6807675634947,0
"2018-05-14 17:29:29",19.5232069978804,0,53.0061054012302,0
"2018-05-14 17:30:29",27.3888417306413,0,54.7209738008526,0
"2018-05-14 17:31:29",24.1535197760854,0,36.2749635850748,0
"2018-05-14 17:32:29",18.2673765987154,0,41.2321524706274,0
"2018-05-14 17:33:29",24.9752482125015,0,39.7294844177557,0
"2018-05-14 17:34:29",32.0166272971359,0,86.9817287201195,0
"2018-05-14 17:35:29",24.9270189153488,0,64.7037050321791,0
"2018-05-14 17:36:29",25.6223611089757,0,46.4901384229704,0
"2018-05-14 17:37:29",20.4838498236957,0,41.041824092796,0
"2018-05-14 17:38:29",32.7345272150601,0,73.4588288568276,0
"2018-05-14 17:39:29",18.6447707095688,0,41.5783082317626,0
"2018-05-14 17:40:29",34.7450684299706,0,87.0832840547289,0
"2018-05-14 17:41:29",19.6717792354795,0,50.110685758025,0
"2018-05-14 17:42:29",26.9634660712365,0,155.287834703114,0
"2018-05-14 17:43:29",17.5376986867895,0,76.8531636740483,0
"2018-05-14 17:44:29",23.6021319280177,0,49.1078305040388,0
"2018-05-14 17:45:29",15.4282253802842,0,46.7869539885129,0
"2018-05-14 17:46:30",20.6532583559175,0,42.6296646452712,0
"2018-05-14 17:47:30",18.7030594688399,0,44.8647098143015,0
"2018-05-14 17:48:30",22.3192772435067,0,46.0576244980507,0
"2018-05-14 17:49:30",19.6306572471606,0,44.6770952141764,0
"2018-05-14 17:50:30",20.8775725824111,0,52.9612224221547,0
"2018-05-14 17:51:30",22.2964471664839,0,37.7034399726057,0
"2018-05-14 17:52:30",22.2438711429597,0,36.7450670287815,0
"2018-05-14 17:53:30",30.485775260259,0,39.0804294077469,0
"2018-05-14 17:54:30",26.0829126286253,0,55.9945268444156,0
"2018-05-14 17:55:30",27.2726277910335,0,34.576381546657,0
"2018-05-14 17:56:30",18.7722521754049,0,30.4843916644844,0
"2018-05-14 17:57:30",31.8789707141642,0,51.063605193482,0
"2018-05-14 17:58:30",16.8888726039076,0,32.4924567292035,0
"2018-05-14 17:59:30",26.7661991571422,0,53.7143169620433,0
"2018-05-14 18:00:30",18.5114400345149,0,61.7203037559269,0
"2018-05-14 18:01:30",14.5677727588238,0,85.9649424225204,0
"2018-05-14 18:02:30",20.1183276476209,0,26.4000539314581,0
"2018-05-14 18:03:30",21.5729336708811,0,34.2799161928695,0
"2018-05-14 18:04:30",24.6167092208672,0,40.8578291617985,0
"2018-05-14 18:05:30",18.3467443358805,0,40.9061760608449,0
"2018-05-14 18:06:30",31.3537498403464,0,78.3764129424213,0
"2018-05-14 18:07:30",17.5073924599166,0,51.1721357226613,0
"2018-05-14 18:08:30",26.9432463847679,0,64.6549094384314,0
"2018-05-14 18:09:30",26.6846651718658,0,64.0235198530003,0
"2018-05-14 18:10:30",22.0679819405585,0,37.9723764632313,0
"2018-05-14 18:11:31",19.4619469875178,0,48.1948924082073,0
"2018-05-14 18:12:31",26.1787802058537,0,31.1487932800514,0
"2018-05-14 18:13:31",23.2526681485611,0,43.3071932862112,0
"2018-05-14 18:14:31",34.7157772196147,0,40.3130956100955,0
"2018-05-14 18:15:31",24.8817954610008,0,29.7835624942717,0
"2018-05-14 18:16:31",34.9560197967833,0,49.8270089102649,0
"2018-05-14 18:17:31",32.0445984686535,0,34.6806040117783,0
"2018-05-14 18:18:31",29.8477809550021,0,36.1508706396572,0
"2018-05-14 18:19:31",35.917712183737,0,43.6156709819539,0
"2018-05-14 18:20:31",26.4657600575678,0,28.8097799946045,0
"2018-05-14 18:21:31",40.2208372367245,0,58.5857274136749,0
"2018-05-14 18:22:31",27.6954219490737,0,50.1893330789576,0
"2018-05-14 18:23:31",33.4624306939152,0,37.7102573769572,0
"2018-05-14 18:24:31",28.4430235936994,0,38.2713406950339,0
"2018-05-14 18:25:31",25.189909200178,0,39.1046060168268,0
"2018-05-14 18:26:31",27.180866527278,0,30.6633252900116,0
"2018-05-14 18:27:31",31.9940637589126,0,58.1091239613104,0
"2018-05-14 18:28:31",33.5926664309581,0,36.3670822421527,0
"2018-05-14 18:29:31",32.8798626582072,0,39.5113504958737,0
"2018-05-14 18:30:31",32.0419182172717,0,32.2372968346757,0
"2018-05-14 18:31:31",30.8412893325051,0,46.9277957786038,0
"2018-05-14 18:32:31",39.0111390061045,0,45.9154235213701,0
"2018-05-14 18:33:31",26.4103643609952,0,42.9651806993377,0
"2018-05-14 18:34:31",29.6527428664343,0,26.2383685566271,0
"2018-05-14 18:35:32",23.4506870807094,0,31.7478696586565,0
"2018-05-14 18:36:32",26.739046841972,0,29.1553316639173,0
"2018-05-14 18:37:32",25.688961256315,0,32.5159197748719,0
"2018-05-14 18:38:32",32.2200951576711,0,53.0469018515083,0
"2018-05-14 18:39:32",28.5274596150557,0,51.5892268462851,0
"2018-05-14 18:40:32",31.5491153969153,0,42.6870880572456,0
"2018-05-14 18:41:32",29.7815715434105,0,56.075568209027,0
"2018-05-14 18:42:32",38.356126705617,0,56.0277643082209,0
"2018-05-14 18:43:32",30.6307988141759,0,54.5621115293976,0
"2018-05-14 18:44:32",33.1046905622033,0,46.8076648657271,0
"2018-05-14 18:45:32",41.4189576414511,1,51.3977706570576,0
"2018-05-14 18:46:32",28.8176681046464,0,49.9146994416309,0
"2018-05-14 18:47:32",44.1811482453101,1,63.3839840671105,0
"2018-05-14 18:48:32",28.7322250081334,0,46.40648888385,0
"2018-05-14 18:49:32",35.6177934208722,0,41.9687458499498,0
"2018-05-14 18:50:32",25.177153434602,0,42.8727230254062,0
"2018-05-14 18:51:32",21.4699656872622,0,68.7830841634977,0
"2018-05-14 18:52:32",23.7739585158315,0,36.5723548236932,0
"2018-05-14 18:53:32",25.3838739958716,0,35.5078860968712,0
"2018-05-14 18:54:32",23.4875519482087,0,50.6334192263604,0
"2018-05-14 18:55:33",27.9609265979951,0,52.3831265643301,0
"2018-05-14 18:56:33",30.770217847837,0,50.4721382026657,0
"2018-05-14 18:57:33",19.5514699255485,0,34.3312583210573,0
"2018-05-14 18:58:33",22.5114746952047,0,42.0125049416361,0
"2018-05-14 18:59:33",22.0863631840316,0,47.3766267875884,0
"2018-05-14 19:00:33",25.0042024792261,0,41.5914881490705,0
"2018-05-14 19:01:33",23.9693473016889,0,50.6467795017988,0
"2018-05-14 19:02:33",21.7218774083257,0,47.8216922490924,0
"2018-05-14 19:03:33",17.3854729107841,0,46.38075387104,0
"2018-05-14 19:04:33",19.2658868464604,0,54.7768238339325,0
"2018-05-14 19:05:33",16.5938402258199,0,63.1198351623147,0
"2018-05-14 19:06:33",19.0455741257692,0,48.3863660595516,0
"2018-05-14 19:07:33",31.2435194582846,0,45.0637577839063,0
"2018-05-14 19:08:33",24.516135735365,0,43.8738241168491,0
"2018-05-14 19:09:33",30.7123604895427,0,37.6620404221754,0
"2018-05-14 19:10:33",27.8361747501222,0,47.2770811054735,0
"2018-05-14 19:11:33",26.159714816924,0,61.1424526960468,0
"2018-05-14 19:12:33",24.3278808992476,0,46.8962603491762,0
"2018-05-14 19:13:33",26.0764775239674,0,41.0106294406052,0
"2018-05-14 19:14:33",20.7594811217742,0,39.2537586024328,0
"2018-05-14 19:15:33",23.9185439225829,0,42.9323821196075,0
"2018-05-14 19:16:33",23.0757228598691,0,50.8679939636291,0
"2018-05-14 19:17:33",25.2910211894392,0,29.4489608164788,0
"2018-05-14 19:18:34",27.0847554421527,0,32.0174662548851,0
"2018-05-14 19:19:34",30.3200105950196,0,39.4377973148855,0
"2018-05-14 19:20:34",27.3889970909586,0,44.0369172492738,0
"2018-05-14 19:21:34",33.037386895428,0,56.3581030459737,0
"2018-05-14 19:22:34",30.8592532530453,0,48.705298680476,0
"2018-05-14 19:23:34",30.5729553197627,0,40.0452210354616,0
"2018-05-14 19:24:34",35.3936598249033,0,38.6238410179356,0
"2018-05-14 19:25:34",25.6940491113146,0,37.0626081294956,0
"2018-05-14 19:26:34",34.8024092297953,0,30.1751274891732,0
"2018-05-14 19:27:34",31.0864338982352,0,49.0660987688226,0
"2018-05-14 19:28:34",33.9229261903444,0,32.9423960577384,0
"2018-05-14 19:29:34",31.7718543555577,0,46.9142518230189,0
"2018-05-14 19:30:34",30.0673523098335,0,38.9021493443824,0
"2018-05-14 19:31:34",27.539362509181,0,39.4410608771559,0
"2018-05-14 19:32:34",29.2186584606304,0,36.8707739425283,0
"2018-05-14 19:33:34",23.8579073859165,0,46.4392764396722,0
"2018-05-14 19:34:34",34.7757420479135,0,43.7324292727789,0
"2018-05-14 19:35:34",27.2371346122915,0,32.2055348596964,0
"2018-05-14 19:36:34",24.684108817847,0,37.7087460394599,0
"2018-05-14 19:37:34",40.0565802807881,0,77.3364734948078,0
"2018-05-14 19:38:34",27.423231845857,0,59.4382504772473,0
"2018-05-14 19:39:34",35.1336735822038,0,45.8131207886658,0
"2018-05-14 19:40:34",20.6125189094417,0,49.9917289552727,0
"2018-05-14 19:41:35",25.8805795404491,0,48.3156328452803,0
"2018-05-14 19:42:35",21.555219669519,0,34.2077465889491,0
"2018-05-14 19:43:35",26.1348059949538,0,58.4484257997353,0
"2018-05-14 19:44:35",19.6776410346961,0,54.4256028511627,0
"2018-05-14 19:45:35",20.8047533947641,0,40.0617181913745,0
"2018-05-14 19:46:35",21.8995197887939,0,44.5478333511493,0
"2018-05-14 19:47:35",26.8029133603256,0,45.9236434552942,0
"2018-05-14 19:48:35",25.9706226213816,0,40.3274205708126,0
"2018-05-14 19:49:35",24.0285113681308,0,52.946996954604,0
"2018-05-14 19:50:35",24.5065127843114,0,31.5650270825612,0
"2018-05-14 19:51:35",23.1580059031844,0,41.0105856614266,0
"2018-05-14 19:52:35",30.5693523392865,0,45.8542514475971,0
"2018-05-14 19:53:35",21.3467950372874,0,79.0659804633186,0
"2018-05-14 19:54:35",26.7783357085424,0,28.0531348357912,0
"2018-05-14 19:55:35",24.0846890607702,0,57.3452725268884,0
"2018-05-14 19:56:35",26.1916213567995,0,30.5202315118199,0
"2018-05-14 19:57:35",20.3169563887311,0,51.8301685519352,0
"2018-05-14 19:58:35",21.5763791232379,0,30.1668044218845,0
"2018-05-14 19:59:36",23.3705213100655,0,60.4126813268643,0
"2018-05-14 20:00:36",18.0967550622713,0,44.7706952882872,0
"2018-05-14 20:01:36",25.192963698981,0,57.8846169711317,0
"2018-05-14 20:02:36",13.676729119699,0,40.0764874838205,0
"2018-05-14 20:03:36",20.5859977254272,0,42.6181018259822,0
"2018-05-14 20:04:36",13.8129946848594,0,40.1217628916196,0
"2018-05-14 20:05:36",25.3762736446407,0,62.316600712877,0
"2018-05-14 20:06:36",13.5688012232043,0,86.5064090909549,0
"2018-05-14 20:07:36",20.6240331483903,0,44.8657677328451,0
"2018-05-14 20:08:36",16.5771541960496,0,36.4656092862548,0
"2018-05-14 20:09:36",19.8758578707565,0,44.5215849435005,0
"2018-05-14 20:10:36",19.1229800014624,0,34.9446398149409,0
"2018-05-14 20:11:36",22.8231508652609,0,35.0848959136857,0
"2018-05-14 20:12:36",26.3929734717431,0,50.5692012845694,0
"2018-05-14 20:13:36",26.1645482293419,0,22.0046348749527,0
"2018-05-14 20:14:36",32.4043512803899,0,34.0268783418512,0
"2018-05-14 20:15:36",33.0308632604334,0,34.5254296826482,0
"2018-05-14 20:16:36",40.97500937562,1,62.6025700656492,0
"2018-05-14 20:17:36",38.6944215113367,0,56.9383187949192,0
"2018-05-14 20:18:36",37.2296118437238,0,24.0678821453151,0
"2018-05-14 20:19:36",28.4751842595004,0,62.7725209861996,0
"2018-05-14 20:20:36",29.6891714439139,0,27.8748840487519,0
"2018-05-14 20:21:36",29.417837209987,0,40.2069620790045,0
"2018-05-14 20:22:37",31.4646411686122,0,35.6130436508683,0
"2018-05-14 20:23:37",28.9620819902961,0,45.7430921045472,0
"2018-05-14 20:24:37",28.1139923651603,0,31.8769224940163,0
"2018-05-14 20:25:37",33.505397866926,0,49.446334153457,0
"2018-05-14 20:26:37",29.940081334114,0,31.6679738071449,0
"2018-05-14 20:27:37",29.9557472995664,0,33.160741167783,0
"2018-05-14 20:28:37",42.0802074452102,1,58.4351704050266,0
"2018-05-14 20:29:37",37.6942111799384,0,30.4362536804858,0
"2018-05-14 20:30:37",28.2199302881038,0,46.6937027663455,0
"2018-05-14 20:31:37",36.0615974050203,0,36.6591274168302,0
"2018-05-14 20:32:37",25.3023684567958,0,63.0756405444141,0
"2018-05-14 20:33:37",32.2669141405516,0,33.3067142758462,0
"2018-05-14 20:34:37",26.5633826673058,0,44.3083797735159,0
"2018-05-14 20:35:37",32.6279409419037,0,31.4331944490591,0
"2018-05-14 20:36:37",28.5177492506822,0,41.5176048442949,0
"2018-05-14 20:37:37",29.023119139951,0,38.0545517621839,0
"2018-05-14 20:38:37",28.7508889976072,0,34.9560358600751,0
"2018-05-14 20:39:37",32.3253869002495,0,48.4769179262728,0
"2018-05-14 20:40:37",31.6378898285956,0,31.978839534596,0
"2018-05-14 20:41:37",28.3952993643244,0,39.5010885508713,0
"2018-05-14 20:42:37",32.6552575903361,0,43.568428044284,0
"2018-05-14 20:43:37",51.8825595910786,1,170.56909485855,0
"2018-05-14 20:44:37",53.7382673476384,1,51.7174253221498,0
"2018-05-14 20:45:37",37.1705183878911,0,58.9167475634401,0
"2018-05-14 20:46:37",41.1820558192225,1,49.9663901245295,0
"2018-05-14 20:47:37",35.9351208112919,0,39.982634961972,0
"2018-05-14 20:48:38",37.0979689215672,0,39.6244344795924,0
"2018-05-14 20:49:38",33.4301682820587,0,34.0457333281141,0
"2018-05-14 20:50:38",38.6798261186439,0,40.1559676952882,0
"2018-05-14 20:51:38",40.7549904238934,1,76.4991849139991,0
"2018-05-14 20:52:38",29.6908976558005,0,39.8793687028277,0
"2018-05-14 20:53:38",38.1958055721603,0,55.8713497970633,0
"2018-05-14 20:54:38",39.5850869863095,0,47.3443950523199,0
"2018-05-14 20:55:38",38.4357966750624,0,41.1366622868037,0
"2018-05-14 20:56:38",32.6989307764948,0,48.9392558915375,0
"2018-05-14 20:57:38",40.8532856627314,1,57.8569623944767,0
"2018-05-14 20:58:38",19.801525575583,0,41.0601166032114,0
"2018-05-14 20:59:38",27.6418610272302,0,34.3000038782271,0
"2018-05-14 21:00:38",26.6650389598748,0,63.7431794352276,0
"2018-05-14 21:01:38",23.2076205797617,0,59.4359679507799,0
"2018-05-14 21:02:38",24.8872924936104,0,49.7189497764473,0
"2018-05-14 21:03:38",24.8285945396466,0,48.6953812037268,0
"2018-05-14 21:04:38",22.5041659074901,0,28.7503873910052,0
"2018-05-14 21:05:38",25.3490793562439,0,62.2818622329474,0
"2018-05-14 21:06:38",24.9729385121758,0,64.9016369450898,0
"2018-05-14 21:07:38",17.3999740086217,0,43.8002248256317,0
"2018-05-14 21:08:39",23.8262892810456,0,43.2216159805813,0
"2018-05-14 21:09:39",16.0474890544067,0,28.7163780136529,0
"2018-05-14 21:10:39",22.4394871717063,0,52.160127442435,0
"2018-05-14 21:11:39",23.0764943985054,0,97.8389295593358,0
"2018-05-14 21:12:39",23.8220492639897,0,59.2143068699921,0
"2018-05-14 21:13:39",20.5567769732371,0,66.3943705385696,0
"2018-05-14 21:14:39",19.1967711031168,0,31.4523636199463,0
"2018-05-14 21:15:39",19.3916610444433,0,31.0019957881663,0
"2018-05-14 21:16:39",23.4936316219895,0,36.3539621540328,0
"2018-05-14 21:17:39",23.9220008573306,0,57.5420713002732,0
"2018-05-14 21:18:39",23.480590090887,0,39.3521597982868,0
"2018-05-14 21:19:39",26.7575643382777,0,45.8911373841417,0
"2018-05-14 21:20:39",24.653033467878,0,51.2421340326163,0
"2018-05-14 21:21:39",30.3222127452928,0,73.5567894806804,0
"2018-05-14 21:22:39",27.3854863286377,0,49.7302812960851,0
"2018-05-14 21:23:39",39.0112552366752,0,44.9669066970167,0
"2018-05-14 21:24:39",27.3702971973252,0,44.246992267286,0
"2018-05-14 21:25:39",29.2599319868138,0,49.6389868897608,0
"2018-05-14 21:26:39",25.270642338048,0,43.0419925821009,0
"2018-05-14 21:27:39",23.8442718306112,0,41.1937039646808,0
"2018-05-14 21:28:39",22.9099575202978,0,53.3147868552834,0
"2018-05-14 21:29:39",27.7572377472415,0,36.6203479197015,0
"2018-05-14 21:30:39",28.5107549831165,0,64.8766792325475,0
"2018-05-14 21:31:39",24.5867954013304,0,54.8746114424212,0
"2018-05-14 21:32:39",28.4768142442829,0,54.8184266147093,0
"2018-05-14 21:33:40",23.3126829240409,0,50.1792198485314,0
"2018-05-14 21:34:40",27.548562949424,0,29.7450575546484,0
"2018-05-14 21:35:40",23.8784405761357,0,49.6574004596026,0
"2018-05-14 21:36:40",28.9394957461152,0,47.1579848714683,0
"2018-05-14 21:37:40",22.6874150891486,0,55.9507036249342,0
"2018-05-14 21:38:40",25.4486736201831,0,49.6978082299519,0
"2018-05-14 21:39:40",26.8270076846826,0,71.0666887417957,0
"2018-05-14 21:40:40",27.3191755255913,0,43.850416522709,0
"2018-05-14 21:41:40",26.3026732576234,0,64.8330641462193,0
"2018-05-14 21:42:40",25.1553452428395,0,62.345652398122,0
"2018-05-14 21:43:40",22.0617688118364,0,44.6680686823759,0
"2018-05-14 21:44:40",22.9519078026726,0,63.8782057080811,0
"2018-05-14 21:45:40",27.7030849216319,0,59.9343873563909,0
"2018-05-14 21:46:40",18.0135745700764,0,39.6736985741477,0
"2018-05-14 21:47:40",20.8481476307545,0,37.1569079440538,0
"2018-05-14 21:48:40",16.8240574100855,0,43.9587651051699,0
"2018-05-14 21:49:40",28.6946926683865,0,59.1075264374722,0
"2018-05-14 21:50:40",17.8073707028016,0,76.9456513904063,0
"2018-05-14 21:51:40",21.5128639579098,0,49.5584199257437,0
"2018-05-14 21:52:40",20.8820561893624,0,45.3877889540385,0
"2018-05-14 21:53:40",23.2207164573417,0,41.9289165393216,0
"2018-05-14 21:54:40",19.5864317170775,0,41.1559863396675,0
"2018-05-14 21:55:40",25.088061432927,0,48.7211378483144,0
"2018-05-14 21:56:40",26.0636146466657,0,62.2922556697113,0
"2018-05-14 21:57:40",27.6381423230512,0,44.3044812338857,0
"2018-05-14 21:58:40",24.2552321074099,0,59.6743930180557,0
"2018-05-14 21:59:40",17.2220675759062,0,33.346169725756,0
"2018-05-14 22:00:40",22.4179428108012,0,38.6209758713317,0
"2018-05-14 22:01:41",24.7131811189227,0,43.5789758833992,0
"2018-05-14 22:02:41",31.8532264955432,0,49.6604691018832,0
"2018-05-14 22:03:41",13.8777355862854,0,33.6800212943175,0
"2018-05-14 22:04:41",19.4887135144784,0,27.217786566463,0
"2018-05-14 22:05:41",19.3518629462778,0,40.7174351126999,0
"2018-05-14 22:06:41",19.4484396478889,0,52.0889473175058,0
"2018-05-14 22:07:41",20.7044465268078,0,69.3632601906075,0
"2018-05-14 22:08:41",25.6362486450913,0,40.8615653657681,0
"2018-05-14 22:09:41",21.1365445581584,0,58.5574564919708,0
"2018-05-14 22:10:41",19.2522175582018,0,46.7061407040788,0
"2018-05-14 22:11:41",27.6021367049791,0,79.27468723853,0
"2018-05-14 22:12:41",22.8266388891242,0,65.4775580824176,0
"2018-05-14 22:13:41",36.8467914368897,0,80.175719901763,0
"2018-05-14 22:14:41",29.9115690678344,0,48.5114183750611,0
"2018-05-14 22:15:41",29.3849106292786,0,41.280572887858,0
"2018-05-14 22:16:41",33.7743613307875,0,69.5617603832585,0
"2018-05-14 22:17:41",31.5142485794456,0,67.5483597166114,0
"2018-05-14 22:18:41",33.8208589689381,0,51.3665538476002,0
"2018-05-14 22:19:41",34.8703125697486,0,33.1530294988785,0
"2018-05-14 22:20:41",29.0787288598157,0,30.0213197165218,0
"2018-05-14 22:21:41",31.9906032621309,0,37.6544956358795,0
"2018-05-14 22:22:41",31.2090938921295,0,35.4166566168352,0
"2018-05-14 22:23:41",33.5355747622943,0,47.9733762420436,0
"2018-05-14 22:24:41",32.520166241865,0,41.003121035097,0
"2018-05-14 22:25:42",28.3747900969939,0,47.4337018919227,0
"2018-05-14 22:26:42",32.9893216548157,0,49.6019497014359,0
"2018-05-14 22:27:42",26.5267987466053,0,42.8268251671736,0
"2018-05-14 22:28:42",38.8552977128432,0,62.3971603378518,0
"2018-05-14 22:29:42",25.4797090372059,0,46.9533609327716,0
"2018-05-14 22:30:42",37.6728047652256,0,48.6976777796704,0
"2018-05-14 22:31:42",24.4600061253178,0,40.996199757182,0
"2018-05-14 22:32:42",27.7741765381573,0,40.4939113905944,0
"2018-05-14 22:33:42",27.1712105182377,0,40.8984145275291,0
"2018-05-14 22:34:42",29.8403944428856,0,28.9998958708257,0
"2018-05-14 22:35:42",37.3711383198849,0,71.6621839812198,0
"2018-05-14 22:36:42",28.8162450289018,0,35.4146391204814,0
"2018-05-14 22:37:42",29.324162665127,0,48.8670852503036,0
"2018-05-14 22:38:42",24.5833267419669,0,33.6634838844511,0
"2018-05-14 22:39:42",28.6662059788578,0,31.9786117467939,0
"2018-05-14 22:40:42",30.2829040111315,0,54.119294444052,0
"2018-05-14 22:41:42",31.5243319429857,0,34.9192748103448,0
"2018-05-14 22:42:42",22.5158163341743,0,42.1982569644068,0
"2018-05-14 22:43:42",28.0825194625695,0,51.5300950009338,0
"2018-05-14 22:44:42",28.508727594353,0,148.293267799489,0
"2018-05-14 22:45:42",40.6131443635439,0,43.6317487146703,0
"2018-05-14 22:46:42",35.8523168990862,0,40.9857998799409,0
"2018-05-14 22:47:42",38.1949817862315,0,43.345922993563,0
"2018-05-14 22:48:42",36.8668501206995,0,59.8413916005977,0
"2018-05-14 22:49:42",31.6317895402182,0,41.1803090565472,0
"2018-05-14 22:50:42",40.9159018219553,1,83.1829722339781,0
"2018-05-14 22:51:42",33.2800974071405,0,40.8784584849729,0
"2018-05-14 22:52:42",44.251124200071,1,75.3586461680145,0
"2018-05-14 22:53:42",27.8387685364959,0,42.576689006037,0
"2018-05-14 22:54:42",40.6950362894198,0,53.4130487684616,0
"2018-05-14 22:55:43",30.4671681444243,0,55.1867742039871,0
"2018-05-14 22:56:43",35.0192665163152,0,40.422253415685,0
"2018-05-14 22:57:43",32.9075021351983,0,61.6661470790675,0
"2018-05-14 22:58:43",23.8452804429367,0,35.7813197550502,0
"2018-05-14 22:59:43",22.979112594448,0,39.0713695757095,0
"2018-05-14 23:00:43",21.4709732869598,0,49.7022879729581,0
"2018-05-14 23:01:43",25.0415923594646,0,90.1429344379218,0
"2018-05-14 23:02:43",24.8284549276538,0,61.731245914594,0
"2018-05-14 23:03:43",24.2590769669406,0,51.6922527543822,0
"2018-05-14 23:04:43",19.8287085722324,0,65.6429364312851,0
"2018-05-14 23:05:43",22.2401563011399,0,63.2418622638756,0
"2018-05-14 23:06:43",26.5057395221538,0,74.8537443505245,0
"2018-05-14 23:07:43",35.4966464445028,0,68.17513567886,0
"2018-05-14 23:08:43",26.0145128309706,0,72.0099059347874,0
"2018-05-14 23:09:43",34.30466773758,0,60.4129831113172,0
"2018-05-14 23:10:43",28.6785458924762,0,48.1536640970784,0
"2018-05-14 23:11:43",32.0766403580893,0,59.0955865168134,0
"2018-05-14 23:12:43",33.0385478269738,0,60.520444906893,0
"2018-05-14 23:13:43",36.400017688337,0,38.9297192107523,0
"2018-05-14 23:14:43",37.7932089375936,0,51.6621392340934,0
"2018-05-14 23:15:43",38.648849225408,0,52.9311168283484,0
"2018-05-14 23:16:43",46.0533147835526,1,74.1145544600162,0
"2018-05-14 23:17:44",52.4211968017094,1,74.9875481095286,0
"2018-05-14 23:18:44",56.4727605872067,1,77.2253641668984,0
"2018-05-14 23:19:44",54.4069756325254,1,55.5662660268523,0
"2018-05-14 23:20:44",63.7413916562128,1,58.8239525554144,0
"2018-05-14 23:21:44",52.5983256689465,1,58.4554123293773,0
"2018-05-14 23:22:44",56.8135364916468,1,61.3117961976734,0
"2018-05-14 23:23:44",61.1068598101502,1,70.3199513885089,0
"2018-05-14 23:24:44",59.2594238454977,1,52.7159972332323,0
"2018-05-14 23:25:44",61.0908223685618,1,70.5112334998399,0
"2018-05-14 23:26:44",63.4030421829394,1,68.8004303480888,0
"2018-05-14 23:27:44",57.1196257883108,1,63.8362111135379,0
"2018-05-14 23:28:44",62.645482448366,1,76.5164083784904,0
"2018-05-14 23:29:44",68.2491460345477,1,77.672681150635,0
"2018-05-14 23:30:44",70.3812441579437,1,72.9280795166597,0
"2018-05-14 23:31:44",76.8708972198455,1,71.6200341802968,0
"2018-05-14 23:32:44",70.2584324316545,1,70.9993165640393,0
"2018-05-14 23:33:44",81.0499137526541,1,87.9516475697948,0
"2018-05-14 23:34:44",74.2501814799085,1,93.60962208634,0
"2018-05-14 23:35:44",74.751544723318,1,75.404118555888,0
"2018-05-14 23:36:45",71.1911375624083,1,56.3532422769034,0
"2018-05-14 23:37:45",75.7900246005642,1,68.6195860283669,0
"2018-05-14 23:38:45",71.8053629117933,1,97.9795944938219,0
"2018-05-14 23:39:45",74.0340634529786,1,90.2893957372919,0
"2018-05-14 23:40:45",73.7316015730975,1,101.326370019892,0
"2018-05-14 23:41:45",78.0211322951619,1,94.3288197029294,0
"2018-05-14 23:42:45",84.0918042960314,1,108.4188494756,0
"2018-05-14 23:43:45",71.994402610968,1,58.4982456176142,0
"2018-05-14 23:44:45",81.0164678916536,1,210.447870871967,1
"2018-05-14 23:45:45",83.4122782400345,1,148.138685502689,0
"2018-05-14 23:46:45",82.5177918703456,1,77.9220306518544,0
"2018-05-14 23:47:45",72.8520702030934,1,79.0971148301525,0
"2018-05-14 23:48:45",76.5660574965775,1,141.803899078872,0
"2018-05-14 23:49:45",76.8705165249408,1,113.653415605729,0
"2018-05-14 23:50:45",79.2400453987675,1,100.801265121964,0
"2018-05-14 23:51:45",77.7692318868989,1,81.4980839651662,0
"2018-05-14 23:52:45",81.9000482684578,1,65.8363597895592,0
"2018-05-14 23:53:45",81.2164745177593,1,67.9018168983262,0
"2018-05-14 23:54:45",80.117419158904,1,83.9410965520018,0
"2018-05-14 23:55:45",83.0635679137123,1,110.18142864895,0
"2018-05-14 23:56:45",83.2190638786407,1,101.177769230362,0
"2018-05-14 23:57:45",86.8511572343655,1,98.2108415884261,0
"2018-05-14 23:58:45",73.9999681310284,1,52.3586580602035,0
"2018-05-14 23:59:45",86.9430603200966,1,90.2577395036073,0
"2018-05-15 00:00:04",82.0029472512656,1,84.7264378761762,0
"2018-05-15 00:00:45",76.3878774576094,1,91.2995942349682,0
"2018-05-15 00:01:46",83.9588252693837,1,86.116743286806,0
"2018-05-15 00:02:46",87.9730567155669,1,104.863133231766,0
"2018-05-15 00:03:46",93.3931647572966,1,74.2325217481726,0
"2018-05-15 00:04:46",86.8736217847175,1,73.1133330780149,0
"2018-05-15 00:05:46",86.6201193236402,1,59.9857896720219,0
"2018-05-15 00:06:46",88.8053842650496,1,109.635639580084,0
"2018-05-15 00:07:46",92.1545596725186,1,116.00296526696,0
"2018-05-15 00:08:46",88.0904700361325,1,145.808386961978,0
"2018-05-15 00:09:46",84.388726975044,1,116.717638120462,0
"2018-05-15 00:10:46",82.7121696150796,1,115.572915087176,0
"2018-05-15 00:11:46",81.3546527908884,1,116.377567653112,0
"2018-05-15 00:12:46",89.3780384752527,1,84.1764237133121,0
"2018-05-15 00:13:46",92.3349351029375,1,173.017544425385,0
"2018-05-15 00:14:46",87.6690381133976,1,203.643654050877,1
"2018-05-15 00:15:46",95.1107031599488,1,122.233190005046,0
"2018-05-15 00:16:46",95.2096542874178,1,92.7420605083768,0
"2018-05-15 00:17:46",99.2273323928464,1,161.935940545107,0
"2018-05-15 00:18:46",104.117668915359,1,131.128071947239,0
"2018-05-15 00:19:46",101.302901064529,1,143.163068742046,0
"2018-05-15 00:20:46",102.629368192386,1,112.742541943656,0
"2018-05-15 00:21:46",101.686145371968,1,137.866666636429,0
"2018-05-15 00:22:46",103.439836368939,1,145.935553516117,0
"2018-05-15 00:23:46",110.801252911709,1,127.011334077774,0
"2018-05-15 00:24:46",108.978207290244,1,134.07159887347,0
"2018-05-15 00:25:47",111.156536020868,1,101.786657435748,0
"2018-05-15 00:26:47",105.849225516595,1,183.062618225676,0
"2018-05-15 00:27:47",109.602848164821,1,150.345702529667,0
"2018-05-15 00:28:47",98.7778798917828,1,122.064573762732,0
"2018-05-15 00:29:47",108.903404765945,1,115.694875827545,0
"2018-05-15 00:30:47",104.413570703516,1,144.578003656918,0
"2018-05-15 00:31:47",109.026260323371,1,117.851443889805,0
"2018-05-15 00:32:47",108.736666477514,1,133.166976422579,0
"2018-05-15 00:33:47",102.723649366018,1,141.362697744424,0
"2018-05-15 00:34:47",112.116290956367,1,190.266496447426,0
"2018-05-15 00:35:47",109.644059619085,1,118.12055264547,0
"2018-05-15 00:36:47",116.783323971766,1,117.122046144879,0
"2018-05-15 00:37:47",111.370603878703,1,119.207321551428,0
"2018-05-15 00:38:47",113.314718587451,1,161.551096564729,0
"2018-05-15 00:39:47",104.54769921787,1,138.195420701135,0
"2018-05-15 00:40:47",111.843989430276,1,147.123442165235,0
"2018-05-15 00:41:47",108.976515896934,1,172.874351871936,0
"2018-05-15 00:42:47",105.48357401225,1,78.9004639185823,0
"2018-05-15 00:43:47",115.323028186857,1,164.60820354491,0
"2018-05-15 00:44:47",117.689533962743,1,153.151799047161,0
"2018-05-15 00:45:47",127.699159562303,1,158.076864968741,0
"2018-05-15 00:46:47",135.329941788673,1,192.689902614022,0
"2018-05-15 00:47:47",119.430646676116,1,128.506188196848,0
"2018-05-15 00:48:47",131.844743668753,1,213.542226405668,1
"2018-05-15 00:49:47",59.3299006718796,1,202.244464409539,1
"2018-05-15 00:50:47",71.7404107301688,1,221.666480314979,1
"2018-05-15 00:51:47",63.1119566219579,1,183.846733442026,0
"2018-05-15 00:52:47",76.7836176410145,1,212.366366593425,1
"2018-05-15 00:53:48",61.3875819443809,1,167.166213954897,0
"2018-05-15 00:54:48",48.2823894337643,1,130.672591165481,0
"2018-05-15 00:55:48",70.2808584842142,1,204.588516022496,1
"2018-05-15 00:56:48",39.1959693052731,0,106.663928483561,0
"2018-05-15 00:57:48",43.2878968309263,1,159.25425436738,0
"2018-05-15 00:58:48",60.8284810805511,1,181.994650730054,0
"2018-05-15 00:59:48",52.3449380689998,1,145.910004568887,0
"2018-05-15 01:00:48",52.225804682877,1,162.357061744414,0
"2018-05-15 01:01:48",46.3145509928066,1,113.645523997964,0
"2018-05-15 01:02:48",62.2652244870519,1,145.184408890501,0
"2018-05-15 01:03:48",57.2356502457779,1,205.781340387807,1
"2018-05-15 01:04:48",58.2765762579106,1,206.232425083496,1
"2018-05-15 01:05:48",56.4122991950989,1,241.462415447599,1
"2018-05-15 01:06:48",46.5255693649242,1,187.769885731397,0
"2018-05-15 01:07:48",45.9820129271798,1,149.956611718866,0
"2018-05-15 01:08:48",66.9207356107591,1,215.081228304898,1
"2018-05-15 01:09:48",47.5141940120308,1,151.582428473048,0
"2018-05-15 01:10:48",37.5420214794957,0,121.490333228334,0
"2018-05-15 01:11:48",40.8001064385773,1,100.918421113416,0
"2018-05-15 01:12:48",54.0117357767672,1,148.772205168567,0
"2018-05-15 01:13:48",29.3273071479252,0,57.0189323497304,0
"2018-05-15 01:14:48",27.6440341754188,0,109.984370899213,0
"2018-05-15 01:15:48",45.1785293636856,1,144.968905985944,0
"2018-05-15 01:16:49",42.6265169201758,1,101.781944046057,0
"2018-05-15 01:17:49",40.4484461711691,0,138.143842912804,0
"2018-05-15 01:18:49",39.5595371735664,0,84.7440085291863,0
"2018-05-15 01:19:49",38.5004555550539,0,93.336644567781,0
"2018-05-15 01:20:49",29.3878434798649,0,97.6243301269091,0
"2018-05-15 01:21:49",45.8792273297478,1,136.465282300231,0
"2018-05-15 01:22:49",36.5607283629653,0,91.5570718625733,0
"2018-05-15 01:23:49",41.2801409884667,1,124.862361449661,0
"2018-05-15 01:24:49",32.7945411748482,0,149.248004489442,0
"2018-05-15 01:25:49",60.7392874000867,1,136.269822304501,0
"2018-05-15 01:26:49",49.2968195210787,1,184.279651354954,0
"2018-05-15 01:27:49",44.9840290634154,1,157.510247988293,0
"2018-05-15 01:28:49",62.1819410531837,1,240.039818927885,1
"2018-05-15 01:29:49",25.6523758577218,0,108.591240927208,0
"2018-05-15 01:30:49",46.5572583091461,1,145.082555662012,0
"2018-05-15 01:31:49",40.780746249619,1,117.657516083503,0
"2018-05-15 01:32:49",46.0713091325892,1,88.744740760415,0
"2018-05-15 01:33:49",35.8171792764768,0,90.9835604120508,0
"2018-05-15 01:34:49",45.1103868720921,1,110.734225608055,0
"2018-05-15 01:35:49",41.2463281181717,1,127.167121373087,0
"2018-05-15 01:36:49",60.1968305460926,1,174.882651451358,0
"2018-05-15 01:37:49",51.1581938778196,1,158.841916619498,0
"2018-05-15 01:38:49",48.1136969057841,1,137.736450687453,0
"2018-05-15 01:39:49",46.2961207944845,1,144.422057796573,0
"2018-05-15 01:40:49",38.8514241878824,0,111.797531714113,0
"2018-05-15 01:41:49",47.2462761333528,1,141.335320615121,0
"2018-05-15 01:42:49",29.389926282262,0,52.9915375714486,0
"2018-05-15 01:43:49",32.021261580628,0,70.2428475324324,0
"2018-05-15 01:44:49",39.2140536234937,0,88.0193402714246,0
"2018-05-15 01:45:49",20.4970601102358,0,169.792201139326,0
"2018-05-15 01:46:50",40.4016164011719,0,141.004414091517,0
"2018-05-15 01:47:50",28.1470571829601,0,157.921941568423,0
"2018-05-15 01:48:50",37.1150862360144,0,116.384497226891,0
"2018-05-15 01:49:50",23.9755959486622,0,105.148695308142,0
"2018-05-15 01:50:50",36.4310202477641,0,107.838746252497,0
"2018-05-15 01:51:50",18.3916093747766,0,79.1434491808735,0
"2018-05-15 01:52:50",30.1515275947519,0,72.3443220306143,0
"2018-05-15 01:53:50",23.0428694285926,0,85.2170906146092,0
"2018-05-15 01:54:50",25.9051081437186,0,70.8138416994112,0
"2018-05-15 01:55:50",22.5059852625087,0,91.6253896617238,0
"2018-05-15 01:56:50",21.0510809550836,0,67.8994046220485,0
"2018-05-15 01:57:50",31.2251228079999,0,81.9467901863987,0
"2018-05-15 01:58:50",24.37997116406,0,69.3102537030382,0
"2018-05-15 01:59:50",38.5392262259058,0,72.0639119818359,0
"2018-05-15 02:00:50",22.6396933843778,0,62.4670706462928,0
"2018-05-15 02:01:50",29.8650615548773,0,67.1284046064683,0
"2018-05-15 02:02:50",18.946522311268,0,75.5928877679103,0
"2018-05-15 02:03:50",26.3534782755073,0,50.2187185313709,0
"2018-05-15 02:04:50",24.0429784540141,0,71.1994168526157,0
"2018-05-15 02:05:50",24.28989482328,0,63.1364163719893,0
"2018-05-15 02:06:50",26.4856265651397,0,83.5020206551646,0
"2018-05-15 02:07:50",23.5207917141117,0,49.134397176978,0
"2018-05-15 02:08:50",26.7460772997309,0,55.8468531494347,0
"2018-05-15 02:09:50",24.2916149542255,0,69.9665803604596,0
"2018-05-15 02:10:50",28.037533768387,0,75.9140087967601,0
"2018-05-15 02:11:50",19.3117474054024,0,56.1063214585194,0
"2018-05-15 02:12:50",28.5363890772268,0,68.2237326364496,0
"2018-05-15 02:13:50",27.1898600891816,0,83.5533435209606,0
"2018-05-15 02:14:51",28.7405330325506,0,53.6496907706989,0
"2018-05-15 02:15:51",19.9426609476314,0,34.12777176394,0
"2018-05-15 02:16:51",31.9278460482441,0,69.8718788591817,0
"2018-05-15 02:17:51",29.8888971938497,0,99.0887232710226,0
"2018-05-15 02:18:51",36.555893319012,0,59.3174485652726,0
"2018-05-15 02:19:51",23.7656931679669,0,72.5563219115647,0
"2018-05-15 02:20:51",31.8578252964547,0,76.6080181782612,0
"2018-05-15 02:21:51",31.5213180356724,0,61.0791046709492,0
"2018-05-15 02:22:51",26.2802682573441,0,52.5229997041546,0
"2018-05-15 02:23:51",25.9098993636804,0,49.8699046921447,0
"2018-05-15 02:24:51",30.9560139157701,0,77.8290471255187,0
"2018-05-15 02:25:51",34.5733715384998,0,53.9461539631865,0
"2018-05-15 02:26:51",25.1387154263633,0,52.6877836262966,0
"2018-05-15 02:27:51",44.5541156788026,1,109.701172384328,0
"2018-05-15 02:28:51",28.8615497423996,0,75.5925628756832,0
"2018-05-15 02:29:51",36.0542622429884,0,98.3775210111533,0
"2018-05-15 02:30:51",28.446407423339,0,120.159403409578,0
"2018-05-15 02:31:51",33.1516836456982,0,69.2093583861976,0
"2018-05-15 02:32:51",30.0603641338862,0,75.0390958854269,0
"2018-05-15 02:33:51",26.9339765501342,0,56.730061032044,0
"2018-05-15 02:34:51",31.2924374377348,0,76.6923958310292,0
"2018-05-15 02:35:51",27.8658284666823,0,59.5666316815024,0
"2018-05-15 02:36:51",34.3934623557346,0,66.7745629657454,0
"2018-05-15 02:37:51",22.8591544357459,0,53.6831118298161,0
"2018-05-15 02:38:51",33.0291812046946,0,70.004273752927,0
"2018-05-15 02:39:51",21.3802377334286,0,53.0580951701717,0
"2018-05-15 02:40:51",30.0912884324535,0,49.9796935284927,0
"2018-05-15 02:41:52",22.8464916129203,0,76.3557368040968,0
"2018-05-15 02:42:52",30.7549356701421,0,51.1753089249379,0
"2018-05-15 02:43:52",22.9207994635183,0,55.6037822637553,0
"2018-05-15 02:44:52",25.5913973693468,0,57.1372307920687,0
"2018-05-15 02:45:52",23.4699779277872,0,62.319403396248,0
"2018-05-15 02:46:52",132.517314564405,1,255.163971476678,1
"2018-05-15 02:47:52",139.142500675771,1,240.319376249067,1
"2018-05-15 02:48:52",137.20980309621,1,250.056512961247,1
"2018-05-15 02:49:52",136.402459007609,1,246.180076552993,1
"2018-05-15 02:50:52",132.802422123547,1,258.241057159007,1
"2018-05-15 02:51:52",133.395085165888,1,254.414831675356,1
"2018-05-15 02:52:52",135.109583205645,1,245.776390754736,1
"2018-05-15 02:53:52",122.318461549677,1,317.30984136348,1
"2018-05-15 02:54:52",133.688747976819,1,248.988551001236,1
"2018-05-15 02:55:52",125.935193647649,1,273.939875377295,1
"2018-05-15 02:56:52",130.311120183933,1,272.546523402586,1
"2018-05-15 02:57:52",123.056151431683,1,287.259936249475,1
"2018-05-15 02:58:52",124.348719567304,1,287.460649759546,1
"2018-05-15 02:59:52",118.326515867811,1,314.1531956962,1
"2018-05-15 03:00:52",129.599007561165,1,282.78364910379,1
"2018-05-15 03:01:52",135.959846518734,1,246.220089461553,1
"2018-05-15 03:02:52",127.672864755645,1,282.727621927491,1
"2018-05-15 03:03:52",128.581009262587,1,270.797887744605,1
"2018-05-15 03:04:52",122.185262292793,1,325.5429574842,1
"2018-05-15 03:05:53",141.692808004883,1,254.454328055278,1
"2018-05-15 03:06:53",128.123081851852,1,290.780554360806,1
"2018-05-15 03:07:53",138.023435953764,1,269.514859295175,1
"2018-05-15 03:08:53",130.703557218333,1,291.663797943627,1
"2018-05-15 03:09:53",142.337980898524,1,260.369501880802,1
"2018-05-15 03:10:53",119.274135688022,1,269.769461383595,1
"2018-05-15 03:11:53",128.851502237262,1,252.866504206109,1
"2018-05-15 03:12:53",128.681143045062,1,259.250749644149,1
"2018-05-15 03:13:53",121.115044256455,1,311.570269869036,1
"2018-05-15 03:14:53",134.533695252385,1,260.686671779234,1
"2018-05-15 03:15:53",132.024109255511,1,290.977311604542,1
"2018-05-15 03:16:53",124.583458666657,1,361.730648558246,1
"2018-05-15 03:17:53",140.56998867831,1,264.883384164052,1
"2018-05-15 03:18:53",151.531260558199,1,244.740577193739,1
"2018-05-15 03:19:53",140.620829152408,1,272.05386146766,1
"2018-05-15 03:20:53",148.247610476182,1,240.055861316557,1
"2018-05-15 03:21:53",139.83980945616,1,281.204382531362,1
"2018-05-15 03:22:53",144.757465212712,1,264.318154404615,1
"2018-05-15 03:23:53",158.936283286526,1,241.29466619521,1
"2018-05-15 03:24:53",165.394959599148,1,222.13705288316,1
"2018-05-15 03:25:53",153.219146840438,1,248.736386781285,1
"2018-05-15 03:26:53",147.650300019138,1,307.115291186373,1
"2018-05-15 03:27:53",157.275777722879,1,250.352222535976,1
"2018-05-15 03:28:53",160.68113329728,1,252.018639983709,1
"2018-05-15 03:29:54",160.74751463923,1,246.418674722759,1
"2018-05-15 03:30:54",156.335839535105,1,263.492485012354,1
"2018-05-15 03:31:54",161.937808367877,1,244.366287488787,1
"2018-05-15 03:32:54",164.969016815559,1,263.116158025889,1
"2018-05-15 03:33:54",179.017367686626,1,235.360170079555,1
"2018-05-15 03:34:54",166.321311444424,1,249.009765916046,1
"2018-05-15 03:35:54",174.364596016046,1,234.218183126293,1
"2018-05-15 03:36:54",175.596398278377,1,253.428004686879,1
"2018-05-15 03:37:54",180.595090018776,1,233.250747675809,1
"2018-05-15 03:38:54",171.470566525762,1,261.393944166648,1
"2018-05-15 03:39:54",177.352931027318,1,249.232458876472,1
"2018-05-15 03:40:54",172.277809675849,1,254.162272692968,1
"2018-05-15 03:41:54",180.790095696495,1,241.604935319236,1
"2018-05-15 03:42:54",176.985788769342,1,246.31068659058,1
"2018-05-15 03:43:54",173.972678097717,1,264.216740209179,1
"2018-05-15 03:44:54",178.152091729739,1,244.220299269536,1
"2018-05-15 03:45:54",167.724434610896,1,284.389963321685,1
"2018-05-15 03:46:54",72.0402995339337,1,95.6424980386596,0
"2018-05-15 03:47:54",75.5171752598345,1,59.9200683967277,0
"2018-05-15 03:48:54",69.9560269883069,1,57.8358697106555,0
"2018-05-15 03:49:54",80.5534940842869,1,65.2572893487516,0
"2018-05-15 03:50:54",87.0022974130252,1,65.072192062125,0
"2018-05-15 03:51:55",108.289964535754,1,87.3612572608651,0
"2018-05-15 03:52:55",102.9291774453,1,79.2973695690224,0
"2018-05-15 03:53:55",96.4522103944232,1,60.9062838711731,0
"2018-05-15 03:54:55",93.858111351027,1,55.7726348898542,0
"2018-05-15 03:55:55",88.491169852621,1,48.4207649605487,0
"2018-05-15 03:56:55",83.7056302826441,1,52.6515603061051,0
"2018-05-15 03:57:55",85.0063812421271,1,66.3896103822474,0
"2018-05-15 03:58:55",87.1053509816766,1,47.905323570067,0
"2018-05-15 03:59:55",75.8901628277662,1,52.2644076327605,0
"2018-05-15 04:00:55",79.2161675322512,1,40.8801536911858,0
"2018-05-15 04:01:55",71.8333413839966,1,35.9818116971303,0
"2018-05-15 04:02:55",80.8339199806782,1,41.678619596948,0
"2018-05-15 04:03:55",73.3171573464669,1,41.1804915724943,0
"2018-05-15 04:04:55",72.3926398819441,1,29.7217466778036,0
"2018-05-15 04:05:55",76.140630634782,1,39.9472484024615,0
"2018-05-15 04:06:55",72.6051003758992,1,33.5998913784098,0
"2018-05-15 04:07:55",75.1239691054978,1,33.084627405624,0
"2018-05-15 04:08:55",78.4210627774229,1,47.7993340980119,0
"2018-05-15 04:09:55",81.9945502033956,1,38.9722371064965,0
"2018-05-15 04:10:55",75.50580079237,1,48.6049697702221,0
"2018-05-15 04:11:55",36.2665869691388,0,41.7043632753496,0
"2018-05-15 04:12:55",22.9643482245136,0,59.8371250088544,0
"2018-05-15 04:13:55",37.1549261932824,0,34.3592184520119,0
"2018-05-15 04:14:55",25.1234589885378,0,47.2081287315851,0
"2018-05-15 04:15:55",27.6242997148351,0,29.2921716963963,0
"2018-05-15 04:16:55",24.725052618677,0,37.4556666377843,0
"2018-05-15 04:17:55",28.5083798890446,0,41.2167474301075,0
"2018-05-15 04:18:55",25.7362361138488,0,31.7961841991489,0
"2018-05-15 04:19:55",27.1339231075849,0,46.3617010300958,0
"2018-05-15 04:20:55",28.4171282291156,0,41.4871761340848,0
"2018-05-15 04:21:55",21.9896955304905,0,35.3532115418161,0
"2018-05-15 04:22:56",25.0751457448606,0,31.1851624295747,0
"2018-05-15 04:23:56",18.4012138816866,0,34.1133697472144,0
"2018-05-15 04:24:56",31.8779969811382,0,36.8812955149005,0
"2018-05-15 04:25:56",19.3289288674749,0,62.5434412037019,0
"2018-05-15 04:26:56",37.6935351097562,0,39.7737982920786,0
"2018-05-15 04:27:56",22.0388180411143,0,39.2862599134237,0
"2018-05-15 04:28:56",19.9888106536433,0,31.5787721804531,0
"2018-05-15 04:29:56",23.7679311702091,0,37.1453137441781,0
"2018-05-15 04:30:56",23.9563953295486,0,43.8512869390163,0
"2018-05-15 04:31:56",22.2915254709307,0,35.6475668867695,0
"2018-05-15 04:32:56",16.7420003689658,0,33.8988022459379,0
"2018-05-15 04:33:56",23.7424599400111,0,38.9227119584332,0
"2018-05-15 04:34:56",17.4959199398084,0,33.660315486169,0
"2018-05-15 04:35:56",29.6450146898569,0,56.9440033306853,0
"2018-05-15 04:36:56",26.1138675974663,0,46.1165993068385,0
"2018-05-15 04:37:56",27.8841710997192,0,33.9104367017165,0
"2018-05-15 04:38:56",19.0736609375699,0,67.0037337684328,0
"2018-05-15 04:39:56",23.3394976459238,0,32.674669911358,0
"2018-05-15 04:40:56",20.7023449045234,0,39.1037857511152,0
"2018-05-15 04:41:56",33.4158028511116,0,41.4985724162922,0
"2018-05-15 04:42:56",19.9384217313685,0,47.1778493091034,0
"2018-05-15 04:43:56",21.964297323614,0,33.2785555350399,0
"2018-05-15 04:44:56",17.1264422510347,0,29.4140108458004,0
"2018-05-15 04:45:56",20.2105113199446,0,42.7155327895673,0
"2018-05-15 04:46:56",230.719715413713,1,314.439999706873,1
"2018-05-15 04:47:56",187.513020299604,1,176.681422256919,0
"2018-05-15 04:48:57",183.882016489885,1,178.090269802072,0
"2018-05-15 04:49:57",165.984692712666,1,179.802229888782,0
"2018-05-15 04:50:57",165.30990728846,1,187.289513195748,0
"2018-05-15 04:51:57",154.736958929014,1,184.247305808857,0
"2018-05-15 04:52:57",160.974174016297,1,176.960510002092,0
"2018-05-15 04:53:57",178.892936680256,1,217.31769634874,1
"2018-05-15 04:54:57",177.798813501447,1,172.11854657839,0
"2018-05-15 04:55:57",171.760421488106,1,171.693927798947,0
"2018-05-15 04:56:57",199.735319949439,1,162.870791955576,0
"2018-05-15 04:57:57",190.649542292735,1,157.126972493527,0
"2018-05-15 04:58:57",219.111049401431,1,209.111064962349,1
"2018-05-15 04:59:57",207.824824682481,1,176.134008298881,0
"2018-05-15 05:00:57",210.593024298819,1,169.708754856586,0
"2018-05-15 05:01:57",178.741658380712,1,161.733419857858,0
"2018-05-15 05:02:57",194.273646784225,1,173.752349012646,0
"2018-05-15 05:03:57",240.443891794664,1,164.598650032676,0
"2018-05-15 05:04:57",185.239610005546,1,166.1030185639,0
"2018-05-15 05:05:57",155.476221019913,1,172.962526071658,0
"2018-05-15 05:06:57",160.981454635902,1,177.753154117001,0
"2018-05-15 05:07:57",190.821572112035,1,158.24640760515,0
"2018-05-15 05:08:57",170.860464619057,1,172.619279015766,0
"2018-05-15 05:09:57",168.234667757849,1,159.483669034479,0
"2018-05-15 05:10:57",222.547878124792,1,199.986515243291,1
"2018-05-15 05:11:57",211.994291998514,1,171.157968847066,0
"2018-05-15 05:12:58",186.151495463541,1,155.469074138186,0
"2018-05-15 05:13:58",197.508510651118,1,196.546843087039,0
"2018-05-15 05:14:58",220.717779224175,1,190.923130173403,0
"2018-05-15 05:15:58",218.982807638461,1,202.889465744648,1
"2018-05-15 05:16:58",222.329708201119,1,173.937758909089,0
"2018-05-15 05:17:58",182.745120233916,1,146.794470919368,0
"2018-05-15 05:18:58",171.677059965116,1,160.223706255028,0
"2018-05-15 05:19:58",177.750029378787,1,170.883169875117,0
"2018-05-15 05:20:58",166.296481658246,1,159.70536204066,0
"2018-05-15 05:21:58",195.948621222358,1,174.512813192646,0
"2018-05-15 05:22:58",182.103055265289,1,150.989735685694,0
"2018-05-15 05:23:58",190.213598606547,1,170.596816064349,0
"2018-05-15 05:24:58",154.805426729982,1,157.134133354543,0
"2018-05-15 05:25:58",166.268836879088,1,145.385446846644,0
"2018-05-15 05:26:58",166.063358185549,1,158.024102961691,0
"2018-05-15 05:27:58",170.183746812063,1,142.245348449912,0
"2018-05-15 05:28:58",157.593231316936,1,156.007012835457,0
"2018-05-15 05:29:58",137.794411734168,1,225.019317132924,1
"2018-05-15 05:30:58",163.92288888262,1,167.725766485809,0
"2018-05-15 05:31:58",199.908977569618,1,172.692483057859,0
"2018-05-15 05:32:58",200.77107575218,1,170.199116253738,0
"2018-05-15 05:33:58",182.143394459199,1,182.556883340415,0
"2018-05-15 05:34:59",167.661241343078,1,155.545561901198,0
"2018-05-15 05:35:59",182.570244533863,1,152.137544909686,0
"2018-05-15 05:36:59",191.53681757522,1,146.379009925537,0
"2018-05-15 05:37:59",185.652812568175,1,140.091079601298,0
"2018-05-15 05:38:59",177.52654321604,1,156.947188352589,0
"2018-05-15 05:39:59",174.974393063726,1,149.20156064385,0
"2018-05-15 05:40:59",173.450096004656,1,157.264015796635,0
"2018-05-15 05:41:59",145.795793136682,1,172.258563812859,0
"2018-05-15 05:42:59",162.279319723711,1,150.925311736582,0
"2018-05-15 05:43:59",193.870330631742,1,155.285476800891,0
"2018-05-15 05:44:59",172.045904531013,1,150.550538303121,0
"2018-05-15 05:45:59",171.539087910008,1,151.752079451928,0
"2018-05-15 05:46:59",180.510157719617,1,157.231276862442,0
"2018-05-15 05:47:59",37.9693454294775,0,76.7999501721571,0
"2018-05-15 05:48:59",34.5938193587841,0,82.6841137914124,0
"2018-05-15 05:49:59",45.8184497574281,1,79.7144832209842,0
"2018-05-15 05:50:59",25.1457142298729,0,38.9308699398359,0
"2018-05-15 05:51:59",29.8073184289474,0,42.1616914724732,0
"2018-05-15 05:52:59",29.3174643609238,0,52.7754493073004,0
"2018-05-15 05:53:59",17.8504676623509,0,27.8857913201902,0
"2018-05-15 05:54:59",22.3624529224478,0,19.9861218692508,0
"2018-05-15 05:55:59",26.9436879551459,0,26.6447560429702,0
"2018-05-15 05:56:59",32.5578391018533,0,27.8884133385841,0
"2018-05-15 05:57:59",25.6372811269005,0,29.2183534309442,0
"2018-05-15 05:59:00",17.8362824302113,0,24.8280840065689,0
"2018-05-15 06:00:00",28.1109146700274,0,38.3932054882547,0
"2018-05-15 06:01:00",76.05927288081,1,142.535916838004,0
"2018-05-15 06:02:00",27.3862560666517,0,38.9102449668701,0
"2018-05-15 06:03:00",29.9758346913003,0,40.9579068388595,0
"2018-05-15 06:04:00",26.398633109571,0,34.6221024166442,0
"2018-05-15 06:05:00",30.0713521925255,0,31.0432431804849,0
"2018-05-15 06:06:00",23.2331029541213,0,25.246788711317,0
"2018-05-15 06:07:00",23.7598612114635,0,38.3116670666668,0
"2018-05-15 06:08:00",30.1267250792711,0,33.3767971806162,0
"2018-05-15 06:09:00",32.2342269623882,0,43.6760173475671,0
"2018-05-15 06:10:00",14.979654283094,0,55.204427368198,0
"2018-05-15 06:11:00",27.5337615040689,0,30.4792636148912,0
"2018-05-15 06:12:00",26.3359479758559,0,34.4647604260783,0
"2018-05-15 06:13:00",21.0928474136858,0,28.979646757071,0
"2018-05-15 06:14:00",21.3013009080063,0,28.6823615745453,0
"2018-05-15 06:15:00",20.5247830769388,0,21.8224155625637,0
"2018-05-15 06:16:00",42.1366562212766,1,115.770643479459,0
"2018-05-15 06:17:00",43.8994825716197,1,88.4768496541444,0
"2018-05-15 06:18:00",23.6765614529131,0,24.8486658416481,0
"2018-05-15 06:19:00",30.489987327733,0,51.2841303870631,0
"2018-05-15 06:20:00",30.2177449666573,0,33.5779320544261,0
"2018-05-15 06:21:00",25.4504699839526,0,16.5416110332413,0
"2018-05-15 06:22:00",31.7642299989665,0,59.6175284452254,0
"2018-05-15 06:23:00",28.6793716959452,0,46.6636923398812,0
"2018-05-15 06:24:01",32.3949878041756,0,77.1755571791489,0
"2018-05-15 06:25:01",26.0505130295799,0,35.4765052942473,0
"2018-05-15 06:26:01",26.8197166294742,0,28.0026362549336,0
"2018-05-15 06:27:01",27.8275193720205,0,30.1973674486453,0
"2018-05-15 06:28:01",22.9887329898333,0,28.0023805348277,0
"2018-05-15 06:29:01",28.6759928082227,0,29.2290504795213,0
"2018-05-15 06:30:01",25.1603964900996,0,48.2533292830673,0
"2018-05-15 06:31:01",29.3180044608343,0,23.9924777618398,0
"2018-05-15 06:32:01",37.2444913624932,0,77.1541414269305,0
"2018-05-15 06:33:01",25.3529987216439,0,35.943350932877,0
"2018-05-15 06:34:01",22.7604462704853,0,43.9804328253169,0
"2018-05-15 06:35:01",22.5259389103829,0,29.6558459046048,0
"2018-05-15 06:36:01",24.8230656210389,0,38.645210043837,0
"2018-05-15 06:37:01",33.1144204623374,0,49.8648172975473,0
"2018-05-15 06:38:01",22.2668645222427,0,30.2063040673048,0
"2018-05-15 06:39:01",23.7292276250408,0,36.6743978260032,0
"2018-05-15 06:40:01",25.6697856408112,0,46.1427211256872,0
"2018-05-15 06:41:01",36.8323292560461,0,53.2523721156832,0
"2018-05-15 06:42:01",22.890707439369,0,29.0650686735136,0
"2018-05-15 06:43:01",20.8388386682286,0,33.7452911543035,0
"2018-05-15 06:44:01",25.0715836160748,0,55.0291836883539,0
"2018-05-15 06:45:01",18.1254835763998,0,25.4595155222681,0
"2018-05-15 06:46:01",26.4019802726029,0,48.8692608250023,0
"2018-05-15 06:47:01",33.409971929239,0,60.9865199246303,0
"2018-05-15 06:48:01",102.366433798079,1,216.058012723787,1
"2018-05-15 06:49:01",104.158086936697,1,119.305410051477,0
"2018-05-15 06:50:02",84.7486177438252,1,111.74023264298,0
"2018-05-15 06:51:02",87.2505952274,1,106.842498035602,0
"2018-05-15 06:52:02",125.397478191705,1,117.222092734055,0
"2018-05-15 06:53:02",93.7278354729283,1,104.892151723849,0
"2018-05-15 06:54:02",79.5401870749123,1,95.2944750782867,0
"2018-05-15 06:55:02",85.9834977505836,1,106.959998774043,0
"2018-05-15 06:56:02",90.73383450324,1,90.6616362355122,0
"2018-05-15 06:57:02",95.626487919468,1,110.908458884121,0
"2018-05-15 06:58:02",115.900723055639,1,137.352261677854,0
"2018-05-15 06:59:02",90.8116231725807,1,97.2114003254452,0
"2018-05-15 07:00:02",100.072404880249,1,121.623697405771,0
"2018-05-15 07:01:02",101.30823681247,1,99.977979148627,0
"2018-05-15 07:02:02",132.256232585116,1,95.4784339014716,0
"2018-05-15 07:03:02",89.6854094203919,1,109.579360883595,0
"2018-05-15 07:04:02",89.9879199616868,1,96.9973516875312,0
"2018-05-15 07:05:02",76.4290294298488,1,112.833405365577,0
"2018-05-15 07:06:02",76.9240316898322,1,99.6814454006641,0
"2018-05-15 07:07:02",73.4172594697956,1,88.6475077250563,0
"2018-05-15 07:08:02",81.7869423278898,1,106.663470354752,0
"2018-05-15 07:09:02",69.9549612468619,1,100.346370911683,0
"2018-05-15 07:10:02",78.5353450475757,1,112.35038459334,0
"2018-05-15 07:11:02",80.1113035413053,1,109.987207065127,0
"2018-05-15 07:12:02",116.655153486829,1,94.520384463596,0
"2018-05-15 07:13:02",78.5786231593815,1,91.2929990151574,0
"2018-05-15 07:14:02",81.0646091973592,1,87.1432406483117,0
"2018-05-15 07:15:02",88.2584664804141,1,121.672203022922,0
"2018-05-15 07:16:02",94.904869606768,1,133.20381622862,0
"2018-05-15 07:17:02",102.114385988164,1,130.466804914784,0
"2018-05-15 07:18:03",103.206409541487,1,165.880530200986,0
"2018-05-15 07:19:03",102.455337208109,1,106.415384532775,0
"2018-05-15 07:20:03",95.6800656746453,1,127.907010490703,0
"2018-05-15 07:21:03",99.834525047962,1,97.1786589925341,0
"2018-05-15 07:22:03",121.860189804715,1,101.841822662882,0
"2018-05-15 07:23:03",88.5172415098247,1,82.8059852093782,0
"2018-05-15 07:24:03",94.2150470856205,1,92.4806233208799,0
"2018-05-15 07:25:03",84.8260053754175,1,94.6216554777846,0
"2018-05-15 07:26:03",94.2242748577152,1,81.1096109450043,0
"2018-05-15 07:27:03",84.8202245752686,1,90.071112045438,0
"2018-05-15 07:28:03",77.6167282729539,1,104.621485370576,0
"2018-05-15 07:29:03",82.2681968302062,1,87.7782769381179,0
"2018-05-15 07:30:03",71.9788834555603,1,85.7281005591088,0
"2018-05-15 07:31:03",90.0877578096323,1,89.3066987497738,0
"2018-05-15 07:32:03",124.266335405166,1,122.901908333538,0
"2018-05-15 07:33:03",94.8667234375747,1,93.9405083110354,0
"2018-05-15 07:34:03",112.299997400803,1,123.957023101584,0
"2018-05-15 07:35:03",89.0893017016336,1,109.950362030009,0
"2018-05-15 07:36:03",88.4436337846884,1,86.15027033929,0
"2018-05-15 07:37:03",109.10700650441,1,101.954748451208,0
"2018-05-15 07:38:03",124.660434379525,1,177.147216384973,0
"2018-05-15 07:39:03",91.7587669209108,1,90.1626644858358,0
"2018-05-15 07:40:03",86.650986336743,1,94.5834841439839,0
"2018-05-15 07:41:03",91.2745027113249,1,97.3981889943774,0
"2018-05-15 07:42:03",104.672678163351,1,88.0143104055499,0
"2018-05-15 07:43:03",84.276080186075,1,91.6926732102029,0
"2018-05-15 07:44:03",66.0115878859349,1,87.3451427230094,0
"2018-05-15 07:45:04",83.1582756621181,1,95.8670834421709,0
"2018-05-15 07:46:04",65.8170943481224,1,85.4726282627583,0
"2018-05-15 07:47:04",77.2280379556696,1,87.9819460666192,0
"2018-05-15 07:48:04",28.5636565893427,0,43.2746410840047,0
"2018-05-15 07:49:04",23.8790813921782,0,58.527038925432,0
"2018-05-15 07:50:04",14.9241222967336,0,66.6662317824495,0
"2018-05-15 07:51:04",16.2786859473086,0,38.8196915467494,0
"2018-05-15 07:52:04",28.4006994525871,0,119.363746113059,0
"2018-05-15 07:53:04",15.2040687664375,0,31.3709821585223,0
"2018-05-15 07:54:04",19.296077031391,0,33.1587210085889,0
"2018-05-15 07:55:04",12.1860155288045,0,23.7166950659777,0
"2018-05-15 07:56:04",13.2563844826989,0,33.1211423057741,0
"2018-05-15 07:57:04",10.4897373845571,0,18.1702977886315,0
"2018-05-15 07:58:04",17.426734226013,0,39.159165473777,0
"2018-05-15 07:59:04",14.3494582842079,0,26.9941794867681,0
"2018-05-15 08:00:04",22.3194177364013,0,37.4958545704888,0
"2018-05-15 08:01:04",15.7557943043611,0,41.2376424886002,0
"2018-05-15 08:02:04",19.2146428148359,0,36.1373646516165,0
"2018-05-15 08:03:04",12.4992189141861,0,25.3065167222427,0
"2018-05-15 08:04:04",11.6009090252625,0,19.3539525106972,0
"2018-05-15 08:05:04",13.0746555949196,0,33.0504165047799,0
"2018-05-15 08:06:04",16.4598100372872,0,25.3937526716578,0
"2018-05-15 08:07:04",15.9692621627796,0,23.0053820904678,0
"2018-05-15 08:08:04",15.1517894629331,0,19.4652364657962,0
"2018-05-15 08:09:04",21.0280489629378,0,33.0751079336637,0
"2018-05-15 08:10:04",17.4855029066611,0,38.4881508988076,0
"2018-05-15 08:11:04",18.7472440328128,0,39.2702143855824,0
"2018-05-15 08:12:04",14.8466849640863,0,19.9827192510609,0
"2018-05-15 08:13:04",21.3468454245349,0,31.9178861087418,0
"2018-05-15 08:14:05",16.8789618213483,0,40.7189343018698,0
"2018-05-15 08:15:05",20.0910364431975,0,34.5004873705078,0
"2018-05-15 08:16:05",19.0862972886266,0,31.5121312347873,0
"2018-05-15 08:17:05",21.9149360979026,0,23.5522355482714,0
"2018-05-15 08:18:05",20.3337199562901,0,27.5311818665286,0
"2018-05-15 08:19:05",23.0572566454903,0,26.5793283310295,0
"2018-05-15 08:20:05",29.1414003149607,0,41.4323576767048,0
"2018-05-15 08:21:05",28.0349598138075,0,38.6254425932036,0
"2018-05-15 08:22:05",35.8769510219201,0,50.657987262893,0
"2018-05-15 08:23:05",24.9609647683473,0,20.6095982451966,0
"2018-05-15 08:24:05",31.1818868060807,0,32.2224502141732,0
"2018-05-15 08:25:05",24.1669445036945,0,23.9917018250152,0
"2018-05-15 08:26:05",32.2906352453588,0,49.5363254230175,0
"2018-05-15 08:27:05",32.4000366190446,0,38.8507078068623,0
"2018-05-15 08:28:05",34.5768449950926,0,45.9539226811557,0
"2018-05-15 08:29:05",32.1171866417578,0,39.8646527487844,0
"2018-05-15 08:30:05",28.8500712915292,0,30.5829508595825,0
"2018-05-15 08:31:05",27.2571147795937,0,27.8802518550872,0
"2018-05-15 08:32:05",30.0456455575139,0,36.3962410045947,0
"2018-05-15 08:33:05",32.5497002535403,0,33.7284577857864,0
"2018-05-15 08:34:05",26.076351984965,0,29.7430873402607,0
"2018-05-15 08:35:06",25.6821472205692,0,37.9615790996461,0
"2018-05-15 08:36:06",24.1116940542787,0,30.0948821330958,0
"2018-05-15 08:37:06",28.7163938838754,0,44.8076141364153,0
"2018-05-15 08:38:06",23.9771500002419,0,48.4072314652289,0
"2018-05-15 08:39:06",39.5084046594915,0,49.3263931467178,0
"2018-05-15 08:40:06",24.6979111168532,0,42.1268119487716,0
"2018-05-15 08:41:06",25.5051853681011,0,36.9695768925141,0
"2018-05-15 08:42:06",23.7251446599934,0,26.3531486380191,0
"2018-05-15 08:43:06",28.3079837681907,0,35.9502190939073,0
"2018-05-15 08:44:06",25.0496361251423,0,45.2127840815776,0
"2018-05-15 08:45:06",25.4548296202821,0,31.8578003472318,0
"2018-05-15 08:46:06",25.8380025094653,0,45.3340963087289,0
"2018-05-15 08:47:06",25.1489583830436,0,31.9520234252997,0
"2018-05-15 08:48:06",23.8566868183047,0,35.3084998472683,0
"2018-05-15 08:49:06",66.4641473305328,1,97.8471439091967,0
"2018-05-15 08:50:06",76.1600078255448,1,60.8079558371661,0
"2018-05-15 08:51:06",60.0031943965101,1,68.7008858760309,0
"2018-05-15 08:52:06",72.5029936032817,1,82.7994016938841,0
"2018-05-15 08:53:06",61.1497753942807,1,69.8578242283139,0
"2018-05-15 08:54:06",67.4957047052806,1,87.422438576683,0
"2018-05-15 08:55:06",59.3938950230758,1,68.6287149788718,0
"2018-05-15 08:56:06",80.5152461980648,1,61.7064332331113,0
"2018-05-15 08:57:06",61.8776054115384,1,84.2625308287728,0
"2018-05-15 08:58:06",74.460399079155,1,92.4754682856654,0
"2018-05-15 08:59:06",66.1504579113207,1,87.3203306702763,0
"2018-05-15 09:00:06",72.1458165822177,1,96.3991923913873,0
"2018-05-15 09:01:06",37.317493710668,0,55.9976660389117,0
"2018-05-15 09:02:06",57.175515412721,1,68.3583382052234,0
"2018-05-15 09:03:06",57.9217375378709,1,76.8868110583676,0
"2018-05-15 09:04:07",51.7680802366428,1,71.6703605663656,0
"2018-05-15 09:05:07",72.9029795654721,1,163.405933656753,0
"2018-05-15 09:06:07",74.6472159485994,1,84.1889888110691,0
"2018-05-15 09:07:07",51.5007811014462,1,82.7416460871072,0
"2018-05-15 09:08:07",54.996943877233,1,88.6761424012968,0
"2018-05-15 09:09:07",64.9964745362436,1,125.965214875713,0
"2018-05-15 09:10:07",64.2938214120949,1,131.53815552525,0
"2018-05-15 09:11:07",52.246413405227,1,91.4133245085612,0
"2018-05-15 09:12:07",64.6966339814792,1,86.4668500857773,0
"2018-05-15 09:13:07",63.5885514969889,1,80.4712456308512,0
"2018-05-15 09:14:07",81.5611984992385,1,161.372659804277,0
"2018-05-15 09:15:07",49.6353154574917,1,73.2312370451349,0
"2018-05-15 09:16:07",58.9431009254498,1,68.3834841004083,0
"2018-05-15 09:17:07",58.6666641900765,1,75.1949608818,0
"2018-05-15 09:18:07",67.8868756505734,1,99.3350751793324,0
"2018-05-15 09:19:07",82.1089609259171,1,76.2448608170901,0
"2018-05-15 09:20:07",71.9391420483722,1,66.261582685816,0
"2018-05-15 09:21:07",311.534879622332,1,165.22026909069,0
"2018-05-15 09:22:07",73.4771127331035,1,96.4518014175381,0
"2018-05-15 09:23:07",71.4738248636773,1,98.1435172386544,0
"2018-05-15 09:24:07",76.0072938893283,1,117.288670236244,0
"2018-05-15 09:25:07",64.3011241960228,1,96.0990725705051,0
"2018-05-15 09:26:07",59.4914767578705,1,79.8690386333399,0
"2018-05-15 09:27:07",65.8625998173307,1,94.8550095174872,0
"2018-05-15 09:28:08",39.1829473719757,0,49.9754043348941,0
"2018-05-15 09:29:08",43.8716052574895,1,63.9292217578437,0
"2018-05-15 09:30:08",58.7606897760648,1,86.6270241665011,0
"2018-05-15 09:31:08",59.1383116473543,1,93.2280191826884,0
"2018-05-15 09:32:08",47.3596909324555,1,87.4682962081521,0
"2018-05-15 09:33:08",44.0858322106196,1,56.1108635279745,0
"2018-05-15 09:34:08",43.3638689938081,1,61.579226607008,0
"2018-05-15 09:35:08",48.0402684212761,1,68.9176940810178,0
"2018-05-15 09:36:08",72.2501703937345,1,55.4810819744334,0
"2018-05-15 09:37:08",61.9101394861677,1,69.4673695228661,0
"2018-05-15 09:38:08",60.947522133779,1,70.6113209783627,0
"2018-05-15 09:39:08",49.7466914813395,1,74.3287179214911,0
"2018-05-15 09:40:08",52.8647290378677,1,67.6467430983816,0
"2018-05-15 09:41:08",42.4530399257,1,57.940443371487,0
"2018-05-15 09:42:08",55.789796528755,1,66.8900318208549,0
"2018-05-15 09:43:08",49.2990306134104,1,56.9604091055903,0
"2018-05-15 09:44:08",66.1540074209202,1,100.747096628029,0
"2018-05-15 09:45:08",71.1944061856657,1,106.960548986498,0
"2018-05-15 09:46:08",71.7265225012229,1,69.8236049637463,0
"2018-05-15 09:47:08",65.9931013301024,1,109.26251358304,0
"2018-05-15 09:48:08",63.9192627314176,1,116.862619749248,0
"2018-05-15 09:49:08",30.0026249193397,0,185.41450960104,0
"2018-05-15 09:50:08",22.9511848718116,0,57.9989322077583,0
"2018-05-15 09:51:08",4.49631504101292,0,47.2600164135059,0
"2018-05-15 09:52:08",19.7044878418869,0,53.7865742393031,0
"2018-05-15 09:53:09",6.11922380201719,0,38.929063639087,0
"2018-05-15 09:54:09",11.5658386985698,0,45.0413638761235,0
"2018-05-15 09:55:09",10.2788469618926,0,38.0661110185538,0
"2018-05-15 09:56:09",9.53299704517498,0,29.1631962162963,0
"2018-05-15 09:57:09",12.6000454090628,0,57.8720699761443,0
"2018-05-15 09:58:09",10.4555696620257,0,35.3059371214413,0
"2018-05-15 09:59:09",11.5626617320371,0,39.5225901371728,0
"2018-05-15 10:00:09",14.3998070975606,0,42.8403998825544,0
"2018-05-15 10:01:09",17.9090751790613,0,44.5990189334803,0
"2018-05-15 10:02:09",15.2618267443877,0,35.5184029649982,0
"2018-05-15 10:03:09",19.646109734214,0,38.8268986244527,0
"2018-05-15 10:04:09",7.66960692818112,0,37.9894574483539,0
"2018-05-15 10:05:09",27.3041412112247,0,45.8949068890361,0
"2018-05-15 10:06:09",14.9762555809448,0,37.2697790183293,0
"2018-05-15 10:07:09",17.5997537339845,0,33.3708706327501,0
"2018-05-15 10:08:09",12.820243295686,0,33.0061637935085,0
"2018-05-15 10:09:09",13.2642722235619,0,23.1009361610601,0
"2018-05-15 10:10:09",27.6212407518754,0,60.6910597531718,0
"2018-05-15 10:11:09",19.6552772373623,0,34.69235504423,0
"2018-05-15 10:12:09",15.6442371641039,0,36.0375705962309,0
"2018-05-15 10:13:09",9.28466509725701,0,26.9279485088457,0
"2018-05-15 10:14:09",22.644194878588,0,60.9821058600619,0
"2018-05-15 10:15:09",12.200205897642,0,39.0585463805748,0
"2018-05-15 10:16:09",27.9230948800069,0,57.3007424775522,0
"2018-05-15 10:17:10",10.6259105863932,0,49.2781021058347,0
"2018-05-15 10:18:10",25.44151162824,0,49.739439616237,0
"2018-05-15 10:19:10",14.8541305948542,0,24.8946191911331,0
"2018-05-15 10:20:10",18.2432624491702,0,30.1569944429577,0
"2018-05-15 10:21:10",15.7885350173223,0,29.0632925300764,0
"2018-05-15 10:22:10",22.1842813157908,0,45.3328752045412,0
"2018-05-15 10:23:10",20.205873906481,0,35.2868342218521,0
"2018-05-15 10:24:10",18.9936448902634,0,28.9362122010386,0
"2018-05-15 10:25:10",17.7602438113633,0,26.6354050481921,0
"2018-05-15 10:26:10",19.3718338348449,0,35.0682513816794,0
"2018-05-15 10:27:10",27.750285535169,0,45.8037472836893,0
"2018-05-15 10:28:10",12.2743503743411,0,39.8659707220641,0
"2018-05-15 10:29:10",13.7607139859068,0,100.437690268957,0
"2018-05-15 10:30:10",18.5833612835554,0,42.5086502409774,0
"2018-05-15 10:31:10",23.2574685475476,0,27.788689765736,0
"2018-05-15 10:32:10",17.6490133087234,0,27.2306613119711,0
"2018-05-15 10:33:10",18.2221302500113,0,32.8950617031718,0
"2018-05-15 10:34:10",15.5076304681445,0,29.2056802643322,0
"2018-05-15 10:35:10",18.1348732893743,0,27.6733183882006,0
"2018-05-15 10:36:10",14.5233825554707,0,27.2050045788469,0
"2018-05-15 10:37:10",16.9646073999247,0,35.2313327118415,0
"2018-05-15 10:38:10",18.7209483605799,0,30.8754631339398,0
"2018-05-15 10:39:10",22.5331670769479,0,47.7843643810826,0
"2018-05-15 10:40:11",21.3993916858805,0,30.0061722643877,0
"2018-05-15 10:41:11",14.2772187150789,0,29.0457338332949,0
"2018-05-15 10:42:11",21.0522755593986,0,31.4331075950552,0
"2018-05-15 10:43:11",14.0800991955804,0,44.2138315755398,0
"2018-05-15 10:44:11",28.399410734572,0,45.0834257260232,0
"2018-05-15 10:45:11",17.398305183677,0,29.1507787882915,0
"2018-05-15 10:46:11",21.4385182889035,0,39.8136410225338,0
"2018-05-15 10:47:11",15.5262735951909,0,33.1203555697053,0
"2018-05-15 10:48:11",18.5080858835458,0,35.9914906744468,0
"2018-05-15 10:49:11",16.4353378741885,0,31.8933219969434,0
"2018-05-15 10:50:11",31.7711942778932,0,59.5327954729523,0
"2018-05-15 10:51:11",27.543232883405,0,133.569186206481,0
"2018-05-15 10:52:11",34.1118670328966,0,43.1555156153998,0
"2018-05-15 10:53:11",31.8296623588977,0,62.5705453806896,0
"2018-05-15 10:54:11",22.3794994274308,0,39.8743817604521,0
"2018-05-15 10:55:11",17.8613300404846,0,42.7253290080978,0
"2018-05-15 10:56:11",38.5383777261094,0,63.7308744746805,0
"2018-05-15 10:57:11",28.2836163778861,0,40.9229390759902,0
"2018-05-15 10:58:11",23.2064893403659,0,35.0505703789741,0
"2018-05-15 10:59:11",28.8455378865696,0,50.7900844925301,0
"2018-05-15 11:00:11",47.5461638952261,1,66.692834929677,0
"2018-05-15 11:01:11",36.4732115441886,0,43.5229938784036,0
"2018-05-15 11:02:12",28.2507964352633,0,41.7587931650785,0
"2018-05-15 11:03:12",37.634762847507,0,51.0399396904696,0
"2018-05-15 11:04:12",30.6791629131199,0,40.5226769707102,0
"2018-05-15 11:05:12",33.5277987222185,0,54.3768085455636,0
"2018-05-15 11:06:12",38.1423473281889,0,65.1916252294166,0
"2018-05-15 11:07:12",57.3235356016388,1,136.132344155702,0
"2018-05-15 11:08:12",52.496730153199,1,132.296114776111,0
"2018-05-15 11:09:12",45.3214870816698,1,80.7108311488886,0
"2018-05-15 11:10:12",41.5729772719997,1,112.057483702716,0
"2018-05-15 11:11:12",43.2055529022793,1,141.027502423088,0
"2018-05-15 11:12:12",28.5000460320767,0,63.2603233935156,0
"2018-05-15 11:13:12",37.0524977981015,0,97.1983306089148,0
"2018-05-15 11:14:12",33.4604638090794,0,50.1443187682254,0
"2018-05-15 11:15:12",29.233862859275,0,48.2749214458101,0
"2018-05-15 11:16:12",39.4505881393288,0,66.0036322446732,0
"2018-05-15 11:17:12",49.3838404328635,1,94.0786560850978,0
"2018-05-15 11:18:12",32.2658808037065,0,51.2655779080796,0
"2018-05-15 11:19:12",30.054456561968,0,49.6187606129452,0
"2018-05-15 11:20:12",56.8586299842368,1,44.027871500406,0
"2018-05-15 11:21:12",38.6992506513128,0,43.7199956111755,0
"2018-05-15 11:22:12",39.9352353292208,0,42.5721465701416,0
"2018-05-15 11:23:12",41.1983086421351,1,65.3148239480777,0
"2018-05-15 11:24:12",53.8652386713179,1,86.6615811620404,0
"2018-05-15 11:25:12",58.3254742605001,1,103.56605833775,0
"2018-05-15 11:26:12",64.8498505011207,1,107.041239290717,0
"2018-05-15 11:27:13",67.52152036536,1,106.486275984346,0
"2018-05-15 11:28:13",63.4171177354517,1,88.9905323169275,0
"2018-05-15 11:29:13",139.382500385807,1,189.911753193366,0
"2018-05-15 11:30:13",70.90996854223,1,54.5498705787721,0
"2018-05-15 11:31:13",59.7346341560434,1,68.5804801428803,0
"2018-05-15 11:32:13",37.4002335275576,0,99.2042424467829,0
"2018-05-15 11:33:13",54.3863451563267,1,123.332160237332,0
"2018-05-15 11:34:13",47.5765872292777,1,81.8435000368609,0
"2018-05-15 11:35:13",42.9679672814681,1,74.982453390455,0
"2018-05-15 11:36:13",42.1672250116698,1,72.9632230342738,0
"2018-05-15 11:37:13",52.4127751298837,1,88.324003258111,0
"2018-05-15 11:38:13",29.5770757037554,0,60.4334058730464,0
"2018-05-15 11:39:13",50.8934099694382,1,86.2938259425327,0
"2018-05-15 11:40:13",53.7168044510258,1,62.4680599201593,0
"2018-05-15 11:41:13",56.9090011486536,1,105.300067557391,0
"2018-05-15 11:42:13",43.6922150322814,1,81.2005235118978,0
"2018-05-15 11:43:13",75.187141862553,1,102.215777455455,0
"2018-05-15 11:44:13",47.9686109616274,1,89.4787386052611,0
"2018-05-15 11:45:13",51.5762667259559,1,89.0655966232853,0
"2018-05-15 11:46:13",73.3604745494645,1,131.783270494064,0
"2018-05-15 11:47:13",61.7188338420637,1,109.333436606091,0
"2018-05-15 11:48:13",81.0960695704038,1,137.626250240421,0
"2018-05-15 11:49:13",52.441077142288,1,93.8562583158014,0
"2018-05-15 11:50:14",35.7705552085181,0,154.287697029921,0
"2018-05-15 11:51:14",31.3294628638606,0,101.199680278307,0
"2018-05-15 11:52:14",24.675329426809,0,79.0995256974105,0
"2018-05-15 11:53:14",37.1327629913493,0,95.7050254350148,0
"2018-05-15 11:54:14",23.1114638025981,0,73.3782158871396,0
"2018-05-15 11:55:14",44.6711459371594,1,91.6415537554583,0
"2018-05-15 11:56:14",30.3159573045026,0,75.847834256703,0
"2018-05-15 11:57:14",35.8170639623579,0,76.9386915319693,0
"2018-05-15 11:58:14",38.3114667717682,0,91.8829038439992,0
"2018-05-15 11:59:14",47.2513116337946,1,84.6132425862767,0
"2018-05-15 12:00:14",39.9485940170678,0,96.4212953880766,0
"2018-05-15 12:01:14",46.6353225435569,1,109.936282240072,0
"2018-05-15 12:02:14",55.1633082326878,1,88.8946311127989,0
"2018-05-15 12:03:14",51.1148672828463,1,80.5864349161304,0
"2018-05-15 12:04:14",52.5871668865206,1,81.6345399375528,0
"2018-05-15 12:05:14",50.6037239590427,1,86.2980048036033,0
"2018-05-15 12:06:14",51.9073186446407,1,87.0461662844112,0
"2018-05-15 12:07:14",48.2613754614036,1,86.2153474969088,0
"2018-05-15 12:08:14",61.4147356322031,1,86.9396590461659,0
"2018-05-15 12:09:14",47.6128881058704,1,88.047427973477,0
"2018-05-15 12:10:14",56.5397913161814,1,87.2970640685803,0
"2018-05-15 12:11:14",50.4151547857786,1,89.9826703869821,0
"2018-05-15 12:12:14",51.6985155164891,1,108.788280977731,0
"2018-05-15 12:13:15",58.7784176173758,1,109.877653669666,0
"2018-05-15 12:14:15",51.457895767021,1,97.0038100143864,0
"2018-05-15 12:15:15",53.5919165377147,1,99.6898779536716,0
"2018-05-15 12:16:15",53.1696589006306,1,103.942756138211,0
"2018-05-15 12:17:15",63.6361324313944,1,124.987644977422,0
"2018-05-15 12:18:15",62.1833226263134,1,106.222535123612,0
"2018-05-15 12:19:15",65.1879519475706,1,98.7056227245178,0
"2018-05-15 12:20:15",57.7104164482909,1,104.799214113827,0
"2018-05-15 12:21:15",71.1323667538952,1,109.29113760002,0
"2018-05-15 12:22:15",62.158349754118,1,110.109651914198,0
"2018-05-15 12:23:15",74.0478539283654,1,117.193261510835,0
"2018-05-15 12:24:15",66.8661006577088,1,112.694128581087,0
"2018-05-15 12:25:15",71.1130615849828,1,113.96755698311,0
"2018-05-15 12:26:15",76.1826121018966,1,110.509828736046,0
"2018-05-15 12:27:15",72.8312882432721,1,108.350896521732,0
"2018-05-15 12:28:15",77.0198557415967,1,117.357545872241,0
"2018-05-15 12:29:15",78.8380312258072,1,113.021579836156,0
"2018-05-15 12:30:15",75.3434607558707,1,109.19465432907,0
"2018-05-15 12:31:15",75.0188882387976,1,112.156840919178,0
"2018-05-15 12:32:15",83.4947816229419,1,113.704918742089,0
"2018-05-15 12:33:15",75.8321374586143,1,121.869550156172,0
"2018-05-15 12:34:15",91.7108815989012,1,130.731044232163,0
"2018-05-15 12:35:15",80.8985850735586,1,125.508782689835,0
"2018-05-15 12:36:15",87.2762729151941,1,124.049663699991,0
"2018-05-15 12:37:16",83.9468016274913,1,128.980748723906,0
"2018-05-15 12:38:16",91.0439121251124,1,129.560433449847,0
"2018-05-15 12:39:16",88.4061687331937,1,138.860267291407,0
"2018-05-15 12:40:16",97.178428099952,1,146.432011788934,0
"2018-05-15 12:41:16",88.6233363160199,1,122.647078147304,0
"2018-05-15 12:42:16",86.9438646988323,1,124.256800826258,0
"2018-05-15 12:43:16",95.3531717043808,1,128.111874519291,0
"2018-05-15 12:44:16",87.6965612849678,1,129.14538494449,0
"2018-05-15 12:45:16",102.356468484715,1,134.794767320951,0
"2018-05-15 12:46:16",93.8875213393855,1,138.560633066518,0
"2018-05-15 12:47:16",97.7361353865369,1,130.015434241168,0
"2018-05-15 12:48:16",100.605686328465,1,148.023785548052,0
"2018-05-15 12:49:16",101.523157551462,1,137.106982609687,0
"2018-05-15 12:50:16",114.928293888057,1,297.518977633032,1
"2018-05-15 12:51:16",113.945714528128,1,181.529701769033,0
"2018-05-15 12:52:16",103.682403272703,1,162.753297449418,0
"2018-05-15 12:53:16",108.046332937317,1,160.728330115441,0
"2018-05-15 12:54:16",120.661499337583,1,162.739323822048,0
"2018-05-15 12:55:16",109.496221863702,1,164.00499981537,0
"2018-05-15 12:56:16",117.482824322739,1,177.017342573945,0
"2018-05-15 12:57:17",112.973287847383,1,168.51326162207,0
"2018-05-15 12:58:17",129.096860889159,1,170.637062799578,0
"2018-05-15 12:59:17",113.587113248443,1,173.515150987225,0
"2018-05-15 13:00:17",126.989275148771,1,166.771267016062,0
"2018-05-15 13:01:17",117.538104508791,1,169.797664396005,0
"2018-05-15 13:02:17",141.375433491646,1,204.403601646463,1
"2018-05-15 13:03:17",122.915178450083,1,183.679105366706,0
"2018-05-15 13:04:17",142.224675862544,1,184.763980706265,0
"2018-05-15 13:05:17",121.998458558859,1,159.50495890883,0
"2018-05-15 13:06:17",128.81987674017,1,164.526962170459,0
"2018-05-15 13:07:17",129.234050475351,1,177.988470399998,0
"2018-05-15 13:08:17",138.137972184815,1,169.817416617471,0
"2018-05-15 13:09:17",131.697989684202,1,172.89872745376,0
"2018-05-15 13:10:17",130.846712599239,1,176.758693868099,0
"2018-05-15 13:11:17",133.41325781949,1,194.30873547891,0
"2018-05-15 13:12:17",134.141008532412,1,207.776650518181,1
"2018-05-15 13:13:17",153.902280309178,1,220.663127917635,1
"2018-05-15 13:14:17",141.674897067168,1,210.655976220496,1
"2018-05-15 13:15:17",145.725389997294,1,207.412875263094,1
"2018-05-15 13:16:17",155.977687812498,1,214.353214569996,1
"2018-05-15 13:17:17",165.614947665805,1,203.393106036358,1
"2018-05-15 13:18:17",186.103977581948,1,233.937468597168,1
"2018-05-15 13:19:17",180.072514619486,1,213.074325845187,1
"2018-05-15 13:20:17",166.007090402483,1,202.644005512837,1
"2018-05-15 13:21:17",162.895400027765,1,206.403044320139,1
"2018-05-15 13:22:17",161.895476517105,1,205.323807972136,1
"2018-05-15 13:23:17",169.932144782202,1,214.41789578837,1
"2018-05-15 13:24:17",169.810164494873,1,210.793612366085,1
"2018-05-15 13:25:17",156.661311419513,1,220.021088949367,1
"2018-05-15 13:26:18",168.133902057524,1,212.504538473126,1
"2018-05-15 13:27:18",164.730487108132,1,221.412398339524,1
"2018-05-15 13:28:18",175.178149904846,1,214.28455081597,1
"2018-05-15 13:29:18",177.520217121319,1,229.963598357599,1
"2018-05-15 13:30:18",180.366233582881,1,235.834386993982,1
"2018-05-15 13:31:18",174.620012255104,1,216.961071939926,1
"2018-05-15 13:32:18",174.704946166691,1,223.427517278884,1
"2018-05-15 13:33:18",183.140242579139,1,221.557219242102,1
"2018-05-15 13:34:18",188.663627754132,1,232.176108772117,1
"2018-05-15 13:35:18",189.788976499486,1,244.704638246458,1
"2018-05-15 13:36:18",181.688342340034,1,235.586591053803,1
"2018-05-15 13:37:18",190.522269979584,1,231.270898586962,1
"2018-05-15 13:38:18",192.847555573791,1,246.784795136772,1
"2018-05-15 13:39:18",202.924857340889,1,233.068858025998,1
"2018-05-15 13:40:18",188.43582108953,1,241.134034385619,1
"2018-05-15 13:41:18",206.516233759902,1,237.516762778484,1
"2018-05-15 13:42:18",206.529126898963,1,226.3735108595,1
"2018-05-15 13:43:18",215.383452643861,1,234.006024650893,1
"2018-05-15 13:44:18",215.459249183951,1,232.341321515716,1
"2018-05-15 13:45:18",218.491152680877,1,236.386444930468,1
"2018-05-15 13:46:18",224.54974579529,1,244.487898781437,1
"2018-05-15 13:47:18",233.03728642831,1,242.908213348349,1
"2018-05-15 13:48:18",232.244429794656,1,247.013910806892,1
"2018-05-15 13:49:18",227.014315062735,1,246.252039500271,1
"2018-05-15 13:50:19",235.210451571375,1,236.485013425284,1
"2018-05-15 13:51:19",222.647574395356,1,271.26799959615,1
"2018-05-15 13:52:19",219.909304956707,1,276.798501411046,1
"2018-05-15 13:53:19",220.897250494595,1,269.942264633681,1
"2018-05-15 13:54:19",230.506359814271,1,278.722672778843,1
"2018-05-15 13:55:19",229.083806084239,1,276.074996029937,1
"2018-05-15 13:56:19",238.159363290605,1,264.007063317397,1
"2018-05-15 13:57:19",247.395283393404,1,277.260056983593,1
"2018-05-15 13:58:19",240.595740799598,1,272.095306478583,1
"2018-05-15 13:59:19",244.135524531009,1,262.607045226106,1
"2018-05-15 14:00:19",244.878678690042,1,257.032066701127,1
"2018-05-15 14:01:19",243.447608347646,1,275.122226966196,1
"2018-05-15 14:02:19",250.761610259799,1,291.451866752963,1
"2018-05-15 14:03:19",261.733973261782,1,300.460521467588,1
"2018-05-15 14:04:19",254.847327475003,1,297.10242109046,1
"2018-05-15 14:05:19",266.252423334366,1,265.181751228974,1
"2018-05-15 14:06:19",241.860286452626,1,299.540211167592,1
"2018-05-15 14:07:19",265.311864979281,1,277.724100322026,1
"2018-05-15 14:08:19",281.377852798994,1,289.444354413181,1
"2018-05-15 14:09:19",295.494335414711,1,285.021393402219,1
"2018-05-15 14:10:19",267.700629540287,1,296.419683654561,1
"2018-05-15 14:11:20",278.714578384967,1,298.709017786352,1
"2018-05-15 14:12:20",274.82915078657,1,309.2276720616,1
"2018-05-15 14:13:20",290.891010512643,1,325.927276607698,1
"2018-05-15 14:14:20",296.305505546806,1,301.364388994935,1
"2018-05-15 14:15:20",280.134216896138,1,318.351708504014,1
"2018-05-15 14:16:20",281.223410117167,1,298.97469637366,1
"2018-05-15 14:17:20",280.689041402854,1,320.841420648464,1
"2018-05-15 14:18:20",289.797862800436,1,295.848323326884,1
"2018-05-15 14:19:20",278.621077342513,1,352.930120206979,1
"2018-05-15 14:20:20",291.633515865924,1,324.996926258339,1
"2018-05-15 14:21:20",265.964067186291,1,314.360195671423,1
"2018-05-15 14:22:20",291.101808875587,1,317.891510575912,1
"2018-05-15 14:23:20",274.455300062764,1,324.536893168538,1
"2018-05-15 14:24:20",282.715162689332,1,331.272182652674,1
"2018-05-15 14:25:20",310.405954238685,1,340.606332432402,1
"2018-05-15 14:26:20",282.767435653356,1,319.149043024543,1
"2018-05-15 14:27:20",275.559118084563,1,317.960363469973,1
"2018-05-15 14:28:20",298.151764428344,1,343.730904637896,1
"2018-05-15 14:29:20",293.183533140904,1,315.251032902105,1
"2018-05-15 14:30:20",295.273720045348,1,335.436429621182,1
"2018-05-15 14:31:20",294.267262028352,1,333.753184730894,1
"2018-05-15 14:32:20",296.800907316895,1,355.81432250123,1
"2018-05-15 14:33:21",309.157153407022,1,345.910190500514,1
"2018-05-15 14:34:21",313.375168045979,1,366.558727970314,1
"2018-05-15 14:35:21",326.625936062997,1,355.56653122068,1
"2018-05-15 14:36:21",326.689251515498,1,373.475443476028,1
"2018-05-15 14:37:21",319.119827456549,1,347.198950177967,1
"2018-05-15 14:38:21",310.93485984724,1,344.302844320985,1
"2018-05-15 14:39:21",307.563972302952,1,343.384406292546,1
"2018-05-15 14:40:21",306.15494660035,1,331.903732437243,1
"2018-05-15 14:41:21",307.754908777559,1,333.558707196965,1
"2018-05-15 14:42:21",322.919347653048,1,357.386758312739,1
"2018-05-15 14:43:21",300.171956299341,1,355.857570535809,1
"2018-05-15 14:44:21",342.201922451949,1,357.223891733363,1
"2018-05-15 14:45:21",318.150181308464,1,376.937807289489,1
"2018-05-15 14:46:21",327.680171487465,1,349.356271985756,1
"2018-05-15 14:47:21",330.262877209534,1,357.05204575726,1
"2018-05-15 14:48:21",368.608078041514,1,378.317450847629,1
"2018-05-15 14:49:21",340.383118620464,1,363.678058303295,1
"2018-05-15 14:50:21",321.236026105603,1,341.475947513894,1
"2018-05-15 14:51:21",375.978564880529,1,496.111685169,1
"2018-05-15 14:52:21",368.376367558317,1,423.055905771404,1
"2018-05-15 14:53:21",370.466340842656,1,408.365590233959,1
"2018-05-15 14:54:21",374.524689043102,1,437.351126855856,1
"2018-05-15 14:55:21",403.357780574179,1,395.391427453106,1
"2018-05-15 14:56:21",365.595424091946,1,416.883761330709,1
"2018-05-15 14:57:21",380.735331575318,1,423.082054911822,1
"2018-05-15 14:58:21",396.198021502766,1,417.215469079879,1
"2018-05-15 14:59:22",398.053748855495,1,403.977708843237,1
"2018-05-15 15:00:22",400.409578172604,1,433.70682952347,1
"2018-05-15 15:01:22",405.819434705567,1,414.554008428759,1
"2018-05-15 15:02:22",415.037099520093,1,419.729927710874,1
"2018-05-15 15:03:22",415.75279780256,1,409.086549334613,1
"2018-05-15 15:04:22",414.802006900627,1,405.054240045921,1
"2018-05-15 15:05:22",416.90540586667,1,405.318095280727,1
"2018-05-15 15:06:22",378.696137553842,1,385.58230333402,1
"2018-05-15 15:07:22",392.844665346385,1,422.028008263037,1
"2018-05-15 15:08:22",397.07115331463,1,447.270787199326,1
"2018-05-15 15:09:22",464.786468848262,1,456.151994832033,1
"2018-05-15 15:10:22",409.662488778279,1,423.333145863607,1
"2018-05-15 15:11:22",418.393236997636,1,467.484589682982,1
"2018-05-15 15:12:22",398.486022785286,1,429.558567556735,1
"2018-05-15 15:13:22",408.986522310173,1,453.60978659138,1
"2018-05-15 15:14:22",415.449659926607,1,463.502237002358,1
"2018-05-15 15:15:22",419.846458140884,1,440.401869918905,1
"2018-05-15 15:16:22",370.648587558751,1,457.439545136955,1
"2018-05-15 15:17:22",394.65136939032,1,466.909557049676,1
"2018-05-15 15:18:22",416.393341620743,1,490.850191158163,1
"2018-05-15 15:19:22",404.100801350524,1,495.002249595911,1
"2018-05-15 15:20:22",425.235141239393,1,469.401062983201,1
"2018-05-15 15:21:23",390.285378684893,1,481.117082309378,1
"2018-05-15 15:22:23",427.303737348389,1,430.418906760736,1
"2018-05-15 15:23:23",468.11226507576,1,460.298620630731,1
"2018-05-15 15:24:23",453.201467699803,1,454.745789356206,1
"2018-05-15 15:25:23",484.353767382239,1,428.621285910084,1
"2018-05-15 15:26:23",421.957663530567,1,429.827317767619,1
"2018-05-15 15:27:23",439.232814735218,1,444.136581683863,1
"2018-05-15 15:28:23",448.122168714395,1,451.933106598902,1
"2018-05-15 15:29:23",439.930722780896,1,458.250478015848,1
"2018-05-15 15:30:23",444.950750842755,1,455.565975425393,1
"2018-05-15 15:31:23",482.946487074117,1,516.543475164767,1
"2018-05-15 15:32:23",455.428161908879,1,461.490318930357,1
"2018-05-15 15:33:23",519.469051822067,1,510.533851994112,1
"2018-05-15 15:34:23",444.72145127219,1,450.773623949455,1
"2018-05-15 15:35:23",456.40077896927,1,482.931045442797,1
"2018-05-15 15:36:23",471.481845015595,1,462.275045028105,1
"2018-05-15 15:37:23",450.549624390333,1,485.591792465829,1
"2018-05-15 15:38:23",447.297433536027,1,467.868352761213,1
"2018-05-15 15:39:23",467.381197249705,1,465.198470038575,1
"2018-05-15 15:40:23",463.795803951255,1,478.285586139226,1
"2018-05-15 15:41:23",490.967152521339,1,456.620999289935,1
"2018-05-15 15:42:23",506.975500951654,1,462.008833809111,1
"2018-05-15 15:43:23",480.742548762912,1,450.576442758991,1
"2018-05-15 15:44:23",505.796253667722,1,475.97593198511,1
"2018-05-15 15:45:23",509.428397790737,1,448.049801976156,1
"2018-05-15 15:46:23",535.927871645166,1,492.331293274952,1
"2018-05-15 15:47:24",501.511534946429,1,459.706097318215,1
"2018-05-15 15:48:24",489.334182049846,1,506.659924988597,1
"2018-05-15 15:49:24",475.188349334108,1,521.410914676021,1
"2018-05-15 15:50:24",499.761019355413,1,516.200164079449,1
"2018-05-15 15:51:24",508.320016777315,1,529.071617659558,1
"2018-05-15 15:52:24",457.60455756997,1,483.147773601044,1
"2018-05-15 15:53:24",452.787869261077,1,504.480386315521,1
"2018-05-15 15:54:24",478.451310667577,1,520.670813019085,1
"2018-05-15 15:55:24",495.774334144713,1,529.839933634878,1
"2018-05-15 15:56:24",467.103452295119,1,545.921504949991,1
"2018-05-15 15:57:24",466.971860663836,1,506.692607218066,1
"2018-05-15 15:58:24",462.658012125811,1,512.142528051751,1
"2018-05-15 15:59:24",491.239698356739,1,514.494847596222,1
"2018-05-15 16:00:24",491.817722619346,1,515.153784366349,1
"2018-05-15 16:01:24",484.789765030924,1,489.922394304592,1
"2018-05-15 16:02:24",452.305790385104,1,513.362066841582,1
"2018-05-15 16:03:24",451.703237748981,1,462.672610080347,1
"2018-05-15 16:04:24",462.274295743215,1,493.555924168947,1
"2018-05-15 16:05:24",539.342940767834,1,538.686983966824,1
"2018-05-15 16:06:24",462.141993427974,1,482.076955095801,1
"2018-05-15 16:07:24",499.349735897978,1,519.255796908315,1
"2018-05-15 16:08:24",476.906164948372,1,529.081872293457,1
"2018-05-15 16:09:24",477.251855680025,1,500.790355141274,1
"2018-05-15 16:10:24",479.140514895878,1,494.335366006117,1
"2018-05-15 16:11:24",484.335569124903,1,527.319343570773,1
"2018-05-15 16:12:24",501.086332704229,1,520.460257354128,1
"2018-05-15 16:13:25",484.035932080746,1,529.863053764667,1
"2018-05-15 16:14:25",484.426171843681,1,506.006695435336,1
"2018-05-15 16:15:25",464.183516319976,1,526.563445456434,1
"2018-05-15 16:16:25",458.691897366036,1,690.941851600565,1
"2018-05-15 16:17:25",483.070974347144,1,531.255211170288,1
"2018-05-15 16:18:25",460.110736704666,1,494.151346941223,1
"2018-05-15 16:19:25",469.127497000297,1,558.211094348443,1
"2018-05-15 16:20:25",445.765803168307,1,500.833028065077,1
"2018-05-15 16:21:25",463.315541211219,1,528.387113387021,1
"2018-05-15 16:22:25",468.623327908729,1,502.433859668955,1
"2018-05-15 16:23:25",486.361785334169,1,524.166108239667,1
"2018-05-15 16:24:25",472.127645831089,1,520.887558873882,1
"2018-05-15 16:25:25",484.651491073857,1,503.493483079293,1
"2018-05-15 16:26:25",477.915497356096,1,511.220598107298,1
"2018-05-15 16:27:25",502.115956660782,1,499.901188447765,1
"2018-05-15 16:28:25",461.935399144006,1,504.033485391912,1
"2018-05-15 16:29:25",461.244432432587,1,571.8708153339,1
"2018-05-15 16:30:25",478.644185001151,1,547.14014548014,1
"2018-05-15 16:31:25",482.683907807744,1,521.176646689399,1
"2018-05-15 16:32:25",457.597571479608,1,512.379029914425,1
"2018-05-15 16:33:26",451.044884968145,1,497.752983195562,1
"2018-05-15 16:34:26",452.31595284424,1,515.152881992207,1
"2018-05-15 16:35:26",460.194146303258,1,502.902003608867,1
"2018-05-15 16:36:26",459.859599638917,1,498.665695730022,1
"2018-05-15 16:37:26",467.332496507983,1,516.784256021707,1
"2018-05-15 16:38:26",468.187495685726,1,494.845062226571,1
"2018-05-15 16:39:26",473.531446867778,1,543.332011704528,1
"2018-05-15 16:40:26",482.567421419346,1,512.471256286433,1
"2018-05-15 16:41:26",455.942795017713,1,545.809364377493,1
"2018-05-15 16:42:26",476.614114835563,1,644.961594450945,1
"2018-05-15 16:43:26",465.864282627859,1,518.416230047164,1
"2018-05-15 16:44:26",468.147413005142,1,518.132277417924,1
"2018-05-15 16:45:26",476.922323512572,1,511.551617191157,1
"2018-05-15 16:46:26",476.909508317239,1,528.125550881352,1
"2018-05-15 16:47:26",464.052766552202,1,562.172724945892,1
"2018-05-15 16:48:26",471.563154242201,1,515.599628391057,1
"2018-05-15 16:49:26",476.926607173981,1,512.783509294303,1
"2018-05-15 16:50:26",470.723405126638,1,511.182443510652,1
"2018-05-15 16:51:26",506.786221652283,1,552.13008325234,1
"2018-05-15 16:52:26",496.238625422372,1,619.941043724262,1
"2018-05-15 16:53:26",466.756622438218,1,548.145831387369,1
"2018-05-15 16:54:26",510.872836421502,1,634.956929844614,1
"2018-05-15 16:55:26",463.426066954969,1,535.584691386135,1
"2018-05-15 16:56:26",447.623216137225,1,577.048237041688,1
"2018-05-15 16:57:27",512.173972736959,1,584.509610188202,1
"2018-05-15 16:58:27",476.26921474074,1,585.254205794264,1
"2018-05-15 16:59:27",464.36500042344,1,532.212622704079,1
"2018-05-15 17:00:27",503.270438248213,1,570.923141435101,1
"2018-05-15 17:01:27",469.343981885958,1,548.763318617973,1
"2018-05-15 17:02:27",484.992461975785,1,550.709163344347,1
"2018-05-15 17:03:27",480.198959721545,1,568.200144503296,1
"2018-05-15 17:04:27",492.402038587364,1,546.856506515274,1
"2018-05-15 17:05:27",477.232000797866,1,545.563087696678,1
"2018-05-15 17:06:27",489.283534038517,1,518.248746322308,1
"2018-05-15 17:07:27",467.701115668346,1,543.708529654089,1
"2018-05-15 17:08:27",486.025496396457,1,555.062969956543,1
"2018-05-15 17:09:27",471.906061931472,1,556.887776537915,1
"2018-05-15 17:10:27",515.827354729903,1,574.137864552427,1
"2018-05-15 17:11:27",501.993479722828,1,560.375558184289,1
"2018-05-15 17:12:27",480.084268314906,1,564.130019272169,1
"2018-05-15 17:13:27",478.58725895918,1,572.105102889251,1
"2018-05-15 17:14:27",487.060827924405,1,575.371823140226,1
"2018-05-15 17:15:27",505.416363160956,1,587.130397582467,1
"2018-05-15 17:16:27",473.210011479151,1,565.51412701514,1
"2018-05-15 17:17:27",586.254303634468,1,658.60421631719,1
"2018-05-15 17:18:27",484.92944577073,1,585.356821740953,1
"2018-05-15 17:19:27",537.223243203415,1,591.024057216094,1
"2018-05-15 17:20:28",468.115379063437,1,587.168772499246,1
"2018-05-15 17:21:28",509.02301352027,1,587.847603695366,1
"2018-05-15 17:22:28",501.485797211336,1,630.187469626906,1
"2018-05-15 17:23:28",498.545091032972,1,593.057252233176,1
"2018-05-15 17:24:28",500.237692160088,1,577.46528630931,1
"2018-05-15 17:25:28",536.49048745146,1,587.680802156858,1
"2018-05-15 17:26:28",525.676557118546,1,563.404677912979,1
"2018-05-15 17:27:28",522.511617773634,1,571.390105067546,1
"2018-05-15 17:28:28",500.415837940287,1,551.741849898326,1
"2018-05-15 17:29:28",517.560912082233,1,545.186307471571,1
"2018-05-15 17:30:28",534.07386854303,1,558.370926899569,1
"2018-05-15 17:31:28",537.75640871079,1,600.027132045027,1
"2018-05-15 17:32:28",537.083091865507,1,560.240511733155,1
"2018-05-15 17:33:28",521.217586732073,1,580.299237720229,1
"2018-05-15 17:34:28",513.658988679902,1,547.281571300398,1
"2018-05-15 17:35:28",492.689195939283,1,571.345944746465,1
"2018-05-15 17:36:28",497.842100621641,1,569.465189045287,1
"2018-05-15 17:37:28",495.817606867801,1,571.92081106588,1
"2018-05-15 17:38:28",512.758062328642,1,607.227775646022,1
"2018-05-15 17:39:28",500.361193268187,1,580.513449879903,1
"2018-05-15 17:40:28",500.648240330408,1,563.722082505758,1
"2018-05-15 17:41:29",492.594004446582,1,567.233265143902,1
"2018-05-15 17:42:29",522.830898020944,1,579.810952032143,1
"2018-05-15 17:43:29",522.404760770849,1,551.175523663889,1
"2018-05-15 17:44:29",515.346895209733,1,568.96610078536,1
"2018-05-15 17:45:29",511.348719501332,1,539.966400687543,1
"2018-05-15 17:46:29",508.811732031998,1,576.059067819108,1
"2018-05-15 17:47:29",542.642914442474,1,567.930592224954,1
"2018-05-15 17:48:29",524.739240048444,1,594.423795178207,1
"2018-05-15 17:49:29",519.934543843873,1,569.858882518139,1
"2018-05-15 17:50:29",510.444288589878,1,566.239248429943,1
"2018-05-15 17:51:29",516.949735705078,1,565.036257581728,1
"2018-05-15 17:52:29",512.911739656134,1,668.53781684255,1
"2018-05-15 17:53:29",499.216460537844,1,617.372291866777,1
"2018-05-15 17:54:29",506.382381302215,1,587.710590874573,1
"2018-05-15 17:55:29",505.861113152036,1,590.66047781869,1
"2018-05-15 17:56:29",496.57701822844,1,562.756610220678,1
"2018-05-15 17:57:29",527.103471884516,1,593.482925285015,1
"2018-05-15 17:58:29",504.073212566022,1,552.241499183816,1
"2018-05-15 17:59:29",535.605995101552,1,621.591469746896,1
"2018-05-15 18:00:29",521.793256690577,1,556.069642205776,1
"2018-05-15 18:01:29",526.982013012166,1,587.599733310826,1
"2018-05-15 18:02:29",524.124571779999,1,613.575629724558,1
"2018-05-15 18:03:29",505.908529876408,1,594.512437001058,1
"2018-05-15 18:04:29",535.170234497582,1,591.07954368766,1
"2018-05-15 18:05:29",529.761692763528,1,588.387065021237,1
"2018-05-15 18:06:30",531.294634447676,1,581.789993404597,1
"2018-05-15 18:07:30",547.537684605259,1,595.161711258788,1
"2018-05-15 18:08:30",540.67365816364,1,592.037741177343,1
"2018-05-15 18:09:30",549.934938558345,1,581.104818928941,1
"2018-05-15 18:10:30",555.896050954688,1,613.915710153904,1
"2018-05-15 18:11:30",563.87497137557,1,596.631225900965,1
"2018-05-15 18:12:30",534.739340262246,1,587.300142530445,1
"2018-05-15 18:13:30",568.233822210599,1,595.969435414145,1
"2018-05-15 18:14:30",538.16471225315,1,617.831347338859,1
"2018-05-15 18:15:30",536.116168725167,1,599.42145117819,1
"2018-05-15 18:16:30",564.833813259936,1,631.220213262248,1
"2018-05-15 18:17:30",579.621140188142,1,636.503907303308,1
"2018-05-15 18:18:30",554.347857910518,1,650.100621040911,1
"2018-05-15 18:19:30",610.177424768186,1,653.030328982025,1
"2018-05-15 18:20:30",553.035236087605,1,624.210554784084,1
"2018-05-15 18:21:30",562.848056784209,1,634.78681626703,1
"2018-05-15 18:22:30",630.738385514591,1,655.670498228474,1
"2018-05-15 18:23:30",576.792388190538,1,622.031526130933,1
"2018-05-15 18:24:30",592.160777735483,1,604.434858460292,1
"2018-05-15 18:25:30",589.654242621062,1,644.173664857421,1
"2018-05-15 18:26:30",552.44943816597,1,593.888249008342,1
"2018-05-15 18:27:30",578.223521542763,1,651.371485785084,1
"2018-05-15 18:28:30",573.896240517255,1,649.742112415443,1
"2018-05-15 18:29:31",549.846890788425,1,635.550268608387,1
"2018-05-15 18:30:31",523.316885110406,1,626.776856988452,1
"2018-05-15 18:31:31",563.99020216589,1,643.967926276749,1
"2018-05-15 18:32:31",578.025044548776,1,673.241323522883,1
"2018-05-15 18:33:31",581.269956374285,1,657.200492676762,1
"2018-05-15 18:34:31",566.784164977793,1,647.295154936751,1
"2018-05-15 18:35:31",553.160637584915,1,607.271216415657,1
"2018-05-15 18:36:31",609.068371177026,1,699.215436468085,1
"2018-05-15 18:37:31",580.839369406338,1,650.954037257933,1
"2018-05-15 18:38:31",555.118250923532,1,659.0288621015,1
"2018-05-15 18:39:31",580.286916871361,1,639.669173100234,1
"2018-05-15 18:40:31",590.831049514132,1,680.861936555275,1
"2018-05-15 18:41:31",592.431858734486,1,675.522774787538,1
"2018-05-15 18:42:31",561.30821494448,1,649.928020736602,1
"2018-05-15 18:43:31",571.138209141728,1,631.701453969054,1
"2018-05-15 18:44:31",553.195746394332,1,613.207581211138,1
"2018-05-15 18:45:31",585.243267321666,1,653.808067654032,1
"2018-05-15 18:46:31",557.51062655117,1,609.292491120355,1
"2018-05-15 18:47:31",581.43084332618,1,648.188566811765,1
"2018-05-15 18:48:31",600.851225825155,1,661.863398352995,1
"2018-05-15 18:49:31",527.542499854444,1,609.523085112641,1
"2018-05-15 18:50:31",581.752745492807,1,644.332337828197,1
"2018-05-15 18:51:31",583.489537644941,1,656.66093732357,1
"2018-05-15 18:52:31",612.341296723213,1,671.57779780562,1
"2018-05-15 18:53:31",542.6675761387,1,699.09364901584,1
"2018-05-15 18:54:32",575.643344638135,1,678.556511344209,1
"2018-05-15 18:55:32",548.300320331261,1,650.064059276239,1
"2018-05-15 18:56:32",590.988187486022,1,679.621419884073,1
"2018-05-15 18:57:32",547.53265210795,1,648.434092753042,1
"2018-05-15 18:58:32",581.504176103641,1,644.634170253665,1
"2018-05-15 18:59:32",580.827766368783,1,661.273029746972,1
"2018-05-15 19:00:32",575.256837081794,1,644.325844410575,1
"2018-05-15 19:01:32",583.296016289159,1,633.033138137111,1
"2018-05-15 19:02:32",618.575437189818,1,687.515742140348,1
"2018-05-15 19:03:32",583.377645492899,1,627.807752362252,1
"2018-05-15 19:04:32",583.238685179275,1,671.974987177866,1
"2018-05-15 19:05:32",588.394104248361,1,633.184317978673,1
"2018-05-15 19:06:32",608.84433738197,1,668.852420834788,1
"2018-05-15 19:07:32",561.67121626068,1,636.071579287136,1
"2018-05-15 19:08:32",611.851652282894,1,683.354544066177,1
"2018-05-15 19:09:32",586.13452036436,1,676.387366004506,1
"2018-05-15 19:10:32",579.763930533775,1,670.28958744301,1
"2018-05-15 19:11:32",612.724167700386,1,706.869774565935,1
"2018-05-15 19:12:32",598.599666763886,1,669.815932070723,1
"2018-05-15 19:13:32",592.207095660113,1,697.048702688029,1
"2018-05-15 19:14:32",565.322147290605,1,657.681717224239,1
"2018-05-15 19:15:33",607.006120254495,1,746.202807239838,1
"2018-05-15 19:16:33",611.662086803956,1,706.182100966048,1
"2018-05-15 19:17:33",582.598758662935,1,712.991180021298,1
"2018-05-15 19:18:33",601.798923318195,1,704.065019864478,1
"2018-05-15 19:19:33",588.84634841417,1,706.965157831278,1
"2018-05-15 19:20:33",647.690213182628,1,765.227632693001,1
"2018-05-15 19:21:33",600.616667506289,1,718.664065290335,1
"2018-05-15 19:22:33",625.699451006696,1,665.601779046169,1
"2018-05-15 19:23:33",626.998234156022,1,679.490499868534,1
"2018-05-15 19:24:33",637.669619864349,1,668.263598420666,1
"2018-05-15 19:25:33",634.0184440405,1,669.904369508649,1
"2018-05-15 19:26:33",660.793931621134,1,684.774708320525,1
"2018-05-15 19:27:33",670.71675171096,1,687.468947962944,1
"2018-05-15 19:28:33",665.57205469913,1,699.266070564566,1
"2018-05-15 19:29:33",694.00894195698,1,686.87781323374,1
"2018-05-15 19:30:33",632.740791295019,1,674.925392031753,1
"2018-05-15 19:31:33",640.47061225995,1,654.918429191111,1
"2018-05-15 19:32:33",652.500814467788,1,728.132714735947,1
"2018-05-15 19:33:33",649.859239616808,1,696.246428857511,1
"2018-05-15 19:34:33",634.810281622398,1,679.894362262343,1
"2018-05-15 19:35:33",649.313710908656,1,704.589020314249,1
"2018-05-15 19:36:33",785.23955000681,1,848.284264208749,1
"2018-05-15 19:37:33",658.787419691274,1,719.526797603058,1
"2018-05-15 19:38:33",693.998988684847,1,744.911875919818,1
"2018-05-15 19:39:33",666.653191768299,1,706.433129556862,1
"2018-05-15 19:40:34",656.359566080486,1,687.776348921679,1
"2018-05-15 19:41:34",635.077343420513,1,675.531503000134,1
"2018-05-15 19:42:34",664.184030089303,1,700.426143887728,1
"2018-05-15 19:43:34",638.197225162856,1,688.674100473659,1
"2018-05-15 19:44:34",703.941911440592,1,683.627161690352,1
"2018-05-15 19:45:34",672.240360988066,1,771.989445242491,1
"2018-05-15 19:46:34",656.0102844334,1,682.931861161152,1
"2018-05-15 19:47:34",635.009406346873,1,667.110756586223,1
"2018-05-15 19:48:34",652.761352458753,1,660.261378872638,1
"2018-05-15 19:49:34",672.050633634917,1,666.871713314499,1
"2018-05-15 19:50:34",660.764852503697,1,685.262976015879,1
"2018-05-15 19:51:34",668.360171642757,1,682.000418275412,1
"2018-05-15 19:52:34",659.365262963879,1,675.385176697449,1
"2018-05-15 19:53:34",649.244828970655,1,796.903304996859,1
"2018-05-15 19:54:34",635.055408380634,1,707.63735888864,1
"2018-05-15 19:55:34",674.639392046193,1,693.985662157198,1
"2018-05-15 19:56:34",636.686607899185,1,717.880862829127,1
"2018-05-15 19:57:34",663.006645297034,1,701.45507061184,1
"2018-05-15 19:58:34",640.68456157857,1,740.174782984172,1
"2018-05-15 19:59:34",670.968439790154,1,698.426181449258,1
"2018-05-15 20:00:34",682.152896732618,1,690.167111097866,1
"2018-05-15 20:01:34",636.155424252775,1,645.335115894584,1
"2018-05-15 20:02:34",655.213390401967,1,657.48721540662,1
"2018-05-15 20:03:35",642.482508199034,1,698.51943510947,1
"2018-05-15 20:04:35",656.618709875582,1,679.369399850968,1
"2018-05-15 20:05:35",605.775466594962,1,696.320067510667,1
"2018-05-15 20:06:35",638.991425921074,1,664.585788386064,1
"2018-05-15 20:07:35",640.577468042453,1,690.677760826507,1
"2018-05-15 20:08:35",635.281310919123,1,669.894179041232,1
"2018-05-15 20:09:35",619.303971228077,1,679.160386887682,1
"2018-05-15 20:10:35",640.624782712494,1,686.825607776059,1
"2018-05-15 20:11:35",617.246159542419,1,750.563704888542,1
"2018-05-15 20:12:35",625.827853543776,1,676.132502956345,1
"2018-05-15 20:13:35",633.445737789173,1,703.989997429984,1
"2018-05-15 20:14:35",619.494223450062,1,699.145465297779,1
"2018-05-15 20:15:35",617.096261216679,1,694.267672464986,1
"2018-05-15 20:16:35",635.82739560633,1,725.66731320703,1
"2018-05-15 20:17:35",617.486735578468,1,699.987986342344,1
"2018-05-15 20:18:35",633.20024922174,1,721.778879087845,1
"2018-05-15 20:19:35",612.635408972008,1,717.472670374055,1
"2018-05-15 20:20:35",606.98092637757,1,698.589318792108,1
"2018-05-15 20:21:35",637.876535900146,1,707.929570680137,1
"2018-05-15 20:22:35",665.211756960133,1,792.91156048378,1
"2018-05-15 20:23:35",680.304876050467,1,694.7472552032,1
"2018-05-15 20:24:35",625.095619677067,1,712.359250358862,1
"2018-05-15 20:25:35",685.526595368415,1,717.567342029432,1
"2018-05-15 20:26:35",623.582315457895,1,713.469817740835,1
"2018-05-15 20:27:35",649.70852820139,1,716.031238917122,1
"2018-05-15 20:28:36",631.40922464163,1,714.197150456808,1
"2018-05-15 20:29:36",638.974706589566,1,708.918963498399,1
"2018-05-15 20:30:36",653.542684710323,1,695.080657327032,1
"2018-05-15 20:31:36",666.240655855397,1,738.923918312999,1
"2018-05-15 20:32:36",663.733623572823,1,721.071976502402,1
"2018-05-15 20:33:36",633.576382559093,1,726.535232764527,1
"2018-05-15 20:34:36",650.940676985783,1,704.17570332184,1
"2018-05-15 20:35:36",651.041215983003,1,725.046355173442,1
"2018-05-15 20:36:36",641.477640533137,1,695.081590376862,1
"2018-05-15 20:37:36",634.331381443123,1,734.052987771214,1
"2018-05-15 20:38:36",695.085461371844,1,764.991358540822,1
"2018-05-15 20:39:36",639.905386842362,1,692.185242759541,1
"2018-05-15 20:40:36",636.506648949485,1,701.617312838378,1
"2018-05-15 20:41:36",610.738482537251,1,683.934764205556,1
"2018-05-15 20:42:36",633.23676541234,1,719.103356826159,1
"2018-05-15 20:43:36",627.533286547014,1,710.679009629911,1
"2018-05-15 20:44:36",654.114861165145,1,700.168168644574,1
"2018-05-15 20:45:36",633.48649012995,1,679.195987908597,1
"2018-05-15 20:46:36",643.149370888223,1,705.651348079003,1
"2018-05-15 20:47:36",652.608076259668,1,708.342592387898,1
"2018-05-15 20:48:36",629.292769709456,1,698.817524912714,1
"2018-05-15 20:49:36",628.746034434827,1,667.324137556829,1
"2018-05-15 20:50:37",666.90548635661,1,841.950972190842,1
"2018-05-15 20:51:37",649.457776850596,1,726.35971545845,1
"2018-05-15 20:52:37",667.293860308366,1,737.942099590051,1
"2018-05-15 20:53:37",665.359914152099,1,779.245071251313,1
"2018-05-15 20:54:37",705.285665923235,1,860.504507408754,1
"2018-05-15 20:55:37",652.610602631844,1,768.860070361336,1
"2018-05-15 20:56:37",644.339694269037,1,766.045699821882,1
"2018-05-15 20:57:37",709.034496453686,1,810.189447934754,1
"2018-05-15 20:58:37",633.735601531979,1,741.098528478256,1
"2018-05-15 20:59:37",686.361302512599,1,788.336802632862,1
"2018-05-15 21:00:37",677.690008079471,1,748.331376629352,1
"2018-05-15 21:01:37",640.959755449172,1,738.241383923396,1
"2018-05-15 21:02:37",654.763052705476,1,725.573035061871,1
"2018-05-15 21:03:37",652.799972190844,1,767.613540027925,1
"2018-05-15 21:04:37",674.539863778536,1,757.298903683698,1
"2018-05-15 21:05:37",669.053197142174,1,780.082985970671,1
"2018-05-15 21:06:37",647.914483607848,1,730.418977132837,1
"2018-05-15 21:07:37",638.118447077044,1,723.010619178566,1
"2018-05-15 21:08:37",648.630872535278,1,729.002034393275,1
"2018-05-15 21:09:37",641.524854280024,1,745.777487669088,1
"2018-05-15 21:10:37",651.412720515523,1,725.382584791284,1
"2018-05-15 21:11:38",647.304442318794,1,714.586576244877,1
"2018-05-15 21:12:38",656.033187496587,1,767.757804225353,1
"2018-05-15 21:13:38",654.752839752844,1,758.368846064158,1
"2018-05-15 21:14:38",639.272155053144,1,781.079774666956,1
"2018-05-15 21:15:38",708.367196430506,1,787.583279494076,1
"2018-05-15 21:16:38",695.938964075431,1,895.401198477031,1
"2018-05-15 21:17:38",637.502882517434,1,767.475047076738,1
"2018-05-15 21:18:38",626.250461749063,1,740.901211348294,1
"2018-05-15 21:19:38",664.879329191417,1,752.950610914161,1
"2018-05-15 21:20:38",620.719491526005,1,728.869145808225,1
"2018-05-15 21:21:38",663.899818675029,1,737.534501654082,1
"2018-05-15 21:22:38",631.387406411601,1,718.686829739928,1
"2018-05-15 21:23:38",647.822673038582,1,731.749383330628,1
"2018-05-15 21:24:38",633.643947707207,1,737.367364749892,1
"2018-05-15 21:25:38",617.094876960619,1,752.26637866481,1
"2018-05-15 21:26:38",646.730026643898,1,745.21967522994,1
"2018-05-15 21:27:38",621.393564577633,1,756.036511804737,1
"2018-05-15 21:28:38",630.901158434077,1,714.424975015837,1
"2018-05-15 21:29:38",616.07023651686,1,753.36587691263,1
"2018-05-15 21:30:38",624.270865511139,1,742.509622592037,1
"2018-05-15 21:31:38",612.003370687443,1,736.309607675181,1
"2018-05-15 21:32:38",651.352002975649,1,751.173379481356,1
"2018-05-15 21:33:38",637.562149106124,1,740.670503553074,1
"2018-05-15 21:34:38",620.882876232553,1,722.462078821712,1
"2018-05-15 21:35:38",617.453972228057,1,724.528165925577,1
"2018-05-15 21:36:38",625.509597751986,1,728.17091382002,1
"2018-05-15 21:37:39",664.850851149016,1,739.95911220402,1
"2018-05-15 21:38:39",672.636687592081,1,807.885749279042,1
"2018-05-15 21:39:39",653.129030164475,1,715.631878210441,1
"2018-05-15 21:40:39",623.14812253183,1,744.640149370782,1
"2018-05-15 21:41:39",660.782154899894,1,735.833857341606,1
"2018-05-15 21:42:39",657.498317192254,1,798.45939284332,1
"2018-05-15 21:43:39",634.515609435375,1,770.019536944931,1
"2018-05-15 21:44:39",658.893075885326,1,747.918459292962,1
"2018-05-15 21:45:39",686.816000990012,1,754.749149107923,1
"2018-05-15 21:46:39",643.066026312794,1,716.251920391447,1
"2018-05-15 21:47:39",676.956260142871,1,723.690612651021,1
"2018-05-15 21:48:39",675.659289509058,1,733.892360604007,1
"2018-05-15 21:49:39",693.221294125177,1,784.362625578661,1
"2018-05-15 21:50:39",681.134763778186,1,737.997476498911,1
"2018-05-15 21:51:39",658.476613445454,1,726.141409176808,1
"2018-05-15 21:52:39",672.784674922459,1,719.454115248818,1
"2018-05-15 21:53:39",695.124325524521,1,754.885476925648,1
"2018-05-15 21:54:39",651.89005885517,1,770.253201340768,1
"2018-05-15 21:55:39",647.837138693889,1,837.619847144277,1
"2018-05-15 21:56:39",667.968346160696,1,793.129156852257,1
"2018-05-15 21:57:39",647.702236566854,1,758.686355059356,1
"2018-05-15 21:58:39",630.736424449954,1,736.957240160456,1
"2018-05-15 21:59:39",637.435264327543,1,745.173118418513,1
"2018-05-15 22:00:39",660.543627929505,1,744.448229105447,1
"2018-05-15 22:01:39",663.360091212444,1,750.213054607235,1
"2018-05-15 22:02:40",650.786591632215,1,750.075909722411,1
"2018-05-15 22:03:40",640.844690666446,1,701.779098107539,1
"2018-05-15 22:04:40",633.642398672005,1,736.168667862579,1
"2018-05-15 22:05:40",685.83284133597,1,776.665297142942,1
"2018-05-15 22:06:40",627.976551538255,1,735.146025606923,1
"2018-05-15 22:07:40",679.573657845678,1,730.156886352794,1
"2018-05-15 22:08:40",629.19451876144,1,765.76392808886,1
"2018-05-15 22:09:40",682.320949594325,1,770.264333725152,1
"2018-05-15 22:10:40",644.092309456156,1,748.329559076862,1
"2018-05-15 22:11:40",700.232493783878,1,787.281361098766,1
"2018-05-15 22:12:40",638.626052759155,1,724.60645671418,1
"2018-05-15 22:13:40",644.243060276933,1,726.963474303347,1
"2018-05-15 22:14:40",653.955032572518,1,736.123215560562,1
"2018-05-15 22:15:40",644.422553632959,1,753.722655797176,1
"2018-05-15 22:16:40",636.413953879561,1,734.983383679854,1
"2018-05-15 22:17:40",627.01345961826,1,760.74438971403,1
"2018-05-15 22:18:40",644.258571141032,1,720.948577475336,1
"2018-05-15 22:19:40",648.70510169779,1,756.773760853815,1
"2018-05-15 22:20:40",649.585724407523,1,733.018232671886,1
"2018-05-15 22:21:40",626.539963160416,1,770.355383850239,1
"2018-05-15 22:22:40",678.875726118743,1,763.222494528941,1
"2018-05-15 22:23:40",659.462238358614,1,763.245004630463,1
"2018-05-15 22:24:40",663.630596314491,1,714.882534103029,1
"2018-05-15 22:25:41",704.349626741844,1,771.967144295037,1
"2018-05-15 22:26:41",667.387260177345,1,708.045948168983,1
"2018-05-15 22:27:41",692.465366683917,1,716.090280732329,1
"2018-05-15 22:28:41",692.089117478136,1,752.849128077493,1
"2018-05-15 22:29:41",687.350940913686,1,717.674226106984,1
"2018-05-15 22:30:41",708.321418260407,1,749.600807403727,1
"2018-05-15 22:31:41",692.984262216814,1,728.025549774352,1
"2018-05-15 22:32:41",676.188895509251,1,718.039176207726,1
"2018-05-15 22:33:41",709.305574808651,1,751.077624173813,1
"2018-05-15 22:34:41",683.397768537682,1,769.404811725989,1
"2018-05-15 22:35:41",707.676866741321,1,735.121922738878,1
"2018-05-15 22:36:41",708.027311413053,1,758.486279680013,1
"2018-05-15 22:37:41",670.457113797713,1,703.147677639895,1
"2018-05-15 22:38:41",678.307401257619,1,734.070098635437,1
"2018-05-15 22:39:41",686.884345828784,1,734.944019870845,1
"2018-05-15 22:40:41",675.91205722416,1,714.202175604308,1
"2018-05-15 22:41:41",671.1865194565,1,712.315097642198,1
"2018-05-15 22:42:41",717.05276230295,1,760.234321100435,1
"2018-05-15 22:43:41",661.470135410328,1,709.782040222141,1
"2018-05-15 22:44:41",694.374911485985,1,726.863872560475,1
"2018-05-15 22:45:42",671.540479457157,1,765.673645323476,1
"2018-05-15 22:46:42",685.924173840086,1,690.086945437895,1
"2018-05-15 22:47:42",668.43940449094,1,756.023210167398,1
"2018-05-15 22:48:42",694.211221596073,1,758.603968215424,1
"2018-05-15 22:49:42",654.57025958306,1,728.49706173199,1
"2018-05-15 22:50:42",702.464167957515,1,752.05742459131,1
"2018-05-15 22:51:42",693.842291665398,1,757.689957297828,1
"2018-05-15 22:52:42",672.944990930558,1,729.561916472383,1
"2018-05-15 22:53:42",734.141411646841,1,796.199971372134,1
"2018-05-15 22:54:42",701.943218764593,1,852.627311111901,1
"2018-05-15 22:55:42",675.959431652705,1,757.316899366965,1
"2018-05-15 22:56:42",690.971587108219,1,800.766987951338,1
"2018-05-15 22:57:42",698.018868684484,1,792.132273931715,1
"2018-05-15 22:58:42",695.75543424355,1,799.137681132522,1
"2018-05-15 22:59:42",700.060308679186,1,744.394518112386,1
"2018-05-15 23:00:42",695.199658335728,1,813.957410767762,1
"2018-05-15 23:01:42",717.752834763084,1,752.945589151663,1
"2018-05-15 23:02:42",714.211725631191,1,769.16741416849,1
"2018-05-15 23:03:42",720.313247100966,1,736.70557094876,1
"2018-05-15 23:04:42",706.138933138542,1,742.666001798722,1
"2018-05-15 23:05:43",772.625160538277,1,693.487682128093,1
"2018-05-15 23:06:43",711.449586530622,1,779.500419292921,1
"2018-05-15 23:07:43",720.566735863561,1,759.490218180672,1
"2018-05-15 23:08:43",703.786521636546,1,724.275407379774,1
"2018-05-15 23:09:43",691.210925088084,1,746.714028829638,1
"2018-05-15 23:10:43",727.094366190653,1,760.538551997606,1
"2018-05-15 23:11:43",712.800770655276,1,791.176466415181,1
"2018-05-15 23:12:43",717.90920612524,1,753.254572077056,1
"2018-05-15 23:13:43",685.087436591926,1,785.477100181784,1
"2018-05-15 23:14:43",720.971546216234,1,797.579487107294,1
"2018-05-15 23:15:43",640.129829638242,1,764.906501689402,1
"2018-05-15 23:16:43",668.40861878597,1,803.020047765694,1
"2018-05-15 23:17:43",653.372495254559,1,798.964403312732,1
"2018-05-15 23:18:43",674.717863117996,1,762.967871243331,1
"2018-05-15 23:19:43",674.221781214829,1,772.853679351074,1
"2018-05-15 23:20:43",687.771389448326,1,782.952276521218,1
"2018-05-15 23:21:43",708.732567305215,1,796.23650077035,1
"2018-05-15 23:22:43",698.494558251462,1,788.602239885511,1
"2018-05-15 23:23:43",706.419194610205,1,734.850985544904,1
"2018-05-15 23:24:43",700.20975632864,1,735.25091019204,1
"2018-05-15 23:25:43",733.917820591287,1,741.522098801885,1
"2018-05-15 23:26:44",714.950879650687,1,772.377174312819,1
"2018-05-15 23:27:44",654.141577487759,1,822.105342885431,1
"2018-05-15 23:28:44",611.494906110062,1,770.955322754228,1
"2018-05-15 23:29:44",624.919082868818,1,737.504384033723,1
"2018-05-15 23:30:44",614.605577648301,1,760.613675662055,1
"2018-05-15 23:31:44",661.624012913102,1,776.437532449668,1
"2018-05-15 23:32:44",622.238464662765,1,740.060293636662,1
"2018-05-15 23:33:44",645.262175398657,1,780.385844291759,1
"2018-05-15 23:34:44",636.489939690006,1,750.738041116136,1
"2018-05-15 23:35:44",645.24469812452,1,765.919832962301,1
"2018-05-15 23:36:44",687.903495666365,1,766.567921841618,1
"2018-05-15 23:37:44",617.844803170471,1,747.285170421765,1
"2018-05-15 23:38:44",659.609755152606,1,738.231400763603,1
"2018-05-15 23:39:44",632.809370985118,1,793.45787150455,1
"2018-05-15 23:40:44",640.884833415746,1,751.44721544883,1
"2018-05-15 23:41:44",642.267690280064,1,764.110009519204,1
"2018-05-15 23:42:44",641.775428870281,1,747.620350756668,1
"2018-05-15 23:43:44",674.204169375312,1,802.283909175173,1
"2018-05-15 23:44:44",641.858433552467,1,738.534784593774,1
"2018-05-15 23:45:45",646.891587965238,1,737.320786965326,1
"2018-05-15 23:46:45",661.146344943679,1,730.880468667902,1
"2018-05-15 23:47:45",684.266000577436,1,759.027342884756,1
"2018-05-15 23:48:45",663.159624045639,1,744.090967427602,1
"2018-05-15 23:49:45",663.972949772894,1,721.522395496673,1
"2018-05-15 23:50:45",675.139813640006,1,797.595910253318,1
"2018-05-15 23:51:45",685.031644835963,1,736.603240575073,1
"2018-05-15 23:52:45",627.2657718903,1,737.002460531913,1
"2018-05-15 23:53:45",649.486547112616,1,795.459589636192,1
"2018-05-15 23:54:45",631.500420458709,1,752.301034564357,1
"2018-05-15 23:55:45",652.87340384548,1,765.903254118042,1
"2018-05-15 23:56:45",658.438121739843,1,820.130371954002,1
"2018-05-15 23:57:45",629.985522356627,1,764.213378626818,1
"2018-05-15 23:58:45",637.247837441755,1,755.455521391401,1
"2018-05-15 23:59:45",641.838068787987,1,740.866188176649,1
"2018-05-16 00:00:02",625.306673752734,1,731.127655449653,1
"2018-05-16 00:00:45",624.437027685982,1,719.493769476803,1
"2018-05-16 00:01:45",634.260239958313,1,757.105738200613,1
"2018-05-16 00:02:45",655.534888099416,1,740.425983810734,1
"2018-05-16 00:03:45",618.499771885788,1,707.42461817827,1
"2018-05-16 00:04:45",670.886983415812,1,711.522086460147,1
"2018-05-16 00:05:45",621.27235033894,1,751.903411001951,1
"2018-05-16 00:06:45",645.806382588196,1,752.99026895,1
"2018-05-16 00:07:45",652.951450054797,1,769.60955294966,1
"2018-05-16 00:08:45",639.540216303392,1,726.821320829119,1
"2018-05-16 00:09:45",651.571204018234,1,733.217507420346,1
"2018-05-16 00:10:45",638.050476257917,1,719.114418616085,1
"2018-05-16 00:11:45",639.161002710177,1,752.034596286827,1
"2018-05-16 00:12:46",685.387258429477,1,766.574208013573,1
"2018-05-16 00:13:46",654.456853459087,1,742.795663586457,1
"2018-05-16 00:14:46",653.392331076355,1,749.575668140568,1
"2018-05-16 00:15:46",636.431235258652,1,728.206151073344,1
"2018-05-16 00:16:46",657.226165076064,1,770.077831151555,1
"2018-05-16 00:17:46",648.105245398952,1,745.368559293587,1
"2018-05-16 00:18:46",637.817467075616,1,798.451712842439,1
"2018-05-16 00:19:46",664.355859261989,1,829.410701097275,1
"2018-05-16 00:20:46",619.1009662501,1,760.299659274034,1
"2018-05-16 00:21:46",622.897050611815,1,729.478952180786,1
"2018-05-16 00:22:46",651.816555012101,1,747.862135312532,1
"2018-05-16 00:23:46",655.887863842545,1,745.369774175176,1
"2018-05-16 00:24:46",641.770200511219,1,769.349853378049,1
"2018-05-16 00:25:46",658.530645282077,1,718.167432057587,1
"2018-05-16 00:26:46",649.208649244549,1,707.787632692182,1
"2018-05-16 00:27:46",659.354346313554,1,725.776590131222,1
"2018-05-16 00:28:46",662.997347971515,1,698.749405379162,1
"2018-05-16 00:29:46",667.791505981646,1,739.858310587837,1
"2018-05-16 00:30:46",694.291147492208,1,716.945704652618,1
"2018-05-16 00:31:46",644.624390915477,1,737.578426594134,1
"2018-05-16 00:32:46",651.622266899264,1,704.760373406983,1
"2018-05-16 00:33:46",643.597590731543,1,712.448161307683,1
"2018-05-16 00:34:46",677.585860859815,1,706.068313877993,1
"2018-05-16 00:35:46",687.008224659834,1,694.387732211635,1
"2018-05-16 00:36:46",709.031414583675,1,761.661184909772,1
"2018-05-16 00:37:46",658.363003710859,1,708.749207861135,1
"2018-05-16 00:38:46",655.437830249026,1,709.855729392602,1
"2018-05-16 00:39:46",673.600706620314,1,718.865447592675,1
"2018-05-16 00:40:47",675.79663752871,1,723.816142349571,1
"2018-05-16 00:41:47",663.58239169811,1,706.163551934584,1
"2018-05-16 00:42:47",675.57818387722,1,736.519167114102,1
"2018-05-16 00:43:47",691.025701240316,1,706.873386517602,1
"2018-05-16 00:44:47",669.877680232779,1,745.388261641765,1
"2018-05-16 00:45:47",680.069847634117,1,693.972530502907,1
"2018-05-16 00:46:47",717.042241352703,1,761.277992718775,1
"2018-05-16 00:47:47",676.553962175563,1,709.695291047076,1
"2018-05-16 00:48:47",660.197835051384,1,703.704500851819,1
"2018-05-16 00:49:47",647.292483256393,1,702.477019410617,1
"2018-05-16 00:50:47",651.430397226503,1,691.718181970563,1
"2018-05-16 00:51:47",694.007083483261,1,744.314588728171,1
"2018-05-16 00:52:47",656.604326133551,1,698.973736831117,1
"2018-05-16 00:53:47",659.663607716348,1,698.663417074113,1
"2018-05-16 00:54:47",668.525976442375,1,687.557427968703,1
"2018-05-16 00:55:47",692.381248872227,1,847.407565128271,1
"2018-05-16 00:56:47",672.96759676064,1,763.229772461215,1
"2018-05-16 00:57:47",677.343845480305,1,738.872893270381,1
"2018-05-16 00:58:47",705.075173879843,1,746.927821461774,1
"2018-05-16 00:59:47",688.597673453718,1,724.88205845202,1
"2018-05-16 01:00:47",704.81438853381,1,732.489948434707,1
"2018-05-16 01:01:47",687.008158394294,1,725.693068383252,1
"2018-05-16 01:02:47",698.059551269712,1,733.073972949681,1
"2018-05-16 01:03:47",694.717883283379,1,755.297131596636,1
"2018-05-16 01:04:47",665.598288263744,1,734.584716506785,1
"2018-05-16 01:05:47",690.629334753302,1,765.220666509013,1
"2018-05-16 01:06:47",673.670059886852,1,710.090854539765,1
"2018-05-16 01:07:47",682.410825582774,1,731.732500889657,1
"2018-05-16 01:08:48",698.810524227462,1,733.350462966933,1
"2018-05-16 01:09:48",696.309993225841,1,701.468775730209,1
"2018-05-16 01:10:48",698.180853275226,1,728.506144778393,1
"2018-05-16 01:11:48",709.995679861938,1,724.938335982509,1
"2018-05-16 01:12:48",729.611058611635,1,738.349799480883,1
"2018-05-16 01:13:48",712.20482812263,1,722.810442060797,1
"2018-05-16 01:14:48",678.839835873219,1,739.512525192603,1
"2018-05-16 01:15:48",681.415641293553,1,713.786100363499,1
"2018-05-16 01:16:48",667.106599192385,1,731.08819901252,1
"2018-05-16 01:17:48",671.065558259062,1,738.655987573928,1
"2018-05-16 01:18:48",702.172836102754,1,754.88445173756,1
"2018-05-16 01:19:48",717.6599991222,1,771.25814315233,1
"2018-05-16 01:20:48",641.394198154471,1,744.239915436337,1
"2018-05-16 01:21:48",671.994092640284,1,752.013874733896,1
"2018-05-16 01:22:48",693.297512808943,1,735.988432854513,1
"2018-05-16 01:23:48",669.498763496878,1,707.945446800645,1
"2018-05-16 01:24:48",709.043870343254,1,752.435452690004,1
"2018-05-16 01:25:48",706.006492670494,1,743.068129489332,1
"2018-05-16 01:26:48",733.146306939085,1,727.275417085229,1
"2018-05-16 01:27:48",794.314867899356,1,790.220911323109,1
"2018-05-16 01:28:48",751.324901839714,1,716.980863081815,1
"2018-05-16 01:29:48",699.582800443484,1,701.659619518512,1
"2018-05-16 01:30:48",703.559945365495,1,716.64263215686,1
"2018-05-16 01:31:48",741.954069679183,1,749.223008855159,1
"2018-05-16 01:32:48",657.164776364069,1,722.5363947859,1
"2018-05-16 01:33:48",624.132073194787,1,743.920574769669,1
"2018-05-16 01:34:48",634.727722615512,1,745.309505824591,1
"2018-05-16 01:35:49",678.281227120811,1,809.533552977245,1
"2018-05-16 01:36:49",580.488582054745,1,724.143261510512,1
"2018-05-16 01:37:49",616.044208625903,1,757.597347614892,1
"2018-05-16 01:38:49",613.543313409636,1,732.679804587345,1
"2018-05-16 01:39:49",711.789835484685,1,827.677189617019,1
"2018-05-16 01:40:49",653.977554476198,1,766.909592798818,1
"2018-05-16 01:41:49",623.199781530879,1,762.9196709778,1
"2018-05-16 01:42:49",684.29281549165,1,734.952258851455,1
"2018-05-16 01:43:49",655.999235329608,1,761.457109002074,1
"2018-05-16 01:44:49",659.801088832492,1,765.174118092536,1
"2018-05-16 01:45:49",639.942826747999,1,747.073675735845,1
"2018-05-16 01:46:49",645.041249033358,1,714.832811301273,1
"2018-05-16 01:47:49",651.759598086774,1,723.841021147476,1
"2018-05-16 01:48:49",644.89754925434,1,743.132100746663,1
"2018-05-16 01:49:49",648.344246197087,1,730.29588911511,1
"2018-05-16 01:50:49",627.620217074061,1,704.823439353652,1
"2018-05-16 01:51:49",596.867109055831,1,733.023874598132,1
"2018-05-16 01:52:49",645.914087580315,1,718.215367439018,1
"2018-05-16 01:53:49",645.65575855937,1,760.851817195652,1
"2018-05-16 01:54:49",610.959356126003,1,691.123037076022,1
"2018-05-16 01:55:49",617.123993365028,1,853.116965384802,1
"2018-05-16 01:56:49",622.818781702582,1,753.537863264326,1
"2018-05-16 01:57:49",603.842975848096,1,741.575161283609,1
"2018-05-16 01:58:49",603.316352826956,1,712.653957645128,1
"2018-05-16 01:59:50",585.206071979063,1,706.097512346062,1
"2018-05-16 02:00:50",592.550293864156,1,708.08225474191,1
"2018-05-16 02:01:50",588.567483417488,1,728.719889859115,1
"2018-05-16 02:02:50",594.692738592387,1,683.399225940677,1
"2018-05-16 02:03:50",594.878437636391,1,677.147330569317,1
"2018-05-16 02:04:50",601.888178860525,1,687.132292817915,1
"2018-05-16 02:05:50",655.048369792482,1,741.525871508215,1
"2018-05-16 02:06:50",576.46177108786,1,690.815936957195,1
"2018-05-16 02:07:50",649.577225189731,1,711.039195799263,1
"2018-05-16 02:08:50",604.899050761386,1,695.949533104083,1
"2018-05-16 02:09:50",645.091827944907,1,657.103338358565,1
"2018-05-16 02:10:50",582.14634162327,1,673.656377849255,1
"2018-05-16 02:11:50",585.495185698417,1,661.914569244593,1
"2018-05-16 02:12:50",612.92908942386,1,681.573473246572,1
"2018-05-16 02:13:50",587.58644437846,1,652.868467763362,1
"2018-05-16 02:14:50",612.020919686098,1,672.75055522383,1
"2018-05-16 02:15:50",608.727595263352,1,675.544791030248,1
"2018-05-16 02:16:50",596.221028907609,1,652.301573872555,1
"2018-05-16 02:17:50",552.179519024879,1,639.21119682881,1
"2018-05-16 02:18:50",610.753560174156,1,697.303048270596,1
"2018-05-16 02:19:50",591.385779268523,1,669.688178547349,1
"2018-05-16 02:20:50",622.854210796788,1,676.97645598372,1
"2018-05-16 02:21:50",548.89057470929,1,681.776160793981,1
"2018-05-16 02:22:50",618.721699430413,1,656.980510563204,1
"2018-05-16 02:23:50",607.449353884924,1,702.300651229005,1
"2018-05-16 02:24:50",607.357687988048,1,660.975348755751,1
"2018-05-16 02:25:50",603.215279598313,1,636.082102750944,1
"2018-05-16 02:26:50",590.876100672375,1,624.435560102742,1
"2018-05-16 02:27:50",625.262829083294,1,646.284556618323,1
"2018-05-16 02:28:50",596.717254824514,1,622.381323802028,1
"2018-05-16 02:29:51",606.490694220248,1,671.266998188404,1
"2018-05-16 02:30:51",619.667388272859,1,641.654769432392,1
"2018-05-16 02:31:51",626.769212572904,1,623.725181767251,1
"2018-05-16 02:32:51",587.573354653897,1,624.708009464233,1
"2018-05-16 02:33:51",607.462542464461,1,640.62977256179,1
"2018-05-16 02:34:51",596.136407941573,1,641.57004248551,1
"2018-05-16 02:35:51",610.088564643919,1,618.907856035128,1
"2018-05-16 02:36:51",615.531922570458,1,650.974324429622,1
"2018-05-16 02:37:51",616.659799172886,1,648.037708092221,1
"2018-05-16 02:38:51",617.24049228725,1,674.073545204665,1
"2018-05-16 02:39:51",624.319143239003,1,657.208808490807,1
"2018-05-16 02:40:51",609.048970202253,1,675.689561720419,1
"2018-05-16 02:41:51",609.89698377897,1,641.549712361942,1
"2018-05-16 02:42:51",602.627001771687,1,644.835135170614,1
"2018-05-16 02:43:51",614.869337671512,1,676.089936092263,1
"2018-05-16 02:44:51",593.785096240943,1,634.192519910003,1
"2018-05-16 02:45:51",598.730483326018,1,653.227054749404,1
"2018-05-16 02:46:51",632.28121151672,1,625.67049128336,1
"2018-05-16 02:47:51",595.924206640097,1,650.157014651671,1
"2018-05-16 02:48:51",612.368340539072,1,630.114027562431,1
"2018-05-16 02:49:51",560.253289719695,1,626.91728384191,1
"2018-05-16 02:50:51",601.760242520103,1,654.417861725446,1
"2018-05-16 02:51:51",601.802206065782,1,670.267124866218,1
"2018-05-16 02:52:52",586.877704033087,1,631.581211161588,1
"2018-05-16 02:53:52",570.100700600384,1,646.084440983691,1
"2018-05-16 02:54:52",622.305014379415,1,674.237119948065,1
"2018-05-16 02:55:52",605.492416592055,1,671.955698877593,1
"2018-05-16 02:56:52",567.917281255456,1,666.248288795119,1
"2018-05-16 02:57:52",584.42519886207,1,659.337073875162,1
"2018-05-16 02:58:52",578.126713689161,1,682.911379375477,1
"2018-05-16 02:59:52",601.875229383259,1,662.680632825812,1
"2018-05-16 03:00:52",617.214205376917,1,722.085641370065,1
"2018-05-16 03:01:52",617.721543172456,1,668.664069408352,1
"2018-05-16 03:02:52",575.744404493484,1,637.685005587783,1
"2018-05-16 03:03:52",614.609160766104,1,655.049368639418,1
"2018-05-16 03:04:52",610.150146569446,1,662.183137411611,1
"2018-05-16 03:05:52",611.920928924137,1,648.228552251671,1
"2018-05-16 03:06:52",581.669972215083,1,639.727591986509,1
"2018-05-16 03:07:52",617.098857233883,1,627.279692996187,1
"2018-05-16 03:08:52",603.353661523339,1,632.249795911222,1
"2018-05-16 03:09:52",598.936079529254,1,642.393760719312,1
"2018-05-16 03:10:52",599.165329817786,1,622.898408468931,1
"2018-05-16 03:11:52",605.353789658641,1,649.011986954647,1
"2018-05-16 03:12:52",599.769365021842,1,599.460817551048,1
"2018-05-16 03:13:52",599.829866191991,1,640.917411706207,1
"2018-05-16 03:14:52",593.928766550602,1,615.690122961823,1
"2018-05-16 03:15:52",614.425938275429,1,652.179420814531,1
"2018-05-16 03:16:53",580.839865949039,1,629.780369591392,1
"2018-05-16 03:17:53",574.812973156372,1,646.859705402483,1
"2018-05-16 03:18:53",599.88398781785,1,658.688485955445,1
"2018-05-16 03:19:53",588.604855412338,1,653.820425394398,1
"2018-05-16 03:20:53",569.848447472516,1,639.302857030091,1
"2018-05-16 03:21:53",572.770241434631,1,626.770425247682,1
"2018-05-16 03:22:53",591.864676603771,1,641.554025713633,1
"2018-05-16 03:23:53",607.994063456476,1,651.045992632037,1
"2018-05-16 03:24:53",588.616321346975,1,663.610542792497,1
"2018-05-16 03:25:53",638.015092375608,1,642.277447133236,1
"2018-05-16 03:26:53",616.254750554286,1,642.597885051204,1
"2018-05-16 03:27:53",662.321840879352,1,645.607779005189,1
"2018-05-16 03:28:53",604.137440438474,1,620.664009762354,1
"2018-05-16 03:29:53",609.16564117793,1,620.04392229848,1
"2018-05-16 03:30:53",619.635209973038,1,610.289886348014,1
"2018-05-16 03:31:53",611.301670502579,1,596.369704967343,1
"2018-05-16 03:32:53",626.722013803567,1,630.268110419494,1
"2018-05-16 03:33:53",634.868543491946,1,623.93797053919,1
"2018-05-16 03:34:53",634.413796558878,1,625.385214670639,1
"2018-05-16 03:35:53",646.223121217068,1,652.253574946501,1
"2018-05-16 03:36:53",634.062638722528,1,607.911795857438,1
"2018-05-16 03:37:53",631.822183510552,1,636.735370029476,1
"2018-05-16 03:38:53",649.807164932866,1,621.234735130937,1
"2018-05-16 03:39:53",637.386059886968,1,652.675449353788,1
"2018-05-16 03:40:54",646.635420798711,1,606.581305045755,1
"2018-05-16 03:41:54",653.010653251498,1,658.896925741634,1
"2018-05-16 03:42:54",654.78853532605,1,646.543203483004,1
"2018-05-16 03:43:54",645.71169823551,1,651.044180891511,1
"2018-05-16 03:44:54",661.515005224115,1,664.013118290109,1
"2018-05-16 03:45:54",650.822287640416,1,661.211232927959,1
"2018-05-16 03:46:54",709.614050332802,1,670.398341506687,1
"2018-05-16 03:47:54",692.018890314982,1,644.98430349528,1
"2018-05-16 03:48:54",677.795551419359,1,628.790420819535,1
"2018-05-16 03:49:54",669.655239795786,1,617.205488122118,1
"2018-05-16 03:50:54",682.374648215878,1,648.752326233623,1
"2018-05-16 03:51:54",703.884825439752,1,641.059313938024,1
"2018-05-16 03:52:54",687.55243938457,1,681.784639441707,1
"2018-05-16 03:53:54",700.543142537011,1,632.356574911406,1
"2018-05-16 03:54:54",680.003747037695,1,656.582993629182,1
"2018-05-16 03:55:54",699.811932795298,1,657.262826576769,1
"2018-05-16 03:56:54",679.614700374201,1,787.83577818317,1
"2018-05-16 03:57:54",687.778341508502,1,710.75364549734,1
"2018-05-16 03:58:54",671.546667028886,1,679.188062990109,1
"2018-05-16 03:59:54",693.253816620907,1,680.451789785171,1
"2018-05-16 04:00:54",698.207471420614,1,684.884266866345,1
"2018-05-16 04:01:55",720.105927414282,1,696.740489751469,1
"2018-05-16 04:02:55",730.852723116071,1,720.274824167643,1
"2018-05-16 04:03:55",591.170127015127,1,669.810641594734,1
"2018-05-16 04:04:55",564.600338208546,1,664.601343198675,1
"2018-05-16 04:05:55",574.394660424318,1,690.503477937531,1
"2018-05-16 04:06:55",542.943212377533,1,641.287023900332,1
"2018-05-16 04:07:55",547.556634377497,1,683.528187929767,1
"2018-05-16 04:08:55",570.252588017857,1,661.496922452104,1
"2018-05-16 04:09:55",528.632386027812,1,631.868063684043,1
"2018-05-16 04:10:55",538.668964516658,1,621.080047957245,1
"2018-05-16 04:11:55",548.275587592719,1,630.726747755315,1
"2018-05-16 04:12:55",522.258260365449,1,599.641206107406,1
"2018-05-16 04:13:55",538.912315355848,1,621.745651707651,1
"2018-05-16 04:14:55",549.035607894654,1,659.765644580407,1
"2018-05-16 04:15:55",547.147896953798,1,607.352350412355,1
"2018-05-16 04:16:55",526.710514381891,1,614.935543219584,1
"2018-05-16 04:17:55",540.438157166361,1,603.457716554866,1
"2018-05-16 04:18:55",518.694673105968,1,630.636354983559,1
"2018-05-16 04:19:55",553.87391549697,1,618.21532635461,1
"2018-05-16 04:20:55",545.199310794901,1,649.298897621264,1
"2018-05-16 04:21:55",536.624142292091,1,615.194095284677,1
"2018-05-16 04:22:55",528.914972983125,1,617.455228425502,1
"2018-05-16 04:23:55",550.031445104484,1,632.27822788304,1
"2018-05-16 04:24:55",550.568126534195,1,631.310247159683,1
"2018-05-16 04:25:55",534.353434428243,1,650.303751909275,1
"2018-05-16 04:26:55",571.875138136039,1,602.36693669574,1
"2018-05-16 04:27:56",564.317113792843,1,603.2685412309,1
"2018-05-16 04:28:56",555.936529824428,1,584.580733387764,1
"2018-05-16 04:29:56",544.536041130756,1,621.917205465165,1
"2018-05-16 04:30:56",593.06858618066,1,599.105389966174,1
"2018-05-16 04:31:56",566.040340833539,1,618.469695926836,1
"2018-05-16 04:32:56",566.430127822904,1,603.865381715641,1
"2018-05-16 04:33:56",555.323106543672,1,617.388786240157,1
"2018-05-16 04:34:56",550.842243202202,1,592.659697409833,1
"2018-05-16 04:35:56",591.726345111023,1,660.871695858191,1
"2018-05-16 04:36:56",578.362978737325,1,627.652338036174,1
"2018-05-16 04:37:56",566.686756932864,1,616.857856141778,1
"2018-05-16 04:38:56",572.177720724053,1,634.338231135364,1
"2018-05-16 04:39:56",571.870471851522,1,611.580959435395,1
"2018-05-16 04:40:56",553.667072480866,1,620.072511468011,1
"2018-05-16 04:41:56",572.772605221814,1,620.491684618747,1
"2018-05-16 04:42:56",562.079850483458,1,628.194488974169,1
"2018-05-16 04:43:56",554.124363719461,1,603.491151171743,1
"2018-05-16 04:44:56",533.189146800172,1,623.866739585459,1
"2018-05-16 04:45:56",575.15665123169,1,611.744123896827,1
"2018-05-16 04:46:56",553.160421638805,1,625.976758879859,1
"2018-05-16 04:47:56",574.393071754083,1,651.130758635787,1
"2018-05-16 04:48:56",558.96634989526,1,617.036355633209,1
"2018-05-16 04:49:56",568.924956098906,1,622.121641586835,1
"2018-05-16 04:50:56",550.505786737256,1,595.18414280398,1
"2018-05-16 04:51:57",562.645088084609,1,620.013435824196,1
"2018-05-16 04:52:57",563.052667257438,1,620.031585077905,1
"2018-05-16 04:53:57",553.526218800252,1,602.463366673703,1
"2018-05-16 04:54:57",571.477468074937,1,622.912786667819,1
"2018-05-16 04:55:57",559.380933615115,1,607.471440436641,1
"2018-05-16 04:56:57",575.234031588281,1,623.874750797685,1
"2018-05-16 04:57:57",628.840595666016,1,660.541865087766,1
"2018-05-16 04:58:57",525.136269256089,1,657.53400251979,1
"2018-05-16 04:59:57",550.466329107862,1,672.3847179552,1
"2018-05-16 05:00:57",581.219691310499,1,709.663137759219,1
"2018-05-16 05:01:57",542.927721509064,1,664.683099067109,1
"2018-05-16 05:02:57",545.086919516679,1,648.419682215251,1
"2018-05-16 05:03:57",536.665703023418,1,647.468445302505,1
"2018-05-16 05:04:57",525.822545744354,1,634.229164668785,1
"2018-05-16 05:05:57",543.247640297219,1,633.644150650757,1
"2018-05-16 05:06:57",546.387785114248,1,680.758030733891,1
"2018-05-16 05:07:57",558.139499984398,1,627.098315359636,1
"2018-05-16 05:08:57",555.397681778902,1,623.414986325834,1
"2018-05-16 05:09:57",553.222860496697,1,617.487175805337,1
"2018-05-16 05:10:57",618.030481283262,1,688.547305625711,1
"2018-05-16 05:11:57",573.449914410245,1,623.953177682594,1
"2018-05-16 05:12:57",580.497607869654,1,647.391283683056,1
"2018-05-16 05:13:57",596.966421202978,1,639.83193074448,1
"2018-05-16 05:14:57",607.187104031349,1,654.080031969914,1
"2018-05-16 05:15:58",532.754591125547,1,618.354978345835,1
"2018-05-16 05:16:58",559.957902685389,1,599.78001257766,1
"2018-05-16 05:17:58",554.609311749712,1,611.86689559807,1
"2018-05-16 05:18:58",541.265570776481,1,637.695128053516,1
"2018-05-16 05:19:58",509.643689170475,1,614.723603023497,1
"2018-05-16 05:20:58",518.180691530547,1,627.166664863975,1
"2018-05-16 05:21:58",537.524346099426,1,630.141443030121,1
"2018-05-16 05:22:58",577.011639994137,1,624.818363092882,1
"2018-05-16 05:23:58",580.673388685028,1,617.766776870938,1
"2018-05-16 05:24:58",584.237750494264,1,624.699049873057,1
"2018-05-16 05:25:58",566.783230524759,1,620.159462002726,1
"2018-05-16 05:26:58",583.790330096849,1,621.303512731382,1
"2018-05-16 05:27:58",599.989990117476,1,596.238912731774,1
"2018-05-16 05:28:58",561.361408939816,1,574.131136367372,1
"2018-05-16 05:29:58",583.818630910315,1,612.347440733954,1
"2018-05-16 05:30:58",577.201495856611,1,601.254402096139,1
"2018-05-16 05:31:58",576.190938635517,1,590.719505718264,1
"2018-05-16 05:32:58",604.06008897252,1,600.096392058014,1
"2018-05-16 05:33:58",597.524277828384,1,603.056769961383,1
"2018-05-16 05:34:58",575.440101333221,1,569.024784001261,1
"2018-05-16 05:35:58",578.916286941786,1,609.368776583717,1
"2018-05-16 05:36:58",611.664009871557,1,650.170390159714,1
"2018-05-16 05:37:58",600.880345579991,1,607.904794466661,1
"2018-05-16 05:38:58",540.920596059837,1,578.729480719854,1
"2018-05-16 05:39:58",555.209179149073,1,597.807297251084,1
"2018-05-16 05:40:58",518.457240686893,1,600.170205065555,1
"2018-05-16 05:41:58",568.174127718564,1,599.000596748173,1
"2018-05-16 05:42:59",543.554191350186,1,594.745687157809,1
"2018-05-16 05:43:59",509.648099935387,1,626.018049635397,1
"2018-05-16 05:44:59",501.398350229784,1,581.709463098048,1
"2018-05-16 05:45:59",531.377616711352,1,583.401978476513,1
"2018-05-16 05:46:59",548.732004712527,1,603.710967850448,1
"2018-05-16 05:47:59",555.621071167076,1,580.292763401406,1
"2018-05-16 05:48:59",558.730304931446,1,586.500811135603,1
"2018-05-16 05:49:59",504.413053776464,1,580.70543146307,1
"2018-05-16 05:50:59",539.406696204818,1,587.918917211327,1
"2018-05-16 05:51:59",528.692992849182,1,562.109722588187,1
"2018-05-16 05:52:59",562.848148880578,1,599.308415578405,1
"2018-05-16 05:53:59",570.549402871151,1,573.475648749919,1
"2018-05-16 05:54:59",529.743408675502,1,556.601592047498,1
"2018-05-16 05:55:59",559.283318997733,1,580.303869140685,1
"2018-05-16 05:56:59",529.988759972239,1,601.027470599327,1
"2018-05-16 05:57:59",525.369711097036,1,581.242900188587,1
"2018-05-16 05:58:59",515.919511712773,1,593.73328300524,1
"2018-05-16 05:59:59",465.243624030414,1,591.542920477459,1
"2018-05-16 06:00:59",501.349620897795,1,599.644783581262,1
"2018-05-16 06:01:59",464.986981262301,1,610.242275495735,1
"2018-05-16 06:02:59",509.965455210477,1,576.291585392632,1
"2018-05-16 06:03:59",460.919397833224,1,625.873055098598,1
"2018-05-16 06:04:59",513.312090284105,1,579.216941146961,1
"2018-05-16 06:05:59",490.68537953933,1,564.455915359164,1
"2018-05-16 06:07:00",498.158899073068,1,561.549913060408,1
"2018-05-16 06:08:00",498.89320111511,1,601.846553687793,1
"2018-05-16 06:09:00",507.813548829253,1,582.639567105946,1
"2018-05-16 06:10:00",506.703404957484,1,594.822641111671,1
"2018-05-16 06:11:00",491.962518078221,1,571.74342475476,1
"2018-05-16 06:12:00",516.199945553316,1,539.100541050411,1
"2018-05-16 06:13:00",478.32344552861,1,548.690755322635,1
"2018-05-16 06:14:00",481.831572902842,1,554.619924918371,1
"2018-05-16 06:15:00",484.763128179642,1,594.745329309447,1
"2018-05-16 06:16:00",485.311414713292,1,539.124118105371,1
"2018-05-16 06:17:00",469.485331962131,1,572.428266806993,1
"2018-05-16 06:18:00",495.162585539512,1,564.818912295201,1
"2018-05-16 06:19:00",488.991880079077,1,579.745678333453,1
"2018-05-16 06:20:00",485.355649402484,1,568.144274993655,1
"2018-05-16 06:21:00",503.963355091697,1,580.681433108541,1
"2018-05-16 06:22:00",480.1670035738,1,559.721509947805,1
"2018-05-16 06:23:00",494.738816258276,1,585.913431056444,1
"2018-05-16 06:24:00",486.297373309691,1,573.101929060892,1
"2018-05-16 06:25:00",469.782900995478,1,562.224575468812,1
"2018-05-16 06:26:00",480.159109703124,1,563.139942761603,1
"2018-05-16 06:27:00",490.463666486366,1,565.073846433465,1
"2018-05-16 06:28:00",510.614693014113,1,588.839135421585,1
"2018-05-16 06:29:00",516.85997283585,1,529.842677803693,1
"2018-05-16 06:30:00",490.575036203966,1,562.664653778683,1
"2018-05-16 06:31:00",511.168628714223,1,552.510256341518,1
"2018-05-16 06:32:00",520.830460370166,1,555.681371043963,1
"2018-05-16 06:33:01",499.942323821555,1,555.583399667284,1
"2018-05-16 06:34:01",482.450574272751,1,557.64773368408,1
"2018-05-16 06:35:01",491.061937342985,1,548.937430470439,1
"2018-05-16 06:36:01",507.170701451948,1,568.25880982964,1
"2018-05-16 06:37:01",498.178212970622,1,598.620026048868,1
"2018-05-16 06:38:01",482.021789938354,1,571.139802649641,1
"2018-05-16 06:39:01",462.616616377796,1,566.91982147604,1
"2018-05-16 06:40:01",462.33643606925,1,552.11201512021,1
"2018-05-16 06:41:01",459.788096221704,1,575.70518086651,1
"2018-05-16 06:42:01",484.847712878279,1,571.378148324691,1
"2018-05-16 06:43:01",458.276311497398,1,627.776316579702,1
"2018-05-16 06:44:01",460.412557670124,1,577.990699312918,1
"2018-05-16 06:45:01",447.242023458074,1,584.520317245077,1
"2018-05-16 06:46:01",446.436671472341,1,562.066574475923,1
"2018-05-16 06:47:01",448.84217390984,1,586.244856687365,1
"2018-05-16 06:48:01",478.453842120619,1,577.863248211723,1
"2018-05-16 06:49:01",450.895519661082,1,553.500893235977,1
"2018-05-16 06:50:01",453.844453098184,1,574.261498648375,1
"2018-05-16 06:51:01",465.941869861167,1,551.673607735592,1
"2018-05-16 06:52:01",444.6346209358,1,554.284149114121,1
"2018-05-16 06:53:01",454.82187771278,1,556.310131028664,1
"2018-05-16 06:54:01",463.747642561388,1,597.764548011167,1
"2018-05-16 06:55:02",470.775979167101,1,558.603259335104,1
"2018-05-16 06:56:02",453.442936378584,1,592.751528210076,1
"2018-05-16 06:57:02",457.667662144054,1,575.204877842979,1
"2018-05-16 06:58:02",449.943216174124,1,739.482317965672,1
"2018-05-16 06:59:02",456.374419035934,1,615.300754450629,1
"2018-05-16 07:00:02",455.305844410088,1,615.355409094909,1
"2018-05-16 07:01:02",455.478482084078,1,609.580366793296,1
"2018-05-16 07:02:02",466.3317363999,1,618.894787435151,1
"2018-05-16 07:03:02",444.166798695369,1,584.6356876969,1
"2018-05-16 07:04:02",471.50697715073,1,595.256750270918,1
"2018-05-16 07:05:02",463.41969820749,1,574.887860022313,1
"2018-05-16 07:06:02",477.128277133336,1,564.996514645672,1
"2018-05-16 07:07:02",457.240222845449,1,576.527799625706,1
"2018-05-16 07:08:02",452.288803002711,1,552.455078823254,1
"2018-05-16 07:09:02",443.413927454117,1,585.603503149508,1
"2018-05-16 07:10:02",452.142437472985,1,567.640246656336,1
"2018-05-16 07:11:02",436.966212475724,1,561.982204147487,1
"2018-05-16 07:12:02",462.239925158692,1,558.320912004005,1
"2018-05-16 07:13:02",453.843679813742,1,546.720443793641,1
"2018-05-16 07:14:02",464.934506718169,1,550.185482372669,1
"2018-05-16 07:15:02",453.25717099938,1,558.042910617211,1
"2018-05-16 07:16:02",462.157282193901,1,559.455876367288,1
"2018-05-16 07:17:02",457.750874932868,1,569.317480500612,1
"2018-05-16 07:18:02",459.577480391195,1,573.122358735481,1
"2018-05-16 07:19:02",439.1296176193,1,565.758267636964,1
"2018-05-16 07:20:03",439.710820052902,1,592.136285090841,1
"2018-05-16 07:21:03",472.711979452162,1,580.504545878274,1
"2018-05-16 07:22:03",465.524640554556,1,588.6106469053,1
"2018-05-16 07:23:03",478.503407238345,1,626.024305300812,1
"2018-05-16 07:24:03",461.372264928981,1,567.020785904543,1
"2018-05-16 07:25:03",469.850432588881,1,565.575842822599,1
"2018-05-16 07:26:03",492.037947667227,1,594.194895332676,1
"2018-05-16 07:27:03",479.025393922637,1,575.226718782229,1
"2018-05-16 07:28:03",431.500266539789,1,560.417153694121,1
"2018-05-16 07:29:03",429.040966975518,1,546.950442658308,1
"2018-05-16 07:30:03",435.849635337082,1,541.404076442495,1
"2018-05-16 07:31:03",445.402892022052,1,553.088324602511,1
"2018-05-16 07:32:03",452.337019557455,1,551.129483996149,1
"2018-05-16 07:33:03",444.043915127716,1,566.091074106102,1
"2018-05-16 07:34:03",459.985617493862,1,548.837877186953,1
"2018-05-16 07:35:03",452.415555522411,1,571.371598347222,1
"2018-05-16 07:36:03",460.169523521046,1,538.763362440629,1
"2018-05-16 07:37:03",460.243726359534,1,572.263140292761,1
"2018-05-16 07:38:03",465.022411897809,1,555.053917781514,1
"2018-05-16 07:39:03",456.380694914611,1,554.081275068383,1
"2018-05-16 07:40:03",469.112159906638,1,561.879513054149,1
"2018-05-16 07:41:03",461.662864620114,1,552.614958459878,1
"2018-05-16 07:42:03",446.63078151687,1,546.880113823177,1
"2018-05-16 07:43:03",459.879746174695,1,559.068959040658,1
"2018-05-16 07:44:04",449.460671833268,1,550.158830505629,1
"2018-05-16 07:45:04",452.840946925701,1,535.183702141651,1
"2018-05-16 07:46:04",445.543153393344,1,548.97033239265,1
"2018-05-16 07:47:04",468.025323675566,1,546.205657631724,1
"2018-05-16 07:48:04",461.571721590998,1,551.098214580354,1
"2018-05-16 07:49:04",480.748164795512,1,553.029241123373,1
"2018-05-16 07:50:04",454.297859381615,1,530.367620406442,1
"2018-05-16 07:51:04",469.498016241645,1,520.840707777853,1
"2018-05-16 07:52:04",462.708635785316,1,525.306213929633,1
"2018-05-16 07:53:04",466.637264659025,1,534.695084370698,1
"2018-05-16 07:54:04",471.394908880943,1,561.208054226024,1
"2018-05-16 07:55:04",462.552957592835,1,523.041234204732,1
"2018-05-16 07:56:04",463.432699894449,1,521.283308689541,1
"2018-05-16 07:57:04",456.198600472353,1,531.243685103943,1
"2018-05-16 07:58:04",481.057261029821,1,538.459590372494,1
"2018-05-16 07:59:04",459.780723426196,1,580.138611891314,1
"2018-05-16 08:00:04",488.069570228749,1,558.813383374047,1
"2018-05-16 08:01:04",450.959598414444,1,557.171014390244,1
"2018-05-16 08:02:04",481.084790662115,1,575.822955621928,1
"2018-05-16 08:03:04",455.994149253655,1,543.140828204713,1
"2018-05-16 08:04:04",467.540030357722,1,533.641473994534,1
"2018-05-16 08:05:04",472.234632270673,1,543.149006288146,1
"2018-05-16 08:06:04",481.146088377895,1,519.028943164059,1
"2018-05-16 08:07:04",485.78853073177,1,518.60876775535,1
"2018-05-16 08:08:04",468.173974581514,1,519.117718784489,1
"2018-05-16 08:09:04",468.114533086299,1,526.23627200752,1
"2018-05-16 08:10:04",486.647724977446,1,551.425789789389,1
"2018-05-16 08:11:04",475.515439647015,1,529.062481538384,1
"2018-05-16 08:12:04",480.958346086276,1,534.750686833478,1
"2018-05-16 08:13:04",496.064048235915,1,521.218939886555,1
"2018-05-16 08:14:04",475.344380962621,1,554.635046427054,1
"2018-05-16 08:15:05",461.182350012016,1,546.261942543848,1
"2018-05-16 08:16:05",476.006529335801,1,536.332894688058,1
"2018-05-16 08:17:05",493.833600408614,1,530.33578848194,1
"2018-05-16 08:18:05",454.791351877387,1,535.376800852824,1
"2018-05-16 08:19:05",460.790359732863,1,544.369132548913,1
"2018-05-16 08:20:05",450.626862599519,1,532.408520621405,1
"2018-05-16 08:21:05",462.364262088412,1,546.548037600491,1
"2018-05-16 08:22:05",447.978392635128,1,565.243197994222,1
"2018-05-16 08:23:05",454.765456481066,1,562.421037150191,1
"2018-05-16 08:24:05",460.585533440534,1,536.327241900496,1
"2018-05-16 08:25:05",565.73437141101,1,673.727803527864,1
"2018-05-16 08:26:05",445.926396649053,1,531.583795722639,1
"2018-05-16 08:27:05",440.04928157623,1,565.123191286969,1
"2018-05-16 08:28:05",450.220693844995,1,534.203002273181,1
"2018-05-16 08:29:05",447.542454566924,1,529.269162957871,1
"2018-05-16 08:30:05",443.9982054113,1,520.238068767911,1
"2018-05-16 08:31:05",449.643883201036,1,540.394384964737,1
"2018-05-16 08:32:05",444.831960309771,1,519.660137510552,1
"2018-05-16 08:33:05",426.021761793225,1,568.022273602823,1
"2018-05-16 08:34:05",451.828862500748,1,514.843930689269,1
"2018-05-16 08:35:05",461.918444683185,1,513.493334088295,1
"2018-05-16 08:36:05",451.680576975672,1,525.130673566727,1
"2018-05-16 08:37:05",448.075011919171,1,510.837784109454,1
"2018-05-16 08:38:06",451.482745316644,1,563.356997870678,1
"2018-05-16 08:39:06",464.860428099452,1,525.41841814153,1
"2018-05-16 08:40:06",465.301846319945,1,546.087589149707,1
"2018-05-16 08:41:06",464.309886500593,1,511.938050088982,1
"2018-05-16 08:42:06",439.896952263703,1,536.937387377604,1
"2018-05-16 08:43:06",463.424671173679,1,521.937917740217,1
"2018-05-16 08:44:06",450.834514425129,1,550.879156987771,1
"2018-05-16 08:45:06",462.940634156647,1,517.764368910785,1
"2018-05-16 08:46:06",448.791812404166,1,510.319875936589,1
"2018-05-16 08:47:06",455.385280078437,1,512.074542102287,1
"2018-05-16 08:48:06",452.465864336746,1,514.695417868598,1
"2018-05-16 08:49:06",457.436534635572,1,531.427032974878,1
"2018-05-16 08:50:06",460.135233363311,1,523.581098115185,1
"2018-05-16 08:51:06",453.776533559842,1,520.958167156422,1
"2018-05-16 08:52:06",460.252782268187,1,496.46978150138,1
"2018-05-16 08:53:06",442.028360772903,1,513.250154500834,1
"2018-05-16 08:54:06",459.562359959127,1,501.996185763881,1
"2018-05-16 08:55:06",457.532340726272,1,528.989331622025,1
"2018-05-16 08:56:06",455.684423596613,1,504.588209446254,1
"2018-05-16 08:57:07",442.131699617719,1,506.911541480248,1
"2018-05-16 08:58:07",464.716883944214,1,531.378470277417,1
"2018-05-16 08:59:07",462.860228299761,1,627.724077715821,1
"2018-05-16 09:00:07",458.642279793593,1,541.613785434956,1
"2018-05-16 09:01:07",478.223788645417,1,552.476813537437,1
"2018-05-16 09:02:07",452.578215323467,1,531.584270393518,1
"2018-05-16 09:03:07",448.345714770786,1,534.781447223009,1
"2018-05-16 09:04:07",442.516314992789,1,535.770606541805,1
"2018-05-16 09:05:07",446.00925136797,1,537.047414422754,1
"2018-05-16 09:06:07",438.25808334572,1,539.019423285572,1
"2018-05-16 09:07:07",443.698481475156,1,514.139683643356,1
"2018-05-16 09:08:07",446.156224529401,1,529.527758774805,1
"2018-05-16 09:09:07",449.252567519861,1,507.040147541928,1
"2018-05-16 09:10:07",453.040994708611,1,519.139571237822,1
"2018-05-16 09:11:07",463.860799926868,1,506.557293807463,1
"2018-05-16 09:12:07",443.006678039307,1,501.090635038706,1
"2018-05-16 09:13:07",464.422847910818,1,492.804332496956,1
"2018-05-16 09:14:07",443.155222766378,1,498.341061254278,1
"2018-05-16 09:15:07",445.498583913748,1,498.772322479138,1
"2018-05-16 09:16:07",461.471916007504,1,517.854533345967,1
"2018-05-16 09:17:07",461.013863432409,1,501.769182862775,1
"2018-05-16 09:18:07",460.918182717317,1,493.377040358951,1
"2018-05-16 09:19:07",438.13141756416,1,533.599830314114,1
"2018-05-16 09:20:07",435.852705438603,1,512.13621281873,1
"2018-05-16 09:21:07",440.531841757147,1,536.884769734586,1
"2018-05-16 09:22:07",435.573361880221,1,505.311792099273,1
"2018-05-16 09:23:07",437.65157913081,1,545.341970236298,1
"2018-05-16 09:24:07",445.741232732374,1,523.989155553653,1
"2018-05-16 09:25:07",438.680118115731,1,520.029568859219,1
"2018-05-16 09:26:07",436.62637825816,1,519.574240000513,1
"2018-05-16 09:27:08",437.348185161302,1,533.333922893825,1
"2018-05-16 09:28:08",434.419353788459,1,516.656336633371,1
"2018-05-16 09:29:08",447.491661853522,1,497.245983237779,1
"2018-05-16 09:30:08",439.009951037438,1,525.495452137597,1
"2018-05-16 09:31:08",436.850697047468,1,498.553973709672,1
"2018-05-16 09:32:08",448.158033145609,1,532.626071885833,1
"2018-05-16 09:33:08",459.646921574469,1,512.584625370003,1
"2018-05-16 09:34:08",425.488875397736,1,524.564881606772,1
"2018-05-16 09:35:08",439.72602892409,1,514.346784219345,1
"2018-05-16 09:36:08",426.459977103563,1,521.910111307105,1
"2018-05-16 09:37:08",435.971053374983,1,500.372084489047,1
"2018-05-16 09:38:08",435.737790627268,1,516.194869790025,1
"2018-05-16 09:39:08",448.770965002002,1,516.215636108145,1
"2018-05-16 09:40:08",448.676540926192,1,526.559971995951,1
"2018-05-16 09:41:08",445.655239570175,1,496.758660606538,1
"2018-05-16 09:42:08",432.608984156823,1,506.657219934864,1
"2018-05-16 09:43:08",447.712290575148,1,513.15313187604,1
"2018-05-16 09:44:08",427.848062178,1,533.230049209659,1
"2018-05-16 09:45:08",446.12807891253,1,496.218376004269,1
"2018-05-16 09:46:08",437.71809214566,1,518.376304489968,1
"2018-05-16 09:47:08",435.845789113696,1,509.524892760687,1
"2018-05-16 09:48:08",429.867348945641,1,504.621536768714,1
"2018-05-16 09:49:08",438.579652476139,1,467.215105561487,1
"2018-05-16 09:50:08",445.425741655898,1,479.056506335846,1
"2018-05-16 09:51:08",458.898783986456,1,513.022949532637,1
"2018-05-16 09:52:08",458.895526491353,1,481.383608355104,1
"2018-05-16 09:53:09",438.381442834831,1,471.11057734295,1
"2018-05-16 09:54:09",458.216607045249,1,481.763218032728,1
"2018-05-16 09:55:09",453.791743935524,1,484.313504677174,1
"2018-05-16 09:56:09",441.491786192451,1,483.787344506835,1
"2018-05-16 09:57:09",454.383345024614,1,494.785677066431,1
"2018-05-16 09:58:09",444.402002279894,1,481.987785443719,1
"2018-05-16 09:59:09",441.779271853958,1,506.328826025402,1
"2018-05-16 10:00:09",406.236014286247,1,522.523859244383,1
"2018-05-16 10:01:09",423.200594970831,1,487.41770392593,1
"2018-05-16 10:02:09",414.733615584026,1,528.565030007357,1
"2018-05-16 10:03:09",440.532904895633,1,506.048685455007,1
"2018-05-16 10:04:09",421.115338688871,1,499.706017486613,1
"2018-05-16 10:05:09",423.914447256167,1,502.202602461679,1
"2018-05-16 10:06:09",423.231581235615,1,494.805342543013,1
"2018-05-16 10:07:09",416.22778972386,1,506.924767849983,1
"2018-05-16 10:08:09",426.231116592364,1,515.009243262797,1
"2018-05-16 10:09:09",434.423454482655,1,502.529557876964,1
"2018-05-16 10:10:09",448.537489972384,1,496.946168241583,1
"2018-05-16 10:11:09",427.833708687894,1,512.008919233784,1
"2018-05-16 10:12:09",445.128419199858,1,505.047751467972,1
"2018-05-16 10:13:09",438.23080431019,1,519.092626779392,1
"2018-05-16 10:14:09",440.311238422992,1,509.172656582227,1
"2018-05-16 10:15:10",433.396911863211,1,491.586815836641,1
"2018-05-16 10:16:10",425.280546932332,1,496.289084340088,1
"2018-05-16 10:17:10",431.07015288411,1,492.960107102541,1
"2018-05-16 10:18:10",432.812936274413,1,496.522026227951,1
"2018-05-16 10:19:10",428.223509606782,1,528.172206265079,1
"2018-05-16 10:20:10",428.013377890505,1,502.530615032508,1
"2018-05-16 10:21:10",428.707550273083,1,499.013660600983,1
"2018-05-16 10:22:10",421.862519385176,1,510.06199853639,1
"2018-05-16 10:23:10",423.909548488597,1,492.726457074455,1
"2018-05-16 10:24:10",427.236469482639,1,511.11594901671,1
"2018-05-16 10:25:10",437.9089101601,1,502.583271823083,1
"2018-05-16 10:26:10",428.909028051549,1,511.438094207376,1
"2018-05-16 10:27:10",441.663182421092,1,499.40429199941,1
"2018-05-16 10:28:10",433.960223380213,1,507.251927699935,1
"2018-05-16 10:29:10",456.215541191293,1,477.913166941697,1
"2018-05-16 10:30:10",447.091957830622,1,501.134402827187,1
"2018-05-16 10:31:10",450.844168380532,1,479.158638279706,1
"2018-05-16 10:32:10",442.78853476775,1,480.703228716737,1
"2018-05-16 10:33:10",457.499695785931,1,499.004370764297,1
"2018-05-16 10:34:10",461.695121141951,1,516.278426973425,1
"2018-05-16 10:35:10",433.990421658525,1,493.930122726443,1
"2018-05-16 10:36:10",432.382554629825,1,487.185790614349,1
"2018-05-16 10:37:10",437.5500740426,1,481.700209636169,1
"2018-05-16 10:38:11",441.983633965425,1,462.963398756236,1
"2018-05-16 10:39:11",431.882891047506,1,501.227225339544,1
"2018-05-16 10:40:11",442.674898208087,1,472.562739102373,1
"2018-05-16 10:41:11",436.262280725076,1,484.53064242636,1
"2018-05-16 10:42:11",445.119485774123,1,475.985933550432,1
"2018-05-16 10:43:11",444.14094091561,1,484.366300271693,1
"2018-05-16 10:44:11",437.789845187645,1,481.536863278684,1
"2018-05-16 10:45:11",434.809221260447,1,489.656398936198,1
"2018-05-16 10:46:11",446.799978880994,1,487.140577603998,1
"2018-05-16 10:47:11",439.439236547538,1,495.08949210914,1
"2018-05-16 10:48:11",447.719266155282,1,472.288559618153,1
"2018-05-16 10:49:11",425.766524932673,1,464.699477788522,1
"2018-05-16 10:50:11",440.056019678328,1,477.442695565018,1
"2018-05-16 10:51:11",454.48719608741,1,459.770112425818,1
"2018-05-16 10:52:11",422.293931958767,1,480.785494248893,1
"2018-05-16 10:53:11",440.687320806439,1,468.460524152589,1
"2018-05-16 10:54:11",431.200018481211,1,474.520353595345,1
"2018-05-16 10:55:11",439.829857197397,1,461.514755803517,1
"2018-05-16 10:56:11",433.156617944267,1,476.581316622097,1
"2018-05-16 10:57:11",436.482300690066,1,473.962281890674,1
"2018-05-16 10:58:11",435.182279614744,1,509.224843153742,1
"2018-05-16 10:59:11",458.774630328251,1,483.333423099329,1
"2018-05-16 11:00:11",454.586405438936,1,513.606378725094,1
"2018-05-16 11:01:11",437.78973968539,1,510.843506656664,1
"2018-05-16 11:02:11",441.941613691112,1,513.826627185215,1
"2018-05-16 11:03:11",451.572365679711,1,531.981919545677,1
"2018-05-16 11:04:12",458.625917855515,1,498.248049175435,1
"2018-05-16 11:05:12",450.198340426969,1,509.406838658094,1
"2018-05-16 11:06:12",451.089784583914,1,533.62969300833,1
"2018-05-16 11:07:12",448.197276863144,1,516.94616896385,1
"2018-05-16 11:08:12",442.741465852037,1,512.863103188203,1
"2018-05-16 11:09:12",461.427391581044,1,496.555191805538,1
"2018-05-16 11:10:12",466.41027629262,1,503.18790656227,1
"2018-05-16 11:11:12",450.226731109744,1,491.936769088639,1
"2018-05-16 11:12:12",445.846949409303,1,495.738819686849,1
"2018-05-16 11:13:12",463.599936599682,1,515.531598289815,1
"2018-05-16 11:14:12",454.827499064351,1,487.407350950416,1
"2018-05-16 11:15:12",450.133621422268,1,492.456799404155,1
"2018-05-16 11:16:12",468.476483433961,1,499.55262013087,1
"2018-05-16 11:17:12",499.680660429868,1,480.730414288623,1
"2018-05-16 11:18:12",444.072454510423,1,514.680160439151,1
"2018-05-16 11:19:12",459.682772225362,1,492.654743780164,1
"2018-05-16 11:20:12",455.319715005048,1,519.292700195162,1
"2018-05-16 11:21:12",445.191941717395,1,504.319171343395,1
"2018-05-16 11:22:12",436.782265480099,1,519.580105734698,1
"2018-05-16 11:23:12",450.133739189514,1,539.232914364684,1
"2018-05-16 11:24:12",431.020293171473,1,528.320708497836,1
"2018-05-16 11:25:12",447.02991814243,1,526.356601416636,1
"2018-05-16 11:26:12",454.319164806454,1,534.448208227383,1
"2018-05-16 11:27:12",473.372122502358,1,525.080094746319,1
"2018-05-16 11:28:12",466.781764193819,1,520.885760329527,1
"2018-05-16 11:29:12",437.481735500097,1,531.848375363572,1
"2018-05-16 11:30:13",454.340504797456,1,552.074299094753,1
"2018-05-16 11:31:13",453.291764534248,1,496.585386547512,1
"2018-05-16 11:32:13",482.095469650237,1,516.793378128979,1
"2018-05-16 11:33:13",483.847357519404,1,525.618619875481,1
"2018-05-16 11:34:13",486.823719474385,1,502.092751949509,1
"2018-05-16 11:35:13",475.275918440093,1,495.708722453736,1
"2018-05-16 11:36:13",502.034470345003,1,514.938641350222,1
"2018-05-16 11:37:13",494.285882345856,1,503.224456009613,1
"2018-05-16 11:38:13",486.499936216674,1,518.578163406454,1
"2018-05-16 11:39:13",463.115815918671,1,500.926307846425,1
"2018-05-16 11:40:13",461.694723650738,1,511.578776277921,1
"2018-05-16 11:41:13",457.422816206739,1,507.08160333178,1
"2018-05-16 11:42:13",459.751102428424,1,494.608939552339,1
"2018-05-16 11:43:13",470.003727189999,1,532.979963752807,1
"2018-05-16 11:44:13",448.252640120332,1,505.194469356578,1
"2018-05-16 11:45:13",468.056983824093,1,504.821317143882,1
"2018-05-16 11:46:13",483.900297922263,1,513.706888404009,1
"2018-05-16 11:47:13",474.499194731426,1,475.272187212465,1
"2018-05-16 11:48:13",455.78903739633,1,530.255591248747,1
"2018-05-16 11:49:13",445.123333038782,1,514.180478429087,1
"2018-05-16 11:50:13",467.956386673993,1,489.018257028482,1
"2018-05-16 11:51:13",462.648382702084,1,491.942978873852,1
"2018-05-16 11:52:13",476.256855076964,1,478.667210694944,1
"2018-05-16 11:53:14",515.857874102651,1,495.934525016655,1
"2018-05-16 11:54:14",455.190722420663,1,462.510204998507,1
"2018-05-16 11:55:14",478.776345486764,1,473.208625765357,1
"2018-05-16 11:56:14",469.93381681587,1,484.759333853106,1
"2018-05-16 11:57:14",479.404036600211,1,473.176638144401,1
"2018-05-16 11:58:14",482.023048785804,1,467.191669582934,1
"2018-05-16 11:59:14",467.595112910183,1,466.467369960996,1
"2018-05-16 12:00:14",493.973905129135,1,600.710588651848,1
"2018-05-16 12:01:14",488.661692107915,1,506.284195801686,1
"2018-05-16 12:02:14",454.672770179891,1,503.527504605554,1
"2018-05-16 12:03:14",448.474786571887,1,520.359042247927,1
"2018-05-16 12:04:14",446.825134014225,1,494.03978434969,1
"2018-05-16 12:05:14",456.75090949072,1,486.035954071195,1
"2018-05-16 12:06:14",456.185581360067,1,485.827414125306,1
"2018-05-16 12:07:14",465.921547790537,1,492.366773852907,1
"2018-05-16 12:08:14",464.426302678363,1,473.945314840915,1
"2018-05-16 12:09:14",472.316324753275,1,478.688401734885,1
"2018-05-16 12:10:14",454.734531991848,1,477.450447643169,1
"2018-05-16 12:11:14",463.642120332253,1,513.970071902236,1
"2018-05-16 12:12:14",463.962697636302,1,477.990834096753,1
"2018-05-16 12:13:14",467.798759391728,1,484.288688576495,1
"2018-05-16 12:14:14",475.387530886042,1,464.899649117437,1
"2018-05-16 12:15:14",465.984512522323,1,487.232727478742,1
"2018-05-16 12:16:14",485.008393557945,1,682.09017820284,1
"2018-05-16 12:17:14",466.158279293739,1,473.326613412518,1
"2018-05-16 12:18:15",463.524483099305,1,460.839575765037,1
"2018-05-16 12:19:15",456.081572125306,1,478.620156857588,1
"2018-05-16 12:20:15",470.132235233069,1,467.858912103371,1
"2018-05-16 12:21:15",458.996815872246,1,477.622394839622,1
"2018-05-16 12:22:15",466.432847203109,1,505.15128935267,1
"2018-05-16 12:23:15",466.694417473654,1,482.017671208838,1
"2018-05-16 12:24:15",460.759360536327,1,489.876631098072,1
"2018-05-16 12:25:15",457.583846975997,1,482.328599836543,1
"2018-05-16 12:26:15",464.136734171422,1,489.378104546335,1
"2018-05-16 12:27:15",476.884285586449,1,485.170194939215,1
"2018-05-16 12:28:15",475.689386631266,1,507.008184159855,1
"2018-05-16 12:29:15",472.615981626995,1,484.407140381712,1
"2018-05-16 12:30:15",446.068773443362,1,493.135227694849,1
"2018-05-16 12:31:15",441.627239367988,1,478.31563443018,1
"2018-05-16 12:32:15",449.493500353332,1,482.440227583843,1
"2018-05-16 12:33:15",463.42147533255,1,490.370212480429,1
"2018-05-16 12:34:15",448.775152239131,1,473.56968322824,1
"2018-05-16 12:35:15",452.780753192445,1,481.288766580872,1
"2018-05-16 12:36:15",456.528047213862,1,460.313995322634,1
"2018-05-16 12:37:15",451.979183143317,1,453.30752410304,1
"2018-05-16 12:38:15",472.862374310795,1,449.537707255094,1
"2018-05-16 12:39:15",476.070760251933,1,471.310340385238,1
"2018-05-16 12:40:15",460.59174578693,1,464.666461871835,1
"2018-05-16 12:41:15",448.009140479491,1,479.201830073551,1
"2018-05-16 12:42:15",465.186172954821,1,667.52314289327,1
"2018-05-16 12:43:15",445.387825452639,1,474.304259793288,1
"2018-05-16 12:44:16",463.745542119091,1,485.808322183638,1
"2018-05-16 12:45:16",477.352729367015,1,479.344913869049,1
"2018-05-16 12:46:16",459.908775472718,1,471.792993313435,1
"2018-05-16 12:47:16",455.822757211593,1,466.033393518645,1
"2018-05-16 12:48:16",455.944081645938,1,451.068589914149,1
"2018-05-16 12:49:16",464.508488516752,1,454.304884166452,1
"2018-05-16 12:50:16",456.632373878422,1,491.010795850362,1
"2018-05-16 12:51:16",460.775747850351,1,460.587570039835,1
"2018-05-16 12:52:16",461.728145631453,1,464.962703341687,1
"2018-05-16 12:53:16",460.327734876458,1,449.538244206706,1
"2018-05-16 12:54:16",457.03282159641,1,478.292946128274,1
"2018-05-16 12:55:16",463.531363021932,1,497.455331114052,1
"2018-05-16 12:56:16",459.531417802542,1,465.925591228805,1
"2018-05-16 12:57:16",456.226585260435,1,465.7838903946,1
"2018-05-16 12:58:16",468.391875991794,1,481.164900640584,1
"2018-05-16 12:59:16",465.051428120931,1,461.246655001921,1
"2018-05-16 13:00:16",474.046480660675,1,470.881015069483,1
"2018-05-16 13:01:16",453.182907151944,1,524.795932786684,1
"2018-05-16 13:02:16",455.949624323142,1,503.218623166466,1
"2018-05-16 13:03:16",441.974075846126,1,492.857145975098,1
"2018-05-16 13:04:16",451.798440761231,1,493.884772419789,1
"2018-05-16 13:05:16",446.8846810469,1,502.302848320324,1
"2018-05-16 13:06:16",470.911584873661,1,495.214498281024,1
"2018-05-16 13:07:16",454.748754393682,1,503.207330464479,1
"2018-05-16 13:08:16",454.398370183698,1,482.34680749913,1
"2018-05-16 13:09:16",460.500566917464,1,513.780805060644,1
"2018-05-16 13:10:17",455.208158338585,1,482.235030863818,1
"2018-05-16 13:11:17",450.135112296111,1,478.363444285921,1
"2018-05-16 13:12:17",449.514009526554,1,493.524773842287,1
"2018-05-16 13:13:17",453.334433839005,1,478.685356170224,1
"2018-05-16 13:14:17",476.894062249468,1,491.805239713747,1
"2018-05-16 13:15:17",483.270745679171,1,474.919265089497,1
"2018-05-16 13:16:17",458.93584111696,1,480.396631409182,1
"2018-05-16 13:17:17",482.969580127802,1,490.327164542389,1
"2018-05-16 13:18:17",467.631002177538,1,485.311238677993,1
"2018-05-16 13:19:17",482.459732466152,1,471.506417770434,1
"2018-05-16 13:20:17",452.096610806769,1,476.487340178157,1
"2018-05-16 13:21:17",453.284982395382,1,488.607388214904,1
"2018-05-16 13:22:17",450.254491201017,1,514.185191993268,1
"2018-05-16 13:23:17",460.380206899656,1,512.710468742302,1
"2018-05-16 13:24:17",450.783540714775,1,487.906604098429,1
"2018-05-16 13:25:17",447.375501852393,1,498.965357408723,1
"2018-05-16 13:26:17",449.65479817641,1,491.762852860483,1
"2018-05-16 13:27:17",462.436252592525,1,504.443522219784,1
"2018-05-16 13:28:17",466.74731014373,1,488.00163224006,1
"2018-05-16 13:29:17",474.38003507897,1,491.140721547649,1
"2018-05-16 13:30:17",459.105609763242,1,486.475830907363,1
"2018-05-16 13:31:17",466.031189125037,1,500.848842220979,1
"2018-05-16 13:32:17",473.480215076653,1,474.430377564024,1
"2018-05-16 13:33:17",459.499239535697,1,493.830514403127,1
"2018-05-16 13:34:17",474.250625263885,1,471.888209398685,1
"2018-05-16 13:35:17",469.577609784947,1,482.079890713805,1
"2018-05-16 13:36:17",443.824025670294,1,490.956756500819,1
"2018-05-16 13:37:17",433.35693453019,1,485.153585151998,1
"2018-05-16 13:38:17",440.671297997642,1,482.008181455786,1
"2018-05-16 13:39:17",432.791139000175,1,482.127133987787,1
"2018-05-16 13:40:18",439.007403902334,1,483.696802835645,1
"2018-05-16 13:41:18",443.114136778562,1,481.700355895192,1
"2018-05-16 13:42:18",445.985455119801,1,479.509461416549,1
"2018-05-16 13:43:18",430.058852015007,1,480.525785014287,1
"2018-05-16 13:44:18",437.175065146208,1,479.915252892589,1
"2018-05-16 13:45:18",436.052566344798,1,476.535842392697,1
"2018-05-16 13:46:18",425.104713499675,1,497.952600183925,1
"2018-05-16 13:47:18",424.374246919111,1,481.083139652299,1
"2018-05-16 13:48:18",427.726827513075,1,478.547738028299,1
"2018-05-16 13:49:18",428.0327947913,1,465.597845239098,1
"2018-05-16 13:50:18",430.396238883666,1,478.686561875173,1
"2018-05-16 13:51:18",438.953151789313,1,472.03150729137,1
"2018-05-16 13:52:18",451.55016776299,1,460.952397207231,1
"2018-05-16 13:53:18",452.376818100248,1,456.132404303561,1
"2018-05-16 13:54:18",439.484701411164,1,461.033857239944,1
"2018-05-16 13:55:18",454.041607143262,1,454.217733654258,1
"2018-05-16 13:56:18",449.298747399515,1,471.735367017561,1
"2018-05-16 13:57:18",441.360555270824,1,450.569737798718,1
"2018-05-16 13:58:18",454.988367581329,1,456.734173200187,1
"2018-05-16 13:59:18",438.380149829357,1,469.646166180815,1
"2018-05-16 14:00:18",438.839874224476,1,447.645618312709,1
"2018-05-16 14:01:18",457.85456677251,1,571.676519780817,1
"2018-05-16 14:02:18",435.623421296249,1,500.029047113984,1
"2018-05-16 14:03:18",438.368564507791,1,487.292990456882,1
"2018-05-16 14:04:18",448.552085268143,1,479.372586094842,1
"2018-05-16 14:05:18",453.149283959582,1,485.416901077536,1
"2018-05-16 14:06:18",454.074337964102,1,471.100961928621,1
"2018-05-16 14:07:18",455.817318569793,1,455.312266729748,1
"2018-05-16 14:08:19",497.494248483479,1,459.274277826733,1
"2018-05-16 14:09:19",464.555878980536,1,445.222057965898,1
"2018-05-16 14:10:19",466.615788446441,1,468.560644910285,1
"2018-05-16 14:11:19",458.275828474328,1,464.389631448259,1
"2018-05-16 14:12:19",457.392605742072,1,483.116194787181,1
"2018-05-16 14:13:19",484.094347815917,1,474.685180601049,1
"2018-05-16 14:14:19",484.58054972332,1,487.907173474025,1
"2018-05-16 14:15:19",480.897955515371,1,466.284416801481,1
"2018-05-16 14:16:19",464.928089703621,1,467.083169692979,1
"2018-05-16 14:17:19",484.463676450636,1,451.741811112227,1
"2018-05-16 14:18:19",484.274073166475,1,466.353332005686,1
"2018-05-16 14:19:19",489.437648530939,1,459.182647404073,1
"2018-05-16 14:20:19",476.868164513721,1,460.865291012119,1
"2018-05-16 14:21:19",487.053594324919,1,482.864512172873,1
"2018-05-16 14:22:19",472.242345506351,1,458.291338494114,1
"2018-05-16 14:23:19",479.612779312543,1,470.747974694649,1
"2018-05-16 14:24:19",483.97152743695,1,477.071263768704,1
"2018-05-16 14:25:19",472.347331129661,1,477.082803894624,1
"2018-05-16 14:26:19",484.934031190754,1,466.002775906107,1
"2018-05-16 14:27:19",464.294692611388,1,473.849306160964,1
"2018-05-16 14:28:19",477.618001436289,1,491.208712383792,1
"2018-05-16 14:29:19",463.983332643032,1,495.355933600036,1
"2018-05-16 14:30:19",484.739474260155,1,473.212999613985,1
"2018-05-16 14:31:19",464.742170463695,1,453.377539272934,1
"2018-05-16 14:32:19",476.739562158141,1,477.913577823918,1
"2018-05-16 14:33:19",484.86857899858,1,464.949469720856,1
"2018-05-16 14:34:19",494.556124847549,1,463.839028490987,1
"2018-05-16 14:35:19",485.615752259874,1,474.970339466734,1
"2018-05-16 14:36:20",493.993805613141,1,468.274330764036,1
"2018-05-16 14:37:20",499.591372637602,1,448.287840664517,1
"2018-05-16 14:38:20",478.442019788376,1,458.283394908166,1
"2018-05-16 14:39:20",486.4623332771,1,440.985636215797,1
"2018-05-16 14:40:20",487.449609698301,1,472.116510309168,1
"2018-05-16 14:41:20",495.017579423058,1,480.27570707402,1
"2018-05-16 14:42:20",487.432812047763,1,477.94059649329,1
"2018-05-16 14:43:20",499.51348774393,1,450.133277894864,1
"2018-05-16 14:44:20",497.756630306988,1,453.025035419093,1
"2018-05-16 14:45:20",489.317460273163,1,449.719105313938,1
"2018-05-16 14:46:20",495.084416638322,1,460.378195197382,1
"2018-05-16 14:47:20",483.213656355623,1,447.468784814777,1
"2018-05-16 14:48:20",496.420615960984,1,448.234105983995,1
"2018-05-16 14:49:20",483.666450917414,1,453.492533141234,1
"2018-05-16 14:50:20",501.713960370061,1,454.861525242452,1
"2018-05-16 14:51:20",492.049314799968,1,483.225403644645,1
"2018-05-16 14:52:20",510.019745639393,1,462.700904229713,1
"2018-05-16 14:53:20",492.632651835692,1,457.996763060911,1
"2018-05-16 14:54:20",494.221592953192,1,450.191075917119,1
"2018-05-16 14:55:20",500.785920565637,1,451.53148247622,1
"2018-05-16 14:56:20",491.524436444102,1,449.706332188862,1
"2018-05-16 14:57:20",513.512360581583,1,475.171444725044,1
"2018-05-16 14:58:20",513.30670886304,1,448.575442254346,1
"2018-05-16 14:59:20",532.642129409677,1,493.483315533998,1
"2018-05-16 15:00:20",524.767988618254,1,462.84656520498,1
"2018-05-16 15:01:20",495.643584398502,1,633.684570661229,1
"2018-05-16 15:02:21",499.398973478665,1,494.482130314334,1
"2018-05-16 15:03:21",473.767167875159,1,499.959865586468,1
"2018-05-16 15:04:21",491.032557344785,1,509.691451513601,1
"2018-05-16 15:05:21",487.579215257279,1,509.062236085232,1
"2018-05-16 15:06:21",492.285616554326,1,485.094636137292,1
"2018-05-16 15:07:21",494.367930605967,1,476.491556869302,1
"2018-05-16 15:08:21",537.752517335227,1,502.328977335077,1
"2018-05-16 15:09:21",522.712625821233,1,493.577903283812,1
"2018-05-16 15:10:21",483.848305175805,1,465.430681543406,1
"2018-05-16 15:11:21",494.269679472816,1,474.166568653699,1
"2018-05-16 15:12:21",524.166893177368,1,460.207894984029,1
"2018-05-16 15:13:21",491.565715092366,1,471.199027330167,1
"2018-05-16 15:14:21",536.867256498131,1,468.867836515189,1
"2018-05-16 15:15:21",506.734466233336,1,508.128807556083,1
"2018-05-16 15:16:21",485.666791576784,1,485.027899943799,1
"2018-05-16 15:17:21",459.513611042287,1,491.917683842232,1
"2018-05-16 15:18:21",556.080013973843,1,448.297425124489,1
"2018-05-16 15:19:21",493.737102493166,1,472.571902367368,1
"2018-05-16 15:20:21",517.066148749054,1,476.349065380011,1
"2018-05-16 15:21:21",507.537234620213,1,493.040403436677,1
"2018-05-16 15:22:21",513.17371819803,1,476.5738898534,1
"2018-05-16 15:23:21",499.946536935966,1,481.450495192629,1
"2018-05-16 15:24:21",503.558892681834,1,488.854190835596,1
"2018-05-16 15:25:21",577.955671660681,1,540.822535958544,1
"2018-05-16 15:26:21",536.470591181408,1,510.74265469015,1
"2018-05-16 15:27:21",535.826183925313,1,518.67754721826,1
"2018-05-16 15:28:21",581.943437477791,1,513.411130561472,1
"2018-05-16 15:29:21",566.510003107265,1,527.906073801601,1
"2018-05-16 15:30:21",510.017057844376,1,479.225492590679,1
"2018-05-16 15:31:22",487.868755806989,1,509.283023589069,1
"2018-05-16 15:32:22",512.197905411992,1,467.873190759512,1
"2018-05-16 15:33:22",498.542386407438,1,479.717871840709,1
"2018-05-16 15:34:22",492.312715635328,1,477.037608970264,1
"2018-05-16 15:35:22",475.430688892543,1,494.645723537331,1
"2018-05-16 15:36:22",474.960424896452,1,474.309204791227,1
"2018-05-16 15:37:22",465.972698568835,1,472.855187783968,1
"2018-05-16 15:38:22",477.195841926318,1,490.651377037624,1
"2018-05-16 15:39:22",493.759676776223,1,490.156648620715,1
"2018-05-16 15:40:22",528.9860689785,1,516.484826874238,1
"2018-05-16 15:41:22",546.654047276165,1,539.253186706358,1
"2018-05-16 15:42:22",518.722468848362,1,490.728136460361,1
"2018-05-16 15:43:22",497.477139405024,1,489.575798755815,1
"2018-05-16 15:44:22",494.332094427975,1,492.056630494882,1
"2018-05-16 15:45:22",482.825322751551,1,506.047433425573,1
"2018-05-16 15:46:22",480.554499214798,1,494.032322759642,1
"2018-05-16 15:47:22",470.569178499281,1,488.034247270452,1
"2018-05-16 15:48:22",487.633004169186,1,544.22625688567,1
"2018-05-16 15:49:22",492.883996982846,1,497.041984195054,1
"2018-05-16 15:50:22",503.952236916362,1,483.192678750388,1
"2018-05-16 15:51:22",466.018593426508,1,547.294056694647,1
"2018-05-16 15:52:22",525.983486757655,1,474.013943461702,1
"2018-05-16 15:53:22",488.101563297703,1,480.421596498862,1
"2018-05-16 15:54:22",524.013555421038,1,460.633671025844,1
"2018-05-16 15:55:22",514.314229350923,1,474.526010910334,1
"2018-05-16 15:56:23",501.745670163678,1,457.341459455465,1
"2018-05-16 15:57:23",501.850042192152,1,464.312546671358,1
"2018-05-16 15:58:23",485.495951638018,1,469.73345542312,1
"2018-05-16 15:59:23",494.698753363481,1,444.218043983157,1
"2018-05-16 16:00:23",492.384109340373,1,448.4562003805,1
"2018-05-16 16:01:23",522.774585776856,1,465.747748340004,1
"2018-05-16 16:02:23",499.853271179922,1,503.063230955491,1
"2018-05-16 16:03:23",504.73382481754,1,481.023350575225,1
"2018-05-16 16:04:23",512.283255846892,1,482.408072241536,1
"2018-05-16 16:05:23",520.675098892205,1,482.947286126907,1
"2018-05-16 16:06:23",514.400486564366,1,484.604407091674,1
"2018-05-16 16:07:23",508.6231058768,1,492.228104681942,1
"2018-05-16 16:08:23",527.058140866921,1,481.295018042379,1
"2018-05-16 16:09:23",499.944259357112,1,464.711969840503,1
"2018-05-16 16:10:23",487.533238226518,1,494.13862557503,1
"2018-05-16 16:11:23",514.833500872543,1,448.522556791782,1
"2018-05-16 16:12:23",500.493667909383,1,488.066345744724,1
"2018-05-16 16:13:23",504.955852578727,1,496.749615313634,1
"2018-05-16 16:14:23",478.196302375068,1,479.380574293073,1
"2018-05-16 16:15:23",498.594541565393,1,470.819261060677,1
"2018-05-16 16:16:23",499.265597203926,1,459.972557057977,1
"2018-05-16 16:17:23",505.451988478363,1,460.854425857953,1
"2018-05-16 16:18:24",512.770749081571,1,464.68687435323,1
"2018-05-16 16:19:24",495.059471628559,1,503.009401776041,1
"2018-05-16 16:20:24",510.087265812918,1,468.034033299706,1
"2018-05-16 16:21:24",495.902631596407,1,489.211810485073,1
"2018-05-16 16:22:24",526.808295719634,1,457.220192426434,1
"2018-05-16 16:23:24",497.18288921996,1,505.172487306889,1
"2018-05-16 16:24:24",510.014434894778,1,509.984582120924,1
"2018-05-16 16:25:24",480.731420327893,1,507.265100722375,1
"2018-05-16 16:26:24",477.846239264567,1,482.152710992244,1
"2018-05-16 16:27:24",507.731052736787,1,486.244640951575,1
"2018-05-16 16:28:24",500.22787785524,1,492.871074709875,1
"2018-05-16 16:29:24",689.091824015539,1,3333.69602309092,1
"2018-05-16 16:30:24",708.31649443014,1,3310.7925150911,1
"2018-05-16 16:31:24",715.139309349756,1,3304.80980342932,1
"2018-05-16 16:32:24",718.121798538269,1,3316.87717206428,1
"2018-05-16 16:33:24",720.340355909046,1,3334.33707742613,1
"2018-05-16 16:34:24",723.38955804062,1,3327.48781686945,1
"2018-05-16 16:35:24",728.596776840622,1,3329.17858026561,1
"2018-05-16 16:36:24",730.221437873451,1,3337.6770329733,1
"2018-05-16 16:37:24",729.094634142637,1,3328.66414371768,1
"2018-05-16 16:38:24",719.785258864456,1,3324.14791836106,1
"2018-05-16 16:39:24",719.538037100911,1,3336.4628620241,1
"2018-05-16 16:40:24",721.279860554213,1,3333.29214762175,1
"2018-05-16 16:41:25",756.929616263813,1,3375.53612336339,1
"2018-05-16 16:42:25",728.828737826528,1,3349.87194298178,1
"2018-05-16 16:43:25",725.114533494159,1,3356.21514333136,1
"2018-05-16 16:44:25",727.227752211306,1,3356.25143418917,1
"2018-05-16 16:45:25",735.924203656164,1,3352.8747409704,1
"2018-05-16 16:46:25",745.223665831595,1,3359.80396458095,1
"2018-05-16 16:47:25",738.090627822417,1,3357.72418794347,1
"2018-05-16 16:48:25",754.917191562768,1,3376.32482766969,1
"2018-05-16 16:49:25",759.358441337959,1,3369.53084313162,1
"2018-05-16 16:50:25",774.322888324092,1,3391.74820216777,1
"2018-05-16 16:51:25",816.15161589958,1,3436.5440703117,1
"2018-05-16 16:52:25",831.221844386122,1,3446.79889219213,1
"2018-05-16 16:53:25",952.40706838867,1,3530.11271159402,1
"2018-05-16 16:54:25",770.889721640778,1,665.281749648772,1
"2018-05-16 16:55:25",899.029966577775,1,985.344752229807,1
"2018-05-16 16:56:25",897.468481811023,1,1007.74936689917,1
"2018-05-16 16:57:25",909.679802449705,1,1012.66320157123,1
"2018-05-16 16:58:25",1054.93795011415,1,1111.37613149468,1
"2018-05-16 16:59:25",1202.11293601891,1,1435.27315073221,1
"2018-05-16 17:00:25",11961.5519185848,1,13235.9822458008,1
"2018-05-16 17:01:25",103.360242470458,1,201.047951218131,1
"2018-05-16 17:02:25",64.8638485820955,1,192.210823118878,0
"2018-05-16 17:03:26",26.7355604591391,0,156.766146184126,0
"2018-05-16 17:04:26",41.4323475661814,1,62.7386882622222,0
"2018-05-16 17:05:26",42.4313168105178,1,206.839461679547,1
"2018-05-16 17:06:26",37.8542515422388,0,99.0526579967143,0
"2018-05-16 17:07:26",45.8810892240759,1,67.7773993581311,0
"2018-05-16 17:08:26",32.4288110609358,0,47.777452969593,0
"2018-05-16 17:09:26",26.0180766980525,0,43.1899255814525,0
"2018-05-16 17:10:26",25.7549785974086,0,33.3948512981701,0
"2018-05-16 17:11:26",60.5651220665193,1,84.6886813360611,0
"2018-05-16 17:12:26",42.315622582808,1,66.7106335483116,0
"2018-05-16 17:13:26",43.5863414005886,1,77.6702096395937,0
"2018-05-16 17:14:26",194.363444547345,1,2480.49989505286,1
"2018-05-16 17:15:26",314.316329493385,1,3001.43602769395,1
"2018-05-16 17:16:26",81.1799183015785,1,126.090161444844,0
"2018-05-16 17:17:26",313.772473129284,1,295.965786072212,1
"2018-05-16 17:18:26",303.13589412595,1,2967.57139928842,1
"2018-05-16 17:19:26",313.974591578462,1,2984.66959511212,1
"2018-05-16 17:20:26",339.071751000703,1,3014.54213667337,1
"2018-05-16 17:21:26",348.971238145685,1,2987.782899189,1
"2018-05-16 17:22:26",378.097201156278,1,3006.3625342807,1
"2018-05-16 17:23:26",399.558906901022,1,3051.74046844336,1
"2018-05-16 17:24:26",423.44551945839,1,3063.57975787018,1
"2018-05-16 17:25:26",471.378213976538,1,3134.49871585075,1
"2018-05-16 17:26:26",511.212676409594,1,3137.81912360805,1
"2018-05-16 17:27:26",585.182830870542,1,3098.12125153941,1
"2018-05-16 17:28:26",653.823524127237,1,3119.8821023184,1
"2018-05-16 17:29:26",731.851935571459,1,3165.32547391968,1
"2018-05-16 17:30:27",790.403287334565,1,3148.43270462139,1
"2018-05-16 17:31:27",830.136910731684,1,3168.21042694892,1
"2018-05-16 17:32:27",902.292519296002,1,3188.17447020465,1
"2018-05-16 17:33:27",981.874488441095,1,3250.78017308585,1
"2018-05-16 17:34:27",1072.19347954886,1,3279.56168894593,1
"2018-05-16 17:35:27",1158.50035360473,1,3285.19439578423,1
"2018-05-16 17:36:27",1263.87531524865,1,3373.14664980299,1
"2018-05-16 17:37:27",1338.25510311517,1,3422.32033665226,1
"2018-05-16 17:38:27",1453.51405786327,1,3344.25657071222,1
"2018-05-16 17:39:27",1520.05270928969,1,3389.83984340338,1
"2018-05-16 17:40:27",1669.76728714613,1,3443.75413220271,1
"2018-05-16 17:41:27",1789.54886353872,1,3465.01250849741,1
"2018-05-16 17:42:27",1917.6390984375,1,3507.29117671526,1
"2018-05-16 17:43:27",2068.50804568585,1,3559.86114541159,1
"2018-05-16 17:44:27",2184.37281916137,1,3612.22449572783,1
"2018-05-16 17:45:27",2305.57203834584,1,3635.45933198756,1
"2018-05-16 17:46:27",2480.79789211352,1,3665.84298309129,1
"2018-05-16 17:47:27",2594.50009936743,1,3706.51706732527,1
"2018-05-16 17:48:27",2804.06945858947,1,3763.26870465376,1
"2018-05-16 17:49:27",2949.63580184249,1,3803.41454255707,1
"2018-05-16 17:50:27",3114.95774801497,1,3821.1487206369,1
"2018-05-16 17:51:27",3270.83090989222,1,3906.87269798655,1
"2018-05-16 17:52:27",3441.69912739199,1,4015.32761231636,1
"2018-05-16 17:53:27",3486.93495378162,1,3768.97004662136,1
"2018-05-16 17:54:28",3641.52372079136,1,3966.35321186403,1
"2018-05-16 17:55:28",3535.30407533523,1,3882.00228446999,1
"2018-05-16 17:56:28",3450.14101231201,1,3904.12112448451,1
"2018-05-16 17:57:28",3437.15982923522,1,2751.43713911787,1
"2018-05-16 17:58:28",3233.04306289203,1,930.00919132706,1
"2018-05-16 17:59:28",3408.49083870064,1,801.369353213358,1
"2018-05-16 18:00:28",2917.70686991226,1,685.940075751613,1
"2018-05-16 18:01:28",2665.05540430912,1,879.125898724429,1
"2018-05-16 18:02:28",2582.30077808742,1,1123.99625762112,1
"2018-05-16 18:03:28",3064.71207936983,1,1600.22025327545,1
"2018-05-16 18:04:28",1981.13346382794,1,707.419593786746,1
"2018-05-16 18:05:28",2223.56456342199,1,3532.21830495365,1
"2018-05-16 18:06:28",2369.24574789959,1,3764.20988231785,1
"2018-05-16 18:07:28",2980.16601108766,1,3912.41133280044,1
"2018-05-16 18:08:28",3700.96124066624,1,3924.22295963561,1
"2018-05-16 18:09:28",1845764.88783283,1,2523863594.04535,1
"2018-05-16 18:10:28",1840261.7853424,1,2523871514.28294,1
"2018-05-16 18:11:28",3497.97783703343,1,896.91428205852,1
"2018-05-16 18:12:28",3065.96577565782,1,1159.19815907551,1
"2018-05-16 18:13:28",2950.77934150006,1,1083.31921185617,1
"2018-05-16 18:14:28",2389.50578775329,1,1112.31445800801,1
"2018-05-16 18:15:28",1793.26388343964,1,487.27230295894,1
"2018-05-16 18:16:28",1643.68052543909,1,708.744916877676,1
"2018-05-16 18:17:28",1364.01716683557,1,435.031239546348,1
"2018-05-16 18:18:28",1261.61961978566,1,461.302790339243,1
"2018-05-16 18:19:29",1077.93805981512,1,250.719415071698,1
"2018-05-16 18:20:29",857.621568392468,1,196.753873209408,0
"2018-05-16 18:21:29",675.683049266455,1,435.583538849066,1
"2018-05-16 18:22:29",684.782479849542,1,180.967329606335,0
"2018-05-16 18:23:29",485.148566467852,1,280.807817751377,1
"2018-05-16 18:24:29",309.518312225811,1,71.2585372392113,0
"2018-05-16 18:25:29",158.614808543424,1,89.5960282240975,0
"2018-05-16 18:26:29",186.852112724565,1,732.375458601703,1
"2018-05-16 18:27:29",286.911856045824,1,248.385178644774,1
"2018-05-16 18:28:29",327.68342680366,1,2106.73326076358,1
"2018-05-16 18:29:29",236.52041564584,1,136.491430836938,0
"2018-05-16 18:30:29",201.943448870055,1,149.574493015665,0
"2018-05-16 18:31:29",190.152505940526,1,162.232050910575,0
"2018-05-16 18:32:29",184.959166947187,1,182.210140749798,0
"2018-05-16 18:33:29",296.652747008779,1,245.883761581047,1
"2018-05-16 18:34:29",203.846315018235,1,163.087085964682,0
"2018-05-16 18:35:29",191.879774767492,1,167.816197571696,0
"2018-05-16 18:36:29",188.28802951865,1,165.852905987328,0
"2018-05-16 18:37:29",340.12897449148,1,3047.36101683418,1
"2018-05-16 18:38:29",601.247683623838,1,3367.16314827734,1
"2018-05-16 18:39:29",616.776661734366,1,3363.06246117873,1
"2018-05-16 18:40:29",599.790721725593,1,3358.48416086317,1
"2018-05-16 18:41:29",22681.8708548664,1,26905.3482217161,1
"2018-05-16 18:42:29",36161.8426472663,1,42278.420214273,1
"2018-05-16 18:43:30",36407.2112029646,1,42126.5988835117,1
"2018-05-16 18:44:30",36453.3926020927,1,42015.1700218964,1
"2018-05-16 18:45:30",38485.152222833,1,39494.7958991231,1
"2018-05-16 18:46:30",416.645224062639,1,453.390631883283,1
"2018-05-16 18:47:30",364.297682016409,1,448.365841479511,1
"2018-05-16 18:48:30",383.437896879098,1,452.050676324383,1
"2018-05-16 18:49:30",404.817197850821,1,422.126168476297,1
"2018-05-16 18:50:30",359.657858250288,1,447.395983934729,1
"2018-05-16 18:51:30",481.820000086025,1,2980.05327957511,1
"2018-05-16 18:52:30",491.7903745233,1,3005.24176481719,1
"2018-05-16 18:53:30",506.991951732409,1,2325.18249676315,1
"2018-05-16 18:54:30",229.043322768186,1,253.86850909201,1
"2018-05-16 18:55:30",234.773809753423,1,207.139320381633,1
"2018-05-16 18:56:30",187.167550441418,1,214.159371707649,1
"2018-05-16 18:57:30",212.825621732817,1,236.783244266404,1
"2018-05-16 18:58:30",531.234489698166,1,339.824856651465,1
"2018-05-16 18:59:30",170.51899763029,1,225.470777396453,1
"2018-05-16 19:00:30",167.368284756642,1,221.393725518985,1
"2018-05-16 19:01:30",189.037023781888,1,218.957660507738,1
"2018-05-16 19:02:30",179.823668377118,1,356.613953127142,1
"2018-05-16 19:03:30",165.715546822681,1,350.276021205953,1
"2018-05-16 19:04:30",152.90982188712,1,396.215078698333,1
"2018-05-16 19:05:30",205.977421863224,1,381.844936328599,1
"2018-05-16 19:06:30",171.207594254019,1,212.119814476474,1
"2018-05-16 19:07:30",185.750783613958,1,198.346358683584,0
"2018-05-16 19:08:30",193.723929844012,1,219.872036608265,1
"2018-05-16 19:09:30",166.278370717522,1,216.730729049367,1
"2018-05-16 19:10:30",175.520068662295,1,204.403852597943,1
"2018-05-16 19:11:30",202.765956332805,1,203.996317521447,1
"2018-05-16 19:12:30",176.655891759849,1,234.266001344924,1
"2018-05-16 19:13:31",169.868101815242,1,215.239369378214,1
"2018-05-16 19:14:31",163.606403524704,1,224.653751376483,1
"2018-05-16 19:15:31",191.827681503257,1,226.562838112311,1
"2018-05-16 19:16:31",171.11184899792,1,213.502324665292,1
"2018-05-16 19:17:31",156.123762386842,1,207.327041784021,1
"2018-05-16 19:18:31",181.422029399702,1,225.907503103824,1
"2018-05-16 19:19:31",154.682400369131,1,214.354911991013,1
"2018-05-16 19:20:31",167.815543927786,1,212.784291399194,1
"2018-05-16 19:21:31",179.735221867166,1,211.308893353879,1
"2018-05-16 19:22:31",168.740787294938,1,203.070094305578,1
"2018-05-16 19:23:31",162.63882645492,1,209.119005230408,1
"2018-05-16 19:24:31",170.311527820283,1,210.705369212211,1
"2018-05-16 19:25:31",176.372897481481,1,208.031580215274,1
"2018-05-16 19:26:31",173.578079378571,1,200.739997373406,1
"2018-05-16 19:27:31",196.68015197997,1,198.42889275526,0
"2018-05-16 19:28:31",185.958385180932,1,211.903713856459,1
"2018-05-16 19:29:31",169.382597439612,1,207.90047937537,1
"2018-05-16 19:30:31",166.189486589014,1,206.069425618416,1
"2018-05-16 19:31:31",178.550689722989,1,207.38772863678,1
"2018-05-16 19:32:31",163.90786105552,1,209.867587045317,1
"2018-05-16 19:33:32",162.168947339144,1,204.184583863499,1
"2018-05-16 19:34:32",177.268405687541,1,192.24057286764,0
"2018-05-16 19:35:32",150.877568662327,1,213.202014967953,1
"2018-05-16 19:36:32",156.039815872386,1,220.467379857681,1
"2018-05-16 19:37:32",163.373079460182,1,204.621630333767,1
"2018-05-16 19:38:32",171.591232710463,1,219.728313104504,1
"2018-05-16 19:39:32",160.721245864597,1,206.052820395473,1
"2018-05-16 19:40:32",162.324193829,1,203.81266787512,1
"2018-05-16 19:41:32",212.949413941245,1,392.730549855229,1
"2018-05-16 19:42:32",208.004198906804,1,292.823196729849,1
"2018-05-16 19:43:32",199.758549304486,1,281.106659566004,1
"2018-05-16 19:44:32",193.216421545662,1,290.207634538644,1
"2018-05-16 19:45:32",214.323720172466,1,281.592835655244,1
"2018-05-16 19:46:32",199.939968692283,1,274.633663567936,1
"2018-05-16 19:47:32",205.413239533319,1,265.311807178821,1
"2018-05-16 19:48:32",177.552007666654,1,275.508889961097,1
"2018-05-16 19:49:32",192.582787612913,1,276.280902721743,1
"2018-05-16 19:50:32",200.994604761405,1,264.209936166484,1
"2018-05-16 19:51:32",204.098497083437,1,260.747700627255,1
"2018-05-16 19:52:32",198.485018339494,1,270.642574880558,1
"2018-05-16 19:53:32",199.690566492945,1,259.517545273491,1
"2018-05-16 19:54:32",213.355103726497,1,260.173271420144,1
"2018-05-16 19:55:32",198.173277410528,1,278.248367995127,1
"2018-05-16 19:56:32",225.764322925247,1,439.454738238051,1
"2018-05-16 19:57:33",219.717470878078,1,443.877042461687,1
"2018-05-16 19:58:33",202.351514487014,1,276.376182749836,1
"2018-05-16 19:59:33",191.939491893057,1,290.793564444417,1
"2018-05-16 20:00:33",185.029453527344,1,276.489828690683,1
"2018-05-16 20:01:33",183.37772125661,1,292.400170585697,1
"2018-05-16 20:02:33",183.190189629141,1,297.349811499972,1
"2018-05-16 20:03:33",181.925757797799,1,283.53688226677,1
"2018-05-16 20:04:33",189.240609893735,1,264.362783251691,1
"2018-05-16 20:05:33",175.002574892967,1,288.467872961199,1
"2018-05-16 20:06:33",180.483413527878,1,279.304609636075,1
"2018-05-16 20:07:33",177.988449268775,1,269.705547083932,1
"2018-05-16 20:08:33",177.713135247814,1,271.747877261699,1
"2018-05-16 20:09:33",183.015653200863,1,282.248382854647,1
"2018-05-16 20:10:33",185.503253300277,1,271.212393358904,1
"2018-05-16 20:11:33",180.875238143095,1,264.950854961281,1
"2018-05-16 20:12:33",177.145398595909,1,270.697756977954,1
"2018-05-16 20:13:33",170.997521666592,1,276.220784540512,1
"2018-05-16 20:14:33",196.735236074081,1,260.674556778191,1
"2018-05-16 20:15:33",170.584703824201,1,279.809364182471,1
"2018-05-16 20:16:33",149.440067249623,1,270.431600576316,1
"2018-05-16 20:17:33",177.479266604969,1,263.531103775327,1
"2018-05-16 20:18:34",178.582512744023,1,269.791113189631,1
"2018-05-16 20:19:34",178.544264360002,1,271.560897146245,1
"2018-05-16 20:20:34",181.995794798412,1,272.55700594471,1
"2018-05-16 20:21:34",176.122369308655,1,266.021866230891,1
"2018-05-16 20:22:34",180.340614251892,1,272.101415539541,1
"2018-05-16 20:23:34",177.335509934964,1,273.015048575834,1
"2018-05-16 20:24:34",186.172918557483,1,257.337445171154,1
"2018-05-16 20:25:34",181.854377799439,1,276.128260286931,1
"2018-05-16 20:26:34",171.064407255022,1,275.233048183907,1
"2018-05-16 20:27:34",174.68347042052,1,275.129042215598,1
"2018-05-16 20:28:34",174.218330511559,1,260.478768626741,1
"2018-05-16 20:29:34",181.511673061339,1,280.182185393064,1
"2018-05-16 20:30:34",195.466962434249,1,267.838676711421,1
"2018-05-16 20:31:34",181.559741438717,1,268.720967084786,1
"2018-05-16 20:32:34",184.438126264965,1,272.132227250785,1
"2018-05-16 20:33:34",183.679174943639,1,274.3661360323,1
"2018-05-16 20:34:34",194.458202926919,1,252.566718499903,1
"2018-05-16 20:35:34",188.089454996688,1,283.198018965335,1
"2018-05-16 20:36:34",185.18020877028,1,274.798714093068,1
"2018-05-16 20:37:34",179.743911235329,1,277.413130583415,1
"2018-05-16 20:38:34",184.330212957,1,285.046566991599,1
"2018-05-16 20:39:35",183.421144651641,1,276.034294832051,1
"2018-05-16 20:40:35",178.290564081985,1,276.446924057215,1
"2018-05-16 20:41:35",180.050613479244,1,276.928944617625,1
"2018-05-16 20:42:35",52.0771119660156,1,66.4644208296885,0
"2018-05-16 20:43:35",53.1210020026927,1,68.4712794279149,0
"2018-05-16 20:44:35",48.2625083364273,1,69.871562795835,0
"2018-05-16 20:45:35",54.2012746319614,1,67.4408441662946,0
"2018-05-16 20:46:35",53.3654719793025,1,68.3944789425569,0
"2018-05-16 20:47:35",57.0225249463729,1,74.0890316755781,0
"2018-05-16 20:48:35",54.1290011616323,1,62.9297419570689,0
"2018-05-16 20:49:35",54.7408133280811,1,65.7440747512014,0
"2018-05-16 20:50:35",42.7609690996644,1,82.5021215307882,0
"2018-05-16 20:51:35",55.3550826817122,1,62.0786001232033,0
"2018-05-16 20:52:35",56.0443302934613,1,79.2709531303573,0
"2018-05-16 20:53:35",57.0698995744629,1,70.3022210145216,0
"2018-05-16 20:54:35",54.927097067924,1,45.0817813222497,0
"2018-05-16 20:55:35",56.8779673390542,1,69.3317580150964,0
"2018-05-16 20:56:35",54.4603520530499,1,226.739066872002,1
"2018-05-16 20:57:35",47.8886973640682,1,206.696840208862,1
"2018-05-16 20:58:35",54.8223476554955,1,74.3537841203678,0
"2018-05-16 20:59:35",54.0182454183557,1,79.7309863289191,0
"2018-05-16 21:00:35",49.5591247398706,1,74.3550704094746,0
"2018-05-16 21:01:35",59.3577371050086,1,68.8297939949522,0
"2018-05-16 21:02:35",60.5886318403524,1,70.4825955742962,0
"2018-05-16 21:03:35",58.2222659976961,1,72.4656585295498,0
"2018-05-16 21:04:35",61.3821514572783,1,62.8215016934253,0
"2018-05-16 21:05:35",57.2423064319879,1,72.0929120930413,0
"2018-05-16 21:06:35",54.4108834856026,1,75.3224496618567,0
"2018-05-16 21:07:36",48.8568160700041,1,82.1407373022995,0
"2018-05-16 21:08:36",53.9415486664088,1,75.6932691308549,0
"2018-05-16 21:09:36",56.1657999268837,1,67.4464157442247,0
"2018-05-16 21:10:36",60.1550558241924,1,69.6998537960324,0
"2018-05-16 21:11:36",60.555696455924,1,66.8684987880249,0
"2018-05-16 21:12:36",51.761291589211,1,76.0764251968847,0
"2018-05-16 21:13:36",51.8095989784517,1,71.5470194264053,0
"2018-05-16 21:14:36",51.5674108835474,1,66.2038209538307,0
"2018-05-16 21:15:36",50.4694922620173,1,76.2493209447353,0
"2018-05-16 21:16:36",49.2985788865115,1,82.8474835514138,0
"2018-05-16 21:17:36",43.3825907663861,1,75.7985251617518,0
"2018-05-16 21:18:36",49.8479987952032,1,79.6396407538385,0
"2018-05-16 21:19:36",52.3277990138023,1,73.3082099298295,0
"2018-05-16 21:20:36",48.9105666461963,1,70.7339521129804,0
"2018-05-16 21:21:36",50.1288045814024,1,72.614322820489,0
"2018-05-16 21:22:36",49.9332166113937,1,77.4705061978323,0
"2018-05-16 21:23:36",50.5354094830262,1,79.516463707403,0
"2018-05-16 21:24:36",55.6922172027219,1,68.1853353960588,0
"2018-05-16 21:25:36",50.5095327773051,1,82.815582628548,0
"2018-05-16 21:26:36",52.3608470880903,1,71.7363018521332,0
"2018-05-16 21:27:36",46.5526168342558,1,76.7506502470712,0
"2018-05-16 21:28:36",52.4184847628848,1,77.8444776090521,0
"2018-05-16 21:29:36",55.2813632475112,1,77.7140183396807,0
"2018-05-16 21:30:36",56.5093053501318,1,79.4503309872793,0
"2018-05-16 21:31:37",53.903763080707,1,72.6611947066687,0
"2018-05-16 21:32:37",56.0240124246542,1,74.7431066199907,0
"2018-05-16 21:33:37",51.5731767062114,1,71.3348972995763,0
"2018-05-16 21:34:37",53.5526321613792,1,70.3857346006218,0
"2018-05-16 21:35:37",51.0546742489283,1,77.7901364622077,0
"2018-05-16 21:36:37",53.127901894284,1,73.7419989165313,0
"2018-05-16 21:37:37",43.848863781761,1,76.1458653174565,0
"2018-05-16 21:38:37",50.9212247517872,1,78.0492692137835,0
"2018-05-16 21:39:37",50.452322068262,1,74.2298063100248,0
"2018-05-16 21:40:37",55.3068705284059,1,73.531574202155,0
"2018-05-16 21:41:37",58.1417425949007,1,71.6921872210613,0
"2018-05-16 21:42:37",95.68700500229,1,171.320760200221,0
"2018-05-16 21:43:37",65.562428937791,1,90.6813530243303,0
"2018-05-16 21:44:37",70.7817251690344,1,84.6148965669637,0
"2018-05-16 21:45:37",65.251210447671,1,90.1592468175806,0
"2018-05-16 21:46:37",61.3771481093342,1,92.4136476504961,0
"2018-05-16 21:47:37",51.3455632239909,1,96.7690875161223,0
"2018-05-16 21:48:37",64.7785791468968,1,92.04191550815,0
"2018-05-16 21:49:37",64.1814727915573,1,90.7089288766908,0
"2018-05-16 21:50:38",67.806730829204,1,90.0291984520376,0
"2018-05-16 21:51:38",64.9013467478021,1,88.5513876630453,0
"2018-05-16 21:52:38",66.1309340426114,1,89.7747722505105,0
"2018-05-16 21:53:38",53.3904277329154,1,96.0059845413138,0
"2018-05-16 21:54:38",69.1625737731778,1,85.9183107610259,0
"2018-05-16 21:55:38",64.5602431399006,1,90.6362807144214,0
"2018-05-16 21:56:38",56.9501208690284,1,258.873012407888,1
"2018-05-16 21:57:38",54.0470144138357,1,257.198857284343,1
"2018-05-16 21:58:38",64.3318742929091,1,93.3734796382325,0
"2018-05-16 21:59:38",63.9370562857388,1,93.5967556894995,0
"2018-05-16 22:00:38",65.6241819346118,1,99.3601254829352,0
"2018-05-16 22:01:38",62.8089781170598,1,93.0806121543497,0
"2018-05-16 22:02:38",68.3515999738847,1,93.1004752863999,0
"2018-05-16 22:03:38",57.2134910588161,1,99.7067467698105,0
"2018-05-16 22:04:38",70.5955108476151,1,88.8929513295037,0
"2018-05-16 22:05:38",66.0389588997744,1,94.6703218060802,0
"2018-05-16 22:06:38",68.1212740909141,1,88.5523820507609,0
"2018-05-16 22:07:38",67.383170253868,1,87.4925848692018,0
"2018-05-16 22:08:38",68.0833889247166,1,92.4506543203275,0
"2018-05-16 22:09:38",69.3737326278887,1,91.1151515490332,0
"2018-05-16 22:10:38",67.9482954792017,1,92.3326758847669,0
"2018-05-16 22:11:38",69.2510311252519,1,85.3184440710074,0
"2018-05-16 22:12:38",63.3611861766007,1,95.8045532879841,0
"2018-05-16 22:13:38",51.0073130909965,1,101.699444989,0
"2018-05-16 22:14:38",66.8744235131007,1,86.2586916239105,0
"2018-05-16 22:15:39",63.9278332729431,1,90.1195198139471,0
"2018-05-16 22:16:39",65.1830710596341,1,90.4443830703982,0
"2018-05-16 22:17:39",62.7218332931349,1,89.1253477423223,0
"2018-05-16 22:18:39",66.4580995967649,1,91.4592788491183,0
"2018-05-16 22:19:39",68.091376002613,1,87.0089681533145,0
"2018-05-16 22:20:39",72.5310831947149,1,91.8773191189387,0
"2018-05-16 22:21:39",66.9381143088899,1,91.8955684647511,0
"2018-05-16 22:22:39",63.3247701299468,1,94.1421883783121,0
"2018-05-16 22:23:39",55.0351715911194,1,96.3523364304073,0
"2018-05-16 22:24:39",67.6080625433928,1,86.6648562829606,0
"2018-05-16 22:25:39",64.6605151827663,1,91.2477358626611,0
"2018-05-16 22:26:39",62.6930147926785,1,92.6141738628784,0
"2018-05-16 22:27:39",64.0599481613861,1,92.4563659798428,0
"2018-05-16 22:28:39",61.7354382040525,1,99.0704396301363,0
"2018-05-16 22:29:39",63.0874185734836,1,89.2154542642751,0
"2018-05-16 22:30:39",47.8510132133386,1,106.683793918991,0
"2018-05-16 22:31:39",63.6444261468091,1,90.995717512532,0
"2018-05-16 22:32:39",62.3551945132888,1,93.8438466350464,0
"2018-05-16 22:33:39",65.3617609167126,1,96.378938636585,0
"2018-05-16 22:34:39",63.683398569536,1,91.8052943784353,0
"2018-05-16 22:35:39",59.7446377559491,1,98.3521170227785,0
"2018-05-16 22:36:39",60.0604892401756,1,97.4375358824737,0
"2018-05-16 22:37:39",64.622618770972,1,91.0005394845663,0
"2018-05-16 22:38:39",60.6378961276126,1,95.7871252413627,0
"2018-05-16 22:39:40",60.2998693169061,1,94.5041834686373,0
"2018-05-16 22:40:40",55.2331194093481,1,100.489087634525,0
"2018-05-16 22:41:40",64.2374418077004,1,95.7675936793773,0
"2018-05-16 22:42:40",75.9898014336382,1,169.167167810594,0
"2018-05-16 22:43:40",38.5710337257595,0,81.7498236714368,0
"2018-05-16 22:44:40",44.2807910235394,1,74.2002817820927,0
"2018-05-16 22:45:40",41.4956817477681,1,77.9627510181571,0
"2018-05-16 22:46:40",39.6903857676553,0,80.0739509957002,0
"2018-05-16 22:47:40",41.6745404905678,1,76.8862810912218,0
"2018-05-16 22:48:40",41.6953929852746,1,75.8946034207424,0
"2018-05-16 22:49:40",48.8211911398869,1,71.7422810215165,0
"2018-05-16 22:50:40",39.4712513127307,0,81.3367518374704,0
"2018-05-16 22:51:40",49.1186849461741,1,72.4048915449737,0
"2018-05-16 22:52:40",50.1481637187418,1,74.2707574048501,0
"2018-05-16 22:53:40",51.5054120072523,1,80.7985314006771,0
"2018-05-16 22:54:40",49.1799604716573,1,76.3324518449829,0
"2018-05-16 22:55:40",39.5623991307551,0,242.506070966135,1
"2018-05-16 22:56:40",42.7822351880685,1,232.527061035457,1
"2018-05-16 22:57:40",55.8661264609659,1,133.599429181343,0
"2018-05-16 22:58:40",43.9432170606225,1,79.8123440019067,0
"2018-05-16 22:59:40",46.7133873904633,1,74.4546758622439,0
"2018-05-16 23:00:40",40.9572903013137,1,71.2307953077178,0
"2018-05-16 23:01:40",46.8180230244743,1,73.1355855185559,0
"2018-05-16 23:02:40",46.7975283516344,1,73.9614909856845,0
"2018-05-16 23:03:41",52.3838720859732,1,74.8376968335028,0
"2018-05-16 23:04:41",46.9226531769283,1,72.3184608661828,0
"2018-05-16 23:05:41",44.1607128237753,1,76.9798449486346,0
"2018-05-16 23:06:41",37.2684146330031,0,83.5073327721499,0
"2018-05-16 23:07:41",50.1537495543992,1,67.4863249336039,0
"2018-05-16 23:08:41",43.1070225429912,1,77.9174120558948,0
"2018-05-16 23:09:41",43.7877217805728,1,74.4121766000733,0
"2018-05-16 23:10:41",41.0963954611013,1,72.3224505919958,0
"2018-05-16 23:11:41",43.7526065963176,1,77.8352300683202,0
"2018-05-16 23:12:41",40.4037849085983,0,84.1419876164464,0
"2018-05-16 23:13:41",43.7506076884321,1,76.5676288803319,0
"2018-05-16 23:14:41",42.187913967015,1,73.3478375361616,0
"2018-05-16 23:15:41",40.9210228754044,1,69.7608433092905,0
"2018-05-16 23:16:41",35.9993393127232,0,73.9545699131888,0
"2018-05-16 23:17:41",45.0262587279767,1,69.7872199263501,0
"2018-05-16 23:18:41",39.5999294806813,0,78.5807531902724,0
"2018-05-16 23:19:41",41.2770922595192,1,77.0156607604428,0
"2018-05-16 23:20:41",38.0873390916999,0,72.8445572970121,0
"2018-05-16 23:21:41",40.0482434229017,0,76.622790051737,0
"2018-05-16 23:22:41",39.5248270063993,0,76.0845509868094,0
"2018-05-16 23:23:41",44.2144872791098,1,83.2358458416056,0
"2018-05-16 23:24:41",43.1440085042693,1,77.6566306010219,0
"2018-05-16 23:25:41",43.9960968640515,1,75.7539220251407,0
"2018-05-16 23:26:42",35.8493427552793,0,77.9833629233156,0
"2018-05-16 23:27:42",48.1603285313332,1,69.6616316552075,0
"2018-05-16 23:28:42",40.5302432892405,0,85.8146377880735,0
"2018-05-16 23:29:42",43.0978813059501,1,76.5085098487847,0
"2018-05-16 23:30:42",44.4082716383754,1,71.9417303867784,0
"2018-05-16 23:31:42",42.9261372166095,1,76.9710198169309,0
"2018-05-16 23:32:42",41.5600568938777,1,78.1698518449272,0
"2018-05-16 23:33:42",34.3612392119981,0,82.7290035307468,0
"2018-05-16 23:34:42",41.322891516857,1,81.4428844928662,0
"2018-05-16 23:35:42",41.9762786391629,1,46.9377428032978,0
"2018-05-16 23:36:42",39.3060770866088,0,81.7121709487253,0
"2018-05-16 23:37:42",43.465363531296,1,74.8732460448276,0
"2018-05-16 23:38:42",40.6941651572361,0,81.6984611039379,0
"2018-05-16 23:39:42",42.9985370594126,1,76.4468492567033,0
"2018-05-16 23:40:42",43.0264252759606,1,75.8660601939001,0
"2018-05-16 23:41:42",42.0399384606539,1,82.2047175169811,0
"2018-05-16 23:42:42",43.6820231903854,1,78.7365057148888,0
"2018-05-16 23:43:42",102.938449198431,1,121.197584029641,0
"2018-05-16 23:44:42",97.5866005021258,1,125.160781184089,0
"2018-05-16 23:45:42",99.8884541805011,1,118.291714524058,0
"2018-05-16 23:46:42",83.3843342318645,1,130.955936761148,0
"2018-05-16 23:47:42",96.2702324618432,1,123.639572343209,0
"2018-05-16 23:48:42",91.8021054998723,1,125.487770940246,0
"2018-05-16 23:49:42",92.5938002623461,1,125.685531934788,0
"2018-05-16 23:50:42",101.906623483042,1,113.997981616221,0
"2018-05-16 23:51:43",97.787777921357,1,122.589306003115,0
"2018-05-16 23:52:43",99.459288197294,1,115.930066067053,0
"2018-05-16 23:53:43",82.2389495148915,1,139.195368812276,0
"2018-05-16 23:54:43",101.138514531134,1,122.969060744622,0
"2018-05-16 23:55:43",95.2891379841948,1,315.72689507574,1
"2018-05-16 23:56:43",94.4238400369209,1,289.09191820409,1
"2018-05-16 23:57:43",101.363528155824,1,121.079107355759,0
"2018-05-16 23:58:43",92.56117328612,1,128.133627630056,0
"2018-05-16 23:59:43",99.3869993477652,1,120.086647569277,0
"2018-05-17 00:00:00",103.736749083918,1,123.273298316612,0
"2018-05-17 00:00:43",105.316968591967,1,118.058164537801,0
"2018-05-17 00:01:43",99.5713269545615,1,122.193818967976,0
"2018-05-17 00:02:43",96.2534390905124,1,129.919497633548,0
"2018-05-17 00:03:43",93.5058140374753,1,126.59980392469,0
"2018-05-17 00:04:43",99.6193206896317,1,122.64906715766,0
"2018-05-17 00:05:43",98.8271629697271,1,114.100537924666,0
"2018-05-17 00:06:43",103.728522874156,1,118.901224894805,0
"2018-05-17 00:07:43",104.155455503835,1,119.257402601859,0
"2018-05-17 00:08:43",98.0568642303289,1,121.591780218931,0
"2018-05-17 00:09:43",84.8837486061572,1,125.559800639695,0
"2018-05-17 00:10:43",108.090130364374,1,112.901853896735,0
"2018-05-17 00:11:43",100.528504300261,1,119.138603536957,0
"2018-05-17 00:12:43",98.9242400018841,1,114.954325574194,0
"2018-05-17 00:13:44",78.1821505553433,1,139.225764066013,0
"2018-05-17 00:14:44",99.5705626811185,1,120.667732579202,0
"2018-05-17 00:15:44",99.2520022760274,1,117.962750865059,0
"2018-05-17 00:16:44",103.733616510269,1,122.591724343475,0
"2018-05-17 00:17:44",101.215883063161,1,115.859341492348,0
"2018-05-17 00:18:44",95.40451960574,1,122.314446851655,0
"2018-05-17 00:19:44",96.0145800570578,1,118.508352446705,0
"2018-05-17 00:20:44",102.94232474659,1,112.928256395718,0
"2018-05-17 00:21:44",97.5780850408691,1,122.222711138533,0
"2018-05-17 00:22:44",95.0612466697614,1,120.979742589138,0
"2018-05-17 00:23:44",91.2969399162643,1,123.089083035275,0
"2018-05-17 00:24:44",96.7216314691707,1,120.053151216634,0
"2018-05-17 00:25:44",101.461259025374,1,117.132660812692,0
"2018-05-17 00:26:44",102.171652139531,1,118.935730087293,0
"2018-05-17 00:27:44",101.214876772274,1,118.078332261953,0
"2018-05-17 00:28:44",95.2423763342019,1,122.816947161353,0
"2018-05-17 00:29:44",78.5586444578474,1,138.553601510079,0
"2018-05-17 00:30:44",103.610768312625,1,115.95572332095,0
"2018-05-17 00:31:44",97.3680078702915,1,120.585122933303,0
"2018-05-17 00:32:44",102.010517568519,1,116.263415016768,0
"2018-05-17 00:33:44",93.9136051443375,1,121.658417080267,0
"2018-05-17 00:34:44",96.3469443471041,1,122.300392218806,0
"2018-05-17 00:35:44",99.5448429175875,1,122.164899547926,0
"2018-05-17 00:36:44",96.235427100812,1,127.168858083911,0
"2018-05-17 00:37:44",95.73208391692,1,124.688980769107,0
"2018-05-17 00:38:44",94.6104660192027,1,124.577558901437,0
"2018-05-17 00:39:44",94.550875683306,1,128.662326337694,0
"2018-05-17 00:40:45",104.238094790474,1,119.85889199282,0
"2018-05-17 00:41:45",96.0969045334562,1,126.407511252948,0
"2018-05-17 00:42:45",98.3431383052929,1,124.736070275837,0
"2018-05-17 00:43:45",101.463038426968,1,177.264436312057,0
"2018-05-17 00:44:45",81.1603769736366,1,109.43037002195,0
"2018-05-17 00:45:45",83.6977768421507,1,104.116869123653,0
"2018-05-17 00:46:45",84.5314373176788,1,112.321538347824,0
"2018-05-17 00:47:45",79.0016803305957,1,105.811863681415,0
"2018-05-17 00:48:45",77.3781233333137,1,107.751140498726,0
"2018-05-17 00:49:45",59.4771276210434,1,123.858709505908,0
"2018-05-17 00:50:45",90.4744955992622,1,96.4400205877893,0
"2018-05-17 00:51:45",84.777698701797,1,101.055846066571,0
"2018-05-17 00:52:45",85.4002256967252,1,103.113723549936,0
"2018-05-17 00:53:45",89.5039512114622,1,100.391582186941,0
"2018-05-17 00:54:45",87.8387985935465,1,101.499211047432,0
"2018-05-17 00:55:45",78.1916018295597,1,308.762436101176,1
"2018-05-17 00:56:45",63.3127681716907,1,273.310793710653,1
"2018-05-17 00:57:45",89.0055944294644,1,99.6547556951306,0
"2018-05-17 00:58:45",87.4043891567231,1,103.595326986031,0
"2018-05-17 00:59:45",89.8158730946908,1,100.879700764878,0
"2018-05-17 01:00:45",83.8315370691398,1,98.1260734041689,0
"2018-05-17 01:01:45",80.4972626707878,1,103.319667850313,0
"2018-05-17 01:02:45",82.194137945936,1,98.427623862428,0
"2018-05-17 01:03:45",90.717984061988,1,91.5341953298355,0
"2018-05-17 01:04:45",82.4694443528995,1,98.1088151460689,0
"2018-05-17 01:05:45",87.9156047155622,1,96.1163111886401,0
"2018-05-17 01:06:45",76.4164501970515,1,104.553186751572,0
"2018-05-17 01:07:45",82.5026267665838,1,98.7863676235184,0
"2018-05-17 01:08:45",83.2990686046208,1,99.3024156072317,0
"2018-05-17 01:09:45",89.9036879710428,1,95.402581999197,0
"2018-05-17 01:10:46",90.6739857090971,1,91.127499054875,0
"2018-05-17 01:11:46",82.0598519149922,1,101.278528892996,0
"2018-05-17 01:12:46",86.2322199872764,1,101.041971909653,0
"2018-05-17 01:13:46",81.9455719073323,1,97.0060887701815,0
"2018-05-17 01:14:46",81.6203652994001,1,102.05398231849,0
"2018-05-17 01:15:46",81.0117757227711,1,102.291704499025,0
"2018-05-17 01:16:46",69.3747088755227,1,115.108349503582,0
"2018-05-17 01:17:46",81.9560357411241,1,101.418158162138,0
"2018-05-17 01:18:46",78.7866945988328,1,101.988491563518,0
"2018-05-17 01:19:46",86.0534505449076,1,106.118400227966,0
"2018-05-17 01:20:46",90.1929735550126,1,98.9183059353011,0
"2018-05-17 01:21:46",82.9503226157282,1,92.3847958598163,0
"2018-05-17 01:22:46",80.2188958047879,1,103.186150618064,0
"2018-05-17 01:23:46",85.7170890410564,1,101.464665573131,0
"2018-05-17 01:24:46",83.6023397436244,1,110.337949539244,0
"2018-05-17 01:25:46",78.1191149606466,1,116.234801436576,0
"2018-05-17 01:26:46",77.311836969632,1,106.533866738827,0
"2018-05-17 01:27:46",83.1387492122889,1,103.12236548081,0
"2018-05-17 01:28:46",81.8537583031393,1,104.738170813387,0
"2018-05-17 01:29:46",84.9440002644758,1,109.392147396998,0
"2018-05-17 01:30:46",86.2955146088608,1,108.824469232363,0
"2018-05-17 01:31:46",82.6886864031667,1,108.907316929643,0
"2018-05-17 01:32:46",73.6234963386325,1,110.873667456086,0
"2018-05-17 01:33:46",91.1136344159997,1,100.890345509334,0
"2018-05-17 01:34:46",81.8767845870512,1,105.840387457809,0
"2018-05-17 01:35:46",81.3070647603381,1,107.069668991907,0
"2018-05-17 01:36:46",78.1120574405273,1,103.625483441154,0
"2018-05-17 01:37:46",82.8155561186595,1,109.224286452521,0
"2018-05-17 01:38:46",79.9760892639524,1,106.915549140333,0
"2018-05-17 01:39:46",83.3795225619687,1,107.343831514305,0
"2018-05-17 01:40:46",85.0801811157129,1,99.8585793248124,0
"2018-05-17 01:41:46",78.5948122468772,1,110.433479712587,0
"2018-05-17 01:42:46",81.8469232294339,1,107.384549853546,0
"2018-05-17 01:43:46",127.218000516635,1,122.522962207483,0
"2018-05-17 01:44:47",111.495157639282,1,139.253673074531,0
"2018-05-17 01:45:47",116.183105774243,1,135.739954224148,0
"2018-05-17 01:46:47",101.13116196913,1,143.336034933441,0
"2018-05-17 01:47:47",109.305169360092,1,144.071867352055,0
"2018-05-17 01:48:47",111.861091071311,1,136.212841219308,0
"2018-05-17 01:49:47",116.265945097299,1,140.093447072377,0
"2018-05-17 01:50:47",108.646426488447,1,141.232691805043,0
"2018-05-17 01:51:47",116.440886425133,1,131.329221995003,0
"2018-05-17 01:52:47",92.5036859873868,1,147.376344317249,0
"2018-05-17 01:53:47",120.060652165806,1,126.376630035774,0
"2018-05-17 01:54:47",114.481768390791,1,132.811796377236,0
"2018-05-17 01:55:47",101.801765965146,1,296.796376663355,1
"2018-05-17 01:56:47",97.9187590107441,1,262.365426448701,1
"2018-05-17 01:57:47",115.612135713205,1,133.74023345241,0
"2018-05-17 01:58:47",113.542287550275,1,133.594172004461,0
"2018-05-17 01:59:47",121.396487126087,1,134.773112077316,0
"2018-05-17 02:00:47",115.681590501747,1,132.12319765813,0
"2018-05-17 02:01:47",113.518118972007,1,136.393251462719,0
"2018-05-17 02:02:47",106.523758917706,1,140.622799410429,0
"2018-05-17 02:03:47",115.186473221783,1,133.432585257576,0
"2018-05-17 02:04:47",116.076879612335,1,135.882678837812,0
"2018-05-17 02:05:47",117.15413120054,1,130.881735052867,0
"2018-05-17 02:06:47",117.426904178745,1,132.794919490747,0
"2018-05-17 02:07:47",119.642352320602,1,131.891243713161,0
"2018-05-17 02:08:47",118.239185999108,1,133.988825216223,0
"2018-05-17 02:09:47",121.77982481695,1,136.912855478718,0
"2018-05-17 02:10:48",118.396468463934,1,131.270616648639,0
"2018-05-17 02:11:48",118.196883802335,1,132.879284497139,0
"2018-05-17 02:12:48",101.820220473379,1,126.22405131837,0
"2018-05-17 02:13:48",127.143779603775,1,126.158409204788,0
"2018-05-17 02:14:48",112.641210363119,1,132.927105039929,0
"2018-05-17 02:15:48",113.449913717803,1,131.504401458986,0
"2018-05-17 02:16:48",110.333696039699,1,132.190941178931,0
"2018-05-17 02:17:48",111.554732731939,1,130.967034330204,0
"2018-05-17 02:18:48",114.759943193424,1,134.859866929256,0
"2018-05-17 02:19:48",118.186561546336,1,128.74168824805,0
"2018-05-17 02:20:48",115.637402582757,1,132.089158202805,0
"2018-05-17 02:21:48",119.510249195091,1,134.565103700969,0
"2018-05-17 02:22:48",109.829524206479,1,271.946512085952,1
"2018-05-17 02:23:48",125.151763447538,1,130.414360179531,0
"2018-05-17 02:24:48",113.874411343744,1,133.055674886159,0
"2018-05-17 02:25:48",114.913044464237,1,132.454919618266,0
"2018-05-17 02:26:48",122.102938518504,1,130.18276934047,0
"2018-05-17 02:27:48",114.697748390303,1,136.51959698747,0
"2018-05-17 02:28:48",113.940673065934,1,134.017508755656,0
"2018-05-17 02:29:48",93.4369756597961,1,151.266529948009,0
"2018-05-17 02:30:48",113.155575720081,1,132.964304565492,0
"2018-05-17 02:31:48",115.195352856779,1,132.774681417656,0
"2018-05-17 02:32:48",122.849434418989,1,133.997876644225,0
"2018-05-17 02:33:48",119.089847322982,1,132.320417746571,0
"2018-05-17 02:34:48",109.971967993826,1,137.226929391401,0
"2018-05-17 02:35:49",106.840165963334,1,140.356713360981,0
"2018-05-17 02:36:49",116.980652244202,1,136.966933920451,0
"2018-05-17 02:37:49",107.827061031155,1,142.375738070951,0
"2018-05-17 02:38:49",111.127820350614,1,136.538495164406,0
"2018-05-17 02:39:49",100.579510009623,1,147.475753340998,0
"2018-05-17 02:40:49",112.426485674947,1,136.12969216273,0
"2018-05-17 02:41:49",110.743937894919,1,141.011924148356,0
"2018-05-17 02:42:49",117.753002506271,1,139.673827475462,0
"2018-05-17 02:43:49",115.400948104383,1,136.806520199523,0
"2018-05-17 02:44:49",106.963102752818,1,131.107770775309,0
"2018-05-17 02:45:49",111.170736067744,1,130.174477171834,0
"2018-05-17 02:46:49",113.140242496143,1,130.140106121745,0
"2018-05-17 02:47:49",102.599659283644,1,136.782806672742,0
"2018-05-17 02:48:49",108.630814382339,1,133.867032127447,0
"2018-05-17 02:49:49",90.7513872098475,1,141.76557460912,0
"2018-05-17 02:50:49",105.626095086626,1,134.32625945622,0
"2018-05-17 02:51:49",114.457373280775,1,124.704218529368,0
"2018-05-17 02:52:49",118.174932312646,1,129.638955877009,0
"2018-05-17 02:53:49",116.013165378665,1,122.403296130111,0
"2018-05-17 02:54:49",117.182117233482,1,121.128288944359,0
"2018-05-17 02:55:49",102.639525006938,1,242.351597051971,1
"2018-05-17 02:56:50",112.56463916056,1,217.322761275514,1
"2018-05-17 02:57:50",119.170474186848,1,120.638141316463,0
"2018-05-17 02:58:50",118.821722525159,1,124.750187527021,0
"2018-05-17 02:59:50",111.995998278795,1,125.696924870187,0
"2018-05-17 03:00:50",117.001700155025,1,122.625836532052,0
"2018-05-17 03:01:50",115.265259954312,1,121.985440796044,0
"2018-05-17 03:02:50",121.580499361451,1,128.028151502174,0
"2018-05-17 03:03:50",114.389451643327,1,123.854925878739,0
"2018-05-17 03:04:50",118.13463732694,1,121.506621512065,0
"2018-05-17 03:05:50",96.0922869130393,1,140.284781875469,0
"2018-05-17 03:06:50",122.504974986525,1,116.148037163123,0
"2018-05-17 03:07:50",116.278995736959,1,122.582378087912,0
"2018-05-17 03:08:50",117.453629474123,1,120.880549444077,0
"2018-05-17 03:09:50",109.227726380033,1,126.197146248885,0
"2018-05-17 03:10:50",114.879111962927,1,119.152606297119,0
"2018-05-17 03:11:50",111.130354390208,1,122.563449034751,0
"2018-05-17 03:12:50",122.278294162726,1,122.59177573407,0
"2018-05-17 03:13:50",114.142014162443,1,117.616580218441,0
"2018-05-17 03:14:50",106.766796274257,1,126.317176311188,0
"2018-05-17 03:15:50",103.877135139356,1,125.457967254537,0
"2018-05-17 03:16:50",121.1342997743,1,122.59136481222,0
"2018-05-17 03:17:50",115.481743592473,1,127.271952353025,0
"2018-05-17 03:18:50",113.709663913937,1,128.893804211932,0
"2018-05-17 03:19:50",109.558288190751,1,132.685430819029,0
"2018-05-17 03:20:50",115.815808406151,1,129.997070966963,0
"2018-05-17 03:21:50",115.688900757917,1,132.086171997257,0
"2018-05-17 03:22:51",115.112325560159,1,135.849579501429,0
"2018-05-17 03:23:51",118.174197964404,1,129.47161504723,0
"2018-05-17 03:24:51",112.979742608483,1,131.905743811596,0
"2018-05-17 03:25:51",101.863557607354,1,139.844453299125,0
"2018-05-17 03:26:51",122.42071639193,1,126.493674732982,0
"2018-05-17 03:27:51",111.933432323599,1,135.750760523749,0
"2018-05-17 03:28:51",119.694027835322,1,131.287270475375,0
"2018-05-17 03:29:51",120.905388187401,1,130.624312770097,0
"2018-05-17 03:30:51",115.926812374348,1,130.987000365783,0
"2018-05-17 03:31:51",117.439227347768,1,134.963681616485,0
"2018-05-17 03:32:51",98.0817951321247,1,153.653097891157,0
"2018-05-17 03:33:51",118.119312097453,1,132.895406185596,0
"2018-05-17 03:34:51",119.784450324795,1,130.571163759711,0
"2018-05-17 03:35:51",125.330566702274,1,138.161834928629,0
"2018-05-17 03:36:51",118.953814928953,1,133.834689090076,0
"2018-05-17 03:37:51",118.221376800612,1,135.291123550182,0
"2018-05-17 03:38:51",115.809866564654,1,136.797365677,0
"2018-05-17 03:39:51",113.293336518488,1,136.514101456225,0
"2018-05-17 03:40:51",111.477835481756,1,139.723926880251,0
"2018-05-17 03:41:51",119.874033114617,1,133.604226918992,0
"2018-05-17 03:42:51",122.992500037713,1,138.714885691382,0
"2018-05-17 03:43:51",115.284026453529,1,138.142589168615,0
"2018-05-17 03:44:51",213.779233946926,1,246.200157545018,1
"2018-05-17 03:45:51",144.354324567539,1,180.063281057692,0
"2018-05-17 03:46:51",166.102140384181,1,170.590078023806,0
"2018-05-17 03:47:52",161.761198387134,1,177.38723128175,0
"2018-05-17 03:48:52",156.689071619685,1,178.273425923736,0
"2018-05-17 03:49:52",160.033026370765,1,175.777953257468,0
"2018-05-17 03:50:52",154.503641616206,1,183.645193249899,0
"2018-05-17 03:51:52",161.258210821078,1,175.459079940294,0
"2018-05-17 03:52:52",138.23472502017,1,199.283107629301,0
"2018-05-17 03:53:52",159.332194958979,1,178.831554475656,0
"2018-05-17 03:54:52",165.615281586323,1,175.99440489293,0
"2018-05-17 03:55:52",153.49881098528,1,257.177187057807,1
"2018-05-17 03:56:52",152.067676935052,1,251.948563940236,1
"2018-05-17 03:57:52",157.039364186428,1,191.534338815341,0
"2018-05-17 03:58:52",163.738161888029,1,176.470846038971,0
"2018-05-17 03:59:52",165.022147581625,1,188.592399418378,0
"2018-05-17 04:00:52",153.448199415617,1,189.181593830037,0
"2018-05-17 04:01:52",151.269206185415,1,199.23338213292,0
"2018-05-17 04:02:52",144.609713872151,1,191.106448526937,0
"2018-05-17 04:03:52",158.727233011606,1,176.794086806678,0
"2018-05-17 04:04:52",166.458540871983,1,171.761898043044,0
"2018-05-17 04:05:52",176.639335001156,1,172.875167901579,0
"2018-05-17 04:06:52",170.007526612732,1,175.87609013542,0
"2018-05-17 04:07:52",169.428563800923,1,172.536280855709,0
"2018-05-17 04:08:52",143.238875907174,1,190.72069909965,0
"2018-05-17 04:09:52",168.901479228297,1,174.636862070682,0
"2018-05-17 04:10:52",162.740856825037,1,169.548138049869,0
"2018-05-17 04:11:52",160.61089377301,1,166.240784165831,0
"2018-05-17 04:12:52",147.517629151252,1,169.013611881293,0
"2018-05-17 04:13:52",163.43713855824,1,166.970397702288,0
"2018-05-17 04:14:53",164.628110160924,1,169.313924584473,0
"2018-05-17 04:15:53",169.613126993165,1,171.279296416581,0
"2018-05-17 04:16:53",167.023936883038,1,170.423217311736,0
"2018-05-17 04:17:53",163.182942080969,1,177.158562501313,0
"2018-05-17 04:18:53",162.738044512874,1,173.249855082974,0
"2018-05-17 04:19:53",162.71389118649,1,171.839890567317,0
"2018-05-17 04:20:53",156.655514331731,1,179.688289700085,0
"2018-05-17 04:21:53",162.482551543179,1,169.891731536034,0
"2018-05-17 04:22:53",152.824982274053,1,180.707273626667,0
"2018-05-17 04:23:53",161.305909661963,1,172.817278666091,0
"2018-05-17 04:24:53",161.162297573007,1,176.173291822486,0
"2018-05-17 04:25:53",172.306325922517,1,152.036865894823,0
"2018-05-17 04:26:53",164.193927719985,1,172.407145375183,0
"2018-05-17 04:27:53",157.319339331894,1,178.249401042002,0
"2018-05-17 04:28:53",130.474824601259,1,203.472889024498,1
"2018-05-17 04:29:53",167.262970208654,1,171.389038938238,0
"2018-05-17 04:30:53",160.206000801626,1,175.136289624695,0
"2018-05-17 04:31:53",155.04363218222,1,179.670622248833,0
"2018-05-17 04:32:53",155.085072797661,1,176.4049156977,0
"2018-05-17 04:33:53",158.089922145553,1,178.79027990906,0
"2018-05-17 04:34:53",157.422360245312,1,177.714041046391,0
"2018-05-17 04:35:53",156.382512917132,1,184.425866697706,0
"2018-05-17 04:36:53",157.107024749612,1,175.955489630658,0
"2018-05-17 04:37:53",154.025372640817,1,180.893159735581,0
"2018-05-17 04:38:54",143.524629532457,1,184.252971545431,0
"2018-05-17 04:39:54",165.832119973487,1,177.469710793771,0
"2018-05-17 04:40:54",157.80197460769,1,174.947782013007,0
"2018-05-17 04:41:54",152.531028496414,1,184.900828886393,0
"2018-05-17 04:42:54",146.663922074893,1,188.264201541706,0
"2018-05-17 04:43:54",151.015569606402,1,182.058914639993,0
"2018-05-17 04:44:54",154.654349264418,1,181.651823992215,0
"2018-05-17 04:45:54",164.704203457658,1,183.829787821674,0
"2018-05-17 04:46:54",162.103262911811,1,176.077862693344,0
"2018-05-17 04:47:54",151.69473309811,1,187.121110773299,0
"2018-05-17 04:48:54",128.762859127206,1,208.925404630514,1
"2018-05-17 04:49:54",159.053963629591,1,179.622951138836,0
"2018-05-17 04:50:54",153.636726059971,1,181.943432480018,0
"2018-05-17 04:51:54",153.034272963672,1,186.052691538914,0
"2018-05-17 04:52:54",154.9048389265,1,179.637619666284,0
"2018-05-17 04:53:54",157.396645697265,1,173.580327380576,0
"2018-05-17 04:54:54",161.047432917366,1,172.05629538579,0
"2018-05-17 04:55:54",127.048768507213,1,252.324539644922,1
"2018-05-17 04:56:54",139.951713016623,1,261.488230802652,1
"2018-05-17 04:57:54",150.813667590447,1,195.209109307698,0
"2018-05-17 04:58:54",166.318908916933,1,166.447208549963,0
"2018-05-17 04:59:54",165.701868919242,1,166.903351263386,0
"2018-05-17 05:00:54",158.018451104048,1,170.392374586356,0
"2018-05-17 05:01:54",160.91503096355,1,168.043451023795,0
"2018-05-17 05:02:55",166.713233166112,1,169.377412093025,0
"2018-05-17 05:03:55",158.624204517311,1,173.254044752995,0
"2018-05-17 05:04:55",158.710893616718,1,172.578826397815,0
"2018-05-17 05:05:55",149.107723435459,1,187.612260215755,0
"2018-05-17 05:06:55",161.300167256355,1,173.920475528975,0
"2018-05-17 05:07:55",165.514666324711,1,170.800263635686,0
"2018-05-17 05:08:55",173.625993380027,1,168.062973718023,0
"2018-05-17 05:09:55",166.965307151246,1,161.311306378758,0
"2018-05-17 05:10:55",161.852465760428,1,170.541293642511,0
"2018-05-17 05:11:55",166.914085232287,1,166.756130339108,0
"2018-05-17 05:12:55",166.17044683222,1,170.008026622403,0
"2018-05-17 05:13:55",166.12833114883,1,163.764122277539,0
"2018-05-17 05:14:55",166.333912482228,1,166.681505885299,0
"2018-05-17 05:15:55",136.865831666682,1,196.565263254162,0
"2018-05-17 05:16:55",165.069558916744,1,167.215034107411,0
"2018-05-17 05:17:55",160.004462226818,1,171.141288141155,0
"2018-05-17 05:18:55",162.032707055501,1,178.344004357421,0
"2018-05-17 05:19:55",166.756133506873,1,167.541890019667,0
"2018-05-17 05:20:55",157.096440792037,1,176.613502510923,0
"2018-05-17 05:21:55",155.412928095977,1,175.646703821035,0
"2018-05-17 05:22:55",161.319796715615,1,174.715230353598,0
"2018-05-17 05:23:55",159.189721711661,1,173.434978190773,0
"2018-05-17 05:24:55",156.597292771319,1,175.675852666073,0
"2018-05-17 05:25:55",143.784964060403,1,183.475473981767,0
"2018-05-17 05:26:55",159.261698228408,1,173.117214985324,0
"2018-05-17 05:27:56",155.519568540283,1,173.771785661983,0
"2018-05-17 05:28:56",154.072699508408,1,196.870736185988,0
"2018-05-17 05:29:56",157.7040833163,1,174.586726595101,0
"2018-05-17 05:30:56",153.948559340789,1,184.378169633753,0
"2018-05-17 05:31:56",144.739412329879,1,179.913853627448,0
"2018-05-17 05:32:56",158.966607619392,1,173.386794380237,0
"2018-05-17 05:33:56",152.383738288522,1,176.986046976689,0
"2018-05-17 05:34:56",150.441073546891,1,182.228913935272,0
"2018-05-17 05:35:56",152.063235207561,1,177.513492318266,0
"2018-05-17 05:36:56",151.699188395782,1,172.701648291196,0
"2018-05-17 05:37:56",157.437828561444,1,168.603344283571,0
"2018-05-17 05:38:56",156.830927308524,1,178.267717988424,0
"2018-05-17 05:39:56",158.761194976411,1,169.759383454048,0
"2018-05-17 05:40:56",155.402756150234,1,173.4338916617,0
"2018-05-17 05:41:56",157.373988955092,1,175.014287323768,0
"2018-05-17 05:42:56",161.353307254679,1,174.964404786971,0
"2018-05-17 05:43:56",157.896200250196,1,172.940278455043,0
"2018-05-17 05:44:56",156.472161672057,1,170.603791164011,0
"2018-05-17 05:45:56",211.366554688565,1,294.831960364793,1
"2018-05-17 05:46:56",198.313640908461,1,216.611793554184,1
"2018-05-17 05:47:56",194.162002532888,1,212.972091801901,1
"2018-05-17 05:48:56",199.469630977764,1,225.731806393989,1
"2018-05-17 05:49:56",188.769960856699,1,222.385786017161,1
"2018-05-17 05:50:56",182.313699172511,1,233.328368822078,1
"2018-05-17 05:51:56",158.780671454432,1,253.280920891498,1
"2018-05-17 05:52:56",204.103254078438,1,204.664793499522,1
"2018-05-17 05:53:57",196.340523713257,1,211.161774752387,1
"2018-05-17 05:54:57",193.505993639682,1,218.531699347374,1
"2018-05-17 05:55:57",183.958564682711,1,266.68606332211,1
"2018-05-17 05:56:57",168.229021995333,1,286.381363023282,1
"2018-05-17 05:57:57",196.71705571909,1,217.956979397783,1
"2018-05-17 05:58:57",199.6803884008,1,222.936678561025,1
"2018-05-17 05:59:57",193.759788808411,1,223.425744315171,1
"2018-05-17 06:00:57",190.937041464957,1,223.395516737528,1
"2018-05-17 06:01:57",179.589838686824,1,234.343510861096,1
"2018-05-17 06:02:57",200.012071273389,1,218.361501965281,1
"2018-05-17 06:03:57",196.307669334444,1,225.445961983759,1
"2018-05-17 06:04:57",199.122628683644,1,222.507557496428,1
"2018-05-17 06:05:57",204.562576923158,1,221.917723857436,1
"2018-05-17 06:06:57",199.540707711,1,225.295949574835,1
"2018-05-17 06:07:57",207.990088702415,1,213.295543334742,1
"2018-05-17 06:08:57",205.695873384766,1,226.187870333587,1
"2018-05-17 06:09:57",209.405917725881,1,212.096767925901,1
"2018-05-17 06:10:57",204.954410269846,1,213.337536946343,1
"2018-05-17 06:11:57",180.813591856105,1,239.804561367841,1
"2018-05-17 06:12:57",208.840129374909,1,216.221867686846,1
"2018-05-17 06:13:57",211.196296412968,1,212.329994816822,1
"2018-05-17 06:14:57",211.811013731814,1,224.848737634789,1
"2018-05-17 06:15:57",208.37453783931,1,225.481291001223,1
"2018-05-17 06:16:57",208.48599675977,1,212.71055666041,1
"2018-05-17 06:17:58",205.750446974077,1,226.251994905976,1
"2018-05-17 06:18:58",197.074572154199,1,241.795990190417,1
"2018-05-17 06:19:58",220.218104232892,1,217.997067753003,1
"2018-05-17 06:20:58",201.344955270417,1,235.978582328847,1
"2018-05-17 06:21:58",199.386504344956,1,235.322776629922,1
"2018-05-17 06:22:58",202.01518099285,1,237.353734993777,1
"2018-05-17 06:23:58",191.448142499792,1,234.414210158593,1
"2018-05-17 06:24:58",198.282923862901,1,214.376650446192,1
"2018-05-17 06:25:58",198.307397664229,1,219.377192283167,1
"2018-05-17 06:26:58",207.148376674529,1,211.071527089601,1
"2018-05-17 06:27:58",197.793457305104,1,220.223155951077,1
"2018-05-17 06:28:58",179.688433109234,1,240.878000636137,1
"2018-05-17 06:29:58",196.969300007209,1,219.15628784159,1
"2018-05-17 06:30:58",194.760412850404,1,221.139326472857,1
"2018-05-17 06:31:58",203.793818659469,1,221.400477536689,1
"2018-05-17 06:32:58",201.03288971357,1,211.83673138618,1
"2018-05-17 06:33:58",194.086079575673,1,215.098322760921,1
"2018-05-17 06:34:58",192.639667970131,1,218.374886592932,1
"2018-05-17 06:35:58",197.287710829146,1,220.539324737372,1
"2018-05-17 06:36:58",188.820823063708,1,225.414515341003,1
"2018-05-17 06:37:58",184.096666214996,1,230.064345327864,1
"2018-05-17 06:38:58",165.74779777526,1,247.742341996104,1
"2018-05-17 06:39:58",188.727450763217,1,216.489266838095,1
"2018-05-17 06:40:58",184.597433039168,1,230.411910759656,1
"2018-05-17 06:41:58",168.40209441317,1,248.791205117798,1
"2018-05-17 06:42:59",184.961531101069,1,231.901173093894,1
"2018-05-17 06:43:59",181.847105529328,1,228.659165713149,1
"2018-05-17 06:44:59",185.308824123087,1,236.70326945756,1
"2018-05-17 06:45:59",255.394576006071,1,310.523229997265,1
"2018-05-17 06:46:59",205.370955913462,1,239.807804225925,1
"2018-05-17 06:47:59",206.315307189391,1,240.150046250532,1
"2018-05-17 06:48:59",191.425714971786,1,245.360942181138,1
"2018-05-17 06:49:59",211.153376142084,1,210.027367320901,1
"2018-05-17 06:50:59",201.495607412779,1,235.183689385837,1
"2018-05-17 06:51:59",199.560480029314,1,257.930634703311,1
"2018-05-17 06:52:59",208.86789697422,1,228.278428909109,1
"2018-05-17 06:53:59",204.675752789232,1,227.080076871648,1
"2018-05-17 06:54:59",193.682897247563,1,231.472740587427,1
"2018-05-17 06:55:59",199.442683404452,1,274.900066363154,1
"2018-05-17 06:56:59",197.617279699137,1,283.45658811214,1
"2018-05-17 06:57:59",211.901398760818,1,231.311647894266,1
"2018-05-17 06:58:59",207.94627762753,1,223.020689641613,1
"2018-05-17 06:59:59",212.776161093809,1,229.126681851295,1
"2018-05-17 07:00:59",212.43291605197,1,224.218363325379,1
"2018-05-17 07:01:59",220.145639578736,1,224.483792346215,1
"2018-05-17 07:02:59",212.280027292367,1,223.624115210543,1
"2018-05-17 07:03:59",210.210941135783,1,226.940494749373,1
"2018-05-17 07:04:59",192.451649354116,1,242.702741695816,1
"2018-05-17 07:05:59",218.713781108937,1,222.856959530738,1
"2018-05-17 07:06:59",219.702470337716,1,225.205106151482,1
"2018-05-17 07:08:00",220.800571754307,1,225.106263938044,1
"2018-05-17 07:09:00",204.544493842801,1,245.112483793647,1
"2018-05-17 07:10:00",209.215760290171,1,232.047344168107,1
"2018-05-17 07:11:00",213.908432394486,1,232.53343142261,1
"2018-05-17 07:12:00",213.618963898541,1,238.870014783989,1
"2018-05-17 07:13:00",219.597353099623,1,222.775978558984,1
"2018-05-17 07:14:00",220.251217095463,1,214.963652633986,1
"2018-05-17 07:15:00",185.868232104547,1,248.831588306133,1
"2018-05-17 07:16:00",207.597734089348,1,227.833318875773,1
"2018-05-17 07:17:00",215.131170079905,1,222.451730102211,1
"2018-05-17 07:18:00",213.535913485614,1,225.870054818593,1
"2018-05-17 07:19:00",206.755573730865,1,231.498961754482,1
"2018-05-17 07:20:00",210.072224161984,1,232.902860891996,1
"2018-05-17 07:21:00",210.245609240946,1,229.814827162295,1
"2018-05-17 07:22:00",219.543695801238,1,234.758941666496,1
"2018-05-17 07:23:00",208.310367925615,1,233.951726052689,1
"2018-05-17 07:24:00",206.476867662441,1,239.499612235905,1
"2018-05-17 07:25:00",198.947261531651,1,238.638482054883,1
"2018-05-17 07:26:00",217.858729439079,1,227.087519939685,1
"2018-05-17 07:27:00",210.194783446423,1,231.613403547062,1
"2018-05-17 07:28:00",213.509337659758,1,229.011070482942,1
"2018-05-17 07:29:00",215.222069602217,1,228.686303501613,1
"2018-05-17 07:30:00",213.971190488375,1,234.931555282057,1
"2018-05-17 07:31:00",215.732704220397,1,231.594989241749,1
"2018-05-17 07:32:01",195.278821571692,1,253.614754509437,1
"2018-05-17 07:33:01",217.679644985334,1,232.588624811473,1
"2018-05-17 07:34:01",219.430362761888,1,229.533334099245,1
"2018-05-17 07:35:01",219.518793829233,1,240.852105272364,1
"2018-05-17 07:36:01",224.551604918481,1,228.059920511466,1
"2018-05-17 07:37:01",220.493808339734,1,229.463914855186,1
"2018-05-17 07:38:01",216.779815085596,1,230.894167836301,1
"2018-05-17 07:39:01",212.67207571569,1,240.740289328667,1
"2018-05-17 07:40:01",230.422402899544,1,177.545569675012,0
"2018-05-17 07:41:01",221.069904515448,1,228.252093409858,1
"2018-05-17 07:42:01",222.907960559566,1,243.29101170451,1
"2018-05-17 07:43:01",217.269659295524,1,235.552316325492,1
"2018-05-17 07:44:01",219.208333487115,1,234.46092936803,1
"2018-05-17 07:45:01",222.258436771825,1,235.326476545955,1
"2018-05-17 07:46:01",218.21489659125,1,235.349950906875,1
"2018-05-17 07:47:01",236.449994125814,1,250.105599027989,1
"2018-05-17 07:48:01",234.933134029972,1,256.797529538993,1
"2018-05-17 07:49:01",245.573008068295,1,253.259674914134,1
"2018-05-17 07:50:01",237.109539360235,1,252.342274304347,1
"2018-05-17 07:51:01",237.540348958309,1,255.728908725261,1
"2018-05-17 07:52:01",199.725098576972,1,296.673445348573,1
"2018-05-17 07:53:01",234.099520855937,1,259.460407533705,1
"2018-05-17 07:54:01",239.445068984439,1,252.292184333238,1
"2018-05-17 07:55:02",250.427738112156,1,248.385148760429,1
"2018-05-17 07:56:02",229.286969112534,1,300.218402415778,1
"2018-05-17 07:57:02",222.321567122616,1,310.702449092942,1
"2018-05-17 07:58:02",246.956846218447,1,248.238347374673,1
"2018-05-17 07:59:02",254.323875288625,1,244.010741073704,1
"2018-05-17 08:00:02",246.032355922746,1,245.412491020714,1
"2018-05-17 08:01:02",238.919620174137,1,258.805359625164,1
"2018-05-17 08:02:02",228.565553977046,1,266.382358625278,1
"2018-05-17 08:03:02",234.929811994948,1,257.862929019329,1
"2018-05-17 08:04:02",241.292229595827,1,257.137925059878,1
"2018-05-17 08:05:02",313.54732536159,1,2669.88882790866,1
"2018-05-17 08:06:02",471.529151140976,1,3365.24583498965,1
"2018-05-17 08:07:02",482.557153542586,1,3365.75128810215,1
"2018-05-17 08:08:02",491.574090388804,1,2652.13806507365,1
"2018-05-17 08:09:02",550.544653704609,1,968.61100949695,1
"2018-05-17 08:10:02",609.788792068808,1,1034.97071499743,1
"2018-05-17 08:11:02",758.570589338829,1,1108.60797406156,1
"2018-05-17 08:12:02",756.4470115548,1,1105.30705891163,1
"2018-05-17 08:13:02",758.851853841097,1,1099.33301461031,1
"2018-05-17 08:14:02",782.387932246878,1,1303.57398761116,1
"2018-05-17 08:15:02",751.367969354174,1,1109.77182137557,1
"2018-05-17 08:16:02",761.070207358012,1,1103.40262711585,1
"2018-05-17 08:17:03",739.228765440916,1,1597.36695137309,1
"2018-05-17 08:18:03",404.962858165457,1,937.954829316255,1
"2018-05-17 08:19:03",308.689163362039,1,783.33258648528,1
"2018-05-17 08:20:03",314.347884941361,1,544.44809813761,1
"2018-05-17 08:21:03",300.839897004808,1,525.191836084292,1
"2018-05-17 08:22:03",289.10142673733,1,445.824624662955,1
"2018-05-17 08:23:03",400.140085359275,1,553.546746374057,1
"2018-05-17 08:24:03",319.476193825309,1,329.834248348554,1
"2018-05-17 08:25:03",318.617928082839,1,353.165987819051,1
"2018-05-17 08:26:03",315.657341995693,1,340.39036468365,1
"2018-05-17 08:27:03",326.845790581251,1,311.107720942238,1
"2018-05-17 08:28:03",324.550787591776,1,335.060099019222,1
"2018-05-17 08:29:03",188.516813979744,1,313.063847136847,1
"2018-05-17 08:30:03",196.268777781802,1,304.567483596476,1
"2018-05-17 08:31:03",203.978170516321,1,290.884733080166,1
"2018-05-17 08:32:03",199.482993651414,1,293.743930933835,1
"2018-05-17 08:33:03",193.758261404693,1,305.923639131564,1
"2018-05-17 08:34:03",209.833351005703,1,283.01968934019,1
"2018-05-17 08:35:03",205.056861653825,1,293.230834817555,1
"2018-05-17 08:36:03",210.058109889974,1,284.72424986613,1
"2018-05-17 08:37:03",227.761010192128,1,261.828857816655,1
"2018-05-17 08:38:03",209.421886023064,1,280.67662762566,1
"2018-05-17 08:39:03",192.085729964309,1,278.470370236484,1
"2018-05-17 08:40:03",203.744267515984,1,274.533953520761,1
"2018-05-17 08:41:04",199.51574508815,1,277.169755706659,1
"2018-05-17 08:42:04",241.222608281649,1,408.405479747627,1
"2018-05-17 08:43:04",182.85006210475,1,393.568236020143,1
"2018-05-17 08:44:04",222.910958900356,1,300.909305152098,1
"2018-05-17 08:45:04",210.354248574688,1,327.363077661848,1
"2018-05-17 08:46:04",215.998610433184,1,306.283039209223,1
"2018-05-17 08:47:04",207.327535008458,1,331.874928876558,1
"2018-05-17 08:48:04",224.102693729881,1,316.385806864776,1
"2018-05-17 08:49:04",228.578424712314,1,315.144743576916,1
"2018-05-17 08:50:04",227.201289982602,1,308.514219440066,1
"2018-05-17 08:51:04",227.838178775309,1,300.056398615006,1
"2018-05-17 08:52:04",241.848801190017,1,271.847375793131,1
"2018-05-17 08:53:04",230.161834375643,1,296.58644424634,1
"2018-05-17 08:54:04",239.777781055832,1,309.639164227807,1
"2018-05-17 08:55:04",238.758825998281,1,292.661169795799,1
"2018-05-17 08:56:04",225.700643221903,1,319.37660811804,1
"2018-05-17 08:57:04",233.961199628524,1,290.699873162745,1
"2018-05-17 08:58:04",231.02900813615,1,306.601958001719,1
"2018-05-17 08:59:04",230.457029378302,1,321.207394019921,1
"2018-05-17 09:00:04",231.54563817056,1,300.989262309056,1
"2018-05-17 09:01:04",231.658617286101,1,292.048804615314,1
"2018-05-17 09:02:05",224.75622714385,1,320.885057725222,1
"2018-05-17 09:03:05",239.607853520388,1,293.331263341874,1
"2018-05-17 09:04:05",231.160292757794,1,309.840523493932,1
"2018-05-17 09:05:05",251.583298987916,1,295.693558684191,1
"2018-05-17 09:06:05",243.376814327657,1,296.673709374562,1
"2018-05-17 09:07:05",234.386898667602,1,307.110835957268,1
"2018-05-17 09:08:05",250.300118163044,1,290.510125902336,1
"2018-05-17 09:09:05",227.405884297497,1,322.835853824419,1
"2018-05-17 09:10:05",232.053211011684,1,336.645058534307,1
"2018-05-17 09:11:05",226.945603283815,1,322.085658379414,1
"2018-05-17 09:12:05",250.748509572826,1,280.562418995378,1
"2018-05-17 09:13:05",239.988720694829,1,307.302439345521,1
"2018-05-17 09:14:05",252.402907777346,1,287.93426295755,1
"2018-05-17 09:15:05",245.086703999509,1,300.285401392356,1
"2018-05-17 09:16:05",238.365506465911,1,284.646049397784,1
"2018-05-17 09:17:05",231.555153318605,1,299.243012185208,1
"2018-05-17 09:18:05",221.290735954251,1,300.731339776541,1
"2018-05-17 09:19:05",239.434073122769,1,287.777697453533,1
"2018-05-17 09:20:05",214.934342554791,1,316.216711444379,1
"2018-05-17 09:21:05",242.304583806927,1,293.612936943898,1
"2018-05-17 09:22:05",214.933523064633,1,321.290491930953,1
"2018-05-17 09:23:05",229.172020877804,1,291.788207131096,1
"2018-05-17 09:24:05",217.705074848733,1,321.99388894701,1
"2018-05-17 09:25:05",229.167617663075,1,298.494735184486,1
"2018-05-17 09:26:06",228.48464641251,1,315.97196705511,1
"2018-05-17 09:27:06",237.131287313092,1,292.452265408418,1
"2018-05-17 09:28:06",228.405701622379,1,309.979393487932,1
"2018-05-17 09:29:06",231.900136843024,1,293.914366497375,1
"2018-05-17 09:30:06",227.631656243425,1,307.223265091403,1
"2018-05-17 09:31:06",224.214476383472,1,302.974921245778,1
"2018-05-17 09:32:06",233.791025684532,1,298.214513184236,1
"2018-05-17 09:33:06",220.397751371999,1,304.892597480723,1
"2018-05-17 09:34:06",238.498888088536,1,296.197989768884,1
"2018-05-17 09:35:06",219.232526316786,1,307.727935582651,1
"2018-05-17 09:36:06",226.069764172432,1,296.895235462647,1
"2018-05-17 09:37:06",229.3792599989,1,305.049629182495,1
"2018-05-17 09:38:06",240.876545769238,1,282.103429092259,1
"2018-05-17 09:39:06",236.594587077033,1,306.203633526147,1
"2018-05-17 09:40:06",239.606110255481,1,285.344789964655,1
"2018-05-17 09:41:06",235.663090646455,1,328.452286305919,1
"2018-05-17 09:42:06",236.430689738688,1,289.310971399355,1
"2018-05-17 09:43:06",513.177485562824,1,630.46600864506,1
"2018-05-17 09:44:06",507.359500138852,1,594.868930170756,1
"2018-05-17 09:45:06",515.93744827164,1,624.144054096211,1
"2018-05-17 09:46:06",495.847346180359,1,610.91867679712,1
"2018-05-17 09:47:06",515.283627559546,1,638.150117697134,1
"2018-05-17 09:48:06",488.408966609986,1,618.85373081818,1
"2018-05-17 09:49:06",513.150984994239,1,581.762374324284,1
"2018-05-17 09:50:06",510.084897244604,1,628.550569870375,1
"2018-05-17 09:51:07",516.993996471058,1,577.569021008809,1
"2018-05-17 09:52:07",508.34323087858,1,629.053490105005,1
"2018-05-17 09:53:07",517.08003054584,1,587.833116522732,1
"2018-05-17 09:54:07",504.396206224082,1,650.024439558681,1
"2018-05-17 09:55:07",522.001172614978,1,585.240117513833,1
"2018-05-17 09:56:07",520.245742398536,1,632.943314747058,1
"2018-05-17 09:57:07",511.467454916835,1,606.867511658611,1
"2018-05-17 09:58:07",519.913813603279,1,638.96469216404,1
"2018-05-17 09:59:07",495.494275301559,1,609.776097113745,1
"2018-05-17 10:00:07",541.238760594767,1,623.992012228151,1
"2018-05-17 10:01:07",502.946299139446,1,624.920185927908,1
"2018-05-17 10:02:07",521.791441858094,1,581.842746630339,1
"2018-05-17 10:03:07",521.310532391425,1,646.222237899638,1
"2018-05-17 10:04:07",526.625497391141,1,573.544531453918,1
"2018-05-17 10:05:07",517.05935712406,1,634.544937067127,1
"2018-05-17 10:06:07",534.118035344719,1,574.051323334952,1
"2018-05-17 10:07:07",518.575452416794,1,641.009583856034,1
"2018-05-17 10:08:07",528.065955705864,1,583.386261641787,1
"2018-05-17 10:09:07",527.602335806187,1,630.087429849433,1
"2018-05-17 10:10:07",526.488508431018,1,589.740616021519,1
"2018-05-17 10:11:07",534.466685532871,1,635.418452868358,1
"2018-05-17 10:12:07",528.729184738577,1,597.849401052845,1
"2018-05-17 10:13:07",538.825966064741,1,665.580929479041,1
"2018-05-17 10:14:07",513.526093988603,1,609.515034774803,1
"2018-05-17 10:15:08",510.727664835503,1,606.550601584607,1
"2018-05-17 10:16:08",526.410184737751,1,673.027588159094,1
"2018-05-17 10:17:08",535.89603884964,1,570.011897147938,1
"2018-05-17 10:18:08",523.976096157518,1,640.379628068765,1
"2018-05-17 10:19:08",535.384522745359,1,577.946117536707,1
"2018-05-17 10:20:08",528.552274900764,1,639.717901896673,1
"2018-05-17 10:21:08",550.403403558204,1,580.19579469996,1
"2018-05-17 10:22:08",527.556955387468,1,640.606228905168,1
"2018-05-17 10:23:08",529.351551252724,1,589.854339878768,1
"2018-05-17 10:24:08",538.637718007664,1,619.466900655714,1
"2018-05-17 10:25:08",522.025412122931,1,607.72099434749,1
"2018-05-17 10:26:08",537.931654742559,1,641.38231238981,1
"2018-05-17 10:27:08",518.05930829893,1,607.355309650805,1
"2018-05-17 10:28:08",539.572597515709,1,569.080775985643,1
"2018-05-17 10:29:08",544.887617867474,1,638.413088851835,1
"2018-05-17 10:30:08",542.340112548717,1,574.157717920498,1
"2018-05-17 10:31:08",541.112124264856,1,635.961184248912,1
"2018-05-17 10:32:08",535.157531358575,1,585.516437762005,1
"2018-05-17 10:33:08",530.913025177234,1,653.750279484816,1
"2018-05-17 10:34:08",523.660085472678,1,590.14137356227,1
"2018-05-17 10:35:08",522.466560970569,1,645.417813100978,1
"2018-05-17 10:36:08",521.669076745502,1,589.517955268223,1
"2018-05-17 10:37:08",524.425422593085,1,629.126545996027,1
"2018-05-17 10:38:08",501.681339544284,1,604.87441120523,1
"2018-05-17 10:39:08",525.002188646373,1,641.25436689327,1
"2018-05-17 10:40:08",499.401837672782,1,617.455515682407,1
"2018-05-17 10:41:08",517.370613366861,1,600.805205492689,1
"2018-05-17 10:42:08",515.367284766123,1,639.702250946577,1
"2018-05-17 10:43:08",659.530857625234,1,724.816146972348,1
"2018-05-17 10:44:09",618.006968974575,1,757.894502531076,1
"2018-05-17 10:45:09",610.378162984011,1,694.753744522651,1
"2018-05-17 10:46:09",619.495804542494,1,759.462936749783,1
"2018-05-17 10:47:09",612.349844487755,1,701.545602761563,1
"2018-05-17 10:48:09",607.740450246171,1,750.060490724164,1
"2018-05-17 10:49:09",605.692469574204,1,704.393203221009,1
"2018-05-17 10:50:09",616.523197262716,1,731.364511661036,1
"2018-05-17 10:51:09",605.069934428033,1,705.990017236284,1
"2018-05-17 10:52:09",623.065449028066,1,769.559356901763,1
"2018-05-17 10:53:09",617.092685196938,1,716.076375432724,1
"2018-05-17 10:54:09",669.964975535992,1,793.063786810781,1
"2018-05-17 10:55:09",630.210853067736,1,737.696348879463,1
"2018-05-17 10:56:09",628.79578533348,1,677.39088885903,1
"2018-05-17 10:57:09",627.075685763527,1,759.687439822664,1
"2018-05-17 10:58:09",641.372983774714,1,665.839979632766,1
"2018-05-17 10:59:09",649.75626505096,1,784.59167752842,1
"2018-05-17 11:00:09",631.873953384442,1,681.692115727672,1
"2018-05-17 11:01:09",636.492424313458,1,770.49517055719,1
"2018-05-17 11:02:09",634.294282809629,1,702.86155274474,1
"2018-05-17 11:03:09",631.714084280023,1,754.751321391605,1
"2018-05-17 11:04:09",617.403112301826,1,703.749899861277,1
"2018-05-17 11:05:09",651.037617036263,1,726.196240612111,1
"2018-05-17 11:06:09",639.402417681179,1,730.098975712497,1
"2018-05-17 11:07:09",660.919024094135,1,815.819938502645,1
"2018-05-17 11:08:09",633.867661284856,1,759.765787560547,1
"2018-05-17 11:09:09",638.723103517079,1,681.321975176707,1
"2018-05-17 11:10:09",643.997974243677,1,774.573010564071,1
"2018-05-17 11:11:09",652.579018413941,1,674.560959325435,1
"2018-05-17 11:12:10",653.19543178912,1,766.872614666855,1
"2018-05-17 11:13:10",644.459178228187,1,695.593074824484,1
"2018-05-17 11:14:10",661.879274662596,1,777.961897457155,1
"2018-05-17 11:15:10",633.95360670412,1,695.384627966454,1
"2018-05-17 11:16:10",642.682202841265,1,764.149397617753,1
"2018-05-17 11:17:10",627.980404582312,1,721.589098262265,1
"2018-05-17 11:18:10",660.681872342118,1,734.205064181985,1
"2018-05-17 11:19:10",623.044074083231,1,739.826622107058,1
"2018-05-17 11:20:10",660.556860822625,1,662.87245557778,1
"2018-05-17 11:21:10",647.755237940101,1,766.511698388338,1
"2018-05-17 11:22:10",640.381056574398,1,681.219824554167,1
"2018-05-17 11:23:10",655.181059647245,1,785.295413021649,1
"2018-05-17 11:24:10",640.797794399622,1,680.896857074714,1
"2018-05-17 11:25:10",643.837579519118,1,767.192977992664,1
"2018-05-17 11:26:10",625.579811225046,1,694.054348740049,1
"2018-05-17 11:27:10",632.25851019073,1,774.029112413276,1
"2018-05-17 11:28:10",623.232124867318,1,711.659302931162,1
"2018-05-17 11:29:10",653.719278719092,1,741.234103900564,1
"2018-05-17 11:30:10",637.178860002721,1,716.702268993921,1
"2018-05-17 11:31:10",660.681839395994,1,737.306681235484,1
"2018-05-17 11:32:10",621.31927364298,1,735.864070686906,1
"2018-05-17 11:33:10",679.840500679138,1,805.281554352325,1
"2018-05-17 11:34:10",650.128115360419,1,788.837922012021,1
"2018-05-17 11:35:10",647.187479352281,1,684.764566775991,1
"2018-05-17 11:36:10",640.400247903387,1,778.689941586288,1
"2018-05-17 11:37:10",651.966170550249,1,690.547199693592,1
"2018-05-17 11:38:11",647.091696646487,1,765.473708245173,1
"2018-05-17 11:39:11",645.977277507293,1,680.798042294073,1
"2018-05-17 11:40:11",642.329852173725,1,774.676901613145,1
"2018-05-17 11:41:11",635.947192534418,1,700.733492511837,1
"2018-05-17 11:42:11",669.156162387652,1,780.5311356484,1
"2018-05-17 11:43:11",557.275632299203,1,605.539255166418,1
"2018-05-17 11:44:11",482.809402018895,1,617.709478026318,1
"2018-05-17 11:45:11",452.939895517272,1,574.756333657906,1
"2018-05-17 11:46:11",519.529082833793,1,689.528417187188,1
"2018-05-17 11:47:11",459.553430120014,1,627.95414362295,1
"2018-05-17 11:48:11",486.356711095332,1,525.197668581063,1
"2018-05-17 11:49:11",482.798922495194,1,588.820981593095,1
"2018-05-17 11:50:11",493.711814086713,1,527.314664412871,1
"2018-05-17 11:51:11",481.307252766521,1,592.546461769347,1
"2018-05-17 11:52:11",487.975283179484,1,524.249612872091,1
"2018-05-17 11:53:11",498.612017410692,1,654.646382075006,1
"2018-05-17 11:54:11",481.12265242377,1,528.963081161151,1
"2018-05-17 11:55:11",497.515118490118,1,647.643580973753,1
"2018-05-17 11:56:11",477.591143554309,1,543.385666952555,1
"2018-05-17 11:57:11",499.32376161307,1,577.988397934634,1
"2018-05-17 11:58:11",480.998515839771,1,569.954975734764,1
"2018-05-17 11:59:11",510.155999907258,1,754.364901894452,1
"2018-05-17 12:00:11",499.191829039449,1,660.221692799585,1
"2018-05-17 12:01:11",496.46020788247,1,531.622118442664,1
"2018-05-17 12:02:11",484.194756657784,1,655.093739041362,1
"2018-05-17 12:03:11",494.209866711594,1,539.075948856763,1
"2018-05-17 12:04:11",513.106790994269,1,628.725536097017,1
"2018-05-17 12:05:11",486.289434592886,1,524.491586522738,1
"2018-05-17 12:06:12",498.630540575192,1,615.135383598312,1
"2018-05-17 12:07:12",483.268984560215,1,545.308271598969,1
"2018-05-17 12:08:12",498.662590052015,1,579.69032194201,1
"2018-05-17 12:09:12",465.080393070869,1,591.802838751835,1
"2018-05-17 12:10:12",501.885734459593,1,652.591394342934,1
"2018-05-17 12:11:12",487.502800780302,1,570.045321129435,1
"2018-05-17 12:12:12",531.196819309624,1,834.004525883036,1
"2018-05-17 12:13:12",508.422275915512,1,674.343964880427,1
"2018-05-17 12:14:12",497.018880631753,1,532.141079698415,1
"2018-05-17 12:15:12",505.728307757334,1,650.64363560932,1
"2018-05-17 12:16:12",499.90396155728,1,529.78103261663,1
"2018-05-17 12:17:12",504.653621570443,1,643.355130400575,1
"2018-05-17 12:18:12",500.859344940314,1,538.004058502578,1
"2018-05-17 12:19:12",509.073948797635,1,679.373711586161,1
"2018-05-17 12:20:12",501.383844281026,1,543.07490783914,1
"2018-05-17 12:21:12",517.593088422392,1,642.075648344267,1
"2018-05-17 12:22:12",489.205042446703,1,559.350338247176,1
"2018-05-17 12:23:12",520.162978141093,1,652.889798527203,1
"2018-05-17 12:24:12",509.945329783447,1,594.824368793315,1
"2018-05-17 12:25:12",523.248967709118,1,784.715354295745,1
"2018-05-17 12:26:12",490.679848533216,1,648.347290360516,1
"2018-05-17 12:27:13",492.997125299312,1,536.12875018962,1
"2018-05-17 12:28:13",489.276754045677,1,624.150944322716,1
"2018-05-17 12:29:13",497.148364573525,1,533.88218287534,1
"2018-05-17 12:30:13",506.439567615817,1,646.083576653886,1
"2018-05-17 12:31:13",489.937256745746,1,535.212573483469,1
"2018-05-17 12:32:13",533.082799962928,1,700.274188219795,1
"2018-05-17 12:33:13",494.225875711466,1,544.830950487277,1
"2018-05-17 12:34:13",485.540945695733,1,650.347268692591,1
"2018-05-17 12:35:13",474.553673811501,1,573.646201508892,1
"2018-05-17 12:36:13",489.36414819365,1,663.000550483541,1
"2018-05-17 12:37:13",466.109405071762,1,568.891389082662,1
"2018-05-17 12:38:13",485.536837663978,1,767.602061019281,1
"2018-05-17 12:39:13",475.619866927243,1,661.657729791412,1
"2018-05-17 12:40:13",473.315659656626,1,546.396128226218,1
"2018-05-17 12:41:13",478.638333040702,1,674.413838604309,1
"2018-05-17 12:42:13",476.369643763827,1,556.342649904647,1
"2018-05-17 12:43:13",476.76137278497,1,664.918238556651,1
"2018-05-17 12:44:13",460.43519622738,1,536.224074632505,1
"2018-05-17 12:45:13",464.24539117707,1,655.547021558996,1
"2018-05-17 12:46:13",450.570023893564,1,543.61873696902,1
"2018-05-17 12:47:14",465.464228870776,1,642.08645559584,1
"2018-05-17 12:48:14",453.605602763716,1,599.865503755907,1
"2018-05-17 12:49:14",468.353913127446,1,616.738583501664,1
"2018-05-17 12:50:14",440.150812517063,1,553.291300153268,1
"2018-05-17 12:51:14",493.717299421896,1,750.732567274325,1
"2018-05-17 12:52:14",477.135840043239,1,646.966614948019,1
"2018-05-17 12:53:14",459.379262677356,1,540.653002389494,1
"2018-05-17 12:54:14",478.570423147036,1,630.75928528519,1
"2018-05-17 12:55:14",470.749108944752,1,526.901239877895,1
"2018-05-17 12:56:14",481.327400741555,1,691.427217545198,1
"2018-05-17 12:57:14",460.566511574294,1,525.699124807198,1
"2018-05-17 12:58:14",459.57097720099,1,640.249617628791,1
"2018-05-17 12:59:14",471.427396899979,1,521.544130875467,1
"2018-05-17 13:00:14",481.611788880139,1,638.45832532816,1
"2018-05-17 13:01:14",486.328416941456,1,552.836824121766,1
"2018-05-17 13:02:14",499.274382732965,1,647.789585024941,1
"2018-05-17 13:03:14",488.812291056374,1,568.730178348669,1
"2018-05-17 13:04:14",498.907518923844,1,583.651613269447,1
"2018-05-17 13:05:14",499.032609191594,1,571.409529502964,1
"2018-05-17 13:06:14",488.075469564494,1,523.977106319015,1
"2018-05-17 13:07:14",487.668547527173,1,661.946886145135,1
"2018-05-17 13:08:14",488.557090829719,1,526.750746540937,1
"2018-05-17 13:09:14",481.240026219774,1,638.830087126107,1
"2018-05-17 13:10:14",487.775996544001,1,515.222753992623,1
"2018-05-17 13:11:14",484.894630091626,1,627.385576327934,1
"2018-05-17 13:12:14",476.979763273028,1,524.016041423109,1
"2018-05-17 13:13:14",490.098521242716,1,628.979162096804,1
"2018-05-17 13:14:15",466.21275171392,1,552.231362876495,1
"2018-05-17 13:15:15",475.674809558572,1,631.906743736333,1
"2018-05-17 13:16:15",462.361878084393,1,559.185619019239,1
"2018-05-17 13:17:15",491.134302794946,1,750.217454607499,1
"2018-05-17 13:18:15",472.268892883468,1,655.890280896171,1
"2018-05-17 13:19:15",467.27139021713,1,543.21283060453,1
"2018-05-17 13:20:15",478.609855064377,1,660.33515799751,1
"2018-05-17 13:21:15",467.404185938985,1,538.298788820968,1
"2018-05-17 13:22:15",455.938235213992,1,571.729818206238,1
"2018-05-17 13:23:15",475.162883275904,1,532.729859226972,1
"2018-05-17 13:24:15",474.681860308892,1,579.286397882829,1
"2018-05-17 13:25:15",466.568110155173,1,537.013180214419,1
"2018-05-17 13:26:15",470.106932014993,1,579.499242359607,1
"2018-05-17 13:27:15",456.634842345934,1,543.877148995808,1
"2018-05-17 13:28:15",474.817901277096,1,557.395242219688,1
"2018-05-17 13:29:15",472.565515651054,1,566.647389812775,1
"2018-05-17 13:30:15",482.134413784624,1,565.953111595768,1
"2018-05-17 13:31:15",456.978484465341,1,580.130763691536,1
"2018-05-17 13:32:15",481.851488816615,1,509.097834928271,1
"2018-05-17 13:33:15",487.274545040608,1,578.226412040124,1
"2018-05-17 13:34:15",479.269065415822,1,533.75700895007,1
"2018-05-17 13:35:15",487.322869650281,1,608.607478452607,1
"2018-05-17 13:36:15",475.317823850632,1,539.906181154009,1
"2018-05-17 13:37:16",475.602435665482,1,598.815467757345,1
"2018-05-17 13:38:16",477.112288061468,1,551.306360872843,1
"2018-05-17 13:39:16",470.457895182504,1,579.781700891794,1
"2018-05-17 13:40:16",460.727847625894,1,549.456238020464,1
"2018-05-17 13:41:16",493.948106159797,1,578.94001969806,1
"2018-05-17 13:42:16",472.864909988176,1,583.70970269235,1
"2018-05-17 13:43:16",487.049294863648,1,578.02028514001,1
"2018-05-17 13:44:16",338.170904160661,1,488.793404905541,1
"2018-05-17 13:45:16",335.688844025361,1,388.868584642446,1
"2018-05-17 13:46:16",315.25919841189,1,438.146902849607,1
"2018-05-17 13:47:16",314.505179495628,1,402.753599089803,1
"2018-05-17 13:48:16",320.856763406405,1,461.916948929656,1
"2018-05-17 13:49:16",320.373456671822,1,398.615675444825,1
"2018-05-17 13:50:16",338.949349186491,1,408.581016664617,1
"2018-05-17 13:51:16",319.813719109758,1,407.903589314063,1
"2018-05-17 13:52:16",327.212047368491,1,440.358538749042,1
"2018-05-17 13:53:16",322.189308820416,1,407.937099611536,1
"2018-05-17 13:54:16",336.318430818882,1,442.718976003801,1
"2018-05-17 13:55:16",327.757306943053,1,440.597424391322,1
"2018-05-17 13:56:16",331.24179194742,1,449.532966192142,1
"2018-05-17 13:57:16",315.771515530304,1,458.45166141525,1
"2018-05-17 13:58:16",312.768092980036,1,410.327076146318,1
"2018-05-17 13:59:16",314.098522356156,1,460.326524367672,1
"2018-05-17 14:00:16",322.519088812951,1,399.572029318344,1
"2018-05-17 14:01:16",307.601664551542,1,447.87106501823,1
"2018-05-17 14:02:16",312.896042804085,1,404.285404390029,1
"2018-05-17 14:03:17",310.6395030903,1,464.585358439383,1
"2018-05-17 14:04:17",325.52692951984,1,401.90487896939,1
"2018-05-17 14:05:17",302.305684498636,1,464.008905860019,1
"2018-05-17 14:06:17",313.185903126564,1,421.095702711417,1
"2018-05-17 14:07:17",324.616091583723,1,444.196872940614,1
"2018-05-17 14:08:17",310.712825444499,1,443.891151118595,1
"2018-05-17 14:09:17",339.059950761129,1,425.162446742414,1
"2018-05-17 14:10:17",312.528160441776,1,441.994786495977,1
"2018-05-17 14:11:17",334.674084951826,1,378.170213189596,1
"2018-05-17 14:12:17",310.880664567997,1,438.8177163233,1
"2018-05-17 14:13:17",308.289011093556,1,398.012179987792,1
"2018-05-17 14:14:17",315.400144518402,1,468.951267644403,1
"2018-05-17 14:15:17",317.044814075816,1,390.722848916087,1
"2018-05-17 14:16:17",314.479985209083,1,443.978247027438,1
"2018-05-17 14:17:17",301.606993349463,1,402.974672308187,1
"2018-05-17 14:18:17",322.045086030722,1,422.168731252848,1
"2018-05-17 14:19:17",317.154159841732,1,401.559054461306,1
"2018-05-17 14:20:17",322.844913213542,1,418.035601065876,1
"2018-05-17 14:21:17",296.238027251582,1,429.04407289673,1
"2018-05-17 14:22:17",323.000742997225,1,443.501412509739,1
"2018-05-17 14:23:17",293.172908523624,1,435.129997709676,1
"2018-05-17 14:24:17",311.693938421942,1,401.922502716673,1
"2018-05-17 14:25:17",315.273610354396,1,439.470501802392,1
"2018-05-17 14:26:17",318.933654615208,1,386.341585081185,1
"2018-05-17 14:27:17",334.043239553478,1,467.791470092725,1
"2018-05-17 14:28:17",324.743803256327,1,393.773626254036,1
"2018-05-17 14:29:17",308.190078859283,1,451.51271954273,1
"2018-05-17 14:30:17",286.376552105765,1,421.954098716601,1
"2018-05-17 14:31:18",308.912314813486,1,460.420636007755,1
"2018-05-17 14:32:18",297.168499706424,1,438.666122828708,1
"2018-05-17 14:33:18",307.749292041291,1,452.397491578902,1
"2018-05-17 14:34:18",309.581282841338,1,438.76264820898,1
"2018-05-17 14:35:18",316.822260900503,1,463.473332385632,1
"2018-05-17 14:36:18",321.430195372975,1,463.80122685977,1
"2018-05-17 14:37:18",306.962386154912,1,401.204478702476,1
"2018-05-17 14:38:18",294.302091386357,1,431.111340022822,1
"2018-05-17 14:39:18",313.947845392198,1,391.711499621736,1
"2018-05-17 14:40:18",295.893633780601,1,470.874664689906,1
"2018-05-17 14:41:18",304.174293627897,1,392.619057702093,1
"2018-05-17 14:42:18",291.945414214722,1,430.009752899775,1
"2018-05-17 14:43:18",294.5761833185,1,409.084591442823,1
"2018-05-17 14:44:18",284.015196401941,1,463.330851324162,1
"2018-05-17 14:45:18",307.928818613513,1,436.072506498115,1
"2018-05-17 14:46:18",304.21911544753,1,445.568093566159,1
"2018-05-17 14:47:18",297.818089112023,1,442.313009073195,1
"2018-05-17 14:48:18",300.107341203147,1,439.707822026472,1
"2018-05-17 14:49:18",287.120615499949,1,531.828419971315,1
"2018-05-17 14:50:18",321.491493620571,1,400.384944986271,1
"2018-05-17 14:51:18",307.005603715796,1,449.997365978959,1
"2018-05-17 14:52:18",318.732735573618,1,403.480370807866,1
"2018-05-17 14:53:18",314.195592117467,1,435.490696503335,1
"2018-05-17 14:54:18",295.725040720565,1,412.017346992628,1
"2018-05-17 14:55:18",307.872977705192,1,427.595770719144,1
"2018-05-17 14:56:18",299.171667272023,1,419.335157792183,1
"2018-05-17 14:57:19",322.294320750943,1,431.780774557117,1
"2018-05-17 14:58:19",323.121077521518,1,415.990485315236,1
"2018-05-17 14:59:19",332.353679424596,1,407.654182355693,1
"2018-05-17 15:00:19",313.4655545236,1,435.558818286803,1
"2018-05-17 15:01:19",328.323302393008,1,416.542323773526,1
"2018-05-17 15:02:19",304.774963200324,1,448.510592814542,1
"2018-05-17 15:03:19",321.810962195463,1,384.847170029784,1
"2018-05-17 15:04:19",324.303290163461,1,452.39968636136,1
"2018-05-17 15:05:19",307.014754197716,1,413.206447287543,1
"2018-05-17 15:06:19",319.162526145731,1,429.975837642117,1
"2018-05-17 15:07:19",327.929806516912,1,397.243393804386,1
"2018-05-17 15:08:19",322.496216880213,1,411.816328674362,1
"2018-05-17 15:09:19",306.28529901976,1,416.642047677587,1
"2018-05-17 15:10:19",283.376534097544,1,466.210399471997,1
"2018-05-17 15:11:19",311.78147978147,1,415.660244633168,1
"2018-05-17 15:12:19",334.611333587041,1,399.90384201453,1
"2018-05-17 15:13:19",326.58215395399,1,424.178237395411,1
"2018-05-17 15:14:19",327.670752543192,1,410.340723767033,1
"2018-05-17 15:15:19",307.395484266961,1,466.479824899289,1
"2018-05-17 15:16:19",334.485503333266,1,402.400201909281,1
"2018-05-17 15:17:19",361.942743847589,1,495.750703925734,1
"2018-05-17 15:18:19",333.464832151396,1,408.482115801859,1
"2018-05-17 15:19:19",337.597155518235,1,438.254099948877,1
"2018-05-17 15:20:20",312.026322684732,1,420.973717777384,1
"2018-05-17 15:21:20",331.351355253973,1,429.905847793908,1
"2018-05-17 15:22:20",336.464323288707,1,413.348036892961,1
"2018-05-17 15:23:20",329.912422590154,1,462.528709716678,1
"2018-05-17 15:24:20",334.406712079557,1,441.775663591978,1
"2018-05-17 15:25:20",324.066157538795,1,408.458332326792,1
"2018-05-17 15:26:20",312.761368904767,1,426.254811002149,1
"2018-05-17 15:27:20",324.59801053496,1,417.550797035632,1
"2018-05-17 15:28:20",339.274400163503,1,541.881227714988,1
"2018-05-17 15:29:20",314.952884932424,1,416.017846575325,1
"2018-05-17 15:30:20",322.244356597821,1,447.349223744848,1
"2018-05-17 15:31:20",327.185473574004,1,408.684446711009,1
"2018-05-17 15:32:20",319.55858144325,1,442.938017178548,1
"2018-05-17 15:33:20",327.86285368706,1,398.311669550518,1
"2018-05-17 15:34:20",328.031208828136,1,439.239644464643,1
"2018-05-17 15:35:20",313.078886855307,1,417.92158839033,1
"2018-05-17 15:36:20",333.194038013014,1,443.790588347966,1
"2018-05-17 15:37:20",326.170414013683,1,442.71182093189,1
"2018-05-17 15:38:20",317.060471833784,1,429.701234145985,1
"2018-05-17 15:39:20",296.246140817141,1,430.935235665141,1
"2018-05-17 15:40:20",347.364481527103,1,413.088964661325,1
"2018-05-17 15:41:20",329.269279573301,1,437.329794510965,1
"2018-05-17 15:42:20",330.848453766802,1,409.653470293438,1
"2018-05-17 15:43:20",319.021651272653,1,433.151472146085,1
"2018-05-17 15:44:20",335.522137432491,1,402.301710285986,1
"2018-05-17 15:45:20",189.563784539676,1,329.296027057839,1
"2018-05-17 15:46:20",191.82449391775,1,301.402203368608,1
"2018-05-17 15:47:20",188.176793820452,1,331.718076623766,1
"2018-05-17 15:48:20",180.745905778703,1,315.841093897454,1
"2018-05-17 15:49:20",196.742240917942,1,329.310439517383,1
"2018-05-17 15:50:21",187.885516969209,1,299.159488606752,1
"2018-05-17 15:51:21",193.543396813217,1,309.513170341982,1
"2018-05-17 15:52:21",166.422388441419,1,328.533238862494,1
"2018-05-17 15:53:21",196.309592100654,1,301.278321674474,1
"2018-05-17 15:54:21",181.60436053985,1,319.563769114746,1
"2018-05-17 15:55:21",199.621010535357,1,310.893938330794,1
"2018-05-17 15:56:21",188.000710473817,1,308.127675693444,1
"2018-05-17 15:57:21",209.938871506898,1,294.72077877991,1
"2018-05-17 15:58:21",192.411833416128,1,321.491703113875,1
"2018-05-17 15:59:21",194.904096058885,1,298.456135133962,1
"2018-05-17 16:00:21",198.635922393723,1,311.392729270188,1
"2018-05-17 16:01:21",204.098328590332,1,295.712458721681,1
"2018-05-17 16:02:21",194.095747409307,1,322.68002669009,1
"2018-05-17 16:03:21",187.117970946227,1,301.695042417991,1
"2018-05-17 16:04:21",208.33415287663,1,311.289388911956,1
"2018-05-17 16:05:21",188.337113345855,1,319.004341232493,1
"2018-05-17 16:06:21",214.467259599073,1,296.057553315932,1
"2018-05-17 16:07:21",211.019503451573,1,334.888238239851,1
"2018-05-17 16:08:21",207.233640929907,1,285.772143556055,1
"2018-05-17 16:09:21",199.750282916348,1,339.702655666903,1
"2018-05-17 16:10:21",204.155700704462,1,303.676399995498,1
"2018-05-17 16:11:22",202.113149654677,1,325.908184877007,1
"2018-05-17 16:12:22",195.91642447524,1,287.475735755058,1
"2018-05-17 16:13:22",213.843968868609,1,353.835033995565,1
"2018-05-17 16:14:22",210.590043346825,1,294.597584044308,1
"2018-05-17 16:15:22",210.19015709914,1,309.674708912238,1
"2018-05-17 16:16:22",185.091102419483,1,307.038332763655,1
"2018-05-17 16:17:22",199.30081911951,1,310.901957494439,1
"2018-05-17 16:18:22",197.122078877803,1,313.094705646297,1
"2018-05-17 16:19:22",211.769229668074,1,306.732368847487,1
"2018-05-17 16:20:22",192.835192502874,1,314.301929667946,1
"2018-05-17 16:21:22",208.330541754689,1,280.350859518915,1
"2018-05-17 16:22:22",190.384960638637,1,318.993329067868,1
"2018-05-17 16:23:22",199.466238705589,1,296.28923996677,1
"2018-05-17 16:24:22",196.810745498987,1,316.110134362069,1
"2018-05-17 16:25:22",187.505049912634,1,311.251551097124,1
"2018-05-17 16:26:22",204.968356256209,1,312.144191935197,1
"2018-05-17 16:27:22",191.700600940151,1,297.452496828658,1
"2018-05-17 16:28:22",197.199319214486,1,342.117663765214,1
"2018-05-17 16:29:22",212.128816825166,1,304.542370721904,1
"2018-05-17 16:30:22",187.062200832175,1,321.337220147449,1
"2018-05-17 16:31:22",187.664556853881,1,305.280660062748,1
"2018-05-17 16:32:22",204.12274172677,1,303.853363531768,1
"2018-05-17 16:33:22",198.889351731029,1,332.209372713002,1
"2018-05-17 16:34:22",205.549379438865,1,291.508003073472,1
"2018-05-17 16:35:22",185.664163766845,1,335.892016473789,1
"2018-05-17 16:36:22",178.36108459142,1,359.374290972045,1
"2018-05-17 16:37:23",197.791534031348,1,350.214124134222,1
"2018-05-17 16:38:23",179.505557223587,1,301.635226416617,1
"2018-05-17 16:39:23",180.136755756578,1,319.976804266149,1
"2018-05-17 16:40:23",183.353302001054,1,301.431911151743,1
"2018-05-17 16:41:23",185.132194702725,1,357.725277241614,1
"2018-05-17 16:42:23",201.790920890407,1,314.277297428046,1
"2018-05-17 16:43:23",194.831738342187,1,313.489529532308,1
"2018-05-17 16:44:23",169.887312890186,1,337.914690669355,1
"2018-05-17 16:45:23",249.186958458602,1,394.114047958181,1
"2018-05-17 16:46:23",190.164264232259,1,386.4378827553,1
"2018-05-17 16:47:23",200.713940353842,1,321.206369175635,1
"2018-05-17 16:48:23",200.669152345481,1,362.503326308219,1
"2018-05-17 16:49:23",188.082168827347,1,358.685145619319,1
"2018-05-17 16:50:23",225.886581920614,1,361.098610240568,1
"2018-05-17 16:51:23",213.889071517298,1,308.670774216646,1
"2018-05-17 16:52:23",198.839482734966,1,343.422976737511,1
"2018-05-17 16:53:23",205.50737402063,1,310.399625077581,1
"2018-05-17 16:54:23",192.92358327853,1,345.636782480184,1
"2018-05-17 16:55:23",215.433925344087,1,309.006599426773,1
"2018-05-17 16:56:23",209.524607840925,1,339.234571046998,1
"2018-05-17 16:57:24",210.854088879343,1,346.311491649249,1
"2018-05-17 16:58:24",221.343034109269,1,326.416558498759,1
"2018-05-17 16:59:24",203.435316212223,1,327.538158359407,1
"2018-05-17 17:00:24",203.34632937961,1,305.697465388043,1
"2018-05-17 17:01:24",215.661811745114,1,319.979529812885,1
"2018-05-17 17:02:24",225.180388136308,1,301.662078496453,1
"2018-05-17 17:03:24",230.186698763822,1,358.48076550718,1
"2018-05-17 17:04:24",206.61785134516,1,312.488734577169,1
"2018-05-17 17:05:24",236.427404535193,1,375.08684920153,1
"2018-05-17 17:06:24",209.392622141586,1,323.919975208547,1
"2018-05-17 17:07:24",198.04803194307,1,336.198054785981,1
"2018-05-17 17:08:24",208.842307078706,1,306.769621334286,1
"2018-05-17 17:09:24",231.785078537696,1,337.121135028034,1
"2018-05-17 17:10:24",212.077989948493,1,323.607766252846,1
"2018-05-17 17:11:24",235.920168086827,1,308.57047926939,1
"2018-05-17 17:12:24",218.505392092959,1,348.792259307345,1
"2018-05-17 17:13:24",226.272552977726,1,312.853189151902,1
"2018-05-17 17:14:24",231.382735417022,1,341.718368182023,1
"2018-05-17 17:15:24",217.41345694199,1,330.17615222782,1
"2018-05-17 17:16:24",230.386964459884,1,364.315433408293,1
"2018-05-17 17:17:24",230.816189710706,1,306.868605703519,1
"2018-05-17 17:18:24",230.598336326125,1,337.664461756652,1
"2018-05-17 17:19:24",221.403642008814,1,304.819323625127,1
"2018-05-17 17:20:24",221.257975819956,1,348.309104778414,1
"2018-05-17 17:21:25",218.055612310749,1,333.388664591028,1
"2018-05-17 17:22:25",216.628214128189,1,339.518705840678,1
"2018-05-17 17:23:25",198.458132233458,1,359.096335161046,1
"2018-05-17 17:24:25",214.02149048331,1,329.125735972634,1
"2018-05-17 17:25:25",187.933057107589,1,369.300382515387,1
"2018-05-17 17:26:25",233.341307636384,1,331.320618064378,1
"2018-05-17 17:27:25",226.276081011192,1,375.327935084087,1
"2018-05-17 17:28:25",229.139893720123,1,307.704529236763,1
"2018-05-17 17:29:25",200.987878070153,1,326.206483093104,1
"2018-05-17 17:30:25",212.907307143687,1,304.073998774576,1
"2018-05-17 17:31:25",233.518123804456,1,374.867618119654,1
"2018-05-17 17:32:25",212.904674598051,1,323.808244742441,1
"2018-05-17 17:33:25",206.629161882915,1,339.066458705496,1
"2018-05-17 17:34:25",212.881353227127,1,308.505240684975,1
"2018-05-17 17:35:25",212.066880944149,1,329.982310327826,1
"2018-05-17 17:36:25",187.863960165974,1,351.24253795799,1
"2018-05-17 17:37:25",214.431934667876,1,338.902554869991,1
"2018-05-17 17:38:25",208.590902276116,1,334.102871469099,1
"2018-05-17 17:39:25",226.411071824632,1,304.67843266955,1
"2018-05-17 17:40:25",192.468527858073,1,373.594693556606,1
"2018-05-17 17:41:25",217.314937046534,1,309.880862644812,1
"2018-05-17 17:42:25",216.439339513728,1,335.991669177965,1
"2018-05-17 17:43:25",209.840601778982,1,312.356589932598,1
"2018-05-17 17:44:25",197.300285343378,1,356.33965263705,1
"2018-05-17 17:45:26",222.477565469696,1,309.597082286653,1
"2018-05-17 17:46:26",120.736871013758,1,293.511387034893,1
"2018-05-17 17:47:26",112.675059424201,1,226.432141594084,1
"2018-05-17 17:48:26",108.077489859689,1,266.512879369995,1
"2018-05-17 17:49:26",114.936742733322,1,272.585408532684,1
"2018-05-17 17:50:26",122.70733141103,1,204.497776828458,1
"2018-05-17 17:51:26",104.599676085435,1,252.938430237619,1
"2018-05-17 17:52:26",115.828567992733,1,198.056180498909,0
"2018-05-17 17:53:26",115.307914197533,1,194.716685165336,0
"2018-05-17 17:54:26",111.147660915399,1,209.529997854424,1
"2018-05-17 17:55:26",117.928567705174,1,199.271728302291,0
"2018-05-17 17:56:26",125.177128715309,1,182.463853347143,0
"2018-05-17 17:57:26",133.061825836599,1,196.911432637492,0
"2018-05-17 17:58:26",122.773078578605,1,189.283714277838,0
"2018-05-17 17:59:26",128.508105386087,1,206.151014207482,1
"2018-05-17 18:00:26",125.356797695828,1,197.267355539311,0
"2018-05-17 18:01:26",129.095673612674,1,196.460279086271,0
"2018-05-17 18:02:26",119.810470843986,1,240.737141556098,1
"2018-05-17 18:03:26",110.310174364002,1,232.578568800643,1
"2018-05-17 18:04:26",115.411530512398,1,215.489446746065,1
"2018-05-17 18:05:26",130.42360089843,1,179.008457117789,0
"2018-05-17 18:06:26",129.483489866779,1,186.146899637927,0
"2018-05-17 18:07:26",135.431737418256,1,172.617281337655,0
"2018-05-17 18:08:26",133.64305544633,1,181.954846466598,0
"2018-05-17 18:09:26",129.698435411449,1,166.495781007048,0
"2018-05-17 18:10:26",139.375417282361,1,203.685849942233,1
"2018-05-17 18:11:26",122.015736524242,1,178.131696264238,0
"2018-05-17 18:12:27",137.942704261548,1,181.927259123746,0
"2018-05-17 18:13:27",123.810860621688,1,209.434030215294,1
"2018-05-17 18:14:27",125.452656933057,1,193.782700275795,0
"2018-05-17 18:15:27",126.422184360707,1,190.600119797432,0
"2018-05-17 18:16:27",135.901812534231,1,184.607493658238,0
"2018-05-17 18:17:27",129.345971114026,1,209.496828646178,1
"2018-05-17 18:18:27",133.981199871111,1,168.981594150322,0
"2018-05-17 18:19:27",115.847555744017,1,213.920082681281,1
"2018-05-17 18:20:27",143.529496039614,1,163.680935347123,0
"2018-05-17 18:21:27",131.318577339557,1,199.93603269338,1
"2018-05-17 18:22:27",117.907770779133,1,184.203722560372,0
"2018-05-17 18:23:27",132.696841601482,1,186.167493593333,0
"2018-05-17 18:24:27",126.990016724114,1,178.238177685969,0
"2018-05-17 18:25:27",141.657844858457,1,192.577824852141,0
"2018-05-17 18:26:27",130.085856080262,1,179.47599055638,0
"2018-05-17 18:27:27",134.458815501339,1,173.415494711885,0
"2018-05-17 18:28:27",126.851425788062,1,184.322575324593,0
"2018-05-17 18:29:27",141.977550657173,1,169.87709804946,0
"2018-05-17 18:30:27",115.259114177376,1,232.42315329172,1
"2018-05-17 18:31:27",131.616838812309,1,167.806407338777,0
"2018-05-17 18:32:27",141.304242436254,1,201.991701398244,1
"2018-05-17 18:33:27",123.6110219637,1,175.015190434752,0
"2018-05-17 18:34:27",129.014419372297,1,180.111333934865,0
"2018-05-17 18:35:27",115.818743303874,1,172.2039829263,0
"2018-05-17 18:36:27",112.589746923029,1,208.931325884526,1
"2018-05-17 18:37:28",108.745376936254,1,189.972556883928,0
"2018-05-17 18:38:28",108.388848064917,1,201.684806699585,1
"2018-05-17 18:39:28",110.061467275443,1,193.274578177804,0
"2018-05-17 18:40:28",112.915694671583,1,190.721267469244,0
"2018-05-17 18:41:28",108.133365631076,1,216.814509330911,1
"2018-05-17 18:42:28",112.067793605045,1,203.784016250434,1
"2018-05-17 18:43:28",122.867723998799,1,262.751723944984,1
"2018-05-17 18:44:28",111.941032288991,1,187.223220773528,0
"2018-05-17 18:45:28",99.6619169209502,1,211.393490815461,1
"2018-05-17 18:46:28",136.236458745504,1,241.253048894632,1
"2018-05-17 18:47:28",97.1974224185752,1,214.822842280681,1
"2018-05-17 18:48:28",92.7193852928281,1,197.882561989322,0
"2018-05-17 18:49:28",104.190544750166,1,230.247327987369,1
"2018-05-17 18:50:28",98.2264609266352,1,200.160441896371,1
"2018-05-17 18:51:28",91.1510262747296,1,211.070914987031,1
"2018-05-17 18:52:28",93.455256858361,1,217.001091180267,1
"2018-05-17 18:53:28",98.1405703690007,1,223.305070285957,1
"2018-05-17 18:54:28",99.8709558820594,1,203.432026193178,1
"2018-05-17 18:55:28",96.5353109811457,1,213.937723997733,1
"2018-05-17 18:56:28",85.4606041489366,1,232.693239881171,1
"2018-05-17 18:57:28",122.743482908461,1,199.216145750078,0
"2018-05-17 18:58:28",120.346288486142,1,244.375344170028,1
"2018-05-17 18:59:28",106.701232761307,1,209.679231009563,1
"2018-05-17 19:00:29",103.106418908452,1,225.066974366137,1
"2018-05-17 19:01:29",111.370233462876,1,208.523729975241,1
"2018-05-17 19:02:29",115.338893743619,1,258.837456193126,1
"2018-05-17 19:03:29",101.411481525309,1,232.992901168502,1
"2018-05-17 19:04:29",107.794616771352,1,259.617272808965,1
"2018-05-17 19:05:29",107.283744113957,1,208.10791370859,1
"2018-05-17 19:06:29",115.007736962905,1,240.472778297714,1
"2018-05-17 19:07:29",91.9902737772841,1,268.034679921857,1
"2018-05-17 19:08:29",112.315326514123,1,218.829744759956,1
"2018-05-17 19:09:29",108.921866151507,1,214.931109509927,1
"2018-05-17 19:10:29",95.8167547367619,1,229.980379607465,1
"2018-05-17 19:11:29",114.137990073463,1,217.52458218153,1
"2018-05-17 19:12:29",101.196969402709,1,196.762720931029,0
"2018-05-17 19:13:29",99.151607213337,1,230.764567742141,1
"2018-05-17 19:14:29",114.867860317707,1,199.927780116102,1
"2018-05-17 19:15:29",94.3535141474411,1,256.929834156465,1
"2018-05-17 19:16:29",110.252396460795,1,216.825955194261,1
"2018-05-17 19:17:29",112.125441483194,1,223.254738311809,1
"2018-05-17 19:18:29",104.078867402001,1,242.377981076846,1
"2018-05-17 19:19:29",113.686221433759,1,205.261154210744,1
"2018-05-17 19:20:29",105.246551631468,1,214.260076966634,1
"2018-05-17 19:21:29",90.9105239344149,1,260.648482980093,1
"2018-05-17 19:22:29",104.648538424488,1,247.447119999257,1
"2018-05-17 19:23:29",117.290448683567,1,201.282070452777,1
"2018-05-17 19:24:29",100.75918307313,1,287.582691020282,1
"2018-05-17 19:25:29",106.43042562148,1,218.943818101346,1
"2018-05-17 19:26:29",95.5327020066562,1,247.887700737836,1
"2018-05-17 19:27:30",110.162621949565,1,244.907459983495,1
"2018-05-17 19:28:30",93.7177907080008,1,276.769841222272,1
"2018-05-17 19:29:30",104.699473495355,1,212.661101643291,1
"2018-05-17 19:30:30",104.028863447203,1,287.825527902506,1
"2018-05-17 19:31:30",92.0411020952139,1,267.841497595611,1
"2018-05-17 19:32:30",98.4093129960167,1,260.597645621949,1
"2018-05-17 19:33:30",102.307687355775,1,242.497434676906,1
"2018-05-17 19:34:30",92.463571929185,1,228.307084009863,1
"2018-05-17 19:35:30",87.3094073447433,1,262.367425512376,1
"2018-05-17 19:36:30",106.531612750298,1,383.9192592906,1
"2018-05-17 19:37:30",117.947651042074,1,255.320788175389,1
"2018-05-17 19:38:30",95.4109599811528,1,229.176350523661,1
"2018-05-17 19:39:30",101.662051589142,1,241.978546840483,1
"2018-05-17 19:40:30",108.439948187051,1,217.310082078952,1
"2018-05-17 19:41:30",94.1655042007468,1,235.574688816573,1
"2018-05-17 19:42:30",110.939183119681,1,228.923655685728,1
"2018-05-17 19:43:30",105.754006224627,1,245.013295782906,1
"2018-05-17 19:44:30",100.64534559114,1,231.96609336221,1
"2018-05-17 19:45:30",81.4140770355985,1,322.261468812873,1
"2018-05-17 19:46:30",622.14267991175,1,814.865609221292,1
"2018-05-17 19:47:30",563.972041081366,1,734.905439819667,1
"2018-05-17 19:48:31",533.107864757708,1,744.238666525917,1
"2018-05-17 19:49:31",636.522304103979,1,732.699726241814,1
"2018-05-17 19:50:31",561.315569311817,1,711.844661547338,1
"2018-05-17 19:51:31",562.037760451197,1,668.861720504327,1
"2018-05-17 19:52:31",561.16485899403,1,704.379330938935,1
"2018-05-17 19:53:31",546.772376812922,1,695.425964714365,1
"2018-05-17 19:54:31",546.023863220086,1,711.827421062297,1
"2018-05-17 19:55:31",568.994693637663,1,688.058425055955,1
"2018-05-17 19:56:31",590.274563044237,1,717.841470185633,1
"2018-05-17 19:57:31",577.532068682634,1,685.82368219954,1
"2018-05-17 19:58:31",553.875725554685,1,687.777514526971,1
"2018-05-17 19:59:31",537.212985777982,1,705.529209524742,1
"2018-05-17 20:00:31",577.507756378484,1,654.216532540268,1
"2018-05-17 20:01:31",538.396342432493,1,706.825275779379,1
"2018-05-17 20:02:31",625.369390850988,1,651.095307976221,1
"2018-05-17 20:03:31",566.663982073256,1,705.289235377572,1
"2018-05-17 20:04:31",569.787366232881,1,672.254273711908,1
"2018-05-17 20:05:31",583.498228198538,1,706.346124478862,1
"2018-05-17 20:06:31",591.178569676522,1,649.802144254178,1
"2018-05-17 20:07:31",591.456225627873,1,694.816497360476,1
"2018-05-17 20:08:31",587.035120047304,1,669.258795577222,1
"2018-05-17 20:09:31",590.203131815438,1,697.013923398876,1
"2018-05-17 20:10:31",590.110037355299,1,675.906641343406,1
"2018-05-17 20:11:31",607.739027512267,1,670.792491106595,1
"2018-05-17 20:12:32",573.18492944304,1,701.818467295824,1
"2018-05-17 20:13:32",554.657797923464,1,685.636332045619,1
"2018-05-17 20:14:32",555.668718301193,1,731.992320197245,1
"2018-05-17 20:15:32",631.094604004996,1,641.781516522661,1
"2018-05-17 20:16:32",617.234677056524,1,702.892137431597,1
"2018-05-17 20:17:32",603.719186003387,1,649.976536177909,1
"2018-05-17 20:18:32",609.124806350076,1,665.695137664275,1
"2018-05-17 20:19:32",597.831374428682,1,655.970901037844,1
"2018-05-17 20:20:32",604.102028117293,1,678.346627772011,1
"2018-05-17 20:21:32",599.043947663284,1,655.745425357678,1
"2018-05-17 20:22:32",600.210313052796,1,686.101301347025,1
"2018-05-17 20:23:32",596.809908154134,1,666.391356172321,1
"2018-05-17 20:24:32",592.529936472223,1,678.103464861158,1
"2018-05-17 20:25:32",585.767598390788,1,685.16327680625,1
"2018-05-17 20:26:32",587.187552335677,1,670.36738415046,1
"2018-05-17 20:27:32",573.689240243132,1,696.564281962259,1
"2018-05-17 20:28:32",622.373175816562,1,646.568021282598,1
"2018-05-17 20:29:32",578.578526278854,1,699.532124007332,1
"2018-05-17 20:30:32",601.81673601578,1,648.832352622642,1
"2018-05-17 20:31:32",581.116378468005,1,704.32529696919,1
"2018-05-17 20:32:32",581.620953047232,1,655.240526859294,1
"2018-05-17 20:33:32",562.699902366415,1,672.937261844006,1
"2018-05-17 20:34:33",576.357893218258,1,648.416107958137,1
"2018-05-17 20:35:33",562.185421444375,1,679.961051307796,1
"2018-05-17 20:36:33",590.912677138777,1,669.427030844829,1
"2018-05-17 20:37:33",537.820420701237,1,742.914218685911,1
"2018-05-17 20:38:33",563.970744716028,1,688.167307645683,1
"2018-05-17 20:39:33",603.261495603236,1,677.342594809731,1
"2018-05-17 20:40:33",611.018558337559,1,667.498390343385,1
"2018-05-17 20:41:33",599.517680546488,1,660.886377608442,1
"2018-05-17 20:42:33",577.814683295996,1,700.170891414393,1
"2018-05-17 20:43:33",575.759770157405,1,680.087086639349,1
"2018-05-17 20:44:33",558.666099925636,1,709.880141900599,1
"2018-05-17 20:45:33",586.97310115713,1,660.279583724727,1
"2018-05-17 20:46:33",574.351477658463,1,706.449388162332,1
"2018-05-17 20:47:33",107.343512330575,1,201.168710133506,1
"2018-05-17 20:48:33",98.5019606596892,1,219.425653488937,1
"2018-05-17 20:49:33",97.7939195675135,1,230.545241800234,1
"2018-05-17 20:50:33",93.5223520955491,1,241.014019469933,1
"2018-05-17 20:51:33",100.090483248901,1,232.63625388634,1
"2018-05-17 20:52:33",117.116723324159,1,221.893194520651,1
"2018-05-17 20:53:33",107.447895780098,1,224.937602593332,1
"2018-05-17 20:54:33",115.526019292646,1,198.860956371385,0
"2018-05-17 20:55:33",98.0240223999884,1,230.001210948347,1
"2018-05-17 20:56:34",93.797950720719,1,227.712745700504,1
"2018-05-17 20:57:34",117.859134506503,1,245.414617981298,1
"2018-05-17 20:58:34",114.172803500211,1,200.362743121487,1
"2018-05-17 20:59:34",109.018399557799,1,219.73369440821,1
"2018-05-17 21:00:34",108.356584356383,1,191.903344662857,0
"2018-05-17 21:01:34",99.6075307839062,1,257.501325438884,1
"2018-05-17 21:02:34",101.428695248316,1,210.999261678041,1
"2018-05-17 21:03:34",105.066574957752,1,197.633313145856,0
"2018-05-17 21:04:34",96.3585807447431,1,216.212358967166,1
"2018-05-17 21:05:34",104.551604446158,1,222.777501078926,1
"2018-05-17 21:06:34",104.170163900076,1,247.512195648538,1
"2018-05-17 21:07:34",126.095484106284,1,210.924035316803,1
"2018-05-17 21:08:34",105.127000270525,1,220.708483950998,1
"2018-05-17 21:09:34",105.805464670908,1,189.278666324436,0
"2018-05-17 21:10:34",129.303411477144,1,283.365609104606,1
"2018-05-17 21:11:34",114.532755986971,1,204.607857097665,1
"2018-05-17 21:12:34",128.985892585091,1,283.05940929948,1
"2018-05-17 21:13:34",108.005456110232,1,200.076163377512,1
"2018-05-17 21:14:34",116.274295795199,1,240.086132019556,1
"2018-05-17 21:15:34",97.949231151664,1,219.593071696551,1
"2018-05-17 21:16:34",101.405956656798,1,206.081861771305,1
"2018-05-17 21:17:34",95.8500387636346,1,204.785594673122,1
"2018-05-17 21:18:34",98.4796375424504,1,216.644609098362,1
"2018-05-17 21:19:34",101.721402124997,1,242.276079572105,1
"2018-05-17 21:20:34",107.023682587532,1,213.487123549966,1
"2018-05-17 21:21:34",89.8536849988587,1,257.164185595455,1
"2018-05-17 21:22:35",104.858725569867,1,203.649075613844,1
"2018-05-17 21:23:35",108.656252132399,1,256.452452630399,1
"2018-05-17 21:24:35",88.2705132162669,1,216.168732827538,1
"2018-05-17 21:25:35",97.7097267024592,1,228.39925882263,1
"2018-05-17 21:26:35",99.9152999476454,1,198.317752893352,0
"2018-05-17 21:27:35",98.5709380333861,1,288.651838444013,1
"2018-05-17 21:28:35",99.0063945964017,1,223.453445874298,1
"2018-05-17 21:29:35",91.956498766429,1,238.321685899451,1
"2018-05-17 21:30:35",83.798624530283,1,221.579624839199,1
"2018-05-17 21:31:35",102.421482138038,1,215.674678277951,1
"2018-05-17 21:32:35",91.1935201179658,1,216.219959637989,1
"2018-05-17 21:33:35",108.352865175553,1,200.774149644116,1
"2018-05-17 21:34:35",94.3113391719101,1,254.41719417627,1
"2018-05-17 21:35:35",100.198830334927,1,207.079931544827,1
"2018-05-17 21:36:35",102.109330324168,1,196.093228013012,0
"2018-05-17 21:37:35",93.7904623458955,1,208.008123035155,1
"2018-05-17 21:38:35",97.9323730585467,1,217.10043494421,1
"2018-05-17 21:39:35",104.470196240594,1,196.57238047528,0
"2018-05-17 21:40:35",92.4016836344872,1,243.602926756552,1
"2018-05-17 21:41:35",92.7506104305953,1,220.839518585623,1
"2018-05-17 21:42:35",85.083739123203,1,240.571032995976,1
"2018-05-17 21:43:35",77.9787346047158,1,249.304350593746,1
"2018-05-17 21:44:36",106.81569475345,1,227.085724790213,1
"2018-05-17 21:45:36",93.7048365377227,1,245.124645194273,1
"2018-05-17 21:46:36",101.047597214487,1,211.713642904935,1
"2018-05-17 21:47:36",384.496173034424,1,629.711901806729,1
"2018-05-17 21:48:36",363.900752429154,1,485.966220876949,1
"2018-05-17 21:49:36",339.064787509298,1,511.016242813295,1
"2018-05-17 21:50:36",353.34923260865,1,507.148968143058,1
"2018-05-17 21:51:36",365.542917084,1,521.435516963821,1
"2018-05-17 21:52:36",344.800483320972,1,503.67767984459,1
"2018-05-17 21:53:36",365.107234472414,1,538.28663479603,1
"2018-05-17 21:54:36",354.99462928425,1,505.939167301784,1
"2018-05-17 21:55:36",377.207432961283,1,567.582700878122,1
"2018-05-17 21:56:36",361.93611252552,1,550.756347780339,1
"2018-05-17 21:57:36",371.869733552823,1,517.34253709319,1
"2018-05-17 21:58:36",343.228177867802,1,547.584977091529,1
"2018-05-17 21:59:36",367.662974074092,1,541.539994423489,1
"2018-05-17 22:00:36",344.185438868179,1,535.345662280767,1
"2018-05-17 22:01:36",360.773707864308,1,519.514640399931,1
"2018-05-17 22:02:36",371.387466237032,1,549.011897642939,1
"2018-05-17 22:03:36",364.049513824742,1,485.466953400792,1
"2018-05-17 22:04:36",364.950273417499,1,516.122007888666,1
"2018-05-17 22:05:36",371.56651970109,1,484.408428975366,1
"2018-05-17 22:06:36",355.827317541138,1,539.536858889845,1
"2018-05-17 22:07:36",354.745228330278,1,523.690416781234,1
"2018-05-17 22:08:36",384.230656371533,1,485.292309036178,1
"2018-05-17 22:09:37",367.014568595677,1,526.666997989082,1
"2018-05-17 22:10:37",391.173291088965,1,537.444118516288,1
"2018-05-17 22:11:37",382.668517857135,1,546.998470887254,1
"2018-05-17 22:12:37",392.309034958296,1,501.348152873637,1
"2018-05-17 22:13:37",379.828140329513,1,528.491676280808,1
"2018-05-17 22:14:37",402.212938231048,1,523.307807803286,1
"2018-05-17 22:15:37",390.411071163763,1,527.609147430709,1
"2018-05-17 22:16:37",381.507449225732,1,531.305372317124,1
"2018-05-17 22:17:37",400.188803264062,1,507.890734408043,1
"2018-05-17 22:18:37",377.350919679996,1,517.230382460528,1
"2018-05-17 22:19:37",393.74737534979,1,533.663677122507,1
"2018-05-17 22:20:37",378.591491204646,1,526.266901104706,1
"2018-05-17 22:21:37",364.144481916745,1,546.940201985987,1
"2018-05-17 22:22:37",376.062284154118,1,517.263571443843,1
"2018-05-17 22:23:37",405.474098813338,1,499.499121382443,1
"2018-05-17 22:24:37",381.741867097789,1,586.294312063931,1
"2018-05-17 22:25:37",353.132610622317,1,546.018791311693,1
"2018-05-17 22:26:37",373.842581063442,1,559.986335681069,1
"2018-05-17 22:27:37",379.060598899723,1,520.897925228245,1
"2018-05-17 22:28:37",376.7234727816,1,560.050755818031,1
"2018-05-17 22:29:37",382.762212662647,1,498.914710550981,1
"2018-05-17 22:30:37",382.710606004028,1,531.893406475516,1
"2018-05-17 22:31:37",359.235492756859,1,532.632924130459,1
"2018-05-17 22:32:38",343.607413633092,1,556.415710129605,1
"2018-05-17 22:33:38",335.983276748844,1,537.228948144919,1
"2018-05-17 22:34:38",381.73179757775,1,542.431165868713,1
"2018-05-17 22:35:38",371.739954510735,1,529.27355696338,1
"2018-05-17 22:36:38",366.022280391805,1,553.333458941984,1
"2018-05-17 22:37:38",377.987636042381,1,572.660369886605,1
"2018-05-17 22:38:38",392.095507903728,1,480.196625076167,1
"2018-05-17 22:39:38",368.653389498246,1,608.708405540591,1
"2018-05-17 22:40:38",391.795265431225,1,476.190975909407,1
"2018-05-17 22:41:38",342.276061436815,1,609.179330251205,1
"2018-05-17 22:42:38",379.341759132697,1,512.515873394469,1
"2018-05-17 22:43:38",390.748762366307,1,539.033884076839,1
"2018-05-17 22:44:38",342.31448610117,1,547.280903972091,1
"2018-05-17 22:45:38",384.710434870329,1,566.048237742125,1
"2018-05-17 22:46:38",377.431402965825,1,494.765531634113,1
"2018-05-17 22:47:38",367.542786111911,1,523.387561971861,1
"2018-05-17 22:48:38",80.0962647824342,1,226.002364521124,1
"2018-05-17 22:49:38",86.8519959379207,1,201.838734487417,1
"2018-05-17 22:50:38",67.4880083777601,1,233.12390827233,1
"2018-05-17 22:51:38",81.251099996664,1,236.728575685655,1
"2018-05-17 22:52:38",83.55578692276,1,199.944885955958,1
"2018-05-17 22:53:38",84.2504154817927,1,199.653761840829,0
"2018-05-17 22:54:38",97.2324443943112,1,263.950501772183,1
"2018-05-17 22:55:38",96.1144789978128,1,193.623963657978,0
"2018-05-17 22:56:38",95.8643695573488,1,184.663347720956,0
"2018-05-17 22:57:38",98.6154285089336,1,159.91033561496,0
"2018-05-17 22:58:38",102.355881835316,1,188.744002013365,0
"2018-05-17 22:59:38",103.600742037231,1,164.912449376291,0
"2018-05-17 23:00:39",103.646996635923,1,173.229497379281,0
"2018-05-17 23:01:39",96.8467761368295,1,179.072177481056,0
"2018-05-17 23:02:39",86.3320931813911,1,191.27537042957,0
"2018-05-17 23:03:39",92.6138605406279,1,179.116532737986,0
"2018-05-17 23:04:39",90.5350165585429,1,225.478168862338,1
"2018-05-17 23:05:39",79.5659836050502,1,227.060806846635,1
"2018-05-17 23:06:39",80.6949774657506,1,253.945444996759,1
"2018-05-17 23:07:39",97.3017005006726,1,207.104262751864,1
"2018-05-17 23:08:39",95.8230784181279,1,154.49490770012,0
"2018-05-17 23:09:39",95.8872291788121,1,174.921851012653,0
"2018-05-17 23:10:39",100.438539492134,1,152.695420269108,0
"2018-05-17 23:11:39",100.827015719752,1,167.027517974171,0
"2018-05-17 23:12:39",92.5478287604876,1,160.984927061492,0
"2018-05-17 23:13:39",98.7594521762605,1,162.299414318264,0
"2018-05-17 23:14:39",96.1998585429687,1,158.544042097993,0
"2018-05-17 23:15:39",85.7336507996359,1,189.317120825915,0
"2018-05-17 23:16:39",87.2852062147496,1,194.999270625059,0
"2018-05-17 23:17:39",97.8726803552608,1,142.151234636917,0
"2018-05-17 23:18:39",88.3380510367827,1,199.684901508411,0
"2018-05-17 23:19:39",94.4582515933096,1,140.093534904506,0
"2018-05-17 23:20:40",95.6001375140106,1,190.857217958667,0
"2018-05-17 23:21:40",91.0081892436597,1,142.845023595312,0
"2018-05-17 23:22:40",98.4005704608292,1,144.163289221798,0
"2018-05-17 23:23:40",90.5106533184355,1,142.213554105095,0
"2018-05-17 23:24:40",98.9677027516278,1,163.17537627325,0
"2018-05-17 23:25:40",93.6720250789192,1,142.087176280733,0
"2018-05-17 23:26:40",105.175407093992,1,146.450104114556,0
"2018-05-17 23:27:40",100.247735600143,1,150.15152559426,0
"2018-05-17 23:28:40",92.0895435760586,1,145.432089056917,0
"2018-05-17 23:29:40",89.6975439710602,1,166.265173119724,0
"2018-05-17 23:30:40",93.8656248694036,1,122.879269137779,0
"2018-05-17 23:31:40",89.5199007209459,1,146.383274709689,0
"2018-05-17 23:32:40",98.4046174955627,1,132.404635453065,0
"2018-05-17 23:33:40",98.1549909958204,1,166.447020288871,0
"2018-05-17 23:34:40",93.2197166724692,1,135.912245121114,0
"2018-05-17 23:35:40",92.2651406850848,1,132.191227355677,0
"2018-05-17 23:36:40",85.8523399391155,1,142.227471529473,0
"2018-05-17 23:37:40",84.761796265659,1,155.012159056873,0
"2018-05-17 23:38:40",83.4620998645279,1,138.03219880694,0
"2018-05-17 23:39:40",77.3940027877486,1,149.566515182773,0
"2018-05-17 23:40:40",83.0232564419916,1,161.217545136956,0
"2018-05-17 23:41:40",82.3530827856617,1,170.503521545284,0
"2018-05-17 23:42:40",79.9311841303658,1,184.086874838289,0
"2018-05-17 23:43:40",82.935866001916,1,156.974107383935,0
"2018-05-17 23:44:41",84.0194702869835,1,170.881134466341,0
"2018-05-17 23:45:41",70.7431407524709,1,176.586013694383,0
"2018-05-17 23:46:41",79.3967246135414,1,183.745242698992,0
"2018-05-17 23:47:41",83.2663623580148,1,161.493326201137,0
"2018-05-17 23:48:41",225.013886618269,1,321.166778004181,1
"2018-05-17 23:49:41",236.014365903085,1,291.155338399193,1
"2018-05-17 23:50:41",236.037672544788,1,301.402105932169,1
"2018-05-17 23:51:41",230.147303477178,1,302.662179926188,1
"2018-05-17 23:52:41",205.44048411936,1,330.079174549931,1
"2018-05-17 23:53:41",219.422717523522,1,307.133804036767,1
"2018-05-17 23:54:41",203.909200348556,1,455.335300206272,1
"2018-05-17 23:55:41",226.731086294942,1,312.760529994878,1
"2018-05-17 23:56:41",240.78922309278,1,300.951872697712,1
"2018-05-17 23:57:41",221.478182932641,1,324.648622351345,1
"2018-05-17 23:58:41",239.057529237448,1,297.855499958806,1
"2018-05-17 23:59:41",230.687690254207,1,332.806789583107,1
"2018-05-18 00:00:27",224.898089743882,1,324.778108056455,1
"2018-05-18 00:00:41",235.238879596039,1,314.296075516953,1
"2018-05-18 00:01:41",227.792084047471,1,330.463258671744,1
"2018-05-18 00:02:41",219.310710637563,1,326.542226460571,1
"2018-05-18 00:03:41",235.803961653977,1,336.267586707375,1
"2018-05-18 00:04:41",224.690302543315,1,329.056327844364,1
"2018-05-18 00:05:41",240.865009899862,1,337.278081847461,1
"2018-05-18 00:06:41",242.063850073738,1,343.636295379769,1
"2018-05-18 00:07:41",238.436332379178,1,328.723878841775,1
"2018-05-18 00:08:42",220.719491039112,1,353.009087957386,1
"2018-05-18 00:09:42",255.800360500876,1,299.288511312468,1
"2018-05-18 00:10:42",236.474457184804,1,348.353947678494,1
"2018-05-18 00:11:42",234.243847684895,1,307.063032039165,1
"2018-05-18 00:12:42",228.944034032357,1,334.544584790286,1
"2018-05-18 00:13:42",226.505456080131,1,309.096522080397,1
"2018-05-18 00:14:42",238.009259327499,1,371.005903144287,1
"2018-05-18 00:15:42",245.191723533685,1,308.490881444061,1
"2018-05-18 00:16:42",233.48774414389,1,359.292338294878,1
"2018-05-18 00:17:42",237.962517809932,1,300.166974856728,1
"2018-05-18 00:18:42",242.476325880045,1,321.763742847456,1
"2018-05-18 00:19:42",227.276913968846,1,370.100428571269,1
"2018-05-18 00:20:42",239.708478178931,1,420.812792844151,1
"2018-05-18 00:21:42",233.298194449118,1,375.485830540673,1
"2018-05-18 00:22:42",224.350174931439,1,393.657738761211,1
"2018-05-18 00:23:42",230.096011706215,1,412.173497334146,1
"2018-05-18 00:24:42",248.558743649951,1,303.59304867932,1
"2018-05-18 00:25:42",241.762032364131,1,357.326259930264,1
"2018-05-18 00:26:42",235.949015951607,1,316.946025514257,1
"2018-05-18 00:27:42",225.097755969518,1,337.374191245368,1
"2018-05-18 00:28:42",207.239428193064,1,362.625282366544,1
"2018-05-18 00:29:42",243.253755491438,1,316.134561415132,1
"2018-05-18 00:30:42",236.492843479272,1,313.360802188995,1
"2018-05-18 00:31:42",217.206751613755,1,348.751642529885,1
"2018-05-18 00:32:42",236.663022978229,1,328.121682201753,1
"2018-05-18 00:33:43",204.391797380629,1,375.473101940008,1
"2018-05-18 00:34:43",230.520412786172,1,347.439594022374,1
"2018-05-18 00:35:43",246.325642564488,1,315.425035477537,1
"2018-05-18 00:36:43",211.95725475619,1,411.237014789119,1
"2018-05-18 00:37:43",202.373843921055,1,357.885899275151,1
"2018-05-18 00:38:43",226.177732414647,1,335.160047522585,1
"2018-05-18 00:39:43",235.428517684264,1,319.010222203195,1
"2018-05-18 00:40:43",213.105625348628,1,366.432609344378,1
"2018-05-18 00:41:43",203.87672152775,1,388.964363736497,1
"2018-05-18 00:42:43",201.289345825891,1,512.648505405523,1
"2018-05-18 00:43:43",200.304401197801,1,378.418354487534,1
"2018-05-18 00:44:43",216.140794281239,1,366.080814131947,1
"2018-05-18 00:45:43",229.199714706447,1,391.630338417935,1
"2018-05-18 00:46:43",227.646605265011,1,399.321084726399,1
"2018-05-18 00:47:43",206.53780933636,1,374.470183519812,1
"2018-05-18 00:48:43",568.325080941966,1,681.225421876019,1
"2018-05-18 00:49:43",536.493671006274,1,719.4288829074,1
"2018-05-18 00:50:43",515.143919155691,1,642.029036177866,1
"2018-05-18 00:51:43",537.100129312932,1,694.620215890841,1
"2018-05-18 00:52:43",517.956911065517,1,656.160563299014,1
"2018-05-18 00:53:43",524.576182947724,1,659.229980162375,1
"2018-05-18 00:54:43",554.412842485778,1,612.675397376549,1
"2018-05-18 00:55:43",544.507719087635,1,637.562490954695,1
"2018-05-18 00:56:43",538.555569628509,1,642.892782600042,1
"2018-05-18 00:57:43",496.438458487294,1,685.683303321442,1
"2018-05-18 00:58:43",528.584443022246,1,639.66794474948,1
"2018-05-18 00:59:43",538.689646148984,1,685.035090690674,1
"2018-05-18 01:00:43",496.29071663762,1,686.534224300855,1
"2018-05-18 01:01:44",551.076560853041,1,654.10031415528,1
"2018-05-18 01:02:44",519.645024957813,1,684.531274580694,1
"2018-05-18 01:03:44",515.519222790881,1,646.236329615025,1
"2018-05-18 01:04:44",549.782619312082,1,644.842513078504,1
"2018-05-18 01:05:44",547.371716620482,1,622.25911704187,1
"2018-05-18 01:06:44",531.682763153423,1,644.987430706175,1
"2018-05-18 01:07:44",548.632586488267,1,631.945579807052,1
"2018-05-18 01:08:44",543.547750765624,1,676.872935222768,1
"2018-05-18 01:09:44",524.726190706453,1,666.400060435462,1
"2018-05-18 01:10:44",528.889650409349,1,682.930508862962,1
"2018-05-18 01:11:44",538.559267906678,1,645.283075164823,1
"2018-05-18 01:12:44",553.805042568013,1,622.948533208944,1
"2018-05-18 01:13:44",501.914978674013,1,684.857634984222,1
"2018-05-18 01:14:44",546.056176114504,1,629.317150833334,1
"2018-05-18 01:15:44",487.941278756821,1,705.559041139193,1
"2018-05-18 01:16:44",549.345221065008,1,620.851579429606,1
"2018-05-18 01:17:44",526.891966858039,1,675.013097080004,1
"2018-05-18 01:18:44",533.944426697625,1,635.696674189297,1
"2018-05-18 01:19:44",527.869113820014,1,677.431086035442,1
"2018-05-18 01:20:44",460.672927385663,1,746.484462919156,1
"2018-05-18 01:21:44",527.004403811811,1,671.115708975683,1
"2018-05-18 01:22:44",526.480069148791,1,643.955084336707,1
"2018-05-18 01:23:44",543.603851055127,1,655.999329904141,1
"2018-05-18 01:24:44",517.070685044298,1,700.679504247981,1
"2018-05-18 01:25:44",499.816850151377,1,754.335335538776,1
"2018-05-18 01:26:45",517.244793939157,1,680.221338384475,1
"2018-05-18 01:27:45",530.861660842303,1,636.783886912522,1
"2018-05-18 01:28:45",482.267143718387,1,726.407660021771,1
"2018-05-18 01:29:45",523.62650169282,1,667.153844441457,1
"2018-05-18 01:30:45",514.585208957346,1,681.322080184987,1
"2018-05-18 01:31:45",536.299868074641,1,641.720607449372,1
"2018-05-18 01:32:45",524.874662375765,1,697.035947164595,1
"2018-05-18 01:33:45",542.712229270096,1,641.277647361605,1
"2018-05-18 01:34:45",483.604558326477,1,710.738948966028,1
"2018-05-18 01:35:45",503.131871180142,1,652.262540179665,1
"2018-05-18 01:36:45",548.040495901319,1,681.252395697144,1
"2018-05-18 01:37:45",530.34822034954,1,686.801212059404,1
"2018-05-18 01:38:45",524.940174243193,1,632.33775033851,1
"2018-05-18 01:39:45",509.714052807666,1,682.064126832915,1
"2018-05-18 01:40:45",534.202337237054,1,654.469164824885,1
"2018-05-18 01:41:45",517.834671616493,1,674.530699609488,1
"2018-05-18 01:42:45",548.256004336354,1,650.094859360043,1
"2018-05-18 01:43:45",509.146382136371,1,681.635557160268,1
"2018-05-18 01:44:45",546.508593687479,1,625.933097667569,1
"2018-05-18 01:45:45",530.292854402509,1,691.261275110509,1
"2018-05-18 01:46:45",540.142074481546,1,640.071466934864,1
"2018-05-18 01:47:45",530.496540303737,1,698.533247822658,1
"2018-05-18 01:48:45",530.150385194817,1,653.022565153563,1
"2018-05-18 01:49:45",136.778656346724,1,325.272707376397,1
"2018-05-18 01:50:45",147.563040517312,1,277.897431366526,1
"2018-05-18 01:51:46",140.438472541175,1,275.176884528724,1
"2018-05-18 01:52:46",139.316292151518,1,289.130376807035,1
"2018-05-18 01:53:46",150.599075271408,1,311.231425971796,1
"2018-05-18 01:54:46",153.840867943648,1,294.427852099241,1
"2018-05-18 01:55:46",150.107610720395,1,303.846050648079,1
"2018-05-18 01:56:46",181.624120050383,1,328.375455126277,1
"2018-05-18 01:57:46",155.711758885385,1,273.343248225552,1
"2018-05-18 01:58:46",139.49531115729,1,337.892622019409,1
"2018-05-18 01:59:46",162.790451978287,1,271.839184259767,1
"2018-05-18 02:00:46",153.864101997884,1,318.178973400918,1
"2018-05-18 02:01:46",169.47137932861,1,252.779913232134,1
"2018-05-18 02:02:46",163.566350267819,1,292.683756621022,1
"2018-05-18 02:03:46",156.441957486933,1,289.59894162182,1
"2018-05-18 02:04:46",164.435632070058,1,275.084444174119,1
"2018-05-18 02:05:46",139.561872118435,1,285.576041004224,1
"2018-05-18 02:06:46",152.378655803496,1,291.464762434945,1
"2018-05-18 02:07:46",155.351999153219,1,320.224888142237,1
"2018-05-18 02:08:46",165.199039978261,1,311.165011251643,1
"2018-05-18 02:09:46",173.853050132587,1,315.579973986097,1
"2018-05-18 02:10:46",158.91851558001,1,280.502138570523,1
"2018-05-18 02:11:46",164.027663720917,1,338.547503526859,1
"2018-05-18 02:12:46",166.153642056421,1,2828.3804843318,1
"2018-05-18 02:13:46",143.117908373902,1,323.424981068218,1
"2018-05-18 02:14:46",170.01923783068,1,249.139529905974,1
"2018-05-18 02:15:47",156.083329001377,1,287.001170640166,1
"2018-05-18 02:16:47",158.13370623644,1,2808.41379659349,1
"2018-05-18 02:17:47",149.54120951314,1,312.231883134803,1
"2018-05-18 02:18:47",161.823049337333,1,297.100454263554,1
"2018-05-18 02:19:47",165.174701419873,1,280.371696411741,1
"2018-05-18 02:20:47",152.91290556806,1,2808.40007985926,1
"2018-05-18 02:21:47",164.70838374316,1,271.27645384587,1
"2018-05-18 02:22:47",169.337775846157,1,333.0687252379,1
"2018-05-18 02:23:47",179.851063990836,1,244.57485088592,1
"2018-05-18 02:24:47",166.959473780444,1,277.006179111906,1
"2018-05-18 02:25:47",169.733320628569,1,250.204139477025,1
"2018-05-18 02:26:47",171.287817717083,1,2799.6958169579,1
"2018-05-18 02:27:47",156.051713778466,1,244.548686770005,1
"2018-05-18 02:28:47",161.877967852075,1,293.857952156999,1
"2018-05-18 02:29:47",161.634060696701,1,2786.45731199659,1
"2018-05-18 02:30:47",160.68612614884,1,2817.62537823973,1
"2018-05-18 02:31:47",156.552158222788,1,309.701510033317,1
"2018-05-18 02:32:47",169.094658907206,1,307.032794727291,1
"2018-05-18 02:33:47",142.285290091254,1,2844.10911494122,1
"2018-05-18 02:34:47",175.504326888392,1,256.404716508438,1
"2018-05-18 02:35:47",149.524742275503,1,301.882621050823,1
"2018-05-18 02:36:47",159.847595702292,1,270.556226868938,1
"2018-05-18 02:37:48",164.947482199145,1,288.065354712311,1
"2018-05-18 02:38:48",162.517082608612,1,2769.97260802176,1
"2018-05-18 02:39:48",139.255216187988,1,2815.76301976805,1
"2018-05-18 02:40:48",147.307409936035,1,258.379751372464,1
"2018-05-18 02:41:48",166.120988195303,1,2825.66863122965,1
"2018-05-18 02:42:48",169.881808197433,1,2809.76531044929,1
"2018-05-18 02:43:48",161.594444106461,1,336.471245168837,1
"2018-05-18 02:44:48",166.328829305364,1,2851.70477149057,1
"2018-05-18 02:45:48",160.437021317226,1,270.921593749269,1
"2018-05-18 02:46:48",150.758963912598,1,2858.05629397616,1
"2018-05-18 02:47:48",172.382082770779,1,2789.6006640554,1
"2018-05-18 02:48:48",151.316774085081,1,10367.5204360563,1
"2018-05-18 02:49:48",355.81556554773,1,3014.77343667754,1
"2018-05-18 02:50:48",323.390639423005,1,2989.22721600956,1
"2018-05-18 02:51:48",324.425713126266,1,10514.399807095,1
"2018-05-18 02:52:48",301.836459688657,1,10580.2373557261,1
"2018-05-18 02:53:48",316.593581251724,1,2955.17179859509,1
"2018-05-18 02:54:48",351.069030648872,1,3018.05730290602,1
"2018-05-18 02:55:48",334.890763445533,1,10532.5023902661,1
"2018-05-18 02:56:48",330.670329809762,1,10563.6043013798,1
"2018-05-18 02:57:48",335.078940348906,1,10541.6449417454,1
"2018-05-18 02:58:48",348.914637887568,1,2958.11758452406,1
"2018-05-18 02:59:48",332.528446384499,1,3029.71755273449,1
"2018-05-18 03:00:48",300.459395286821,1,23191.3554794033,1
"2018-05-18 03:01:48",340.638472951109,1,2979.11716546645,1
"2018-05-18 03:02:48",351.377018175443,1,10501.0006810187,1
"2018-05-18 03:03:48",314.848264359921,1,23153.51993998,1
"2018-05-18 03:04:48",326.978429877777,1,23157.5281967818,1
"2018-05-18 03:05:49",341.282193883381,1,10543.423810466,1
"2018-05-18 03:06:49",303.879593428547,1,10561.5079165788,1
"2018-05-18 03:07:49",309.185655758735,1,23168.3445084627,1
"2018-05-18 03:08:49",320.729798926167,1,23146.7060183679,1
"2018-05-18 03:09:49",344.115858943221,1,23162.4899186123,1
"2018-05-18 03:10:49",308.15746291957,1,23197.4570547953,1
"2018-05-18 03:11:49",322.035646740582,1,40835.1219860499,1
"2018-05-18 03:12:49",348.229877780305,1,23246.0785483084,1
"2018-05-18 03:13:49",304.322969777559,1,23194.4403777022,1
"2018-05-18 03:14:49",319.544590710671,1,23156.9206164269,1
"2018-05-18 03:15:49",343.727449238047,1,40797.492318044,1
"2018-05-18 03:16:49",311.922784611043,1,40852.0924333107,1
"2018-05-18 03:17:49",338.709385459975,1,23123.8514954214,1
"2018-05-18 03:18:49",342.3567035926,1,40817.508841127,1
"2018-05-18 03:19:49",346.342712693338,1,40798.1087775534,1
"2018-05-18 03:20:49",339.726568000316,1,23155.4274478648,1
"2018-05-18 03:21:49",334.601023680772,1,23140.5866496022,1
"2018-05-18 03:22:49",340.924455350459,1,40819.9157715942,1
"2018-05-18 03:23:49",361.025144331712,1,63540.0971235064,1
"2018-05-18 03:24:49",359.707376415107,1,63493.7065677819,1
"2018-05-18 03:25:49",349.76141328616,1,63552.889376904,1
"2018-05-18 03:26:49",352.269491742648,1,40788.2691547347,1
"2018-05-18 03:27:49",351.808228759749,1,63518.4500151537,1
"2018-05-18 03:28:49",324.039047167961,1,40854.0572661646,1
"2018-05-18 03:29:49",348.174884628613,1,63573.2927679292,1
"2018-05-18 03:30:49",336.535025914724,1,40806.7879648684,1
"2018-05-18 03:31:50",343.334698623874,1,40797.5586068552,1
"2018-05-18 03:32:50",324.619978492837,1,40821.2144341278,1
"2018-05-18 03:33:50",340.630495323579,1,40813.3176475574,1
"2018-05-18 03:34:50",332.862395736471,1,40805.3176201213,1
"2018-05-18 03:35:50",329.521518327007,1,63532.8575927818,1
"2018-05-18 03:36:50",338.669568193168,1,40819.5322820853,1
"2018-05-18 03:37:50",315.316824589331,1,40848.5268399475,1
"2018-05-18 03:38:50",318.605563402071,1,63558.7004209349,1
"2018-05-18 03:39:50",340.23942644557,1,40795.4633993011,1
"2018-05-18 03:40:50",347.619735711887,1,63492.7169820107,1
"2018-05-18 03:41:50",348.294932124667,1,63526.2090360349,1
"2018-05-18 03:42:50",338.77862388086,1,63533.5310786508,1
"2018-05-18 03:43:50",331.047912602974,1,63556.6146925734,1
"2018-05-18 03:44:50",358.914730625772,1,63532.8451864994,1
"2018-05-18 03:45:50",343.24999072918,1,91292.6305650607,1
"2018-05-18 03:46:50",346.18811302587,1,91306.1044946807,1
"2018-05-18 03:47:50",364.522626072513,1,124120.153743409,1
"2018-05-18 03:48:50",331.078846075598,1,91302.282947271,1
"2018-05-18 03:49:50",268.291314314854,1,124040.985925134,1
"2018-05-18 03:50:50",185.20953385641,1,123933.088652544,1
"2018-05-18 03:51:50",203.523171794946,1,123915.878532183,1
"2018-05-18 03:52:50",165.427567704703,1,91241.3395629594,1
"2018-05-18 03:53:50",149.530600429718,1,63377.840890754,1
"2018-05-18 03:54:50",172.592517538709,1,123947.954965469,1
"2018-05-18 03:55:51",180.328664711651,1,123965.170252797,1
"2018-05-18 03:56:51",159.183733052348,1,91137.144996448,1
"2018-05-18 03:57:51",229.612857715753,1,204719.779408986,1
"2018-05-18 03:58:51",227.659576838681,1,204714.575149311,1
"2018-05-18 03:59:51",207.021163555813,1,161806.33726345,1
"2018-05-18 04:00:51",277.773435933295,1,252688.15869409,1
"2018-05-18 04:01:51",291.402474475028,1,252669.970870131,1
"2018-05-18 04:02:51",311.989004696703,1,305745.017548717,1
"2018-05-18 04:03:51",375.014745069614,1,426909.440113935,1
"2018-05-18 04:04:51",324.359701669402,1,305752.801741324,1
"2018-05-18 04:05:51",415.515451045187,1,494999.965170612,1
"2018-05-18 04:06:51",463.089484312866,1,568207.929559011,1
"2018-05-18 04:07:51",423.357372843694,1,495033.428743139,1
"2018-05-18 04:08:51",430.460066645107,1,495020.05384664,1
"2018-05-18 04:09:51",490.532333622671,1,568216.502278402,1
"2018-05-18 04:10:51",553.672370774404,1,646421.143376887,1
"2018-05-18 04:11:51",569.554556616219,1,646459.65553995,1
"2018-05-18 04:12:51",573.001688731103,1,646419.127391761,1
"2018-05-18 04:13:51",715.783391165332,1,818076.284837468,1
"2018-05-18 04:14:51",649.876105609036,1,729665.747811249,1
"2018-05-18 04:15:51",684.125674062462,1,818153.601163288,1
"2018-05-18 04:16:51",675.356537307019,1,818053.435076879,1
"2018-05-18 04:17:51",756.444223543838,1,911570.287317794,1
"2018-05-18 04:18:52",651.9471726175,1,911459.460533598,1
"2018-05-18 04:19:52",733.062869134293,1,911451.520878379,1
"2018-05-18 04:20:52",809.385490044995,1,1009944.63342667,1
"2018-05-18 04:21:52",908.061897780751,1,1113305.68456272,1
"2018-05-18 04:22:52",834.220955471057,1,1009895.68878488,1
"2018-05-18 04:23:52",871.221394365041,1,1113123.54870344,1
"2018-05-18 04:24:52",933.092131554557,1,1221986.75544721,1
"2018-05-18 04:25:52",977.271900116447,1,1221824.78039721,1
"2018-05-18 04:26:52",831.660193331303,1,1009897.23416589,1
"2018-05-18 04:27:52",971.912138433973,1,1221809.19273941,1
"2018-05-18 04:28:52",1050.34346409337,1,1335508.56106609,1
"2018-05-18 04:29:52",976.808826518996,1,1335351.3314651,1
"2018-05-18 04:30:52",1082.62644083139,1,1335446.93366673,1
"2018-05-18 04:31:52",982.184806475948,1,1335554.39386601,1
"2018-05-18 04:32:52",1028.71340993633,1,1335449.2436156,1
"2018-05-18 04:33:52",1124.0361649793,1,1454068.28136657,1
"2018-05-18 04:34:52",1219.91409981253,1,1577464.17912184,1
"2018-05-18 04:35:52",1209.31197949836,1,1577779.45741978,1
"2018-05-18 04:36:52",1216.38736456509,1,1577695.54888886,1
"2018-05-18 04:37:52",1292.79313004428,1,1706212.24594044,1
"2018-05-18 04:38:52",1202.73650708656,1,1706202.64061417,1
"2018-05-18 04:39:53",1199.04558022696,1,1577497.13217659,1
"2018-05-18 04:40:53",1205.31835696294,1,1577360.53779761,1
"2018-05-18 04:41:53",1130.22315533044,1,1453767.31663378,1
"2018-05-18 04:42:53",1193.50662729345,1,1577372.60700259,1
"2018-05-18 04:43:53",1136.00551187658,1,1453793.96843469,1
"2018-05-18 04:44:53",1158.60457477292,1,1577405.20164605,1
"2018-05-18 04:45:53",1109.90155439733,1,1453736.11594735,1
"2018-05-18 04:46:53",1059.37184500394,1,1453946.8319841,1
"2018-05-18 04:47:53",1196.28707270494,1,1577367.28331171,1
"2018-05-18 04:48:53",1030.99747913509,1,1453943.33701906,1
"2018-05-18 04:49:53",1249.55441535445,1,1706150.77481636,1
"2018-05-18 04:50:53",1178.06765862239,1,1577625.22965677,1
"2018-05-18 04:51:53",1239.95067335782,1,1577425.1958509,1
"2018-05-18 04:52:53",1186.05650969611,1,1577628.47061614,1
"2018-05-18 04:53:53",1272.96523928531,1,1577364.19309903,1
"2018-05-18 04:54:53",1159.08579962416,1,1453865.37156444,1
"2018-05-18 04:55:53",1153.19138098107,1,1577626.06683041,1
"2018-05-18 04:56:53",1197.02007574276,1,1577653.40076116,1
"2018-05-18 04:57:53",1141.60088806949,1,1577584.4286938,1
"2018-05-18 04:58:53",1112.71400171682,1,1453886.52275146,1
"2018-05-18 04:59:53",1166.19703352609,1,1577633.35126512,1
"2018-05-18 05:00:53",1206.17985891113,1,1577574.51512632,1
"2018-05-18 05:01:53",1088.08803931475,1,1454043.4860004,1
"2018-05-18 05:02:53",1219.47329649685,1,1577546.07764423,1
"2018-05-18 05:03:53",1184.84558014956,1,1577695.80532884,1
"2018-05-18 05:04:53",1165.68724070836,1,1577673.39370516,1
"2018-05-18 05:05:53",1238.41719260725,1,1577611.62084523,1
"2018-05-18 05:06:54",1170.66596918982,1,1577658.03461889,1
"2018-05-18 05:07:54",1156.35966233791,1,1453969.09534696,1
"2018-05-18 05:08:54",1209.51122951731,1,1577563.35836813,1
"2018-05-18 05:09:54",1177.38232234541,1,1453926.1718139,1
"2018-05-18 05:10:54",1225.1269945324,1,1577620.00170882,1
"2018-05-18 05:11:54",1250.25605348738,1,1577541.78440482,1
"2018-05-18 05:12:54",1079.86721589762,1,1454179.47276516,1
"2018-05-18 05:13:54",1070.89285080018,1,1454149.86369402,1
"2018-05-18 05:14:54",1147.91755298319,1,1577908.49620053,1
"2018-05-18 05:15:54",1246.11704084889,1,1577608.79406948,1
"2018-05-18 05:16:54",1239.20210705179,1,1577677.26636355,1
"2018-05-18 05:17:54",1249.82409925006,1,1577558.30602034,1
"2018-05-18 05:18:54",1205.37300642556,1,1577766.51775854,1
"2018-05-18 05:19:54",1282.53392358145,1,1577540.0144731,1
"2018-05-18 05:20:54",1245.14301517119,1,1577632.91710001,1
"2018-05-18 05:21:54",1311.77773138859,1,1706267.08239439,1
"2018-05-18 05:22:54",1123.44610071144,1,1454030.40670565,1
"2018-05-18 05:23:54",1271.87919360033,1,1706386.69330549,1
"2018-05-18 05:24:54",1304.9878473755,1,1706311.7944243,1
"2018-05-18 05:25:54",1165.33902756497,1,1577759.24547493,1
"2018-05-18 05:26:54",1248.05077527246,1,1577492.51198233,1
"2018-05-18 05:27:54",1308.66602974539,1,1706390.33420571,1
"2018-05-18 05:28:54",1194.12673421764,1,1577607.97358513,1
"2018-05-18 05:29:54",1296.39802668961,1,1706360.16346161,1
"2018-05-18 05:30:54",1239.79521204483,1,1577530.03531852,1
"2018-05-18 05:31:54",1221.3906935773,1,1577632.99046616,1
"2018-05-18 05:32:54",1181.08990598246,1,1577618.17141685,1
"2018-05-18 05:33:55",1154.8435767969,1,1454003.0696014,1
"2018-05-18 05:34:55",1223.85536987414,1,1577641.3268746,1
"2018-05-18 05:35:55",1348.07362118118,1,1706389.36149294,1
"2018-05-18 05:36:55",1239.19015400672,1,1706430.7418654,1
"2018-05-18 05:37:55",1264.78317608068,1,1577544.27656227,1
"2018-05-18 05:38:55",1198.79306138254,1,1577705.1175584,1
"2018-05-18 05:39:55",1316.95416944512,1,1706334.89645164,1
"2018-05-18 05:40:55",1210.88149019641,1,1706698.4125883,1
"2018-05-18 05:41:55",1145.31950968244,1,1577895.49390918,1
"2018-05-18 05:42:55",1187.65726131954,1,1577694.62927618,1
"2018-05-18 05:43:55",1223.0479636028,1,1577571.67622129,1
"2018-05-18 05:44:55",1222.72913207539,1,1577653.11888207,1
"2018-05-18 05:45:55",1250.23488842631,1,1577561.31625745,1
"2018-05-18 05:46:55",1295.80635597221,1,1706436.24990777,1
"2018-05-18 05:47:55",1266.22882325398,1,1706398.62429956,1
"2018-05-18 05:48:55",1198.76227225527,1,1577750.36302499,1
"2018-05-18 05:49:55",1202.06614851927,1,1577611.80047825,1
"2018-05-18 05:50:55",1818.27499698329,1,1706547.57429847,1
"2018-05-18 05:51:55",1537.13675458951,1,1706815.70006518,1
"2018-05-18 05:52:56",1545.88332836641,1,1577794.77289748,1
"2018-05-18 05:53:56",1639.62536477485,1,1706595.53551368,1
"2018-05-18 05:54:56",1719.31380618611,1,1706387.56545827,1
"2018-05-18 05:55:56",1587.18279925902,1,1706696.82297423,1
"2018-05-18 05:56:56",1461.13571116723,1,1454182.38201253,1
"2018-05-18 05:57:56",1469.85612686821,1,1454227.37877837,1
"2018-05-18 05:58:56",1608.78536612179,1,1706538.2411612,1
"2018-05-18 05:59:56",1626.52596196535,1,1706626.90315438,1
"2018-05-18 06:00:56",1644.49747333496,1,1706557.74183711,1
"2018-05-18 06:01:56",1549.80504815255,1,1578006.22267304,1
"2018-05-18 06:02:56",1612.18678906357,1,1706649.70904173,1
"2018-05-18 06:03:56",1657.77684109414,1,1706599.06103694,1
"2018-05-18 06:04:56",1561.99952669877,1,1706902.77315061,1
"2018-05-18 06:05:56",1503.43920863595,1,1578021.3134872,1
"2018-05-18 06:06:56",1643.70069075928,1,1706717.43692641,1
"2018-05-18 06:07:56",1666.4843490929,1,1706588.08622774,1
"2018-05-18 06:08:56",1671.309326785,1,1706670.94492632,1
"2018-05-18 06:09:56",1620.19438380215,1,1706703.7469292,1
"2018-05-18 06:10:56",1540.29515014698,1,1707106.32923759,1
"2018-05-18 06:11:56",1666.06067110006,1,1706639.68604121,1
"2018-05-18 06:12:56",1716.91183967793,1,1840583.772536,1
"2018-05-18 06:13:56",1685.13000237179,1,1706608.91382988,1
"2018-05-18 06:14:56",1698.09302203994,1,1706685.30055318,1
"2018-05-18 06:15:56",1522.47549351931,1,1706852.51435596,1
"2018-05-18 06:16:56",1711.98715979935,1,1840448.78847241,1
"2018-05-18 06:17:56",1738.60034488433,1,1840473.49213886,1
"2018-05-18 06:18:57",1631.74482877463,1,1706687.91430427,1
"2018-05-18 06:19:57",1714.22356692399,1,1840501.58543619,1
"2018-05-18 06:20:57",1714.98167888293,1,1840373.9273826,1
"2018-05-18 06:21:57",1668.33822787844,1,1840537.24203716,1
"2018-05-18 06:22:57",1752.05050306074,1,1840311.35961679,1
"2018-05-18 06:23:57",1734.97761215735,1,1840442.96986831,1
"2018-05-18 06:24:57",1720.07678269832,1,1840339.07500118,1
"2018-05-18 06:25:57",1716.44298155919,1,1840430.74835959,1
"2018-05-18 06:26:57",1696.14706206878,1,1840387.87981491,1
"2018-05-18 06:27:57",1851.8925378532,1,1979204.39047755,1
"2018-05-18 06:28:57",1716.45878852584,1,1840318.82320079,1
"2018-05-18 06:29:57",1755.81871908457,1,1840257.86405986,1
"2018-05-18 06:30:57",1636.30266512513,1,1706631.72468666,1
"2018-05-18 06:31:57",1687.21068052162,1,1840396.18424279,1
"2018-05-18 06:32:57",1694.46985372367,1,1840468.59561258,1
"2018-05-18 06:33:57",1677.50420935655,1,1840396.83437787,1
"2018-05-18 06:34:57",1702.52392419827,1,1840418.32790194,1
"2018-05-18 06:35:57",1837.41170447534,1,1979056.96649591,1
"2018-05-18 06:36:57",1713.94990450002,1,1840430.92045802,1
"2018-05-18 06:37:57",1778.14398485815,1,1979213.71667482,1
"2018-05-18 06:38:57",1738.88772631069,1,1840388.7290214,1
"2018-05-18 06:39:57",1683.70341214916,1,1840443.83619418,1
"2018-05-18 06:40:58",1722.74307470166,1,1840471.19650392,1
"2018-05-18 06:41:58",1702.98875656296,1,1840280.61983967,1
"2018-05-18 06:42:58",1705.58140686607,1,1840362.84004581,1
"2018-05-18 06:43:58",1729.83269429987,1,1979305.45758658,1
"2018-05-18 06:44:58",1832.72228165281,1,1979032.62498739,1
"2018-05-18 06:45:58",1693.77230018455,1,1840403.8351407,1
"2018-05-18 06:46:58",1809.38187109696,1,1979068.50864761,1
"2018-05-18 06:47:58",1787.72798519957,1,1979177.38018597,1
"2018-05-18 06:48:58",1673.71905763684,1,1840397.73127155,1
"2018-05-18 06:49:58",1760.90350698284,1,1979313.2704712,1
"2018-05-18 06:50:58",1718.54545783514,1,1840311.13686396,1
"2018-05-18 06:51:58",1472.89666735034,1,1978928.05307886,1
"2018-05-18 06:52:58",1377.8074957775,1,1839934.37649072,1
"2018-05-18 06:53:58",1488.99326198006,1,1978903.43314081,1
"2018-05-18 06:54:58",1503.81706857523,1,1978667.94624547,1
"2018-05-18 06:55:58",1494.94285473389,1,1978769.18248425,1
"2018-05-18 06:56:58",1421.06017092576,1,1978964.09110568,1
"2018-05-18 06:57:58",1460.38624494496,1,1978791.34502424,1
"2018-05-18 06:58:58",1435.75166528559,1,1978941.74906742,1
"2018-05-18 06:59:58",1445.57589674538,1,1978820.26341355,1
"2018-05-18 07:00:58",1433.65569875702,1,1978956.97329954,1
"2018-05-18 07:01:58",1589.3801625771,1,2122663.71945029,1
"2018-05-18 07:02:58",1564.707802141,1,2122832.8066357,1
"2018-05-18 07:03:58",1651.47605302989,1,2271659.63717184,1
"2018-05-18 07:04:59",1527.97277842763,1,2122897.51868231,1
"2018-05-18 07:05:59",1565.43346303944,1,2122687.27086542,1
"2018-05-18 07:06:59",1614.28364113001,1,2122749.51934564,1
"2018-05-18 07:07:59",1638.24270094068,1,2271712.21008113,1
"2018-05-18 07:08:59",1688.90797328981,1,2271791.02849039,1
"2018-05-18 07:09:59",1715.90181209213,1,2271731.37813127,1
"2018-05-18 07:10:59",1639.17952129362,1,2122628.28221606,1
"2018-05-18 07:11:59",1753.75064806692,1,2271681.09767683,1
"2018-05-18 07:12:59",1657.4150299721,1,2122674.71807061,1
"2018-05-18 07:13:59",1769.32643293122,1,2271663.28269198,1
"2018-05-18 07:14:59",1709.5399048365,1,2271791.23874475,1
"2018-05-18 07:15:59",1795.35501298158,1,2271614.57211589,1
"2018-05-18 07:16:59",1765.07039471376,1,2271534.98078205,1
"2018-05-18 07:17:59",1672.42916513299,1,2122790.50110122,1
"2018-05-18 07:18:59",1867.38750710833,1,2425526.13402472,1
"2018-05-18 07:19:59",1803.01119533159,1,2271636.43179644,1
"2018-05-18 07:20:59",1980.32703649561,1,2584447.33386092,1
"2018-05-18 07:21:59",1682.5266647253,1,2272023.32616448,1
"2018-05-18 07:22:59",1700.80807281232,1,2271718.69057441,1
"2018-05-18 07:23:59",1714.70595264444,1,2271613.62960505,1
"2018-05-18 07:24:59",1814.23580145517,1,2425655.61653855,1
"2018-05-18 07:25:59",1797.7748302495,1,2271506.67537394,1
"2018-05-18 07:26:59",1675.84837225224,1,2271833.25859805,1
"2018-05-18 07:27:59",1857.98097628836,1,2425561.1831426,1
"2018-05-18 07:28:59",1717.38040881852,1,2271729.45625959,1
"2018-05-18 07:30:00",1723.38223630811,1,2271602.17728838,1
"2018-05-18 07:31:00",1738.78248390304,1,2271686.75275885,1
"2018-05-18 07:32:00",1795.93607672141,1,2425538.28808718,1
"2018-05-18 07:33:00",1933.04324976207,1,2584683.79787848,1
"2018-05-18 07:34:00",1650.97208520196,1,2425998.07621084,1
"2018-05-18 07:35:00",1817.40747956388,1,2425771.68541636,1
"2018-05-18 07:36:00",1728.93815192146,1,2425774.0086136,1
"2018-05-18 07:37:00",1801.78234171441,1,2425550.28952662,1
"2018-05-18 07:38:00",1607.38543978506,1,2271862.60110248,1
"2018-05-18 07:39:00",1765.72760343475,1,2425588.00945515,1
"2018-05-18 07:40:00",1750.55897990024,1,2425740.14034654,1
"2018-05-18 07:41:00",1778.62684277308,1,2425669.23658709,1
"2018-05-18 07:42:00",1659.11381412184,1,2271774.04696844,1
"2018-05-18 07:43:00",1799.58950825468,1,2425643.86880622,1
"2018-05-18 07:44:00",1789.65273784436,1,2425681.81535704,1
"2018-05-18 07:45:00",1747.58061809574,1,2425617.55526889,1
"2018-05-18 07:46:00",1817.58001654096,1,2425686.35753686,1
"2018-05-18 07:47:00",1793.87450925364,1,2425535.59657883,1
"2018-05-18 07:48:00",1783.08505947736,1,2425707.14416254,1
"2018-05-18 07:49:00",1716.38096541255,1,2425842.08979146,1
"2018-05-18 07:50:00",1782.21971009742,1,2425567.34996898,1
"2018-05-18 07:51:00",1842.05613599778,1,2584761.28381086,1
"2018-05-18 07:52:00",2193.64204078945,1,2584521.09206837,1
"2018-05-18 07:53:00",1990.93165063335,1,2425728.32744548,1
"2018-05-18 07:54:00",2124.53562496852,1,2584571.12053323,1
"2018-05-18 07:55:00",2228.39934906884,1,2748712.60976682,1
"2018-05-18 07:56:01",2169.42471829703,1,2584465.61662405,1
"2018-05-18 07:57:01",2047.99767186208,1,2584821.69589413,1
"2018-05-18 07:58:01",2020.28352106021,1,2584729.60758089,1
"2018-05-18 07:59:01",2162.84763954988,1,2748897.1005935,1
"2018-05-18 08:00:01",2110.48940465079,1,2748806.13286383,1
"2018-05-18 08:01:01",2031.03469655698,1,2584890.99596335,1
"2018-05-18 08:02:01",2011.31077020555,1,2584976.24048428,1
"2018-05-18 08:03:01",2054.02592590513,1,2584696.53234964,1
"2018-05-18 08:04:01",2103.83474648259,1,2749076.73186727,1
"2018-05-18 08:05:01",2158.62916306574,1,2748855.65713116,1
"2018-05-18 08:06:01",2042.68256750411,1,2584965.53936506,1
"2018-05-18 08:07:01",2074.02770183894,1,2584802.71762749,1
"2018-05-18 08:08:01",2063.27273512117,1,2584987.2951327,1
"2018-05-18 08:09:01",2112.99811750173,1,2584778.42082431,1
"2018-05-18 08:10:01",2230.32118595957,1,2748929.10576689,1
"2018-05-18 08:11:01",2309.49753624916,1,2917898.80793742,1
"2018-05-18 08:12:01",2394.92293041526,1,2918022.56194795,1
"2018-05-18 08:13:01",2472.35783969521,1,2917758.57210654,1
"2018-05-18 08:14:01",2503.79456212108,1,2917863.65529361,1
"2018-05-18 08:15:01",2479.77476105997,1,2917781.92906511,1
"2018-05-18 08:16:01",2481.4754849727,1,2917754.50335283,1
"2018-05-18 08:17:01",2137.99247508803,1,2748857.34329138,1
"2018-05-18 08:18:01",2207.72386289602,1,2748587.70923217,1
"2018-05-18 08:19:01",2366.92290250222,1,3092116.59224619,1
"2018-05-18 08:20:02",2332.00291205985,1,2917834.65662925,1
"2018-05-18 08:21:02",2457.95081163092,1,3092127.61568526,1
"2018-05-18 08:22:02",2129.61189462754,1,2748987.03160678,1
"2018-05-18 08:23:02",2357.22239628603,1,2917966.19733341,1
"2018-05-18 08:24:02",2411.09212372819,1,2917726.29950855,1
"2018-05-18 08:25:02",2352.83464428366,1,2917989.04368973,1
"2018-05-18 08:26:02",2394.25943299333,1,3091959.17272741,1
"2018-05-18 08:27:02",2365.07305392915,1,2917832.7640358,1
"2018-05-18 08:28:02",2302.04880747264,1,2918013.92646742,1
"2018-05-18 08:29:02",2487.60945322032,1,3091881.94192194,1
"2018-05-18 08:30:02",2419.90164273551,1,3092111.23172469,1
"2018-05-18 08:31:02",2453.92718577899,1,3091901.50545236,1
"2018-05-18 08:32:02",2586.74929893948,1,3271229.53973508,1
"2018-05-18 08:33:02",2586.49366030277,1,3271160.33403016,1
"2018-05-18 08:34:02",2588.23133922337,1,3271232.07385118,1
"2018-05-18 08:35:02",2601.41147978529,1,3271082.55363946,1
"2018-05-18 08:36:02",2505.96599796788,1,3271458.95887979,1
"2018-05-18 08:37:02",2595.38163187597,1,3271074.62000658,1
"2018-05-18 08:38:02",2495.61929606807,1,3091998.01638411,1
"2018-05-18 08:39:02",2537.53143768358,1,3271139.59720458,1
"2018-05-18 08:40:02",2619.24476748513,1,3271163.03676587,1
"2018-05-18 08:41:02",2576.04346460389,1,3271236.17136095,1
"2018-05-18 08:42:02",2467.29014479571,1,3091874.15318144,1
"2018-05-18 08:43:02",2519.71262228975,1,3271264.71622995,1
"2018-05-18 08:44:03",2600.70032101112,1,3270986.3456856,1
"2018-05-18 08:45:03",2427.05563014422,1,3092001.77457315,1
"2018-05-18 08:46:03",2448.09115460562,1,3091890.27821581,1
"2018-05-18 08:47:03",2559.89499133067,1,3271184.6224044,1
"2018-05-18 08:48:03",2713.60292424894,1,3455237.60907995,1
"2018-05-18 08:49:03",2669.81596943619,1,3455450.55555781,1
"2018-05-18 08:50:03",2529.84842636771,1,3271123.53265164,1
"2018-05-18 08:51:03",2571.6420759873,1,3271173.56826006,1
"2018-05-18 08:52:03",2362.82414853309,1,3271357.9625031,1
"2018-05-18 08:53:03",2424.93205723109,1,3271190.39372243,1
"2018-05-18 08:54:03",2445.12887529739,1,3455938.00836355,1
"2018-05-18 08:55:03",2554.7010747146,1,3455339.30674134,1
"2018-05-18 08:56:03",2405.99597424304,1,3271297.56266257,1
"2018-05-18 08:57:03",2496.37034088345,1,3455556.32125385,1
"2018-05-18 08:58:03",2681.18099160121,1,3644644.22149663,1
"2018-05-18 08:59:03",3145.21766265087,1,4242865.1280977,1
"2018-05-18 09:00:03",2888.59489647572,1,3839186.50798202,1
"2018-05-18 09:01:03",2925.89672586385,1,3838914.83284274,1
"2018-05-18 09:02:03",3222.38946604766,1,4243028.8764106,1
"2018-05-18 09:03:03",3210.966806574,1,4242884.72915794,1
"2018-05-18 09:04:03",3462.18254592511,1,4452288.65649708,1
"2018-05-18 09:05:04",3411.44546274491,1,4667157.40498088,1
"2018-05-18 09:06:04",3366.59331858583,1,4452569.88423309,1
"2018-05-18 09:07:04",3598.21226129713,1,4886779.83044411,1
"2018-05-18 09:08:04",3487.28905039337,1,4667012.94189206,1
"2018-05-18 09:09:04",3620.46662024967,1,4886248.40000842,1
"2018-05-18 09:10:04",3679.5343492096,1,4886463.59705914,1
"2018-05-18 09:11:04",3581.80477388491,1,4667100.99452118,1
"2018-05-18 09:12:04",3731.35412319381,1,4886504.15380497,1
"2018-05-18 09:13:04",3772.10513713193,1,4886672.60816772,1
"2018-05-18 09:14:04",3862.57337538103,1,4886208.22092981,1
"2018-05-18 09:15:04",4011.65223872856,1,5111262.57205354,1
"2018-05-18 09:16:04",3718.77943467683,1,4886635.86240684,1
"2018-05-18 09:17:04",4127.61243293276,1,5340994.14025604,1
"2018-05-18 09:18:04",3697.23084786623,1,4886608.61873818,1
"2018-05-18 09:19:04",3961.72785630089,1,5111313.86161823,1
"2018-05-18 09:20:04",3979.8687447064,1,5110976.30661841,1
"2018-05-18 09:21:04",4287.27930155371,1,5575545.4362254,1
"2018-05-18 09:22:04",3687.56202612042,1,4886715.68200568,1
"2018-05-18 09:23:04",3908.20401356366,1,5111137.29377664,1
"2018-05-18 09:24:04",4053.19550906772,1,5341122.49033352,1
"2018-05-18 09:25:04",4121.87377119388,1,5340675.48114131,1
"2018-05-18 09:26:04",3951.42563958344,1,5111319.04474334,1
"2018-05-18 09:27:04",3883.92850529344,1,5111183.99128493,1
"2018-05-18 09:28:05",4063.10238495347,1,5341025.02203268,1
"2018-05-18 09:29:05",4049.06952539846,1,5340776.03519697,1
"2018-05-18 09:30:05",4303.9470781581,1,5575646.94178624,1
"2018-05-18 09:31:05",5185.73329903093,1,5576940.74701039,1
"2018-05-18 09:32:05",4258.06582248602,1,5343019.73716958,1
"2018-05-18 09:33:05",5180.00076213035,1,5343208.66251715,1
"2018-05-18 09:34:05",4941.86452940397,1,5113147.09799407,1
"2018-05-18 09:35:05",5223.00599987209,1,5342566.90902624,1
"2018-05-18 09:36:05",337.199344909268,1,3035.30498674803,1
"2018-05-18 09:37:05",376.675591909123,1,3028.13814343214,1
"2018-05-18 09:38:05",409.118028496354,1,3068.43808679362,1
"2018-05-18 09:39:05",427.757276422297,1,3102.19954200922,1
"2018-05-18 09:40:05",466.895841880016,1,3142.74779719644,1
"2018-05-18 09:41:05",543.150805902631,1,3146.68156014309,1
"2018-05-18 09:42:05",593.518926004068,1,3137.22161476763,1
"2018-05-18 09:43:05",658.385775087255,1,3165.47604705879,1
"2018-05-18 09:44:05",708.838824858235,1,3248.34176621984,1
"2018-05-18 09:45:05",815.742673053803,1,3251.82395189912,1
"2018-05-18 09:46:05",902.165247815411,1,3257.63825440637,1
"2018-05-18 09:47:05",968.774973244905,1,3246.96322491268,1
"2018-05-18 09:48:05",1070.17757029834,1,3270.91054359605,1
"2018-05-18 09:49:05",1215.37552255001,1,3286.59599813104,1
"2018-05-18 09:50:06",1258.16966327711,1,3322.42230425448,1
"2018-05-18 09:51:06",1438.7602771507,1,3333.51382755709,1
"2018-05-18 09:52:06",1574.4715126484,1,3375.66871930115,1
"2018-05-18 09:53:06",1693.41648738331,1,3398.66111500475,1
"2018-05-18 09:54:06",1832.27003400915,1,3426.75159783478,1
"2018-05-18 09:55:06",1938.60607995017,1,3452.36968080046,1
"2018-05-18 09:56:06",2115.58487638871,1,3492.06390798331,1
"2018-05-18 09:57:06",2250.46073667829,1,3546.93259569786,1
"2018-05-18 09:58:06",2460.73091032636,1,3624.827618782,1
"2018-05-18 09:59:06",2533.37829895723,1,3672.07031704407,1
"2018-05-18 10:00:06",2771.0022910466,1,3737.45442617579,1
"2018-05-18 10:01:06",2937.02038631681,1,3749.96248021671,1
"2018-05-18 10:02:06",3080.52531682466,1,3759.59524785021,1
"2018-05-18 10:03:06",3287.75975242741,1,3791.7326360166,1
"2018-05-18 10:04:06",3522.71593061925,1,3865.24055887255,1
"2018-05-18 10:05:06",1054331.9624582,1,1415869349.27799,1
"2018-05-18 10:06:06",1869672.86068385,1,2523828109.96025,1
"2018-05-18 10:07:06",1869306.60509616,1,2523829474.1572,1
"2018-05-18 10:08:06",1869358.69755694,1,2523829649.95529,1
"2018-05-18 10:09:06",1869502.98621871,1,2523826067.50954,1
"2018-05-18 10:10:06",1868602.66441589,1,2523828291.69353,1
"2018-05-18 10:11:06",1869184.9065017,1,2523827112.10273,1
"2018-05-18 10:12:06",1869276.07848345,1,2523827095.48242,1
"2018-05-18 10:13:06",1869616.77236421,1,2523825929.23217,1
"2018-05-18 10:14:07",1869876.15276538,1,2523825701.47418,1
"2018-05-18 10:15:07",1849817.49329798,1,2523844155.11581,1
"2018-05-18 10:16:07",1849293.08482989,1,2523856478.68483,1
"2018-05-18 10:17:07",1846661.685148,1,2523857316.25566,1
"2018-05-18 10:18:07",3546.06847118252,1,1086.17840657699,1
"2018-05-18 10:19:07",2921.78261142353,1,1011.79452700843,1
"2018-05-18 10:20:07",2453.91289454742,1,919.444093017975,1
"2018-05-18 10:21:07",2202.21588076285,1,903.015736677321,1
"2018-05-18 10:22:07",1837.30272830424,1,645.123244115849,1
"2018-05-18 10:23:07",1498.27705771824,1,613.007035591166,1
"2018-05-18 10:24:07",1332.70385318695,1,491.464404757539,1
"2018-05-18 10:25:07",1041.19769743453,1,414.224231048133,1
"2018-05-18 10:26:07",736.42391629683,1,371.034984149939,1
"2018-05-18 10:27:07",639.718065348122,1,304.263177789499,1
"2018-05-18 10:28:07",420.889173153792,1,300.756196311167,1
"2018-05-18 10:29:07",326.137567465595,1,241.653920985219,1
"2018-05-18 10:30:07",199.179195508596,1,184.179471382039,0
"2018-05-18 10:31:07",152.768065703512,1,250.555798232099,1
"2018-05-18 10:32:07",73.5109564489779,1,169.150046795875,0
"2018-05-18 10:33:07",32.0701879006068,0,153.109020393669,0
"2018-05-18 10:34:07",21.2235725359921,0,167.842964354418,0
"2018-05-18 10:35:07",20.7517898135738,0,139.853958985875,0
"2018-05-18 10:36:07",18.8736140304917,0,133.116060184988,0
"2018-05-18 10:37:07",21.4008198250928,0,107.906264151734,0
"2018-05-18 10:38:07",16.0773400070128,0,101.877490846462,0
"2018-05-18 10:39:07",18.6937260472823,0,104.177897601206,0
"2018-05-18 10:40:08",19.0096932527433,0,102.848992524539,0
"2018-05-18 10:41:08",29.9598074698836,0,112.61802605743,0
"2018-05-18 10:42:08",32.5450214582221,0,110.511453673301,0
"2018-05-18 10:43:08",18.3270041464298,0,104.617076342623,0
"2018-05-18 10:44:08",22.1243852177543,0,143.751731356116,0
"2018-05-18 10:45:08",24.2462243536004,0,2651.74425143559,1
"2018-05-18 10:46:08",79.9488955295919,1,63261.0723491106,1
"2018-05-18 10:47:08",61.565847405998,1,40510.2554051919,1
"2018-05-18 10:48:08",104.852031016047,1,90989.575229157,1
"2018-05-18 10:49:08",172.880297240569,1,161685.558502539,1
"2018-05-18 10:50:08",185.158378554215,1,204626.425883342,1
"2018-05-18 10:51:08",341.886502637722,1,363577.655384858,1
"2018-05-18 10:52:08",413.800269215331,1,494868.091970708,1
"2018-05-18 10:53:08",542.264897734052,1,646354.583748257,1
"2018-05-18 10:54:08",536.568551573055,1,646354.03662046,1
"2018-05-18 10:55:08",611.350259478132,1,729643.681537781,1
"2018-05-18 10:56:08",1051.74128982623,1,1335466.96679619,1
"2018-05-18 10:57:08",754.330271482601,1,911362.053302296,1
"2018-05-18 10:58:08",644.671892039429,1,818027.999126873,1
"2018-05-18 10:59:08",842.510544318298,1,1113355.37061718,1
"2018-05-18 11:00:08",882.633370184256,1,1113333.9840343,1
"2018-05-18 11:01:08",1122.71262546929,1,1335194.19722593,1
"2018-05-18 11:02:08",1024.62694395291,1,1335390.10386333,1
"2018-05-18 11:03:08",1318.81948207504,1,1706474.97701633,1
"2018-05-18 11:04:09",1311.48541272038,1,1706506.41400061,1
"2018-05-18 11:05:09",1567.35685196417,1,1979053.85176932,1
"2018-05-18 11:06:09",1532.84852798148,1,1979087.98476753,1
"2018-05-18 11:07:09",1441.41353437103,1,1840209.71884186,1
"2018-05-18 11:08:09",1891.05911260702,1,2425713.05189105,1
"2018-05-18 11:09:09",1899.06751726335,1,2425757.66686748,1
"2018-05-18 11:10:09",1768.92225377472,1,2271801.74408921,1
"2018-05-18 11:11:09",1897.16480996766,1,2425673.88193944,1
"2018-05-18 11:12:09",1966.46090170495,1,2584735.34849232,1
"2018-05-18 11:13:09",1958.23467197063,1,2584923.39862283,1
"2018-05-18 11:14:09",1938.94702137886,1,2584864.45941452,1
"2018-05-18 11:15:09",2141.7961814537,1,2748889.31948451,1
"2018-05-18 11:16:09",2103.75169051741,1,2748901.18708876,1
"2018-05-18 11:17:09",2386.93773638938,1,3092164.19168035,1
"2018-05-18 11:18:09",2391.58923831508,1,3092008.6481976,1
"2018-05-18 11:19:09",2692.80807631787,1,3455576.53918899,1
"2018-05-18 11:20:09",2551.42802380103,1,3271362.12244212,1
"2018-05-18 11:21:09",2771.76449052451,1,3455264.15492701,1
"2018-05-18 11:22:09",2525.1785699937,1,3271292.00449497,1
"2018-05-18 11:23:09",2683.98439292579,1,3455573.47461688,1
"2018-05-18 11:24:09",2661.56362690832,1,3455619.77690696,1
"2018-05-18 11:25:09",3031.23460535524,1,3839181.85484826,1
"2018-05-18 11:26:09",2953.91975186339,1,3839328.68387129,1
"2018-05-18 11:27:09",2958.60839955176,1,3644493.69752067,1
"2018-05-18 11:28:10",2844.95612381516,1,3839072.92522112,1
"2018-05-18 11:29:10",3032.69774228456,1,3839133.44324019,1
"2018-05-18 11:30:10",3013.71953129569,1,3839155.36306767,1
"2018-05-18 11:31:10",3284.61218663878,1,4038507.7409368,1
"2018-05-18 11:32:10",3072.03342300262,1,4038357.65376906,1
"2018-05-18 11:33:10",3036.56337182649,1,4038592.74668705,1
"2018-05-18 11:34:10",3252.94800250066,1,4242871.78541463,1
"2018-05-18 11:35:10",3414.1098602951,1,4452474.02632554,1
"2018-05-18 11:36:10",3303.92777342386,1,4242783.2143498,1
"2018-05-18 11:37:10",3328.28177705857,1,4242753.26898985,1
"2018-05-18 11:38:10",3624.91866650378,1,4666827.2461562,1
"2018-05-18 11:39:10",3398.03937280746,1,4452500.7819467,1
"2018-05-18 11:40:10",3513.5141627132,1,4452250.7258407,1
"2018-05-18 11:41:10",3696.84650030008,1,4666819.68911475,1
"2018-05-18 11:42:10",3581.03112654905,1,4452232.87777567,1
"2018-05-18 11:43:10",3591.12096938373,1,4667065.34589411,1
"2018-05-18 11:44:10",3586.68002310819,1,4452039.69851202,1
"2018-05-18 11:45:10",3448.64313658313,1,4667026.38873571,1
"2018-05-18 11:46:10",3639.70943065403,1,4667043.54309455,1
"2018-05-18 11:47:10",3635.44813763396,1,4666991.22504057,1
"2018-05-18 11:48:10",3673.8564465915,1,4667039.30252354,1
"2018-05-18 11:49:10",3800.92738695171,1,4886598.13397894,1
"2018-05-18 11:50:10",3783.97564030081,1,4886736.84610577,1
"2018-05-18 11:51:11",3608.20743758965,1,4666974.63265739,1
"2018-05-18 11:52:11",3620.94176099934,1,4667126.92210637,1
"2018-05-18 11:53:11",3520.77336507665,1,4452550.96047283,1
"2018-05-18 11:54:11",3876.08944200879,1,4886491.35710762,1
"2018-05-18 11:55:11",3792.48261725037,1,4886681.60376531,1
"2018-05-18 11:56:11",3840.15067491436,1,4886724.47049233,1
"2018-05-18 11:57:11",3665.58938891306,1,4667106.11792633,1
"2018-05-18 11:58:11",3878.41029873263,1,4886609.88304558,1
"2018-05-18 11:59:11",3615.84317852312,1,4667224.73662264,1
"2018-05-18 12:00:11",3644.86800232921,1,4667123.76171193,1
"2018-05-18 12:01:11",3646.7413582767,1,4667156.15603838,1
"2018-05-18 12:02:11",3668.94281267949,1,4667020.76321509,1
"2018-05-18 12:03:11",3675.36194459017,1,4667132.24675659,1
"2018-05-18 12:04:11",3838.33293806695,1,4666541.7809995,1
"2018-05-18 12:05:11",3542.53301676617,1,4666932.18522574,1
"2018-05-18 12:06:11",3646.74652282301,1,4667108.91317667,1
"2018-05-18 12:07:11",3625.44354953231,1,4667139.72595494,1
"2018-05-18 12:08:11",3704.87058704968,1,4667127.86069425,1
"2018-05-18 12:09:12",3673.74386334165,1,4667095.60465401,1
"2018-05-18 12:10:12",3650.67936856895,1,4667134.1693283,1
"2018-05-18 12:11:12",3677.07208677812,1,4667009.92847171,1
"2018-05-18 12:12:12",3900.86394585308,1,4667145.38063682,1
"2018-05-18 12:13:12",3693.23386177965,1,4667054.92704411,1
"2018-05-18 12:14:12",3759.34884208722,1,4666876.7778428,1
"2018-05-18 12:15:12",3704.42609018372,1,4666962.79770644,1
"2018-05-18 12:16:12",3707.30403627145,1,4667032.71765475,1
"2018-05-18 12:17:12",3713.73640085864,1,4667052.04392615,1
"2018-05-18 12:18:12",3706.88369265723,1,4667316.61097234,1
"2018-05-18 12:19:12",3780.29006918485,1,4666994.85136156,1
"2018-05-18 12:20:12",3634.87096247619,1,4667251.53805668,1
"2018-05-18 12:21:12",3368.38803298496,1,4452556.53149316,1
"2018-05-18 12:22:12",3680.04587897045,1,4667049.42833301,1
"2018-05-18 12:23:12",3655.24634255053,1,4667045.16984259,1
"2018-05-18 12:24:12",3717.44521252129,1,4666733.48671563,1
"2018-05-18 12:25:12",3562.82931179805,1,4666956.64360946,1
"2018-05-18 12:26:12",3625.78425505352,1,4667087.79550074,1
"2018-05-18 12:27:12",3656.78105460526,1,4667073.80727449,1
"2018-05-18 12:28:12",3725.26782838084,1,4667114.42204221,1
"2018-05-18 12:29:12",3645.80345602104,1,4667117.16133657,1
"2018-05-18 12:30:12",3652.657380627,1,4667145.2113781,1
"2018-05-18 12:31:12",3735.41369419774,1,4886649.96708085,1
"2018-05-18 12:32:12",3388.45519100993,1,4452302.79746292,1
"2018-05-18 12:33:12",3496.91459622901,1,4452249.0769616,1
"2018-05-18 12:34:13",3629.0889410551,1,4666642.65645344,1
"2018-05-18 12:35:13",3686.1571500234,1,4666737.56609047,1
"2018-05-18 12:36:13",3639.22288444235,1,4666672.76899786,1
"2018-05-18 12:37:13",3710.64671793856,1,4666537.61111564,1
"2018-05-18 12:38:13",3669.46806477532,1,4666542.36928581,1
"2018-05-18 12:39:13",3599.04526600856,1,4452090.46572298,1
"2018-05-18 12:40:13",3576.66453829062,1,4666727.30198343,1
"2018-05-18 12:41:13",3660.77911276895,1,4666889.28899795,1
"2018-05-18 12:42:13",3582.30286778213,1,4452085.75058803,1
"2018-05-18 12:43:13",3444.27400237033,1,4452121.70245661,1
"2018-05-18 12:44:13",3390.21052641576,1,4452480.74081722,1
"2018-05-18 12:45:13",3597.78228261946,1,4666743.16770044,1
"2018-05-18 12:46:13",3550.95675399204,1,4667135.20762625,1
"2018-05-18 12:47:13",3557.50985102623,1,4666883.72495317,1
"2018-05-18 12:48:13",3636.79919396658,1,4667058.48871694,1
"2018-05-18 12:49:13",3495.70488107708,1,4666906.82641583,1
"2018-05-18 12:50:13",3365.20747631082,1,4452595.67029472,1
"2018-05-18 12:51:13",3599.20858936259,1,4666843.66686542,1
"2018-05-18 12:52:13",3604.2365419489,1,4667065.59246261,1
"2018-05-18 12:53:13",3543.03411856661,1,4666868.68165172,1
"2018-05-18 12:54:13",3524.04407397507,1,4667332.12985585,1
"2018-05-18 12:55:14",3487.76535239464,1,4667221.31189547,1
"2018-05-18 12:56:14",3748.31813599737,1,4886442.58840065,1
"2018-05-18 12:57:14",3539.95614097293,1,4667141.05340365,1
"2018-05-18 12:58:14",3556.51308705801,1,4666889.25818092,1
"2018-05-18 12:59:14",3586.63196876801,1,4667086.75051115,1
"2018-05-18 13:00:14",3613.13878365426,1,4666713.62936548,1
"2018-05-18 13:01:14",3602.59795798694,1,4667006.31183689,1
"2018-05-18 13:02:14",3523.27659384606,1,4666874.9614447,1
"2018-05-18 13:03:14",3730.24752201733,1,4886657.31149961,1
"2018-05-18 13:04:14",3697.17134018356,1,4666317.69217805,1
"2018-05-18 13:05:14",3493.6605928515,1,4666855.93812513,1
"2018-05-18 13:06:14",3502.65604745588,1,4666917.95936112,1
"2018-05-18 13:07:14",3673.02585231083,1,4886814.34193951,1
"2018-05-18 13:08:14",3481.89616133901,1,4667119.38625468,1
"2018-05-18 13:09:14",3688.63779129322,1,4666350.44596845,1
"2018-05-18 13:10:14",3521.45543354242,1,4886532.31221102,1
"2018-05-18 13:11:14",3706.80675167916,1,4886387.07691072,1
"2018-05-18 13:12:14",3730.77625703573,1,4886561.63298845,1
"2018-05-18 13:13:14",3564.86204896519,1,4666709.372287,1
"2018-05-18 13:14:14",3925.92023843458,1,5111141.7098055,1
"2018-05-18 13:15:14",3850.20941766245,1,4885906.34991362,1
"2018-05-18 13:16:14",3654.83663710669,1,4886378.46315132,1
"2018-05-18 13:17:15",3881.83922384204,1,5110988.02755814,1
"2018-05-18 13:18:15",3801.86789061445,1,4886429.68331312,1
"2018-05-18 13:19:15",3860.02381896925,1,5111037.88412058,1
"2018-05-18 13:20:15",3952.30212322196,1,4886184.79023696,1
"2018-05-18 13:21:15",3789.28902334095,1,5110979.03383201,1
"2018-05-18 13:22:15",3902.68455387511,1,5110915.51157185,1
"2018-05-18 13:23:15",3940.14702473553,1,5110984.61957809,1
"2018-05-18 13:24:15",3910.17708275088,1,5110813.42389201,1
"2018-05-18 13:25:15",3908.7081441957,1,5110577.56641507,1
"2018-05-18 13:26:15",3860.47477998788,1,5110417.70895655,1
"2018-05-18 13:27:15",3887.64689367323,1,5110507.21082612,1
"2018-05-18 13:28:15",3867.33201648542,1,5110351.34350206,1
"2018-05-18 13:29:15",3917.07883179178,1,5110480.82361455,1
"2018-05-18 13:30:15",3922.92347910483,1,5110281.39874014,1
"2018-05-18 13:31:15",3918.19363792634,1,5110536.35527279,1
"2018-05-18 13:32:15",3753.52492604627,1,5110996.673107,1
"2018-05-18 13:33:15",3849.08569326501,1,5110920.85738687,1
"2018-05-18 13:34:15",3810.14064921011,1,5111022.72906778,1
"2018-05-18 13:35:15",3874.29409184848,1,5110677.22005136,1
"2018-05-18 13:36:15",3978.13405084386,1,5340715.58734995,1
"2018-05-18 13:37:15",4149.68090371198,1,5340237.31707717,1
"2018-05-18 13:38:15",3894.56070921248,1,5111002.45659521,1
"2018-05-18 13:39:15",4008.35576559411,1,5110550.26552724,1
"2018-05-18 13:40:15",3983.45125034254,1,5110826.34643482,1
"2018-05-18 13:41:16",3991.05378299301,1,5110581.075085,1
"2018-05-18 13:42:16",4210.67723866983,1,5340498.03636463,1
"2018-05-18 13:43:16",4279.72023044443,1,5575166.25033474,1
"2018-05-18 13:44:16",4026.02861484623,1,5340808.68395105,1
"2018-05-18 13:45:16",3874.21727141467,1,5110964.69665414,1
"2018-05-18 13:46:16",4066.19933987983,1,5340996.52171008,1
"2018-05-18 13:47:16",4027.0015463308,1,5340848.51526246,1
"2018-05-18 13:48:16",4102.40189020172,1,5340502.27366481,1
"2018-05-18 13:49:16",4165.69661784085,1,5340600.8362716,1
"2018-05-18 13:50:16",4163.94066240668,1,5340357.98306083,1
"2018-05-18 13:51:16",4155.61005752902,1,5340671.3146383,1
"2018-05-18 13:52:16",4158.37778571985,1,5340513.34728764,1
"2018-05-18 13:53:16",4133.40422640011,1,5340798.21034364,1
"2018-05-18 13:54:16",4083.19496407863,1,5340660.39291054,1
"2018-05-18 13:55:16",4013.08813407602,1,5340750.37406423,1
"2018-05-18 13:56:16",3902.7168097246,1,5111054.01265759,1
"2018-05-18 13:57:16",3938.91871206761,1,5111444.28783914,1
"2018-05-18 13:58:16",4006.53924561218,1,5340844.73335936,1
"2018-05-18 13:59:16",3948.69956538758,1,5111253.02735632,1
"2018-05-18 14:00:16",4032.65454319439,1,5340847.79930155,1
"2018-05-18 14:01:16",4177.06328946724,1,5340566.08483424,1
"2018-05-18 14:02:16",3750.2000005688,1,4886562.16829214,1
"2018-05-18 14:03:16",3954.56712535261,1,5110935.88997757,1
"2018-05-18 14:04:16",3734.33225830964,1,4886625.40001989,1
"2018-05-18 14:05:16",3902.1781776035,1,5110959.33814879,1
"2018-05-18 14:06:16",3669.86637965494,1,4886525.82815123,1
"2018-05-18 14:07:16",3711.49430096283,1,4886368.44337384,1
"2018-05-18 14:08:16",3749.76278492274,1,4886582.16379662,1
"2018-05-18 14:09:17",3713.96256950422,1,4886485.36084903,1
"2018-05-18 14:10:17",3822.83276951501,1,4886454.12519119,1
"2018-05-18 14:11:17",3644.23386252458,1,4886488.41164777,1
"2018-05-18 14:12:17",3924.59340588525,1,5111287.77539723,1
"2018-05-18 14:13:17",3682.30424545099,1,4886624.19754864,1
"2018-05-18 14:14:17",3925.31893230973,1,5110943.21972235,1
"2018-05-18 14:15:17",3691.62377974917,1,4886678.9696576,1
"2018-05-18 14:16:17",3717.92758334704,1,4886397.41386086,1
"2018-05-18 14:17:17",3625.25115953164,1,4886889.88883776,1
"2018-05-18 14:18:17",3692.49822684938,1,4886469.36516438,1
"2018-05-18 14:19:17",3738.48077697337,1,4886562.11235104,1
"2018-05-18 14:20:17",3686.7887291523,1,4886451.80064318,1
"2018-05-18 14:21:17",3653.10977797467,1,4886877.51324585,1
"2018-05-18 14:22:17",3629.5247118595,1,4886062.82319767,1
"2018-05-18 14:23:17",3701.169898824,1,4886068.40163636,1
"2018-05-18 14:24:17",3503.75221296891,1,4666301.69469469,1
"2018-05-18 14:25:17",3726.00198947481,1,4885990.93730043,1
"2018-05-18 14:26:17",3831.04240315,1,5110716.47206008,1
"2018-05-18 14:27:17",3700.07206537043,1,4885843.85346237,1
"2018-05-18 14:28:17",3640.15058479591,1,4886141.84015713,1
"2018-05-18 14:29:17",3685.70592956752,1,4885908.75166586,1
"2018-05-18 14:30:17",3658.98462626721,1,4886170.78053594,1
"2018-05-18 14:31:17",3705.30676569314,1,4885850.32380337,1
"2018-05-18 14:32:17",3608.52263291146,1,4886175.84935489,1
"2018-05-18 14:33:18",3624.88385861937,1,4886129.64212683,1
"2018-05-18 14:34:18",3616.96018550038,1,4666800.81182063,1
"2018-05-18 14:35:18",3708.46778726397,1,4886312.08660205,1
"2018-05-18 14:36:18",3812.8903599953,1,4886334.34586202,1
"2018-05-18 14:37:18",3720.60718920268,1,4886260.06548143,1
"2018-05-18 14:38:18",3722.76397086139,1,4886243.42786818,1
"2018-05-18 14:39:18",3649.15629533792,1,4886476.38207268,1
"2018-05-18 14:40:18",3751.70072851638,1,4886137.26672703,1
"2018-05-18 14:41:18",3728.91473847128,1,4886414.93714537,1
"2018-05-18 14:42:18",3686.41775005519,1,4886369.06615118,1
"2018-05-18 14:43:18",3747.84864765767,1,4886441.73579617,1
"2018-05-18 14:44:18",3673.58122114167,1,4886445.26583656,1
"2018-05-18 14:45:18",3660.8075181927,1,4886594.63982497,1
"2018-05-18 14:46:18",3527.547993618,1,4886706.52275142,1
"2018-05-18 14:47:18",3603.95432731158,1,4886702.6028946,1
"2018-05-18 14:48:18",3583.13755722869,1,4886498.71309577,1
"2018-05-18 14:49:18",3614.79839762947,1,4886750.23424411,1
"2018-05-18 14:50:18",3740.25998394136,1,5111040.53572766,1
"2018-05-18 14:51:18",3720.33954790842,1,4886589.02434541,1
"2018-05-18 14:52:18",3608.23932173464,1,4886743.65749658,1
"2018-05-18 14:53:18",3672.64220044874,1,4886571.40466296,1
"2018-05-18 14:54:18",3786.58362451389,1,5111497.4183875,1
"2018-05-18 14:55:18",3736.45446727253,1,4886447.30900966,1
"2018-05-18 14:56:18",3832.85067262241,1,5111404.46809205,1
"2018-05-18 14:57:18",3803.12763722612,1,5111438.58551464,1
"2018-05-18 14:58:18",3584.17300273538,1,4667129.99705875,1
"2018-05-18 14:59:18",3858.18289993038,1,5111146.78942985,1
"2018-05-18 15:00:19",3926.32236866464,1,5111284.5213353,1
"2018-05-18 15:01:19",3912.90109765826,1,5110903.38682186,1
"2018-05-18 15:02:19",4003.24646431255,1,5111082.78343257,1
"2018-05-18 15:03:19",3902.07926064174,1,5110988.03051637,1
"2018-05-18 15:04:19",4002.39541185024,1,5111164.43999591,1
"2018-05-18 15:05:19",3800.96838996946,1,4886470.44167707,1
"2018-05-18 15:06:19",4292.01458402267,1,5340032.11301359,1
"2018-05-18 15:07:19",4198.14985931232,1,5340662.36422166,1
"2018-05-18 15:08:19",4011.05766121992,1,5110822.90454856,1
"2018-05-18 15:09:19",4052.56962819329,1,5110949.7944338,1
"2018-05-18 15:10:19",4013.12068440972,1,5110827.95859196,1
"2018-05-18 15:11:19",4341.63326039637,1,5340183.09377091,1
"2018-05-18 15:12:19",4112.61375149205,1,5110743.04161247,1
"2018-05-18 15:13:19",4052.9958547094,1,5110979.1673236,1
"2018-05-18 15:14:19",4203.62689363717,1,5340438.82100368,1
"2018-05-18 15:15:19",4237.62916468812,1,5340645.16299566,1
"2018-05-18 15:16:19",4121.44002204155,1,5340527.42968923,1
"2018-05-18 15:17:19",4344.68067414527,1,5340254.08619576,1
"2018-05-18 15:18:19",4150.3542077444,1,5340143.74381114,1
"2018-05-18 15:19:19",4173.52316998167,1,5339939.47815075,1
"2018-05-18 15:20:19",4118.73896775687,1,5340246.30636065,1
"2018-05-18 15:21:19",4323.39804628884,1,5574679.17745883,1
"2018-05-18 15:22:19",4128.83979561504,1,5340199.61543724,1
"2018-05-18 15:23:19",4129.68603666897,1,5339965.63745485,1
"2018-05-18 15:24:19",4169.20355727907,1,5340065.84451562,1
"2018-05-18 15:25:20",4191.21522469143,1,5339827.94113856,1
"2018-05-18 15:26:20",4082.88347854736,1,5340303.92972333,1
"2018-05-18 15:27:20",4106.12242940632,1,5339907.01200335,1
"2018-05-18 15:28:20",3989.97988501261,1,5110451.40693173,1
"2018-05-18 15:29:20",4138.78712273488,1,5339880.83023586,1
"2018-05-18 15:30:20",4177.21715512686,1,5340065.87624359,1
"2018-05-18 15:31:20",3914.89358446565,1,5110545.88231637,1
"2018-05-18 15:32:20",4177.33583888232,1,5339818.86675789,1
"2018-05-18 15:33:20",3905.27859736526,1,5340494.6988078,1
"2018-05-18 15:34:20",3900.00331603742,1,5110685.13291627,1
"2018-05-18 15:35:20",4052.4883994765,1,5340590.93330532,1
"2018-05-18 15:36:20",3895.2386377232,1,5110701.68087364,1
"2018-05-18 15:37:20",3776.43810362547,1,4886198.58382134,1
"2018-05-18 15:38:20",4082.53353283005,1,5340367.97724615,1
"2018-05-18 15:39:20",3952.13089649656,1,5110817.95145008,1
"2018-05-18 15:40:20",4131.26943611701,1,5340317.48072335,1
"2018-05-18 15:41:20",4171.77332518995,1,5340410.17267232,1
"2018-05-18 15:42:20",4287.56064524057,1,5575031.64942481,1
"2018-05-18 15:43:20",4336.91323068361,1,5575301.32025137,1
"2018-05-18 15:44:20",4368.00466640567,1,5815318.59500757,1
"2018-05-18 15:45:20",4061.19661675663,1,5340473.39873776,1
"2018-05-18 15:46:20",4013.8311570929,1,5340794.19993617,1
"2018-05-18 15:47:21",4266.77257311486,1,5575168.4201481,1
"2018-05-18 15:48:21",4000.15037476146,1,5340851.10914865,1
"2018-05-18 15:49:21",4045.52799259301,1,5340597.69566639,1
"2018-05-18 15:50:21",4202.99607151273,1,5575602.63890216,1
"2018-05-18 15:51:21",4143.33457749347,1,5575522.35602534,1
"2018-05-18 15:52:21",4076.18865833293,1,5340787.69220135,1
"2018-05-18 15:53:21",4062.09897590391,1,5340658.02744325,1
"2018-05-18 15:54:21",4100.01281329016,1,5340867.97172339,1
"2018-05-18 15:55:21",3807.30890388542,1,5111165.29477935,1
"2018-05-18 15:56:21",4127.13335660985,1,5576004.02690194,1
"2018-05-18 15:57:21",4040.83304132593,1,5340940.58265409,1
"2018-05-18 15:58:21",4260.46515816113,1,5575432.51039807,1
"2018-05-18 15:59:21",4215.38392439077,1,5575701.40234173,1
"2018-05-18 16:00:21",4059.10513999886,1,5340692.94504362,1
"2018-05-18 16:01:21",4287.76632059592,1,5575620.76085848,1
"2018-05-18 16:02:21",3922.84916397194,1,5110988.75230122,1
"2018-05-18 16:03:21",4006.12867750562,1,5341038.86777576,1
"2018-05-18 16:04:21",4113.64341054066,1,5340544.16938877,1
"2018-05-18 16:05:21",3958.15054829417,1,5111150.65877899,1
"2018-05-18 16:06:21",3915.69944799242,1,5110954.93885233,1
"2018-05-18 16:07:21",4034.60511928675,1,5340629.83984879,1
"2018-05-18 16:08:21",4032.58208908915,1,5340802.03745487,1
"2018-05-18 16:09:21",3987.59309333423,1,5111093.76221479,1
"2018-05-18 16:10:21",3877.45121848226,1,5111224.26168782,1
"2018-05-18 16:11:21",4084.38582308553,1,5340643.25207349,1
"2018-05-18 16:12:21",3903.35508014688,1,5340734.86291607,1
"2018-05-18 16:13:21",4099.36938549368,1,5340497.38738296,1
"2018-05-18 16:14:21",3929.8920725779,1,5111128.63346355,1
"2018-05-18 16:15:21",3906.70301157143,1,5110959.13777867,1
"2018-05-18 16:16:22",3765.38422802195,1,4886008.49984708,1
"2018-05-18 16:17:22",3756.05507905951,1,4885796.0528292,1
"2018-05-18 16:18:22",4072.80657465078,1,5340331.70891603,1
"2018-05-18 16:19:22",4010.56865595175,1,5110293.20421701,1
"2018-05-18 16:20:22",4051.54060832313,1,5110438.73443692,1
"2018-05-18 16:21:22",3875.01912169431,1,5110613.79907763,1
"2018-05-18 16:22:22",4121.65853487877,1,5110361.52241685,1
"2018-05-18 16:23:22",3877.55000233014,1,5110681.95604174,1
"2018-05-18 16:24:22",3936.01485546147,1,5110379.24854938,1
"2018-05-18 16:25:22",3713.89287920786,1,4886068.24298541,1
"2018-05-18 16:26:22",3910.60609457639,1,5110437.2311866,1
"2018-05-18 16:27:22",3725.88938194845,1,4886024.15169497,1
"2018-05-18 16:28:22",3828.66879414474,1,5110629.53620596,1
"2018-05-18 16:29:22",3903.03149663255,1,5110641.69106185,1
"2018-05-18 16:30:22",4002.604079598,1,5340326.98698477,1
"2018-05-18 16:31:22",3922.65622409777,1,5110591.67245123,1
"2018-05-18 16:32:22",3748.32737539598,1,4885777.13799493,1
"2018-05-18 16:33:22",3848.8137866958,1,4886535.63914912,1
"2018-05-18 16:34:22",3757.26823947459,1,4886061.91017845,1
"2018-05-18 16:35:22",3876.90400091731,1,4886235.22114839,1
"2018-05-18 16:36:22",3779.7611184438,1,4886340.9066161,1
"2018-05-18 16:37:22",3858.94213231952,1,4886011.46972188,1
"2018-05-18 16:38:22",3803.4353928361,1,4886289.42525579,1
"2018-05-18 16:39:22",4103.26657198552,1,5110162.86276333,1
"2018-05-18 16:40:22",3813.39581938052,1,4886243.57434851,1
"2018-05-18 16:41:23",3860.62525057983,1,4885975.93261055,1
"2018-05-18 16:42:23",3815.03241347262,1,4886226.59533416,1
"2018-05-18 16:43:23",4080.89683459957,1,5110544.40562114,1
"2018-05-18 16:44:23",4224.39781476633,1,5110319.14297924,1
"2018-05-18 16:45:23",3775.19976431516,1,4886222.25001896,1
"2018-05-18 16:46:23",3791.80680107961,1,4886365.11774245,1
"2018-05-18 16:47:23",3719.0232035598,1,4886281.45820199,1
"2018-05-18 16:48:23",3811.36283090574,1,4886370.09159784,1
"2018-05-18 16:49:23",3685.22744890441,1,4886405.78257723,1
"2018-05-18 16:50:23",3895.18159166024,1,4885852.96013543,1
"2018-05-18 16:51:23",3707.49877688449,1,4886515.31927272,1
"2018-05-18 16:52:23",3913.04309843358,1,5110929.16129063,1
"2018-05-18 16:53:23",3920.2438585829,1,5111185.62517909,1
"2018-05-18 16:54:23",3945.51878696482,1,5110958.93391697,1
"2018-05-18 16:55:23",4052.45544261478,1,5110924.60153771,1
"2018-05-18 16:56:23",3994.77020179299,1,5111051.34256862,1
"2018-05-18 16:57:23",3822.4038734749,1,4886532.91864415,1
"2018-05-18 16:58:23",4128.5492935903,1,5340569.78123485,1
"2018-05-18 16:59:23",4100.7669834222,1,5110939.12571456,1
"2018-05-18 17:00:23",4223.26840035332,1,5340454.89546903,1
"2018-05-18 17:01:23",4174.82208215487,1,5340895.96059224,1
"2018-05-18 17:02:23",3929.99964409475,1,5111197.60970516,1
"2018-05-18 17:03:23",4379.91065227013,1,5575284.58150304,1
"2018-05-18 17:04:24",4002.72226172871,1,5111091.8310659,1
"2018-05-18 17:05:24",3901.32966767613,1,4886182.48743491,1
"2018-05-18 17:06:24",4250.33227721804,1,5340632.9510508,1
"2018-05-18 17:07:24",4186.99886291912,1,5110752.7851038,1
"2018-05-18 17:08:24",4307.34866969608,1,5340590.83871833,1
"2018-05-18 17:09:24",4149.75774414897,1,5110683.33141488,1
"2018-05-18 17:10:24",4350.62551060543,1,5340514.38511558,1
"2018-05-18 17:11:24",4314.8364699064,1,5340320.26382028,1
"2018-05-18 17:12:24",4299.62286257543,1,5340647.94153843,1
"2018-05-18 17:13:24",4283.59055721789,1,5340241.14144395,1
"2018-05-18 17:14:24",4351.73468641709,1,5340627.59523137,1
"2018-05-18 17:15:24",4278.02873761567,1,5340461.93727142,1
"2018-05-18 17:16:24",4513.64664649122,1,5575122.7805931,1
"2018-05-18 17:17:24",4461.83314211504,1,5575357.67126661,1
"2018-05-18 17:18:24",4359.99876634042,1,5339773.33667326,1
"2018-05-18 17:19:24",4309.15777636813,1,5340010.90619817,1
"2018-05-18 17:20:24",4356.64683167291,1,5339754.28611491,1
"2018-05-18 17:21:24",4315.14842533368,1,5340031.58204226,1
"2018-05-18 17:22:24",4540.75725792017,1,5574475.67014025,1
"2018-05-18 17:23:24",4324.34613395658,1,5339992.13599297,1
"2018-05-18 17:24:24",4346.25470978793,1,5339725.44568663,1
"2018-05-18 17:25:24",4167.15103816,1,5110299.60006678,1
"2018-05-18 17:26:24",4159.4249582793,1,5110109.05957503,1
"2018-05-18 17:27:25",4391.4306119361,1,5339897.8409565,1
"2018-05-18 17:28:25",4167.10887105606,1,5340010.64526509,1
"2018-05-18 17:29:25",4305.59912965202,1,5339849.08532966,1
"2018-05-18 17:30:25",4267.24888148622,1,5340111.00199507,1
"2018-05-18 17:31:25",4317.3406413635,1,5339781.01859241,1
"2018-05-18 17:32:25",4255.58722634207,1,5340105.17179739,1
"2018-05-18 17:33:25",4274.06072534293,1,5339980.56491866,1
"2018-05-18 17:34:25",4320.68422052407,1,5340362.93938453,1
"2018-05-18 17:35:25",4069.71592633236,1,5110535.67597256,1
"2018-05-18 17:36:25",3933.36289605741,1,5340748.57859189,1
"2018-05-18 17:37:25",3891.58389605545,1,5340573.01169037,1
"2018-05-18 17:38:25",3927.12003516404,1,5340753.17316345,1
"2018-05-18 17:39:25",4027.47191287596,1,5575366.60652314,1
"2018-05-18 17:40:25",3932.85097360588,1,5340679.83163658,1
"2018-05-18 17:41:25",3872.81191056737,1,5340632.08642909,1
"2018-05-18 17:42:25",3940.7456618465,1,5340527.14609635,1
"2018-05-18 17:43:25",3993.87997900772,1,5340752.71717705,1
"2018-05-18 17:44:25",4060.49237327572,1,5340507.28596221,1
"2018-05-18 17:45:25",4095.56679070963,1,5575659.59026586,1
"2018-05-18 17:46:25",4037.90928367041,1,5575498.45027358,1
"2018-05-18 17:47:25",4075.39493924336,1,5575651.83157356,1
"2018-05-18 17:48:25",3884.53185233747,1,5340803.28165201,1
"2018-05-18 17:49:25",4102.61235111518,1,5575683.2290159,1
"2018-05-18 17:50:26",4047.33566840449,1,5575553.81073592,1
"2018-05-18 17:51:26",4024.47317446577,1,5575516.85749658,1
"2018-05-18 17:52:26",4096.41566123822,1,5575504.31453084,1
"2018-05-18 17:53:26",4412.65566601435,1,5815338.4313641,1
"2018-05-18 17:54:26",4096.79278615685,1,5575600.45749072,1
"2018-05-18 17:55:26",4198.23933640802,1,5575479.2490734,1
"2018-05-18 17:56:26",4157.62025120576,1,5575461.66644176,1
"2018-05-18 17:57:26",4219.4321698818,1,5575423.50793121,1
"2018-05-18 17:58:26",4195.62933738151,1,5575683.36292112,1
"2018-05-18 17:59:26",3846.4630913128,1,5111106.27424347,1
"2018-05-18 18:00:26",4220.1791603314,1,5575702.51800906,1
"2018-05-18 18:01:26",4183.34133035881,1,5575466.53046647,1
"2018-05-18 18:02:26",3899.34361572293,1,5340927.93108823,1
"2018-05-18 18:03:26",4034.14458650713,1,5340788.30734439,1
"2018-05-18 18:04:26",3943.72947095596,1,5341288.99769348,1
"2018-05-18 18:05:26",4040.82233171371,1,5340655.93324941,1
"2018-05-18 18:06:26",4067.9655407673,1,5340855.11583093,1
"2018-05-18 18:07:26",3886.46035705066,1,5340833.64424181,1
"2018-05-18 18:08:26",3872.81213501792,1,5110948.8982332,1
"2018-05-18 18:09:26",3777.92696102204,1,5111442.05593112,1
"2018-05-18 18:10:26",4033.3876554492,1,5340661.39516971,1
"2018-05-18 18:11:26",3838.31034871761,1,5111311.37075813,1
"2018-05-18 18:12:26",4051.72483085858,1,5340636.0088261,1
"2018-05-18 18:13:26",3822.86671698036,1,5111460.22131142,1
"2018-05-18 18:14:27",4035.84481054525,1,5340661.96250144,1
"2018-05-18 18:15:27",3861.89000390006,1,5111308.49956335,1
"2018-05-18 18:16:27",3837.31204183897,1,5111108.60188462,1
"2018-05-18 18:17:27",3906.23689674259,1,5111197.31220259,1
"2018-05-18 18:18:27",3870.35519327518,1,5340575.16923148,1
"2018-05-18 18:19:27",3941.62198324148,1,5110601.90119621,1
"2018-05-18 18:20:27",3965.59597547113,1,5340264.3521422,1
"2018-05-18 18:21:27",3834.99839314598,1,5110537.08721997,1
"2018-05-18 18:22:27",3947.3944196298,1,5340513.86142954,1
"2018-05-18 18:23:27",3888.52781914547,1,5110470.50247038,1
"2018-05-18 18:24:27",3942.12489023903,1,5340478.01388652,1
"2018-05-18 18:25:27",3830.7108255492,1,5110464.44673462,1
"2018-05-18 18:26:27",3826.20259149631,1,5110673.24565593,1
"2018-05-18 18:27:27",3797.87218526294,1,5110475.6126064,1
"2018-05-18 18:28:27",3831.99255819803,1,5110669.40084323,1
"2018-05-18 18:29:27",3849.90103747814,1,5110442.32942017,1
"2018-05-18 18:30:27",4046.56536519799,1,5340291.73469415,1
"2018-05-18 18:31:27",3812.71152059677,1,5110493.03788084,1
"2018-05-18 18:32:27",3896.80694939208,1,5110597.39988839,1
"2018-05-18 18:33:27",3819.11005754527,1,5110537.36606142,1
"2018-05-18 18:34:27",3767.66710901221,1,4886336.2105399,1
"2018-05-18 18:35:27",3834.74135536267,1,5111126.60777378,1
"2018-05-18 18:36:27",3715.13102625625,1,4886282.09567595,1
"2018-05-18 18:37:27",3687.21797836863,1,4886497.03816287,1
"2018-05-18 18:38:27",3509.86353170438,1,4666805.71109059,1
"2018-05-18 18:39:27",3791.93156298635,1,4886326.56765351,1
"2018-05-18 18:40:27",3751.12049021732,1,4886223.60732916,1
"2018-05-18 18:41:27",3733.48507759754,1,4886385.5351483,1
"2018-05-18 18:42:28",3784.91352629236,1,5110993.63533518,1
"2018-05-18 18:43:28",3720.16218256728,1,4886397.10945753,1
"2018-05-18 18:44:28",3871.68904691237,1,5110905.59842824,1
"2018-05-18 18:45:28",3759.90780238337,1,4886422.00144077,1
"2018-05-18 18:46:28",3624.02827756358,1,5111147.37966451,1
"2018-05-18 18:47:28",3552.59971409131,1,4886573.33195271,1
"2018-05-18 18:48:28",3680.32127415192,1,5111439.96419057,1
"2018-05-18 18:49:28",3775.45199994872,1,5111070.57331932,1
"2018-05-18 18:50:28",3744.52026374265,1,5111337.95117457,1
"2018-05-18 18:51:28",3804.8154131194,1,5111077.22680422,1
"2018-05-18 18:52:28",3792.40522037719,1,5111272.27223458,1
"2018-05-18 18:53:28",3737.02760560582,1,5111223.87667891,1
"2018-05-18 18:54:28",3811.05795119418,1,5111428.59649059,1
"2018-05-18 18:55:28",3738.20300086693,1,5111385.43776162,1
"2018-05-18 18:56:28",3795.34571184657,1,5111490.681054,1
"2018-05-18 18:57:28",3959.8132213715,1,5340734.39292065,1
"2018-05-18 18:58:28",3886.16038440647,1,5111354.90147108,1
"2018-05-18 18:59:28",3954.78111551255,1,5340849.24884902,1
"2018-05-18 19:00:28",4012.28132008964,1,5340797.21922226,1
"2018-05-18 19:01:28",3952.98597640923,1,5341136.35561281,1
"2018-05-18 19:02:28",4115.35901097888,1,5340322.14057924,1
"2018-05-18 19:03:28",4078.95181634402,1,5340848.51272457,1
"2018-05-18 19:04:28",3980.40167173615,1,5340792.59276681,1
"2018-05-18 19:05:28",4246.7206992516,1,5575513.96084694,1
"2018-05-18 19:06:28",4275.16368163722,1,5575253.93579348,1
"2018-05-18 19:07:28",4237.51954020152,1,5340359.18670297,1
"2018-05-18 19:08:28",4266.21055975678,1,5575290.15004818,1
"2018-05-18 19:09:28",4084.2544569275,1,5340738.69919733,1
"2018-05-18 19:10:29",4189.64281364544,1,5575355.29365243,1
"2018-05-18 19:11:29",4272.70618830676,1,5575454.39547477,1
"2018-05-18 19:12:29",3940.50475451452,1,5340700.43413232,1
"2018-05-18 19:13:29",4323.21614600256,1,5574867.85211881,1
"2018-05-18 19:14:29",4104.31242711174,1,5575751.76322886,1
"2018-05-18 19:15:29",4185.40159304353,1,5575383.19819969,1
"2018-05-18 19:16:29",4181.66251341732,1,5575557.65586321,1
"2018-05-18 19:17:29",4176.38039864433,1,5575341.42168058,1
"2018-05-18 19:18:29",4179.00686845428,1,5575021.91522895,1
"2018-05-18 19:19:29",4001.81518454288,1,5340100.15834422,1
"2018-05-18 19:20:29",4116.30090311823,1,5575193.44761051,1
"2018-05-18 19:21:29",4154.16172152245,1,5574851.82866927,1
"2018-05-18 19:22:29",4145.34342011783,1,5575153.11066107,1
"2018-05-18 19:23:29",4325.33550247575,1,5814567.88279404,1
"2018-05-18 19:24:29",4151.06516343855,1,5575062.23654452,1
"2018-05-18 19:25:29",4099.25382728898,1,5574777.05701016,1
"2018-05-18 19:26:29",4100.91767991929,1,5574883.36718112,1
"2018-05-18 19:27:29",4105.3696930858,1,5575042.45220714,1
"2018-05-18 19:28:29",4117.21169087539,1,5574879.70372346,1
"2018-05-18 19:29:29",4101.75741352302,1,5575090.61098599,1
"2018-05-18 19:30:29",3909.89776355989,1,5340200.15851537,1
"2018-05-18 19:31:29",4094.95696013127,1,5575056.48472798,1
"2018-05-18 19:32:29",3991.95434951146,1,5340020.7770008,1
"2018-05-18 19:33:30",3942.29007876781,1,5340328.6126015,1
"2018-05-18 19:34:30",4047.01563286768,1,5575322.0845831,1
"2018-05-18 19:35:30",4126.56774668951,1,5575387.35854134,1
"2018-05-18 19:36:30",4023.02979318999,1,5575356.12986161,1
"2018-05-18 19:37:30",4131.24680788212,1,5575471.51473792,1
"2018-05-18 19:38:30",4014.77752274668,1,5575348.51131874,1
"2018-05-18 19:39:30",4200.58259246467,1,5575037.65411431,1
"2018-05-18 19:40:30",4070.70699649492,1,5575534.47405804,1
"2018-05-18 19:41:30",4135.89116480017,1,5575209.43663591,1
"2018-05-18 19:42:30",4126.36679700643,1,5575375.15642253,1
"2018-05-18 19:43:30",4226.48167822836,1,5575051.95067205,1
"2018-05-18 19:44:30",4418.02903213265,1,5815161.59979765,1
"2018-05-18 19:45:30",4398.06356262787,1,5814907.69882818,1
"2018-05-18 19:46:30",4366.86510544678,1,5815312.87725161,1
"2018-05-18 19:47:30",4262.49949837028,1,5815167.60592675,1
"2018-05-18 19:48:30",4337.92659605084,1,5815340.76834462,1
"2018-05-18 19:49:30",4409.8883427161,1,6060110.82030729,1
"2018-05-18 19:50:30",4363.17453918648,1,5815330.29201668,1
"2018-05-18 19:51:30",4405.05926540962,1,6060116.33201057,1
"2018-05-18 19:52:30",4277.78538496196,1,5815167.47837406,1
"2018-05-18 19:53:30",4490.60192010138,1,6060221.26669885,1
"2018-05-18 19:54:30",4352.12273781465,1,5815141.10578222,1
"2018-05-18 19:55:30",4340.52172411744,1,5815521.26315641,1
"2018-05-18 19:56:30",4406.23086983157,1,5815176.22784236,1
"2018-05-18 19:57:30",4584.38054700762,1,6060346.47081553,1
"2018-05-18 19:58:31",4422.31765347807,1,6060315.20917982,1
"2018-05-18 19:59:31",4566.50162380428,1,6060288.97940261,1
"2018-05-18 20:00:31",4494.36854568027,1,6060267.9569369,1
"2018-05-18 20:01:31",4748.97554064535,1,6310160.21995333,1
"2018-05-18 20:02:31",4482.99236877293,1,6060142.82629292,1
"2018-05-18 20:03:31",4532.94042194117,1,6060266.4140182,1
"2018-05-18 20:04:31",4250.40669182441,1,5815313.97831476,1
"2018-05-18 20:05:31",4388.56004958914,1,5815104.67800612,1
"2018-05-18 20:06:31",4307.54337589738,1,5815486.8802383,1
"2018-05-18 20:07:31",4347.05719156653,1,5815271.64178113,1
"2018-05-18 20:08:31",4381.6694355952,1,5815397.27209804,1
"2018-05-18 20:09:31",4366.12862839351,1,5815147.64890249,1
"2018-05-18 20:10:31",4345.52838428346,1,5815427.05716866,1
"2018-05-18 20:11:31",4287.2335057777,1,5815381.191138,1
"2018-05-18 20:12:31",4369.56733390952,1,5815418.24750278,1
"2018-05-18 20:13:31",4242.45600043044,1,5815484.16963205,1
"2018-05-18 20:14:31",4367.71638161228,1,6060247.16608789,1
"2018-05-18 20:15:31",4468.7476048088,1,6060072.32548866,1
"2018-05-18 20:16:31",4382.36064011191,1,5815443.41292024,1
"2018-05-18 20:17:31",4232.86259464339,1,5815419.04467714,1
"2018-05-18 20:18:31",4344.48986227552,1,5814668.41434064,1
"2018-05-18 20:19:31",4220.2963583767,1,5815094.41904495,1
"2018-05-18 20:20:31",4314.6747392917,1,5814753.07028218,1
"2018-05-18 20:21:32",4262.11080794473,1,5815017.33156313,1
"2018-05-18 20:22:32",4123.92922747365,1,5575047.11704892,1
"2018-05-18 20:23:32",4283.81177833646,1,5815006.33012915,1
"2018-05-18 20:24:32",4326.19495939259,1,5814697.53415913,1
"2018-05-18 20:25:32",4250.49952133723,1,5815060.94795657,1
"2018-05-18 20:26:32",4094.66376742642,1,5574941.69204624,1
"2018-05-18 20:27:32",4354.37721649269,1,5814849.86445364,1
"2018-05-18 20:28:32",4340.75828319762,1,5814592.8840056,1
"2018-05-18 20:29:32",4346.04779659928,1,5814844.09706952,1
"2018-05-18 20:30:32",4026.18162655644,1,5575116.98731637,1
"2018-05-18 20:31:32",4273.00393368597,1,5814773.97242158,1
"2018-05-18 20:32:32",4401.46680351481,1,6059884.3111727,1
"2018-05-18 20:33:32",4097.43066689378,1,5575131.29921108,1
"2018-05-18 20:34:32",4066.03813958123,1,5575276.81274328,1
"2018-05-18 20:35:32",4643.61076069739,1,6059415.28395607,1
"2018-05-18 20:36:32",4212.79740095487,1,5575437.84182479,1
"2018-05-18 20:37:32",4111.5302280714,1,5575565.99674042,1
"2018-05-18 20:38:32",4353.64696489486,1,5815245.30123753,1
"2018-05-18 20:39:32",4108.9165517161,1,5575380.9303893,1
"2018-05-18 20:40:32",4374.30224954474,1,5574955.66538824,1
"2018-05-18 20:41:32",4139.31448499011,1,5575146.88600079,1
"2018-05-18 20:42:32",4390.83276588322,1,5815231.18297544,1
"2018-05-18 20:43:32",4256.30306205215,1,5815187.43633105,1
"2018-05-18 20:44:33",4269.53184870937,1,5575081.23052844,1
"2018-05-18 20:45:33",4153.92080110315,1,5575539.34214533,1
"2018-05-18 20:46:33",4176.88405423196,1,5814784.86143004,1
"2018-05-18 20:47:33",4242.25306349458,1,5815397.15478846,1
"2018-05-18 20:48:33",4189.17483115049,1,5815413.66577528,1
"2018-05-18 20:49:33",4195.36776989331,1,5815545.08846453,1
"2018-05-18 20:50:33",4415.05289143972,1,6060088.23179986,1
"2018-05-18 20:51:33",4359.45917461447,1,5815153.02353048,1
"2018-05-18 20:52:33",4348.94160501643,1,5815226.94621949,1
"2018-05-18 20:53:33",4283.12480585789,1,5815476.07790922,1
"2018-05-18 20:54:33",4218.21179068637,1,5815387.18747739,1
"2018-05-18 20:55:33",4490.1428984476,1,6060494.3046194,1
"2018-05-18 20:56:33",4333.51039772706,1,6060555.37621448,1
"2018-05-18 20:57:33",4428.51712372655,1,6060313.74530228,1
"2018-05-18 20:58:33",4508.2159007563,1,6060320.69545364,1
"2018-05-18 20:59:33",4752.88546443737,1,6309884.93633271,1
"2018-05-18 21:00:33",4736.10823615919,1,6310207.81897653,1
"2018-05-18 21:01:33",4551.65362984574,1,6060128.49596249,1
"2018-05-18 21:02:33",4716.92907002107,1,6310193.70910405,1
"2018-05-18 21:03:33",4757.11549280122,1,6309993.85858244,1
"2018-05-18 21:04:33",4757.80663574561,1,6310116.82271785,1
"2018-05-18 21:05:34",4661.36842252606,1,6309962.71083502,1
"2018-05-18 21:06:34",4763.71473354362,1,6310076.69420508,1
"2018-05-18 21:07:34",4915.57062155193,1,6564743.0976862,1
"2018-05-18 21:08:34",4791.49364127936,1,6310049.43590734,1
"2018-05-18 21:09:34",4640.05985419992,1,6309813.969488,1
"2018-05-18 21:10:34",4967.48415632645,1,6564613.76999313,1
"2018-05-18 21:11:34",4934.5398377903,1,6564948.37952872,1
"2018-05-18 21:12:34",4816.63423935044,1,6309683.56041656,1
"2018-05-18 21:13:34",4903.31792203998,1,6564928.71143201,1
"2018-05-18 21:14:34",4932.80516840553,1,6564621.35959055,1
"2018-05-18 21:15:34",5087.32616774676,1,6824914.06481889,1
"2018-05-18 21:16:34",4943.57493800644,1,6564675.15094628,1
"2018-05-18 21:17:34",4954.86162762482,1,6564866.74377232,1
"2018-05-18 21:18:34",5038.61471097502,1,6824128.28725261,1
"2018-05-18 21:19:34",4861.40367523264,1,6564378.06763165,1
"2018-05-18 21:20:34",4797.21522605357,1,6564228.70310988,1
"2018-05-18 21:21:34",4918.29599277758,1,6564319.0215874,1
"2018-05-18 21:22:34",4960.32939468013,1,6824214.7993535,1
"2018-05-18 21:23:34",4806.21187632029,1,6564669.42340723,1
"2018-05-18 21:24:34",4824.83190713876,1,6564406.5205814,1
"2018-05-18 21:25:34",4908.62385619134,1,6563957.65514543,1
"2018-05-18 21:26:34",4593.35439740046,1,6309493.86348948,1
"2018-05-18 21:27:34",4803.41467479461,1,6564150.29142161,1
"2018-05-18 21:28:35",4813.42359783387,1,6564364.53245224,1
"2018-05-18 21:29:35",4820.4413299017,1,6564115.37837905,1
"2018-05-18 21:30:35",4625.92613226888,1,6309471.31350696,1
"2018-05-18 21:31:35",4634.49502272299,1,6309233.997083,1
"2018-05-18 21:32:35",4647.35440788435,1,6309532.73262883,1
"2018-05-18 21:33:35",4652.75751952883,1,6309187.35027034,1
"2018-05-18 21:34:35",4703.70107500299,1,6309309.95174499,1
"2018-05-18 21:35:35",4511.92370311485,1,6309928.23618601,1
"2018-05-18 21:36:35",4841.63414851506,1,6564676.61514377,1
"2018-05-18 21:37:35",4490.50302034907,1,6310022.15513334,1
"2018-05-18 21:38:35",4835.61672858996,1,6564455.54739544,1
"2018-05-18 21:39:35",4715.124577147,1,6565016.78385606,1
"2018-05-18 21:40:35",4689.04261287206,1,6309532.49669508,1
"2018-05-18 21:41:35",4879.51206601495,1,6564727.92979454,1
"2018-05-18 21:42:35",4823.20642981981,1,6564551.54287186,1
"2018-05-18 21:43:35",4612.63723493916,1,6309937.79458898,1
"2018-05-18 21:44:35",4904.65195235579,1,6564423.00751547,1
"2018-05-18 21:45:35",5166.92038941851,1,6824675.47403055,1
"2018-05-18 21:46:35",5035.52667147873,1,6824628.78446004,1
"2018-05-18 21:47:35",4907.30326474663,1,6824767.07375825,1
"2018-05-18 21:48:35",4928.41160638946,1,6824797.40094326,1
"2018-05-18 21:49:35",4952.68360480519,1,6825103.3206665,1
"2018-05-18 21:50:35",4781.00715242347,1,6565037.05569813,1
"2018-05-18 21:51:35",5060.53428759199,1,6824646.11691562,1
"2018-05-18 21:52:35",5138.8840988725,1,7089788.59780166,1
"2018-05-18 21:53:35",5008.7053354311,1,6824722.00846549,1
"2018-05-18 21:54:36",5210.61852307676,1,7089980.82813262,1
"2018-05-18 21:55:36",5272.26814809625,1,7089715.00087883,1
"2018-05-18 21:56:36",5275.75570757551,1,7090027.63600136,1
"2018-05-18 21:57:36",5114.65344307597,1,6824753.4905488,1
"2018-05-18 21:58:36",4971.93213909628,1,6824947.56304038,1
"2018-05-18 21:59:36",5066.41778484916,1,6824832.34581938,1
"2018-05-18 22:00:36",5474.51057585975,1,7360220.26014393,1
"2018-05-18 22:01:36",5254.18539617687,1,7089850.2699045,1
"2018-05-18 22:02:36",5275.83636469926,1,7090224.43791635,1
"2018-05-18 22:03:36",5196.53929280814,1,7090165.86002678,1
"2018-05-18 22:04:36",5146.34533569548,1,6824794.33738647,1
"2018-05-18 22:05:36",5072.29014841184,1,6825020.68835718,1
"2018-05-18 22:06:36",5053.20368262895,1,6824777.51102007,1
"2018-05-18 22:07:36",5035.40547415378,1,6825077.44629323,1
"2018-05-18 22:08:36",5306.87954187857,1,7089697.80162922,1
"2018-05-18 22:09:36",5133.55437730957,1,6825029.86063635,1
"2018-05-18 22:10:36",5315.72547066559,1,7089646.60847762,1
"2018-05-18 22:11:36",5085.07218558711,1,6825069.43630934,1
"2018-05-18 22:12:36",5282.67598341962,1,7089783.55922975,1
"2018-05-18 22:13:36",5157.875834826,1,6824927.35401694,1
"2018-05-18 22:14:36",5139.31768565057,1,7090039.28224213,1
"2018-05-18 22:15:36",5076.90656497793,1,6825002.89251568,1
"2018-05-18 22:16:36",5055.11741531325,1,6825064.43274309,1
"2018-05-18 22:17:36",5073.11051602628,1,6824164.41512916,1
"2018-05-18 22:18:36",4922.62098360399,1,6824686.52047506,1
"2018-05-18 22:19:36",5108.45343216196,1,6824098.93112468,1
"2018-05-18 22:20:36",5069.18931215339,1,6824437.61283603,1
"2018-05-18 22:21:37",4839.43448629896,1,6564380.14200138,1
"2018-05-18 22:22:37",5032.45680443666,1,6824508.70521604,1
"2018-05-18 22:23:37",4855.53025864635,1,6564320.89878026,1
"2018-05-18 22:24:37",5021.12843825274,1,6824573.30987841,1
"2018-05-18 22:25:37",4975.06398056783,1,6824302.05427476,1
"2018-05-18 22:26:37",5099.77912119143,1,6824336.37169911,1
"2018-05-18 22:27:37",4990.81601787769,1,6824203.24235414,1
"2018-05-18 22:28:37",5063.4003220334,1,6824366.83966296,1
"2018-05-18 22:29:37",5024.95819198026,1,6824353.74691875,1
"2018-05-18 22:30:37",4908.31185532337,1,6564094.90070933,1
"2018-05-18 22:31:37",4794.61547983522,1,6564449.50644586,1
"2018-05-18 22:32:37",5029.6988059097,1,6824113.8558371,1
"2018-05-18 22:33:37",4958.68820410492,1,6824569.33156467,1
"2018-05-18 22:34:37",5063.94844550607,1,6824072.23858833,1
"2018-05-18 22:35:37",5028.82437010879,1,6824354.79961373,1
"2018-05-18 22:36:37",5246.09446237229,1,6824412.85792617,1
"2018-05-18 22:37:37",5026.64399539368,1,6564664.51796674,1
"2018-05-18 22:38:37",5202.8801037128,1,7089794.15509296,1
"2018-05-18 22:39:37",5203.17112598665,1,6824626.67094581,1
"2018-05-18 22:40:37",4935.87140626119,1,6564479.35017283,1
"2018-05-18 22:41:37",5140.80522053867,1,6824685.33144634,1
"2018-05-18 22:42:37",4887.15802101061,1,6564720.67095393,1
"2018-05-18 22:43:37",4956.3284367598,1,6564375.47423768,1
"2018-05-18 22:44:37",5007.68157791262,1,6824993.94265527,1
"2018-05-18 22:45:37",5236.76948414496,1,6824246.74941242,1
"2018-05-18 22:46:37",5183.2782253265,1,6824566.74978081,1
"2018-05-18 22:47:37",5355.08445594853,1,7089512.38319414,1
"2018-05-18 22:48:38",5031.94767023434,1,6824870.35213414,1
"2018-05-18 22:49:38",4996.77070989147,1,6824714.41457748,1
"2018-05-18 22:50:38",4852.71209052048,1,6564967.25454825,1
"2018-05-18 22:51:38",5178.16514037226,1,7089788.5440135,1
"2018-05-18 22:52:38",4777.59387639307,1,6565145.71545358,1
"2018-05-18 22:53:38",4985.05038052913,1,6824599.41772618,1
"2018-05-18 22:54:38",5117.29801940964,1,6824881.12065771,1
"2018-05-18 22:55:38",4916.5983306171,1,6825210.74673847,1
"2018-05-18 22:56:38",5258.43300748353,1,7089816.88401801,1
"2018-05-18 22:57:38",5262.39213039751,1,7090060.64187602,1
"2018-05-18 22:58:38",5546.8521789188,1,7359611.3960048,1
"2018-05-18 22:59:38",5232.58132518466,1,7090062.89929373,1
"2018-05-18 23:00:38",5014.93674296213,1,6824917.85774996,1
"2018-05-18 23:01:38",5247.39643663585,1,7090081.18371827,1
"2018-05-18 23:02:38",5239.23458403909,1,7089899.25571276,1
"2018-05-18 23:03:38",5848.51866114928,1,7634594.82302154,1
"2018-05-18 23:04:38",5072.60710685931,1,7089834.40608765,1
"2018-05-18 23:05:38",5067.22535422248,1,6824996.68536304,1
"2018-05-18 23:06:38",5434.75431365171,1,7359784.06289134,1
"2018-05-18 23:07:38",5579.14034460847,1,7359804.59505615,1
"2018-05-18 23:08:38",5173.6298089326,1,7090110.07785726,1
"2018-05-18 23:09:38",5232.33639164902,1,7089072.78033362,1
"2018-05-18 23:10:38",5124.28209383101,1,7090067.49919764,1
"2018-05-18 23:11:38",5108.48756931053,1,7089979.15253856,1
"2018-05-18 23:12:39",5446.74535031353,1,7359974.13692954,1
"2018-05-18 23:13:39",5423.01775813897,1,7359757.2964339,1
"2018-05-18 23:14:39",5503.99158064197,1,7359674.5144063,1
"2018-05-18 23:15:39",5470.92291691398,1,7359749.66214846,1
"2018-05-18 23:16:39",5469.96562168602,1,7359890.69595269,1
"2018-05-18 23:17:39",5278.62659033821,1,7359989.99553441,1
"2018-05-18 23:18:39",5147.47182764599,1,7090134.86687602,1
"2018-05-18 23:19:39",5308.57267378877,1,7359251.77397949,1
"2018-05-18 23:20:39",5607.64600958677,1,7634454.67969182,1
"2018-05-18 23:21:39",5542.72180842108,1,7634500.74864343,1
"2018-05-18 23:22:39",5428.82818516314,1,7634597.04601543,1
"2018-05-18 23:23:39",5287.38146073909,1,7359505.46880707,1
"2018-05-18 23:24:39",5514.0604744111,1,7634403.05386589,1
"2018-05-18 23:25:39",5317.61962572228,1,7359505.67462028,1
"2018-05-18 23:26:39",5265.38883223892,1,7359237.21085453,1
"2018-05-18 23:27:39",5299.39758027091,1,7359465.04407561,1
"2018-05-18 23:28:39",5361.37550243121,1,7359085.24763598,1
"2018-05-18 23:29:39",5304.0549371846,1,7359487.26246288,1
"2018-05-18 23:30:39",5110.21419308853,1,7089088.13322507,1
"2018-05-18 23:31:39",5396.05758432558,1,7359292.26014728,1
"2018-05-18 23:32:39",5272.24883390072,1,7359225.871942,1
"2018-05-18 23:33:39",5355.34168471746,1,7359397.86428523,1
"2018-05-18 23:34:39",5196.47440235412,1,7359680.7457421,1
"2018-05-18 23:35:39",5315.9731502082,1,7359168.714537,1
"2018-05-18 23:36:40",5050.06719832319,1,7359943.80810725,1
"2018-05-18 23:37:40",5274.37577501184,1,7359689.84935469,1
"2018-05-18 23:38:40",5044.13336275664,1,7090039.77050106,1
"2018-05-18 23:39:40",5354.16299837298,1,7359512.36711586,1
"2018-05-18 23:40:40",5343.12563420866,1,7359795.98058882,1
"2018-05-18 23:41:40",5384.31244171164,1,7359511.71547683,1
"2018-05-18 23:42:40",5431.13293809022,1,7359836.09268138,1
"2018-05-18 23:43:40",5590.39135864687,1,7634644.74927784,1
"2018-05-18 23:44:40",5441.77970250013,1,7359765.44822697,1
"2018-05-18 23:45:40",5381.50529621535,1,7359588.89643984,1
"2018-05-18 23:46:40",5730.6906049551,1,7634834.91048334,1
"2018-05-18 23:47:40",5695.284651734,1,7915373.81839192,1
"2018-05-18 23:48:40",5663.27922163753,1,7634590.13255875,1
"2018-05-18 23:49:40",5501.13995669406,1,7635192.9237267,1
"2018-05-18 23:50:40",5557.89299909701,1,7634875.80411397,1
"2018-05-18 23:51:40",5368.37901933522,1,7359990.44833611,1
"2018-05-18 23:52:40",5415.0933737392,1,7359681.79974593,1
"2018-05-18 23:53:40",5764.00947476231,1,7915420.85868495,1
"2018-05-18 23:54:40",5386.21519831172,1,7359740.87377958,1
"2018-05-18 23:55:40",5618.92033944115,1,7635101.97805819,1
"2018-05-18 23:56:40",5611.03598158015,1,7634937.356211,1
"2018-05-18 23:57:40",5707.14557231179,1,7635103.22202305,1
"2018-05-18 23:58:40",5581.59021525572,1,7635011.73555188,1
"2018-05-18 23:59:41",5515.30563137457,1,7359896.97563508,1
"2018-05-19 00:00:23",5674.1862776978,1,7635189.23288412,1
"2018-05-19 00:00:41",5432.73822267403,1,7360151.15957081,1
"2018-05-19 00:01:41",5651.29978322366,1,7634971.40707854,1
"2018-05-19 00:02:41",5626.96430024617,1,7635310.27318794,1
"2018-05-19 00:03:41",5674.50525749792,1,7634967.42948696,1
"2018-05-19 00:04:41",5811.39788593029,1,7635052.9545912,1
"2018-05-19 00:05:41",5776.23245280465,1,7634840.2430859,1
"2018-05-19 00:06:41",5508.3476354454,1,7359946.73851973,1
"2018-05-19 00:07:41",5476.23471233075,1,7359742.1306932,1
"2018-05-19 00:08:41",5513.841500693,1,7360005.58246454,1
"2018-05-19 00:09:41",5480.49272894192,1,7359794.40162725,1
"2018-05-19 00:10:41",5388.53244045048,1,7359869.12460844,1
"2018-05-19 00:11:41",5219.31795585994,1,7089838.25169757,1
"2018-05-19 00:12:41",5389.16320534854,1,7089846.30286206,1
"2018-05-19 00:13:41",5374.07731902097,1,7360308.52355143,1
"2018-05-19 00:14:41",5588.94392294111,1,7359648.77156868,1
"2018-05-19 00:15:41",5399.61460372995,1,7359798.91963883,1
"2018-05-19 00:16:41",5462.99713129339,1,7359774.08995742,1
"2018-05-19 00:17:41",5263.72098396381,1,7090062.11560782,1
"2018-05-19 00:18:41",5418.52922911735,1,7359976.4507973,1
"2018-05-19 00:19:41",5461.74740770733,1,7359451.39253145,1
"2018-05-19 00:20:41",5404.81580090154,1,7359289.78590968,1
"2018-05-19 00:21:41",5378.27499922162,1,7359672.71846821,1
"2018-05-19 00:22:41",5496.72918542228,1,7359164.00443273,1
"2018-05-19 00:23:41",5424.89294117934,1,7359625.58458064,1
"2018-05-19 00:24:41",5417.14510165741,1,7359262.54521037,1
"2018-05-19 00:25:41",5260.44652466598,1,7089416.75475453,1
"2018-05-19 00:26:41",5088.87948767817,1,7089679.12528719,1
"2018-05-19 00:27:42",5275.88759101946,1,7089004.04411693,1
"2018-05-19 00:28:42",5393.95529321998,1,7359477.93150069,1
"2018-05-19 00:29:42",5431.0570385431,1,7359134.38854141,1
"2018-05-19 00:30:42",5371.25836680886,1,7359440.54668795,1
"2018-05-19 00:31:42",5425.5247058038,1,7359076.87661405,1
"2018-05-19 00:32:42",5168.24543070211,1,7089513.16920165,1
"2018-05-19 00:33:42",5420.44683568883,1,7359150.36966415,1
"2018-05-19 00:34:42",5449.0486032164,1,7359399.25056318,1
"2018-05-19 00:35:42",5238.37519712277,1,7089053.47485735,1
"2018-05-19 00:36:42",5484.52075879662,1,7089856.33130878,1
"2018-05-19 00:37:42",5425.37739045857,1,7359521.32694845,1
"2018-05-19 00:38:42",5242.58200872265,1,6824574.27110398,1
"2018-05-19 00:39:42",5524.32924499895,1,7359818.81547475,1
"2018-05-19 00:40:42",5375.16749723654,1,7089384.81547805,1
"2018-05-19 00:41:42",5180.86989724666,1,6824562.03075467,1
"2018-05-19 00:42:42",5377.46001217842,1,7088719.15306411,1
"2018-05-19 00:43:42",5402.20482633105,1,7089505.4211756,1
"2018-05-19 00:44:42",5602.63814647652,1,7359296.57328625,1
"2018-05-19 00:45:42",5177.72564482577,1,6824584.21507811,1
"2018-05-19 00:46:42",5379.39522065992,1,7089385.74196638,1
"2018-05-19 00:47:42",5573.09147062032,1,7089226.98544713,1
"2018-05-19 00:48:42",5301.40221896303,1,7089616.34281431,1
"2018-05-19 00:49:42",5517.63575934979,1,7359846.56250803,1
"2018-05-19 00:50:42",5123.37596428807,1,7089885.52103799,1
"2018-05-19 00:51:42",5511.85892981562,1,7359891.80610987,1
"2018-05-19 00:52:42",5287.53834989397,1,7360386.30883189,1
"2018-05-19 00:53:42",5620.27937533979,1,7359248.03844764,1
"2018-05-19 00:54:43",5248.21634670119,1,7089942.09049371,1
"2018-05-19 00:55:43",5311.34163757279,1,7089689.49439241,1
"2018-05-19 00:56:43",5484.02763254498,1,7360120.33368431,1
"2018-05-19 00:57:43",5499.71289300098,1,7359893.05855087,1
"2018-05-19 00:58:43",5573.96601304526,1,7359975.56383256,1
"2018-05-19 00:59:43",5527.93059398773,1,7359818.20679435,1
"2018-05-19 01:00:43",5537.81563524278,1,7360012.429891,1
"2018-05-19 01:01:43",5252.65896485146,1,7089833.10089757,1
"2018-05-19 01:02:43",5535.81894224107,1,7360110.20637828,1
"2018-05-19 01:03:43",5406.32057280904,1,7359964.61160627,1
"2018-05-19 01:04:43",5489.66671222559,1,7360150.56174035,1
"2018-05-19 01:05:43",5204.57489176449,1,7089887.01466317,1
"2018-05-19 01:06:43",5512.83823186186,1,7359751.8410654,1
"2018-05-19 01:07:43",5472.96135405968,1,7360018.9994565,1
"2018-05-19 01:08:43",5715.84646318917,1,7634897.580015,1
"2018-05-19 01:09:43",5474.48189617099,1,7359988.22846909,1
"2018-05-19 01:10:43",5556.06792622286,1,7359686.0921531,1
"2018-05-19 01:11:43",5726.82106100515,1,7634974.02462944,1
"2018-05-19 01:12:43",5521.65279379528,1,7359657.3457829,1
"2018-05-19 01:13:43",5495.74744837455,1,7360007.25526589,1
"2018-05-19 01:14:43",5704.74961190144,1,7634780.99188689,1
"2018-05-19 01:15:43",5457.15814909548,1,7360089.10887637,1
"2018-05-19 01:16:43",5354.33976416177,1,7359711.75294124,1
"2018-05-19 01:17:43",5497.79985309621,1,7359870.02062975,1
"2018-05-19 01:18:44",5349.19244066565,1,7359957.52252514,1
"2018-05-19 01:19:44",5596.61064297781,1,7634933.89473727,1
"2018-05-19 01:20:44",5567.50696147679,1,7634486.28835254,1
"2018-05-19 01:21:44",5381.20861776957,1,7359152.22390886,1
"2018-05-19 01:22:44",5563.65679092132,1,7634516.75616592,1
"2018-05-19 01:23:44",5601.2118220199,1,7634188.843478,1
"2018-05-19 01:24:44",5804.50712657086,1,7914622.4104919,1
"2018-05-19 01:25:44",5768.84321920981,1,7914404.89896808,1
"2018-05-19 01:26:44",5593.12595191467,1,7634471.46293937,1
"2018-05-19 01:27:44",5284.14306483682,1,7359275.46600669,1
"2018-05-19 01:28:44",5406.68671110312,1,7359273.74508671,1
"2018-05-19 01:29:44",5356.53727927364,1,7359086.77200451,1
"2018-05-19 01:30:44",5457.01301568243,1,7359216.2045184,1
"2018-05-19 01:31:44",5452.02834175905,1,7634406.77317421,1
"2018-05-19 01:32:44",5523.14437170422,1,7634260.57191788,1
"2018-05-19 01:33:44",5317.55605932865,1,7359363.85363395,1
"2018-05-19 01:34:44",5390.70496423075,1,7359030.65193463,1
"2018-05-19 01:35:44",5316.03178821474,1,7359466.23812816,1
"2018-05-19 01:36:44",5266.20266731974,1,7359384.37105344,1
"2018-05-19 01:37:44",5541.97052012264,1,7634893.05556315,1
"2018-05-19 01:38:44",5354.78552948791,1,7359526.68493184,1
"2018-05-19 01:39:44",5344.11670140597,1,7359819.29959556,1
"2018-05-19 01:40:44",5353.06344147636,1,7359548.84809589,1
"2018-05-19 01:41:44",5593.59095569828,1,7634874.54447929,1
"2018-05-19 01:42:44",5341.3332658811,1,7359543.51307726,1
"2018-05-19 01:43:44",5586.29380976218,1,7634846.45881949,1
"2018-05-19 01:44:44",5408.68412074945,1,7359452.72531193,1
"2018-05-19 01:45:44",5441.54572026452,1,7359505.35401754,1
"2018-05-19 01:46:45",5527.15359446741,1,7635202.65531093,1
"2018-05-19 01:47:45",5489.17869377369,1,7359545.74901855,1
"2018-05-19 01:48:45",5773.68760376569,1,7915330.41555209,1
"2018-05-19 01:49:45",5535.06062159578,1,7634854.7661894,1
"2018-05-19 01:50:45",5379.77387129706,1,7359988.19497504,1
"2018-05-19 01:51:45",5614.053463616,1,7634749.71036656,1
"2018-05-19 01:52:45",5614.52275748633,1,7634996.42550313,1
"2018-05-19 01:53:45",5606.68970488299,1,7634764.37375815,1
"2018-05-19 01:54:45",5344.11607806463,1,7359813.28902657,1
"2018-05-19 01:55:45",5495.37498988385,1,7635023.00428174,1
"2018-05-19 01:56:45",5510.05790960959,1,7359846.87389928,1
"2018-05-19 01:57:45",5601.21083775751,1,7634877.79639493,1
"2018-05-19 01:58:45",5741.17689942634,1,7634733.90508968,1
"2018-05-19 01:59:45",5891.20274321059,1,8200853.77925095,1
"2018-05-19 02:00:45",5844.53516058875,1,7914992.18385256,1
"2018-05-19 02:01:45",5595.76641023133,1,7635337.1930256,1
"2018-05-19 02:02:45",5657.3692697754,1,7634974.22321161,1
"2018-05-19 02:03:45",5499.71073124807,1,7360001.44347671,1
"2018-05-19 02:04:45",5699.03991748763,1,7634848.04223814,1
"2018-05-19 02:05:45",5780.14849235368,1,7635101.16221941,1
"2018-05-19 02:06:45",5666.06144411403,1,7634922.9972228,1
"2018-05-19 02:07:45",5523.91832088126,1,7359944.12394356,1
"2018-05-19 02:08:45",5366.31136514411,1,7359878.67518684,1
"2018-05-19 02:09:45",5509.2239765448,1,7359916.23274283,1
"2018-05-19 02:10:45",5443.80813330835,1,7635198.6907804,1
"2018-05-19 02:11:45",5425.29933605398,1,7359801.08641847,1
"2018-05-19 02:12:45",5180.86310456146,1,7090129.24089972,1
"2018-05-19 02:13:46",5637.6562481115,1,7634949.51578258,1
"2018-05-19 02:14:46",5387.35037232826,1,7360157.48883709,1
"2018-05-19 02:15:46",5435.92786562999,1,7359776.72659272,1
"2018-05-19 02:16:46",5428.95044929473,1,7360177.2217662,1
"2018-05-19 02:17:46",5625.57940496846,1,7634930.79262595,1
"2018-05-19 02:18:46",5639.96615124054,1,7635192.04730164,1
"2018-05-19 02:19:46",5158.34248621925,1,7089301.90196944,1
"2018-05-19 02:20:46",5636.30158196345,1,7634557.23689039,1
"2018-05-19 02:21:46",5521.60413223103,1,7634429.0758046,1
"2018-05-19 02:22:46",5407.00288255942,1,7359488.51262208,1
"2018-05-19 02:23:46",5227.8890122791,1,7359540.59013662,1
"2018-05-19 02:24:46",5341.27676130872,1,7359345.84607755,1
"2018-05-19 02:25:46",5346.92824288095,1,7359593.17334656,1
"2018-05-19 02:26:46",5118.58057404534,1,7089434.46009425,1
"2018-05-19 02:27:46",5043.88738146609,1,7089627.92136168,1
"2018-05-19 02:28:46",5358.44268306639,1,7359234.95739069,1
"2018-05-19 02:29:46",5349.76287300193,1,7359519.76153354,1
"2018-05-19 02:30:46",5235.15647045666,1,7089093.96295585,1
"2018-05-19 02:31:46",5397.21462786539,1,7359437.49801817,1
"2018-05-19 02:32:46",5345.35761495715,1,7359299.0880862,1
"2018-05-19 02:33:46",5197.21786765898,1,7089400.54525773,1
"2018-05-19 02:34:46",5515.66392714895,1,7634418.71260695,1
"2018-05-19 02:35:46",5468.68759827335,1,7359349.44372332,1
"2018-05-19 02:36:46",5327.00800994112,1,7359293.22336891,1
"2018-05-19 02:37:46",5495.11656018412,1,7359764.34425368,1
"2018-05-19 02:38:47",5426.06700465127,1,7359905.14800429,1
"2018-05-19 02:39:47",5228.3883525496,1,7089667.21411405,1
"2018-05-19 02:40:47",5539.50853538201,1,7359732.31717307,1
"2018-05-19 02:41:47",5499.28610383973,1,7359532.70714657,1
"2018-05-19 02:42:47",5548.83329173303,1,7359623.57424995,1
"2018-05-19 02:43:47",5384.43005318185,1,7089431.02104262,1
"2018-05-19 02:44:47",5369.25201574795,1,7089566.12417604,1
"2018-05-19 02:45:47",5528.29272164056,1,7359419.87087725,1
"2018-05-19 02:46:47",5300.88419411065,1,7089732.82134223,1
"2018-05-19 02:47:47",5466.62173653582,1,7359506.6885181,1
"2018-05-19 02:48:47",5579.1665323919,1,7359716.35400134,1
"2018-05-19 02:49:47",5277.07649640381,1,7359669.05451636,1
"2018-05-19 02:50:47",5447.73343648169,1,7359629.41944721,1
"2018-05-19 02:51:47",5312.33685943337,1,7360140.41742576,1
"2018-05-19 02:52:47",5398.0637291349,1,7359719.2475163,1
"2018-05-19 02:53:47",5293.44791255603,1,7360250.29003665,1
"2018-05-19 02:54:47",5210.03649182102,1,7089598.24336262,1
"2018-05-19 02:55:47",5159.32236113244,1,7089928.35696366,1
"2018-05-19 02:56:47",5287.61479243489,1,7359935.42124623,1
"2018-05-19 02:57:47",5542.61788704614,1,7635239.12997423,1
"2018-05-19 02:58:47",5372.16861555257,1,7359791.1904649,1
"2018-05-19 02:59:47",5356.29973665387,1,7360132.54994153,1
"2018-05-19 03:00:47",5408.30676900462,1,7635082.74082884,1
"2018-05-19 03:01:47",5619.10656244867,1,7635134.52762583,1
"2018-05-19 03:02:47",5363.6210007679,1,7359821.75347008,1
"2018-05-19 03:03:47",5564.73647782375,1,7634951.08743033,1
"2018-05-19 03:04:48",5333.74794125717,1,7360224.30674538,1
"2018-05-19 03:05:48",5845.24574323395,1,7914520.72185946,1
"2018-05-19 03:06:48",5617.97922403877,1,7635046.79219549,1
"2018-05-19 03:07:48",5464.34947783127,1,7635176.040299,1
"2018-05-19 03:08:48",5774.29837972221,1,7915354.69360596,1
"2018-05-19 03:09:48",5694.46723755339,1,7634609.54448782,1
"2018-05-19 03:10:48",5866.99025798353,1,7634366.93834626,1
"2018-05-19 03:11:48",5475.54391605099,1,7359750.16638019,1
"2018-05-19 03:12:48",5674.47490827572,1,7634915.61342629,1
"2018-05-19 03:13:48",5790.43409320311,1,7914937.29283919,1
"2018-05-19 03:14:48",5894.25286588549,1,7915053.77735987,1
"2018-05-19 03:15:48",5736.95583245448,1,7914976.38017368,1
"2018-05-19 03:16:48",5958.47090436243,1,7914380.71632374,1
"2018-05-19 03:17:48",5783.79870669731,1,7915172.95073917,1
"2018-05-19 03:18:48",5797.45601629494,1,7914925.88741753,1
"2018-05-19 03:19:48",5811.38891029096,1,7915180.42228631,1
"2018-05-19 03:20:48",5560.40231954958,1,7634174.00178987,1
"2018-05-19 03:21:48",5735.36643767991,1,7914586.55371728,1
"2018-05-19 03:22:48",5579.89009570929,1,7634108.14662478,1
"2018-05-19 03:23:48",5621.60317157723,1,7634329.60328696,1
"2018-05-19 03:24:48",5818.65141934162,1,7914230.04048793,1
"2018-05-19 03:25:48",5823.0817061169,1,7914505.01391496,1
"2018-05-19 03:26:48",5773.40330192211,1,7914294.47213465,1
"2018-05-19 03:27:48",5753.14662135386,1,7914579.73179798,1
"2018-05-19 03:28:49",5437.99873192325,1,7634301.7551606,1
"2018-05-19 03:29:49",5762.36944579981,1,7914256.49321376,1
"2018-05-19 03:30:49",5460.60734942915,1,7634503.06941796,1
"2018-05-19 03:31:49",5747.55319858136,1,7914278.53866598,1
"2018-05-19 03:32:49",5499.34557395607,1,7634410.86227138,1
"2018-05-19 03:33:49",5762.19250574887,1,7914214.94719088,1
"2018-05-19 03:34:49",5483.04781043727,1,7634501.41862144,1
"2018-05-19 03:35:49",5724.11843755518,1,7914285.99447606,1
"2018-05-19 03:36:49",5514.63681239931,1,7634447.95779794,1
"2018-05-19 03:37:49",5516.06489594022,1,7634648.37454899,1
"2018-05-19 03:38:49",5761.97285329523,1,7915068.33943782,1
"2018-05-19 03:39:49",5662.60406634659,1,7914814.54492572,1
"2018-05-19 03:40:49",5739.42468321409,1,7915045.82621418,1
"2018-05-19 03:41:49",5642.57599854067,1,7914892.06231456,1
"2018-05-19 03:42:49",5811.11201213688,1,7914659.2407057,1
"2018-05-19 03:43:49",5609.52676227313,1,7915254.42393909,1
"2018-05-19 03:44:49",5539.07184722799,1,7634576.40428071,1
"2018-05-19 03:45:49",5740.65579515054,1,7915025.09724464,1
"2018-05-19 03:46:49",5601.11598269817,1,7634499.18883266,1
"2018-05-19 03:47:49",5822.04643772122,1,7915028.00955042,1
"2018-05-19 03:48:49",6011.65454801365,1,8200080.14155673,1
"2018-05-19 03:49:49",6215.09546118268,1,8490626.00978949,1
"2018-05-19 03:50:49",5785.47880015755,1,7914800.07111985,1
"2018-05-19 03:51:49",5886.17586536983,1,8200707.046298,1
"2018-05-19 03:52:49",5904.96850754961,1,8200246.99765435,1
"2018-05-19 03:53:49",6017.80158718635,1,8200357.59724118,1
"2018-05-19 03:54:49",5585.62603550165,1,7915242.74623097,1
"2018-05-19 03:55:49",5965.38047158572,1,8200072.6812132,1
"2018-05-19 03:56:50",6024.9823965459,1,8200394.86789773,1
"2018-05-19 03:57:50",6062.04490885978,1,8200058.83417131,1
"2018-05-19 03:58:50",6055.42173620541,1,8200434.95154145,1
"2018-05-19 03:59:50",6089.70200214202,1,8200122.11030519,1
"2018-05-19 04:00:50",6112.56523655196,1,8200414.59798997,1
"2018-05-19 04:01:50",6329.55053171017,1,8490300.98102417,1
"2018-05-19 04:02:50",6332.81752958082,1,8490628.32242323,1
"2018-05-19 04:03:50",5868.51530807592,1,7914971.38747528,1
"2018-05-19 04:04:50",6398.62545172733,1,8490552.87734967,1
"2018-05-19 04:05:50",5900.00676212358,1,7914982.04943278,1
"2018-05-19 04:06:50",5915.15568424514,1,7915103.07398094,1
"2018-05-19 04:07:50",5927.1931355339,1,8200385.74842791,1
"2018-05-19 04:08:50",5848.3053814149,1,7914965.51225187,1
"2018-05-19 04:09:50",5615.40915228362,1,7635154.86977655,1
"2018-05-19 04:10:50",6098.39512318521,1,8200151.273833,1
"2018-05-19 04:11:50",6090.58769449799,1,8200353.99587263,1
"2018-05-19 04:12:50",5870.39328411775,1,7914932.39985725,1
"2018-05-19 04:13:50",5829.98252974972,1,7915282.61788701,1
"2018-05-19 04:14:50",5768.74627792342,1,7915137.46274886,1
"2018-05-19 04:15:50",5606.04438292749,1,7635247.32758596,1
"2018-05-19 04:16:50",5741.35086035619,1,7915214.20453515,1
"2018-05-19 04:17:50",5947.58536645867,1,8200329.15084379,1
"2018-05-19 04:18:50",5820.81633949456,1,7915044.02295638,1
"2018-05-19 04:19:51",5616.11489741335,1,7916603.68598135,1
"2018-05-19 04:20:51",5838.02942119723,1,8199900.93502943,1
"2018-05-19 04:21:51",5763.20865809849,1,7914593.26192864,1
"2018-05-19 04:22:51",5608.86308444922,1,7915212.83128619,1
"2018-05-19 04:23:51",5662.22115257886,1,7914881.22253918,1
"2018-05-19 04:24:51",5765.96867692287,1,7914819.88658995,1
"2018-05-19 04:25:51",5984.99180149706,1,8199718.63248115,1
"2018-05-19 04:26:51",5718.55608084413,1,7914966.57926439,1
"2018-05-19 04:27:51",5782.04104196433,1,7914511.93984495,1
"2018-05-19 04:28:51",5720.73395317961,1,7914798.95887721,1
"2018-05-19 04:29:51",5791.21661897732,1,7914418.22773894,1
"2018-05-19 04:30:51",5579.59686357259,1,7634591.68210842,1
"2018-05-19 04:31:51",5957.14040528455,1,8199674.86679553,1
"2018-05-19 04:32:51",6071.16235056846,1,8199740.34459665,1
"2018-05-19 04:33:51",5653.61004254568,1,7914612.17617356,1
"2018-05-19 04:34:51",5581.93795827581,1,7634283.22287884,1
"2018-05-19 04:35:51",5704.15645759333,1,7914771.15162302,1
"2018-05-19 04:36:51",5746.67213772804,1,7914541.04159878,1
"2018-05-19 04:37:51",5486.98580230754,1,7634680.20260688,1
"2018-05-19 04:38:51",5830.82480817835,1,7914242.74356498,1
"2018-05-19 04:39:51",5862.79630720225,1,7915177.59338242,1
"2018-05-19 04:40:51",5912.37745619512,1,7914747.50055896,1
"2018-05-19 04:41:51",5919.59689768119,1,7915050.69151737,1
"2018-05-19 04:42:51",5876.10938295089,1,7914837.14471069,1
"2018-05-19 04:43:51",5809.56141318121,1,7634549.35170541,1
"2018-05-19 04:44:51",5533.05137374665,1,7634433.14503326,1
"2018-05-19 04:45:51",6047.99211661393,1,7914753.31127046,1
"2018-05-19 04:46:51",5609.98747112935,1,7634608.96257142,1
"2018-05-19 04:47:51",5919.29817667822,1,7914649.7232124,1
"2018-05-19 04:48:51",5674.87649115807,1,7634850.47173821,1
"2018-05-19 04:49:52",5772.58470514721,1,7914370.14337469,1
"2018-05-19 04:50:52",5741.50359682764,1,7915185.73607514,1
"2018-05-19 04:51:52",5765.47874700604,1,7915054.07399275,1
"2018-05-19 04:52:52",5936.50578591301,1,8200533.32815354,1
"2018-05-19 04:53:52",5768.25793356393,1,7914976.73723444,1
"2018-05-19 04:54:52",5782.77399533572,1,7915263.23709328,1
"2018-05-19 04:55:52",5902.45209835482,1,7914931.70775789,1
"2018-05-19 04:56:52",5792.96229923185,1,7915264.5034379,1
"2018-05-19 04:57:52",5739.89312691786,1,7915019.95455625,1
"2018-05-19 04:58:52",5822.87285711569,1,7915430.71580065,1
"2018-05-19 04:59:52",5951.41152396175,1,8200380.14684128,1
"2018-05-19 05:00:52",6199.88056998865,1,8490553.53385142,1
"2018-05-19 05:01:52",5897.59908866819,1,8200654.78218088,1
"2018-05-19 05:02:52",6263.17165371659,1,8490434.42109853,1
"2018-05-19 05:03:52",5931.70863744166,1,8200812.97702636,1
"2018-05-19 05:04:52",5987.58940734144,1,8200342.88992274,1
"2018-05-19 05:05:52",5864.41319966935,1,7915285.28865437,1
"2018-05-19 05:06:52",6364.54129613171,1,8490348.4059699,1
"2018-05-19 05:07:52",6251.2476561547,1,8490708.21933537,1
"2018-05-19 05:08:52",5850.41420680011,1,8200376.85184916,1
"2018-05-19 05:09:52",6236.92502727239,1,8490543.05159589,1
"2018-05-19 05:10:52",5978.04483680027,1,8200050.67589698,1
"2018-05-19 05:11:52",6003.62066385727,1,8200313.72809108,1
"2018-05-19 05:12:52",5839.20757193259,1,8200055.04150535,1
"2018-05-19 05:13:52",6265.37769702789,1,8490177.70326094,1
"2018-05-19 05:14:52",6261.3091999699,1,8490500.19028516,1
"2018-05-19 05:15:52",6285.27181992156,1,8490201.72563311,1
"2018-05-19 05:16:52",5860.76116015569,1,8200650.94569724,1
"2018-05-19 05:17:52",6407.81309643899,1,8785593.04238204,1
"2018-05-19 05:18:52",6382.07165354878,1,8785923.11375709,1
"2018-05-19 05:19:53",5973.47440300184,1,8200116.17845805,1
"2018-05-19 05:20:53",6373.07498722465,1,8786038.63371844,1
"2018-05-19 05:21:53",6118.6308981244,1,8489705.26148669,1
"2018-05-19 05:22:53",6395.53041388601,1,8785211.4493244,1
"2018-05-19 05:23:53",6581.26518839026,1,9085250.64083805,1
"2018-05-19 05:24:53",6368.77301176634,1,8785441.46242814,1
"2018-05-19 05:25:53",6277.8542465507,1,8785146.9940198,1
"2018-05-19 05:26:53",6249.49225146095,1,8489523.39456815,1
"2018-05-19 05:27:53",6052.63311576386,1,8490107.41695845,1
"2018-05-19 05:28:53",6366.73500424427,1,8784868.07728645,1
"2018-05-19 05:29:53",6074.648709147,1,8490007.55725759,1
"2018-05-19 05:30:53",6145.73240702486,1,8489614.39377747,1
"2018-05-19 05:31:53",6068.13917003687,1,8490033.90533436,1
"2018-05-19 05:32:53",6112.06398899242,1,8489627.47728455,1
"2018-05-19 05:33:53",6124.48196412139,1,8489925.91493166,1
"2018-05-19 05:34:53",6096.46761861136,1,8489683.63243432,1
"2018-05-19 05:35:53",6119.88413287205,1,8489950.19545409,1
"2018-05-19 05:36:53",6282.28085739609,1,8785009.10236083,1
"2018-05-19 05:37:53",6370.00773709291,1,8785192.20416663,1
"2018-05-19 05:38:53",6125.50464796128,1,8785860.27961352,1
"2018-05-19 05:39:53",6433.70622024779,1,9085940.28047458,1
"2018-05-19 05:40:53",6228.81687324892,1,8785878.84379064,1
"2018-05-19 05:41:53",6038.976020066,1,8490344.67705906,1
"2018-05-19 05:42:53",6141.6107989234,1,8490471.26265954,1
"2018-05-19 05:43:54",6067.05995091723,1,8490314.90534962,1
"2018-05-19 05:44:54",6305.23033211127,1,8785757.19298831,1
"2018-05-19 05:45:54",6392.12037471822,1,8785354.47928863,1
"2018-05-19 05:46:54",6370.52690302397,1,8785693.09452165,1
"2018-05-19 05:47:54",6401.80090399468,1,8785367.65644296,1
"2018-05-19 05:48:54",6701.165992742,1,9085976.16794375,1
"2018-05-19 05:49:54",6381.88420533078,1,8785610.30964812,1
"2018-05-19 05:50:54",6275.10591461193,1,8785843.78428282,1
"2018-05-19 05:51:54",6642.21132133314,1,9391511.63005383,1
"2018-05-19 05:52:54",6561.34059177197,1,9085936.9364085,1
"2018-05-19 05:53:54",6290.87670156652,1,8785912.51227657,1
"2018-05-19 05:54:54",6622.93182953224,1,9085808.0116461,1
"2018-05-19 05:55:54",6608.22830498922,1,9085913.92325899,1
"2018-05-19 05:56:54",6648.77063582074,1,9085756.04666203,1
"2018-05-19 05:57:54",6425.39776672875,1,8785768.7360953,1
"2018-05-19 05:58:54",6577.99650565592,1,9086157.98304886,1
"2018-05-19 05:59:54",6682.64431372158,1,9086165.79946689,1
"2018-05-19 06:00:54",6700.54013467457,1,9085709.26706306,1
"2018-05-19 06:01:54",6702.60159526033,1,9086414.37239751,1
"2018-05-19 06:02:54",6641.67580601612,1,9086025.41166688,1
"2018-05-19 06:03:54",6924.37414809149,1,9391674.52851825,1
"2018-05-19 06:04:54",6772.13974425057,1,9391521.01663272,1
"2018-05-19 06:05:54",6721.20929943587,1,9085998.66380094,1
"2018-05-19 06:06:54",6449.34112443781,1,9086905.13550658,1
"2018-05-19 06:07:54",6950.26036376768,1,9391260.75882736,1
"2018-05-19 06:08:54",6575.18218171593,1,9086397.96923766,1
"2018-05-19 06:09:54",6818.20056612515,1,9391375.20258428,1
"2018-05-19 06:10:54",6674.29950075631,1,9086166.74493218,1
"2018-05-19 06:11:54",6646.5116668423,1,9085935.85620364,1
"2018-05-19 06:12:55",6442.30844330352,1,8786044.76934145,1
"2018-05-19 06:13:55",6414.42297442525,1,8785659.04636154,1
"2018-05-19 06:14:55",6425.5960762482,1,8785965.67609326,1
"2018-05-19 06:15:55",6616.97390393721,1,9086057.76509259,1
"2018-05-19 06:16:55",6447.09683644135,1,8785970.98688189,1
"2018-05-19 06:17:55",6489.76260757696,1,9086298.65519935,1
"2018-05-19 06:18:55",6611.73750722992,1,9086405.39081937,1
"2018-05-19 06:19:55",6353.16403893445,1,8786076.39048503,1
"2018-05-19 06:20:55",6601.57684216334,1,9086135.64575945,1
"2018-05-19 06:21:55",6294.48709677627,1,8785454.67861545,1
"2018-05-19 06:22:55",6795.05010615301,1,9390843.96679766,1
"2018-05-19 06:23:55",6288.91898525537,1,8785508.94690297,1
"2018-05-19 06:24:55",6270.15664759466,1,8785316.41078964,1
"2018-05-19 06:25:55",6507.65027231192,1,9085812.7043889,1
"2018-05-19 06:26:55",6555.17091136112,1,9085458.16848597,1
"2018-05-19 06:27:55",6647.03969948541,1,9085769.95469598,1
"2018-05-19 06:28:55",6525.92784532397,1,9085669.48661143,1
"2018-05-19 06:29:55",6400.60069829126,1,8785464.01690893,1
"2018-05-19 06:30:55",6256.75138139614,1,8785304.41668496,1
"2018-05-19 06:31:55",6429.59126979454,1,8785653.18958675,1
"2018-05-19 06:32:55",6510.55970661161,1,9085847.16444151,1
"2018-05-19 06:33:55",6583.27616083666,1,9085484.43839755,1
"2018-05-19 06:34:55",6332.2956027233,1,8785478.00678447,1
"2018-05-19 06:35:55",6619.65742811382,1,9085447.18618812,1
"2018-05-19 06:36:55",6206.13356448496,1,8785812.1089834,1
"2018-05-19 06:37:55",6555.83881664667,1,9085479.45264235,1
"2018-05-19 06:38:56",6571.28790607436,1,9085730.95455667,1
"2018-05-19 06:39:56",6876.83684608065,1,9085708.87697492,1
"2018-05-19 06:40:56",6642.43865906154,1,8785620.1096907,1
"2018-05-19 06:41:56",6684.92594992484,1,9085886.68825484,1
"2018-05-19 06:42:56",6544.51944370771,1,8785689.77327452,1
"2018-05-19 06:43:56",6352.10376239501,1,8785548.69130168,1
"2018-05-19 06:44:56",6566.37400260557,1,8785719.82972956,1
"2018-05-19 06:45:56",6667.98173707595,1,9086018.10993456,1
"2018-05-19 06:46:56",6559.62073545206,1,8785328.32291985,1
"2018-05-19 06:47:56",6587.44465160875,1,8785544.62970868,1
"2018-05-19 06:48:56",6531.47663050129,1,8785336.32436071,1
"2018-05-19 06:49:56",6591.57044033971,1,8785611.57131628,1
"2018-05-19 06:50:56",6991.45116744867,1,9391166.3662083,1
"2018-05-19 06:51:56",6690.92340961914,1,9086153.43849124,1
"2018-05-19 06:52:56",6860.08586003546,1,9391350.15340382,1
"2018-05-19 06:53:56",6697.83004860196,1,9086173.04209558,1
"2018-05-19 06:54:56",6636.04373585011,1,9085970.40705584,1
"2018-05-19 06:55:56",6638.47070083131,1,9086299.4862227,1
"2018-05-19 06:56:56",6521.6911508133,1,9085933.84185734,1
"2018-05-19 06:57:56",6697.58909805065,1,9086396.33977862,1
"2018-05-19 06:58:56",6880.90855912674,1,9391662.55731613,1
"2018-05-19 06:59:56",6878.84656145954,1,9391523.59394425,1
"2018-05-19 07:00:56",6859.42506848417,1,9391769.14576069,1
"2018-05-19 07:01:56",7050.73917446757,1,9701071.91959885,1
"2018-05-19 07:02:56",7119.76937873086,1,9702003.14014574,1
"2018-05-19 07:03:56",7132.62091206067,1,9701763.10602343,1
"2018-05-19 07:04:57",6940.83961037198,1,9391526.88363835,1
"2018-05-19 07:05:57",6847.86916545234,1,9391366.84917395,1
"2018-05-19 07:06:57",7043.73145911276,1,9391124.41940906,1
"2018-05-19 07:07:57",6918.83013646376,1,9701627.31345901,1
"2018-05-19 07:08:57",7187.24541165228,1,9701954.54529653,1
"2018-05-19 07:09:57",6859.29494874855,1,9702155.46084949,1
"2018-05-19 07:10:57",7132.55223371584,1,10018069.5364877,1
"2018-05-19 07:11:57",7050.26784951595,1,9702035.04695083,1
"2018-05-19 07:12:57",7052.82223185137,1,9701060.45929408,1
"2018-05-19 07:13:57",7232.82931230757,1,10017506.0343504,1
"2018-05-19 07:14:57",7298.10921210088,1,10017203.0038824,1
"2018-05-19 07:15:57",7238.00389837634,1,10017576.2706032,1
"2018-05-19 07:16:57",7240.84572811723,1,10017353.3963118,1
"2018-05-19 07:17:57",7303.46229084686,1,10017469.7002756,1
"2018-05-19 07:18:57",7814.65794719743,1,10663356.1642028,1
"2018-05-19 07:19:57",7106.24687468623,1,9701987.79115772,1
"2018-05-19 07:20:57",7479.57053655269,1,10337934.533888,1
"2018-05-19 07:21:57",7366.7196662633,1,10017466.1150097,1
"2018-05-19 07:22:57",7590.88728005306,1,10662844.5267629,1
"2018-05-19 07:23:57",7473.88469492945,1,10337642.3171596,1
"2018-05-19 07:24:57",7410.69496582525,1,10337519.4141421,1
"2018-05-19 07:25:57",7738.77534284851,1,10662618.3786823,1
"2018-05-19 07:26:57",7418.73968663171,1,10337492.2757543,1
"2018-05-19 07:27:57",7803.65536425623,1,10662569.4314344,1
"2018-05-19 07:28:58",7402.91293178895,1,10337459.9393466,1
"2018-05-19 07:29:58",7411.61197937819,1,10336975.3809836,1
"2018-05-19 07:30:58",7473.14440542997,1,10337244.6069571,1
"2018-05-19 07:31:58",7444.44999023458,1,10336968.4021654,1
"2018-05-19 07:32:58",7540.86443960071,1,10337145.1785149,1
"2018-05-19 07:33:58",7654.68760067226,1,10662600.0551302,1
"2018-05-19 07:34:58",7530.48707173619,1,10337166.0717832,1
"2018-05-19 07:35:58",7167.82367844057,1,10016479.6490346,1
"2018-05-19 07:36:58",7434.50329592968,1,10337472.1410543,1
"2018-05-19 07:37:58",7212.93509430449,1,10337906.7426262,1
"2018-05-19 07:38:58",7266.74602952414,1,10016373.3511518,1
"2018-05-19 07:39:58",6998.12653651136,1,10017512.1737262,1
"2018-05-19 07:40:58",7486.28027940909,1,10337409.2463468,1
"2018-05-19 07:41:58",7382.20679326003,1,10337886.7806495,1
"2018-05-19 07:42:58",7070.44865627566,1,10017505.1494349,1
"2018-05-19 07:43:58",7452.91526026229,1,10337863.8492861,1
"2018-05-19 07:44:58",7465.76023396712,1,10337502.96285,1
"2018-05-19 07:45:58",7618.73000466431,1,10337749.5597319,1
"2018-05-19 07:46:58",7333.42992382819,1,10016878.1343729,1
"2018-05-19 07:47:58",7621.84729737312,1,10337661.9785293,1
"2018-05-19 07:48:58",7705.20587428789,1,10663174.1532535,1
"2018-05-19 07:49:58",7890.65880711346,1,10663440.2428498,1
"2018-05-19 07:50:58",7926.50112733688,1,10994256.077759,1
"2018-05-19 07:51:58",7586.458811022,1,10663464.2280855,1
"2018-05-19 07:52:58",7911.22673613917,1,10994287.4975516,1
"2018-05-19 07:53:58",7736.36226183078,1,10663285.7647356,1
"2018-05-19 07:54:59",7668.6283044716,1,10663718.9211688,1
"2018-05-19 07:55:59",7771.21230220144,1,10663207.0942702,1
"2018-05-19 07:56:59",8097.26361354259,1,10994173.1530177,1
"2018-05-19 07:57:59",8070.57059563869,1,10993812.330979,1
"2018-05-19 07:58:59",8310.5779793285,1,11329852.1662524,1
"2018-05-19 07:59:59",7839.75355292477,1,10663282.7427289,1
"2018-05-19 08:00:59",7916.67320781632,1,10663497.4041188,1
"2018-05-19 08:01:59",8212.29699814115,1,11329926.5814652,1
"2018-05-19 08:02:59",8059.55232555066,1,10994256.5964474,1
"2018-05-19 08:03:59",8024.24357494158,1,10994445.4310878,1
"2018-05-19 08:04:59",8192.5893640102,1,10993880.5535313,1
"2018-05-19 08:05:59",8239.95870306485,1,11330215.3297426,1
"2018-05-19 08:06:59",8047.51919761186,1,10994093.7749879,1
"2018-05-19 08:07:59",8191.29001891037,1,10994163.5323365,1
"2018-05-19 08:08:59",7887.05006417728,1,10663340.0418801,1
"2018-05-19 08:09:59",8113.48692825525,1,10994163.4522724,1
"2018-05-19 08:10:59",7802.59850517084,1,10663377.5551939,1
"2018-05-19 08:11:59",7876.29114348668,1,10663625.8222617,1
"2018-05-19 08:12:59",8007.45130429184,1,10994024.4799984,1
"2018-05-19 08:13:59",7704.5055681864,1,10663481.7024392,1
"2018-05-19 08:14:59",7716.36378142338,1,10663597.0877341,1
"2018-05-19 08:15:59",7869.28949997965,1,10663588.7685058,1
"2018-05-19 08:16:59",8066.31633842907,1,10994324.4716789,1
"2018-05-19 08:17:59",7855.6437187693,1,10663336.525179,1
"2018-05-19 08:18:59",8167.22430791751,1,10993929.8205507,1
"2018-05-19 08:19:59",8119.88593985492,1,10993846.6768647,1
"2018-05-19 08:21:00",7813.99165502089,1,10663701.498357,1
"2018-05-19 08:22:00",7988.54745690357,1,10993693.6164156,1
"2018-05-19 08:23:00",8018.74480769315,1,10993609.4640167,1
"2018-05-19 08:24:00",7819.76210908024,1,10662545.3808064,1
"2018-05-19 08:25:00",7777.5790878348,1,10662999.1211552,1
"2018-05-19 08:26:00",7774.40149242997,1,10662703.8880689,1
"2018-05-19 08:27:00",8110.53645890887,1,10993476.3801227,1
"2018-05-19 08:28:00",7686.12790278484,1,10662904.6953248,1
"2018-05-19 08:29:00",7794.09533676336,1,10663143.8329417,1
"2018-05-19 08:30:00",7616.91792750205,1,10663133.389331,1
"2018-05-19 08:31:00",8011.6276524242,1,10993238.9686007,1
"2018-05-19 08:32:00",7965.86694419423,1,10993532.5356169,1
"2018-05-19 08:33:00",7807.32060109644,1,10662519.566429,1
"2018-05-19 08:34:00",7720.91172221811,1,10662932.6538888,1
"2018-05-19 08:35:00",7788.1294360711,1,10662547.8862499,1
"2018-05-19 08:36:00",7777.60219520984,1,10662873.8864718,1
"2018-05-19 08:37:00",8016.82487902533,1,10993176.8261877,1
"2018-05-19 08:38:00",7631.43972888443,1,10663325.679046,1
"2018-05-19 08:39:00",7549.09705908059,1,10663274.8845643,1
"2018-05-19 08:40:00",8161.6066186017,1,10663610.5308519,1
"2018-05-19 08:41:00",7813.364709456,1,10993684.8571684,1
"2018-05-19 08:42:00",7928.13177996444,1,10663241.9446652,1
"2018-05-19 08:43:00",7984.91566651004,1,10994135.1089613,1
"2018-05-19 08:44:00",7795.44008766616,1,10663137.8310428,1
"2018-05-19 08:45:00",7483.51807673933,1,10338005.201479,1
"2018-05-19 08:46:00",7689.13764976507,1,10662525.0230281,1
"2018-05-19 08:47:00",8023.22900078457,1,10993990.4711862,1
"2018-05-19 08:48:00",7834.6755812449,1,10663040.1703431,1
"2018-05-19 08:49:01",8094.94150780684,1,10993890.7999876,1
"2018-05-19 08:50:01",7842.69538962278,1,10663029.3652504,1
"2018-05-19 08:51:01",8176.68324510715,1,10993859.0407926,1
"2018-05-19 08:52:01",7952.12058276838,1,10994005.6507853,1
"2018-05-19 08:53:01",7780.70434859999,1,10663518.8487701,1
"2018-05-19 08:54:01",8065.75380057459,1,11329852.5202294,1
"2018-05-19 08:55:01",7995.81947749279,1,10994254.3016484,1
"2018-05-19 08:56:01",7889.66278240107,1,10994359.0294541,1
"2018-05-19 08:57:01",7972.80750119372,1,10993889.6341594,1
"2018-05-19 08:58:01",7639.68190568009,1,10663734.0520946,1
"2018-05-19 08:59:01",7668.91588990239,1,10663482.1580311,1
"2018-05-19 09:00:01",7914.30024159164,1,10994443.7330045,1
"2018-05-19 09:01:01",8191.02808031227,1,11329896.9613505,1
"2018-05-19 09:02:01",8212.95372392629,1,11330261.5086836,1
"2018-05-19 09:03:01",8095.04789902633,1,10994162.7138211,1
"2018-05-19 09:04:01",8272.66226718819,1,11330048.939161,1
"2018-05-19 09:05:01",8003.48395432654,1,10994243.1553437,1
"2018-05-19 09:06:01",8259.9443323818,1,11330224.8807963,1
"2018-05-19 09:07:01",8133.66019532621,1,11330046.2871197,1
"2018-05-19 09:08:01",8446.5365466013,1,11671066.8724094,1
"2018-05-19 09:09:01",7910.82550306744,1,10994616.7073283,1
"2018-05-19 09:10:02",8261.49895411357,1,11329760.9526265,1
"2018-05-19 09:11:02",8216.15837250991,1,11330136.441616,1
"2018-05-19 09:12:02",8215.51695164323,1,11329733.3678096,1
"2018-05-19 09:13:02",8287.37500916062,1,11329941.8432844,1
"2018-05-19 09:14:02",8320.20977819971,1,11329672.2573008,1
"2018-05-19 09:15:02",8300.52397287791,1,11329945.1503021,1
"2018-05-19 09:16:02",8274.75823574641,1,11329611.73307,1
"2018-05-19 09:17:02",8329.64582149151,1,11329888.0640468,1
"2018-05-19 09:18:02",8352.32669839479,1,11670663.8979765,1
"2018-05-19 09:19:02",8400.70245322382,1,11670983.2019219,1
"2018-05-19 09:20:02",8293.03475031763,1,11670431.4434386,1
"2018-05-19 09:21:02",8318.39134292191,1,11329912.7356965,1
"2018-05-19 09:22:02",8363.8739873846,1,11670910.8779201,1
"2018-05-19 09:23:02",8473.45900872789,1,11670398.1911917,1
"2018-05-19 09:24:02",8341.60557715979,1,11670038.5000384,1
"2018-05-19 09:25:02",8931.1493353927,1,12366158.7039494,1
"2018-05-19 09:26:02",8288.75520822758,1,11670201.5036433,1
"2018-05-19 09:27:02",8458.49858047633,1,11669557.9432175,1
"2018-05-19 09:28:02",8387.73018513287,1,11670027.6913537,1
"2018-05-19 09:29:02",8191.74939164405,1,11328917.8961783,1
"2018-05-19 09:30:02",8385.70964030468,1,11670099.6822672,1
"2018-05-19 09:31:02",8041.00250004418,1,11329256.0154587,1
"2018-05-19 09:32:02",8103.18037216323,1,11329288.0285426,1
"2018-05-19 09:33:02",7932.37463288155,1,11329163.1662652,1
"2018-05-19 09:34:03",8479.71407939229,1,11669812.1047801,1
"2018-05-19 09:35:03",8078.26165054419,1,11329320.1895975,1
"2018-05-19 09:36:03",8410.48964375844,1,11669581.2641899,1
"2018-05-19 09:37:03",7963.80150982982,1,11329637.794914,1
"2018-05-19 09:38:03",8094.15497712011,1,11328950.2875572,1
"2018-05-19 09:39:03",7976.1244728792,1,11329524.4569082,1
"2018-05-19 09:40:03",8325.12931583068,1,11669753.8119418,1
"2018-05-19 09:41:03",8312.35759572697,1,11670556.2290387,1
"2018-05-19 09:42:03",8351.396094105,1,11670236.0715997,1
"2018-05-19 09:43:03",8129.83112619512,1,11329806.9008608,1
"2018-05-19 09:44:03",8377.32657136089,1,11670199.609799,1
"2018-05-19 09:45:03",8408.02174031858,1,11670482.7945953,1
"2018-05-19 09:46:03",8255.56014247083,1,11670389.1229655,1
"2018-05-19 09:47:03",8430.65551007631,1,11670325.1912321,1
"2018-05-19 09:48:03",8301.43053592442,1,11670707.7430293,1
"2018-05-19 09:49:03",8382.37214470261,1,11670291.7100927,1
"2018-05-19 09:50:03",8378.67549270451,1,11670737.5709988,1
"2018-05-19 09:51:03",8436.75241407624,1,11670373.206656,1
"2018-05-19 09:52:03",8612.98118078143,1,11670342.6437679,1
"2018-05-19 09:53:03",8353.04185631652,1,11670506.1183448,1
"2018-05-19 09:54:03",8335.04450134541,1,11671143.3744554,1
"2018-05-19 09:55:03",8362.77516935398,1,11670581.1371958,1
"2018-05-19 09:56:03",8401.67326017585,1,11670971.8294054,1
"2018-05-19 09:57:03",8715.15700696967,1,12016137.2875546,1
"2018-05-19 09:58:03",8542.49121277168,1,11670791.3230366,1
"2018-05-19 09:59:04",8392.7290908862,1,11670573.8162915,1
"2018-05-19 10:00:04",8779.81899256675,1,12016531.4610649,1
"2018-05-19 10:01:04",8681.12193797447,1,12016790.8734921,1
"2018-05-19 10:02:04",8517.18892906929,1,11670565.7077671,1
"2018-05-19 10:03:04",8370.35681395954,1,11671170.9699367,1
"2018-05-19 10:04:04",8572.26660800778,1,11670426.2590122,1
"2018-05-19 10:05:04",8766.88612059313,1,12016761.548127,1
"2018-05-19 10:06:04",8705.49217960257,1,12016632.0851899,1
"2018-05-19 10:07:04",8286.71149688789,1,11330190.1923589,1
"2018-05-19 10:08:04",8463.41086208908,1,11670725.9301778,1
"2018-05-19 10:09:04",8649.18227687319,1,11670902.448003,1
"2018-05-19 10:10:04",7978.88996793343,1,10994309.4562293,1
"2018-05-19 10:11:04",8248.81589469164,1,11330201.6866364,1
"2018-05-19 10:12:04",7957.9795105908,1,10994263.4061974,1
"2018-05-19 10:13:04",8137.385962105,1,10994279.0856733,1
"2018-05-19 10:14:04",7691.29422243133,1,10995558.439614,1
"2018-05-19 10:15:04",8245.73238768517,1,11329720.0961371,1
"2018-05-19 10:16:04",8001.57255368363,1,10994464.5100028,1
"2018-05-19 10:17:04",8061.64974483586,1,10994061.9470841,1
"2018-05-19 10:18:04",8049.8573431387,1,10994399.2430653,1
"2018-05-19 10:19:04",8059.1250839826,1,10994051.4719143,1
"2018-05-19 10:20:04",8061.10865703135,1,10994517.6996707,1
"2018-05-19 10:21:04",7983.64497508316,1,10994309.8497286,1
"2018-05-19 10:22:04",8062.86053333568,1,10994409.1132783,1
"2018-05-19 10:23:04",8169.88743184426,1,11329279.20378,1
"2018-05-19 10:24:04",7777.45079614018,1,10663082.1807741,1
"2018-05-19 10:25:04",7940.90731765886,1,10993419.6501377,1
"2018-05-19 10:26:05",8053.4268794396,1,10993723.118037,1
"2018-05-19 10:27:05",7734.93067714748,1,10663129.0115188,1
"2018-05-19 10:28:05",7780.48961810568,1,10662767.6819251,1
"2018-05-19 10:29:05",7760.93953695271,1,10663283.0427004,1
"2018-05-19 10:30:05",8045.84278285699,1,10993414.6327502,1
"2018-05-19 10:31:05",7696.34552435141,1,10663101.168676,1
"2018-05-19 10:32:05",7910.25072110239,1,10993650.7904913,1
"2018-05-19 10:33:05",7762.63492898217,1,10662999.0120836,1
"2018-05-19 10:34:05",8199.38302994178,1,11329094.9316413,1
"2018-05-19 10:35:05",7736.74169650936,1,10663090.8541149,1
"2018-05-19 10:36:05",7714.25314774792,1,10662833.6575779,1
"2018-05-19 10:37:05",7955.02670383012,1,10993805.9537017,1
"2018-05-19 10:38:05",7737.21251130252,1,10662709.347948,1
"2018-05-19 10:39:05",8087.87247261632,1,10993474.8416565,1
"2018-05-19 10:40:05",7707.94079033824,1,10663061.5872762,1
"2018-05-19 10:41:05",7791.74031235729,1,10663398.7543742,1
"2018-05-19 10:42:05",7970.0703023521,1,10994168.5113244,1
"2018-05-19 10:43:05",7786.04751402603,1,10663264.1360777,1
"2018-05-19 10:44:05",7518.59230839413,1,10338035.2266215,1
"2018-05-19 10:45:05",8031.67649857181,1,10993930.0795478,1
"2018-05-19 10:46:05",7783.40542740901,1,10663654.0528844,1
"2018-05-19 10:47:05",7806.90835458172,1,10663343.1938917,1
"2018-05-19 10:48:05",7821.94315297017,1,10663457.3316108,1
"2018-05-19 10:49:06",7982.87172733024,1,10993820.7655804,1
"2018-05-19 10:50:06",8032.625330173,1,10994159.0313978,1
"2018-05-19 10:51:06",7711.90050155785,1,10663350.0393883,1
"2018-05-19 10:52:06",7849.10451728206,1,10663600.2285933,1
"2018-05-19 10:53:06",7481.47827553246,1,10663624.845259,1
"2018-05-19 10:54:06",7411.15990431507,1,10337996.9699248,1
"2018-05-19 10:55:06",7630.3310212605,1,10664028.3908164,1
"2018-05-19 10:56:06",7346.61230751017,1,10338197.9596838,1
"2018-05-19 10:57:06",7553.50736473288,1,10664251.6296384,1
"2018-05-19 10:58:06",7564.63796268804,1,10663369.3091012,1
"2018-05-19 10:59:06",7719.23870194907,1,10663885.8730574,1
"2018-05-19 11:00:06",7707.25783217674,1,10663592.7831155,1
"2018-05-19 11:01:06",7970.02350136172,1,10994611.5541645,1
"2018-05-19 11:02:06",7658.7419808595,1,10663831.3554539,1
"2018-05-19 11:03:06",7736.81147093928,1,10664030.6957327,1
"2018-05-19 11:04:06",7549.48265865474,1,10663514.1535257,1
"2018-05-19 11:05:06",7795.74746378778,1,10663927.7159494,1
"2018-05-19 11:06:06",7436.90239806249,1,10338227.2674266,1
"2018-05-19 11:07:06",7891.33377709979,1,10994599.7726728,1
"2018-05-19 11:08:06",7471.99619074119,1,10338453.7338945,1
"2018-05-19 11:09:06",7658.87716388695,1,10663087.1848205,1
"2018-05-19 11:10:06",7782.85953055418,1,10663872.9855834,1
"2018-05-19 11:11:06",7762.49515261157,1,10663533.5293274,1
"2018-05-19 11:12:06",7517.44929904867,1,10338271.2549885,1
"2018-05-19 11:13:06",7509.96751673948,1,10338001.6388076,1
"2018-05-19 11:14:06",7694.01289122786,1,10337869.8977216,1
"2018-05-19 11:15:06",7815.60866838997,1,10663542.0692768,1
"2018-05-19 11:16:07",7609.62461158637,1,10338051.3685452,1
"2018-05-19 11:17:07",7408.5624868466,1,10338009.4747479,1
"2018-05-19 11:18:07",7783.19424560543,1,10663797.7240632,1
"2018-05-19 11:19:07",7748.58642834141,1,10663485.911191,1
"2018-05-19 11:20:07",7881.66715771152,1,10663013.3836399,1
"2018-05-19 11:21:07",7456.65766484826,1,10338197.4181947,1
"2018-05-19 11:22:07",7592.78377159224,1,10337781.3978404,1
"2018-05-19 11:23:07",7544.38940123806,1,10338127.4554969,1
"2018-05-19 11:24:07",7525.22230829419,1,10337052.3131721,1
"2018-05-19 11:25:07",7501.57027135545,1,10337355.867004,1
"2018-05-19 11:26:07",7725.34977685141,1,10662711.8110512,1
"2018-05-19 11:27:07",7764.46921765176,1,10662946.8862996,1
"2018-05-19 11:28:07",7511.58529830451,1,10337079.7843139,1
"2018-05-19 11:29:07",7505.66783141843,1,10337479.6014854,1
"2018-05-19 11:30:07",7719.45993319923,1,10662755.4737026,1
"2018-05-19 11:31:07",7763.56483844656,1,10662939.6294802,1
"2018-05-19 11:32:07",7384.22474777755,1,10337115.0710555,1
"2018-05-19 11:33:07",7532.22098519855,1,10336928.5542682,1
"2018-05-19 11:34:07",7452.29339251508,1,10337291.6629426,1
"2018-05-19 11:35:07",7528.6305525212,1,10336901.6561728,1
"2018-05-19 11:36:07",7455.49904981487,1,10337310.6549466,1
"2018-05-19 11:37:07",7466.76243157035,1,10336975.3523873,1
"2018-05-19 11:38:08",7404.89517759871,1,10337445.7380818,1
"2018-05-19 11:39:08",7438.27553775416,1,10337044.3703867,1
"2018-05-19 11:40:08",7500.49328853825,1,10337293.3212575,1
"2018-05-19 11:41:08",7416.19226902533,1,10337467.4739296,1
"2018-05-19 11:42:08",7329.04761390198,1,10017392.3319173,1
"2018-05-19 11:43:08",7374.91315865764,1,10337890.7542228,1
"2018-05-19 11:44:08",7743.55676807652,1,10663525.8895154,1
"2018-05-19 11:45:08",7422.56073405671,1,10337663.7346115,1
"2018-05-19 11:46:08",7284.4947994142,1,10016994.7307833,1
"2018-05-19 11:47:08",7157.46613702831,1,10017508.2220195,1
"2018-05-19 11:48:08",7525.92567672205,1,10337509.9415041,1
"2018-05-19 11:49:08",7510.69460182982,1,10337841.0098901,1
"2018-05-19 11:50:08",7602.8274949416,1,10337465.1514334,1
"2018-05-19 11:51:08",7770.88967376293,1,10663702.5556286,1
"2018-05-19 11:52:08",7588.04350435704,1,10337627.3566551,1
"2018-05-19 11:53:08",7529.21135029764,1,10338197.569937,1
"2018-05-19 11:54:08",7443.07506060389,1,10338020.9950681,1
"2018-05-19 11:55:08",7287.12932686561,1,10017606.2749198,1
"2018-05-19 11:56:08",7442.75853897558,1,10337975.1902066,1
"2018-05-19 11:57:08",7382.80742106605,1,10017500.9550089,1
"2018-05-19 11:58:08",7461.37726490995,1,10337950.3265121,1
"2018-05-19 11:59:08",7529.47517043783,1,10337793.8393967,1
"2018-05-19 12:00:08",7267.71265893191,1,10017851.5802403,1
"2018-05-19 12:01:08",7646.76681830817,1,10337750.6334077,1
"2018-05-19 12:02:09",7676.31387357367,1,10338124.4403684,1
"2018-05-19 12:03:09",7917.00997780986,1,10663392.0126233,1
"2018-05-19 12:04:09",7704.11913263628,1,10338192.9273799,1
"2018-05-19 12:05:09",7297.47890241862,1,9701737.68388466,1
"2018-05-19 12:06:09",7473.5833655798,1,10017677.8204212,1
"2018-05-19 12:07:09",7471.01550282762,1,10017309.0579171,1
"2018-05-19 12:08:09",7546.85439919651,1,10017522.2462369,1
"2018-05-19 12:09:09",7766.1182894313,1,10337690.4130331,1
"2018-05-19 12:10:09",8057.622176502,1,10663503.1941874,1
"2018-05-19 12:11:09",7527.93138056309,1,10337975.9687223,1
"2018-05-19 12:12:09",7359.80036867913,1,10017342.6215772,1
"2018-05-19 12:13:09",7302.42388354554,1,10017788.7771281,1
"2018-05-19 12:14:09",7365.26295815104,1,10017362.2328909,1
"2018-05-19 12:15:09",7436.10663414147,1,10017414.1831861,1
"2018-05-19 12:16:09",7389.28780920982,1,10017260.3382617,1
"2018-05-19 12:17:09",7334.06738744132,1,10017732.4804707,1
"2018-05-19 12:18:09",7330.83280082537,1,10017311.5419137,1
"2018-05-19 12:19:09",7102.74897419157,1,9702236.56483811,1
"2018-05-19 12:20:09",7071.18844275959,1,9701870.54783126,1
"2018-05-19 12:21:09",7475.28648400927,1,10017618.5052554,1
"2018-05-19 12:22:09",7287.98533444882,1,10017478.5700521,1
"2018-05-19 12:23:09",7383.49416492411,1,10017709.4021717,1
"2018-05-19 12:24:10",6910.82725557769,1,9701474.83124782,1
"2018-05-19 12:25:10",7118.88074947729,1,9701171.18539254,1
"2018-05-19 12:26:10",6983.16893808644,1,9701738.55279436,1
"2018-05-19 12:27:10",7318.80244218232,1,10016721.9196436,1
"2018-05-19 12:28:10",6983.87898897158,1,9701717.57303621,1
"2018-05-19 12:29:10",7036.20696690798,1,9701380.25104274,1
"2018-05-19 12:30:10",6998.30553710357,1,9701716.24308386,1
"2018-05-19 12:31:10",7031.91413220375,1,9701341.362467,1
"2018-05-19 12:32:10",6995.22817118475,1,9701549.77462792,1
"2018-05-19 12:33:10",6978.5929827992,1,9701353.75498812,1
"2018-05-19 12:34:10",7070.64689661969,1,9701424.58232849,1
"2018-05-19 12:35:10",6952.57105135688,1,9701342.99244003,1
"2018-05-19 12:36:10",7108.37512050363,1,9701396.75171312,1
"2018-05-19 12:37:10",6900.3986755049,1,9701336.9563927,1
"2018-05-19 12:38:10",7084.00895377084,1,9701097.00159735,1
"2018-05-19 12:39:10",6915.37687347653,1,9701665.80507013,1
"2018-05-19 12:40:10",7078.12974596068,1,9701138.14729221,1
"2018-05-19 12:41:10",6900.92573452325,1,9701676.48188633,1
"2018-05-19 12:42:10",6845.02373112198,1,9390637.14771414,1
"2018-05-19 12:43:10",7174.36662680345,1,9701881.7844143,1
"2018-05-19 12:44:10",7114.50664774471,1,9701657.62840215,1
"2018-05-19 12:45:10",7223.47362299719,1,9701810.16700507,1
"2018-05-19 12:46:11",7165.82251611007,1,9701511.50658986,1
"2018-05-19 12:47:11",7283.10097646308,1,9701535.34234671,1
"2018-05-19 12:48:11",6802.70799162536,1,9390909.78489687,1
"2018-05-19 12:49:11",7043.30935793178,1,9391236.51261626,1
"2018-05-19 12:50:11",7098.32232063168,1,9701611.04555925,1
"2018-05-19 12:51:11",7457.26225960448,1,10016883.1634941,1
"2018-05-19 12:52:11",7244.12027223265,1,9701746.31682726,1
"2018-05-19 12:53:11",7182.17182713634,1,9701025.89963365,1
"2018-05-19 12:54:11",6984.65046693992,1,9702165.6031423,1
"2018-05-19 12:55:11",6985.0183395159,1,9701989.19347054,1
"2018-05-19 12:56:11",7011.18375670689,1,9702207.89121705,1
"2018-05-19 12:57:11",6763.18331189576,1,9391529.88808216,1
"2018-05-19 12:58:11",6858.54021247268,1,9391706.76024329,1
"2018-05-19 12:59:11",7156.59930849284,1,9701864.89730167,1
"2018-05-19 13:00:11",7108.02349665029,1,9702148.32246276,1
"2018-05-19 13:01:11",7012.81211448934,1,9701932.07262718,1
"2018-05-19 13:02:11",7222.59678457767,1,9702171.78656159,1
"2018-05-19 13:03:11",7169.75132417242,1,10017674.9306881,1
"2018-05-19 13:04:11",7193.46350301382,1,10017756.7788601,1
"2018-05-19 13:05:11",7001.72672771637,1,9702331.85796358,1
"2018-05-19 13:06:11",7618.35711082116,1,10337905.1867219,1
"2018-05-19 13:07:11",7576.94886936509,1,10338311.0256204,1
"2018-05-19 13:08:11",7256.045217414,1,10017533.8490555,1
"2018-05-19 13:09:12",7053.71085404365,1,9702334.38071484,1
"2018-05-19 13:10:12",7481.39755183512,1,10017185.7469106,1
"2018-05-19 13:11:12",7442.0049195431,1,10017463.5940293,1
"2018-05-19 13:12:12",7210.61110525559,1,10017473.6755216,1
"2018-05-19 13:13:12",7570.95882779497,1,10338114.900897,1
"2018-05-19 13:14:12",7486.60121253054,1,10337845.3765324,1
"2018-05-19 13:15:12",7542.59239035842,1,10338104.707677,1
"2018-05-19 13:16:12",7409.97641236468,1,10337736.0022983,1
"2018-05-19 13:17:12",7543.63938298162,1,10337769.8126394,1
"2018-05-19 13:18:12",7333.99061669144,1,10338603.5499728,1
"2018-05-19 13:19:12",7532.31717013978,1,10337775.2053122,1
"2018-05-19 13:20:12",7266.64996359405,1,10017607.7744136,1
"2018-05-19 13:21:12",7510.66401863495,1,10337659.1123531,1
"2018-05-19 13:22:12",7673.8541173164,1,10663844.9334344,1
"2018-05-19 13:23:12",7228.90267526692,1,10017337.2947821,1
"2018-05-19 13:24:12",7798.83229968282,1,10663640.2348052,1
"2018-05-19 13:25:12",7435.23404210793,1,10337910.2531732,1
"2018-05-19 13:26:12",7984.35693572138,1,10993540.8773581,1
"2018-05-19 13:27:12",7652.11129456511,1,10662673.6701827,1
"2018-05-19 13:28:12",7733.67897019929,1,10663002.3602557,1
"2018-05-19 13:29:12",7612.21903961306,1,10662679.927828,1
"2018-05-19 13:30:12",7688.34084701239,1,10662715.6743321,1
"2018-05-19 13:31:12",7421.72505946465,1,10337367.5001548,1
"2018-05-19 13:32:13",7621.93321253992,1,10662695.3770511,1
"2018-05-19 13:33:13",7339.14266105681,1,10337431.0841543,1
"2018-05-19 13:34:13",7233.51690013467,1,10016418.4450181,1
"2018-05-19 13:35:13",7362.93368282936,1,10337394.950153,1
"2018-05-19 13:36:13",7404.70586351269,1,10337005.240106,1
"2018-05-19 13:37:13",7436.2404205131,1,10337274.5664368,1
"2018-05-19 13:38:13",7244.78132867297,1,10016412.912946,1
"2018-05-19 13:39:13",7436.80004541432,1,10337301.5550925,1
"2018-05-19 13:40:13",7638.59965424655,1,10662639.5955784,1
"2018-05-19 13:41:13",7731.81923133895,1,10662779.3658916,1
"2018-05-19 13:42:13",7332.7234054818,1,10337808.1910267,1
"2018-05-19 13:43:13",7325.58372636344,1,10337584.5088767,1
"2018-05-19 13:44:13",7382.01626008096,1,10337944.0181411,1
"2018-05-19 13:45:13",7636.62290657467,1,10663220.2675125,1
"2018-05-19 13:46:13",7373.4191219467,1,10338014.2026929,1
"2018-05-19 13:47:13",7695.19906219901,1,10663161.3270016,1
"2018-05-19 13:48:13",7779.01782624708,1,10663269.6768129,1
"2018-05-19 13:49:13",7715.39721066946,1,10663144.3583578,1
"2018-05-19 13:50:13",7487.0548288991,1,10337919.7658304,1
"2018-05-19 13:51:13",7764.10103978136,1,10663114.0320338,1
"2018-05-19 13:52:13",8014.61621161984,1,10994256.0466746,1
"2018-05-19 13:53:13",8042.30682754186,1,10993746.4005161,1
"2018-05-19 13:54:13",7926.85419843448,1,10994516.7056583,1
"2018-05-19 13:55:13",7758.71838053624,1,10994426.9741604,1
"2018-05-19 13:56:14",7892.51326287039,1,10994219.1617827,1
"2018-05-19 13:57:14",7906.35449543391,1,10994496.9036758,1
"2018-05-19 13:58:14",7919.84574022511,1,10994114.9510754,1
"2018-05-19 13:59:14",8170.70588412163,1,11330055.292454,1
"2018-05-19 14:00:14",8208.29783957382,1,11329716.0226419,1
"2018-05-19 14:01:14",8159.28291331554,1,11330217.029504,1
"2018-05-19 14:02:14",8270.07861600615,1,11329716.2575015,1
"2018-05-19 14:03:14",8323.67819694365,1,11330020.9428868,1
"2018-05-19 14:04:14",8481.79962939627,1,11329111.7508481,1
"2018-05-19 14:05:14",8728.01234759793,1,11670715.6418483,1
"2018-05-19 14:06:14",8243.48717178083,1,11329889.8144347,1
"2018-05-19 14:07:14",8088.46749848435,1,10994516.2494371,1
"2018-05-19 14:08:14",8271.41427992441,1,11329807.1444936,1
"2018-05-19 14:09:14",8423.57170758517,1,11329654.6677438,1
"2018-05-19 14:10:14",8411.34037684629,1,11671106.8968899,1
"2018-05-19 14:11:14",8622.06495633331,1,11670430.4104871,1
"2018-05-19 14:12:14",8187.25067846547,1,11330227.6505189,1
"2018-05-19 14:13:14",8367.79483482245,1,11329607.0005077,1
"2018-05-19 14:14:14",8092.48489012239,1,10994258.7329513,1
"2018-05-19 14:15:14",8655.73361788932,1,11670221.6709565,1
"2018-05-19 14:16:14",8752.55363303556,1,11670486.660358,1
"2018-05-19 14:17:15",8717.84302413494,1,11670103.1233403,1
"2018-05-19 14:18:15",8415.14027498992,1,11329817.2663851,1
"2018-05-19 14:19:15",8346.11152735272,1,11329583.6858364,1
"2018-05-19 14:20:15",8724.30848941753,1,11670439.5141227,1
"2018-05-19 14:21:15",8462.40074098185,1,11670602.4780052,1
"2018-05-19 14:22:15",8306.25035953362,1,11329484.6013085,1
"2018-05-19 14:23:15",8594.26940092911,1,11670626.7569278,1
"2018-05-19 14:24:15",8388.4787215109,1,11329558.0994101,1
"2018-05-19 14:25:15",8304.72112996384,1,11329141.6826718,1
"2018-05-19 14:26:15",8374.89731264423,1,11328752.7854649,1
"2018-05-19 14:27:15",8764.21437165446,1,12015682.6740368,1
"2018-05-19 14:28:15",8789.16207204061,1,12015304.5952109,1
"2018-05-19 14:29:15",8519.09024248733,1,11669843.7303959,1
"2018-05-19 14:30:15",8634.62564785033,1,11669388.6790925,1
"2018-05-19 14:31:15",8375.58080177398,1,11329018.5925439,1
"2018-05-19 14:32:15",8405.95423381325,1,11669851.2294653,1
"2018-05-19 14:33:15",8374.34370289612,1,11329049.2862663,1
"2018-05-19 14:34:15",8483.60020189076,1,11669496.6252162,1
"2018-05-19 14:35:15",8584.9318750044,1,11669750.1707901,1
"2018-05-19 14:36:15",8433.98733061114,1,11669977.1629614,1
"2018-05-19 14:37:15",8634.77592224359,1,11669323.3645,1
"2018-05-19 14:38:15",8457.87663336588,1,11669873.6194095,1
"2018-05-19 14:39:15",8294.07108370882,1,11328795.8743887,1
"2018-05-19 14:40:15",8532.88789540415,1,11669798.2647503,1
"2018-05-19 14:41:15",8773.47971169979,1,12015288.1098748,1
"2018-05-19 14:42:15",8261.15936321568,1,11329139.9852142,1
"2018-05-19 14:43:16",8863.99508054957,1,11669748.5568981,1
"2018-05-19 14:44:16",8675.97190280811,1,11670259.9029134,1
"2018-05-19 14:45:16",8306.26799960493,1,11329458.7617868,1
"2018-05-19 14:46:16",8702.03441771262,1,11670167.0754856,1
"2018-05-19 14:47:16",8417.5798027121,1,11670371.2990777,1
"2018-05-19 14:48:16",8588.05654865233,1,11670754.4621214,1
"2018-05-19 14:49:16",8603.1697468499,1,11670138.018219,1
"2018-05-19 14:50:16",8712.67006136031,1,11669734.6190618,1
"2018-05-19 14:51:16",8616.71412618312,1,11670181.8093734,1
"2018-05-19 14:52:16",8918.64719995715,1,12015585.3823072,1
"2018-05-19 14:53:16",8706.5943258201,1,11670190.2698446,1
"2018-05-19 14:54:16",9196.92026892639,1,12015388.0098431,1
"2018-05-19 14:55:16",8718.95872162704,1,12016288.1399577,1
"2018-05-19 14:56:16",8885.91827247449,1,12367028.1442059,1
"2018-05-19 14:57:16",8628.27516078447,1,12016645.6350161,1
"2018-05-19 14:58:16",8654.78222725735,1,12016054.8322125,1
"2018-05-19 14:59:16",8738.06368194271,1,12016407.1746629,1
"2018-05-19 15:00:16",8640.37274967322,1,12366894.4513401,1
"2018-05-19 15:01:16",8762.07425550261,1,12016525.1510451,1
"2018-05-19 15:02:16",8854.17663202645,1,12367466.7336585,1
"2018-05-19 15:03:16",9051.24580534226,1,12367004.4649663,1
"2018-05-19 15:04:16",9206.73864849015,1,12723383.079225,1
"2018-05-19 15:05:16",9182.25167023561,1,12722189.7882597,1
"2018-05-19 15:06:16",9245.08579830016,1,12723277.2509096,1
"2018-05-19 15:07:17",9188.18008324872,1,12723168.3183418,1
"2018-05-19 15:08:17",9270.15276081539,1,12723352.2315678,1
"2018-05-19 15:09:17",9346.67812058583,1,12722884.6129932,1
"2018-05-19 15:10:17",9663.0798982385,1,13083870.3093127,1
"2018-05-19 15:11:17",9333.3407480552,1,13083632.9322258,1
"2018-05-19 15:12:17",9821.98350221194,1,13450158.2744391,1
"2018-05-19 15:13:17",9396.90409393843,1,13083955.1134807,1
"2018-05-19 15:14:17",9511.62515356687,1,13084475.0500632,1
"2018-05-19 15:15:17",9456.57934601692,1,13084142.5263385,1
"2018-05-19 15:16:17",9740.03945407725,1,13448930.3819979,1
"2018-05-19 15:17:17",9509.38904444924,1,13083991.6578358,1
"2018-05-19 15:18:17",9841.43340108238,1,13449555.6165224,1
"2018-05-19 15:19:17",9533.66517279122,1,13084106.4972576,1
"2018-05-19 15:20:17",9689.16706879959,1,13449837.232516,1
"2018-05-19 15:21:17",9804.2707865273,1,13450034.8873293,1
"2018-05-19 15:22:17",10162.9352322329,1,13820675.2212751,1
"2018-05-19 15:23:17",10024.9856901943,1,13821079.3702139,1
"2018-05-19 15:24:17",9791.48982993044,1,13449635.0387364,1
"2018-05-19 15:25:17",10093.5804429566,1,13821052.7077426,1
"2018-05-19 15:26:17",10250.9432238472,1,14196789.4846008,1
"2018-05-19 15:27:17",9993.11922164547,1,13820218.4521258,1
"2018-05-19 15:28:17",10131.027742545,1,14196485.8616732,1
"2018-05-19 15:29:17",10055.2400480702,1,13819753.5488313,1
"2018-05-19 15:30:17",9876.42913512448,1,13820482.0924098,1
"2018-05-19 15:31:17",10552.1252139429,1,14576975.7581457,1
"2018-05-19 15:32:18",9944.57445820297,1,13820212.0469427,1
"2018-05-19 15:33:18",9909.49861466058,1,13819807.3749364,1
"2018-05-19 15:34:18",9841.0355057102,1,13820344.7342668,1
"2018-05-19 15:35:18",9949.13991960826,1,13819732.3945477,1
"2018-05-19 15:36:18",9923.31977390626,1,13820114.0989092,1
"2018-05-19 15:37:18",9731.19166173583,1,13448651.888665,1
"2018-05-19 15:38:18",9762.61129837994,1,13448980.6716399,1
"2018-05-19 15:39:18",9787.9636435958,1,13820007.9308774,1
"2018-05-19 15:40:18",9698.56195466299,1,13449096.0408823,1
"2018-05-19 15:41:18",9847.74392060115,1,13820176.1197982,1
"2018-05-19 15:42:18",9990.54611945075,1,13819625.2529935,1
"2018-05-19 15:43:18",9723.99209621618,1,13820835.5171927,1
"2018-05-19 15:44:18",10172.5959036181,1,14196380.7008098,1
"2018-05-19 15:45:18",9878.75247143975,1,13820831.4423209,1
"2018-05-19 15:46:18",9879.8370585918,1,13820449.4004667,1
"2018-05-19 15:47:18",9936.86404056164,1,13820778.024832,1
"2018-05-19 15:48:18",9899.9117476932,1,13820486.2696345,1
"2018-05-19 15:49:18",10622.7296079327,1,14577936.4623376,1
"2018-05-19 15:50:18",10286.3732998271,1,14196379.2272472,1
"2018-05-19 15:51:18",10396.4138832512,1,14196624.3701219,1
"2018-05-19 15:52:18",10537.6245967027,1,14577543.7869872,1
"2018-05-19 15:53:19",10364.1579761088,1,14196981.8163114,1
"2018-05-19 15:54:19",10555.7465090326,1,14578110.5235196,1
"2018-05-19 15:55:19",10345.4727804684,1,14578044.9273293,1
"2018-05-19 15:56:19",10153.1665263889,1,14197240.7980443,1
"2018-05-19 15:57:19",10204.4718026909,1,14196877.868476,1
"2018-05-19 15:58:19",10574.8956519054,1,14578292.6696944,1
"2018-05-19 15:59:19",10553.4447318664,1,14577868.2664787,1
"2018-05-19 16:00:19",10798.546493957,1,14964566.4059118,1
"2018-05-19 16:01:19",10917.8559944412,1,14963926.1758274,1
"2018-05-19 16:02:19",11388.0495573292,1,15751948.7197691,1
"2018-05-19 16:03:19",10764.1734097228,1,14964537.191908,1
"2018-05-19 16:04:19",11247.6932245464,1,15355630.5442105,1
"2018-05-19 16:05:19",11110.4984597743,1,15355510.363474,1
"2018-05-19 16:06:19",11057.8441311503,1,14964303.4397896,1
"2018-05-19 16:07:19",11086.1863447392,1,15356208.5918731,1
"2018-05-19 16:08:19",11127.3240752933,1,15355724.9528826,1
"2018-05-19 16:09:19",11266.0926291844,1,15355683.202897,1
"2018-05-19 16:10:19",11178.7521782555,1,15355516.1116016,1
"2018-05-19 16:11:19",11348.2873981034,1,15355446.0908203,1
"2018-05-19 16:12:19",11479.5115347275,1,15751610.9367719,1
"2018-05-19 16:13:19",11187.9487996841,1,15355713.409232,1
"2018-05-19 16:14:19",10915.8197576448,1,14964099.669705,1
"2018-05-19 16:15:19",10925.5071913071,1,14964511.0501023,1
"2018-05-19 16:16:20",11180.4885263528,1,15355211.7958029,1
"2018-05-19 16:17:20",10986.0322236813,1,15355591.2508431,1
"2018-05-19 16:18:20",11374.5642995354,1,15751684.4501028,1
"2018-05-19 16:19:20",11261.0888451125,1,15355563.677368,1
"2018-05-19 16:20:20",11111.6067600674,1,15355864.7932883,1
"2018-05-19 16:21:20",11430.9439717847,1,15751719.0545219,1
"2018-05-19 16:22:20",11289.8499973623,1,15355251.0190918,1
"2018-05-19 16:23:20",11230.9468190003,1,15355240.979985,1
"2018-05-19 16:24:20",11142.9182008942,1,15355912.5725221,1
"2018-05-19 16:25:20",11195.8123578703,1,15355366.2891523,1
"2018-05-19 16:26:20",11454.9657584508,1,15751135.6642382,1
"2018-05-19 16:27:20",11524.3387475283,1,15750581.6537521,1
"2018-05-19 16:28:20",11177.5654446577,1,15354733.8373656,1
"2018-05-19 16:29:20",11506.2784105885,1,15750656.7380786,1
"2018-05-19 16:30:20",11506.6903110906,1,15751069.811643,1
"2018-05-19 16:31:20",11687.4036679514,1,16152071.9770016,1
"2018-05-19 16:32:20",11552.5243859411,1,15750966.7269333,1
"2018-05-19 16:33:20",11038.8365104394,1,15354897.1016547,1
"2018-05-19 16:34:20",11406.1630921565,1,15750790.3615861,1
"2018-05-19 16:35:20",11117.8769489272,1,15354757.208416,1
"2018-05-19 16:36:20",11479.504975271,1,15750517.5307143,1
"2018-05-19 16:37:21",11111.7789288744,1,15354735.9198741,1
"2018-05-19 16:38:21",11524.677340462,1,15750387.4630953,1
"2018-05-19 16:39:21",11480.7824167557,1,15750876.8348821,1
"2018-05-19 16:40:21",11165.3442660045,1,15354380.8401996,1
"2018-05-19 16:41:21",11093.3498397113,1,15354893.3481609,1
"2018-05-19 16:42:21",11142.8944060045,1,15354426.3947777,1
"2018-05-19 16:43:21",12019.0223412241,1,15751582.2898666,1
"2018-05-19 16:44:21",10917.635802809,1,15354930.9892512,1
"2018-05-19 16:45:21",11732.7402760767,1,15751403.7458981,1
"2018-05-19 16:46:21",11507.2145751901,1,15751770.385496,1
"2018-05-19 16:47:21",11569.9239860859,1,15751272.5158629,1
"2018-05-19 16:48:21",11619.1152408624,1,15751379.7659319,1
"2018-05-19 16:49:21",11597.7549258085,1,15750075.7575481,1
"2018-05-19 16:50:21",11594.6824601383,1,15751326.3181528,1
"2018-05-19 16:51:21",11611.4560225871,1,15751074.4067174,1
"2018-05-19 16:52:21",11561.847489382,1,15751627.1503248,1
"2018-05-19 16:53:21",11938.7295724292,1,16152264.0276936,1
"2018-05-19 16:54:21",12402.9804302538,1,16558673.6910633,1
"2018-05-19 16:55:21",11626.8718186401,1,16153411.3534655,1
"2018-05-19 16:56:21",11791.6950752546,1,16153158.6163909,1
"2018-05-19 16:57:21",11640.2476517623,1,16152812.98954,1
"2018-05-19 16:58:21",11862.5919511165,1,16152937.9734055,1
"2018-05-19 16:59:21",11915.7304298666,1,16559736.9784331,1
"2018-05-19 17:00:21",11816.4021955025,1,16152488.563571,1
"2018-05-19 17:01:21",11717.9903404811,1,16153126.6961697,1
"2018-05-19 17:02:22",12366.0743260621,1,16970564.3667843,1
"2018-05-19 17:03:22",12320.2141341361,1,16971157.3341164,1
"2018-05-19 17:04:22",12685.8504522392,1,17387189.2508142,1
"2018-05-19 17:05:22",12057.3231083706,1,16559756.8875979,1
"2018-05-19 17:06:22",12234.4092047965,1,16559157.8572171,1
"2018-05-19 17:07:22",12411.0705368773,1,16970947.6022676,1
"2018-05-19 17:08:22",12771.1199892587,1,17386871.6820899,1
"2018-05-19 17:09:22",12813.9619423581,1,17387259.8002692,1
"2018-05-19 17:10:22",12448.9835889623,1,16970471.6024288,1
"2018-05-19 17:11:22",13075.0189461353,1,17808865.8479389,1
"2018-05-19 17:12:22",12262.7309344319,1,16971102.5883235,1
"2018-05-19 17:13:22",13012.0759109653,1,17808292.1448962,1
"2018-05-19 17:14:22",12991.1415880268,1,17808769.8132394,1
"2018-05-19 17:15:22",13269.7457153719,1,18234960.6874914,1
"2018-05-19 17:16:22",13059.4702664071,1,17808657.7357719,1
"2018-05-19 17:17:22",13235.2200498601,1,17808174.333368,1
"2018-05-19 17:18:22",13465.4702274477,1,18234977.7553536,1
"2018-05-19 17:19:22",13146.2818561735,1,17808070.5801914,1
"2018-05-19 17:20:22",13156.4261777766,1,17808565.425484,1
"2018-05-19 17:21:22",12998.1660079107,1,17808410.9566073,1
"2018-05-19 17:22:23",12933.2532333708,1,17808873.1591973,1
"2018-05-19 17:23:23",13173.4906849478,1,18234765.3141915,1
"2018-05-19 17:24:23",13378.6001576447,1,18235100.7317189,1
"2018-05-19 17:25:23",13544.44200956,1,18666872.7011978,1
"2018-05-19 17:26:23",13262.0792562894,1,18234915.4902659,1
"2018-05-19 17:27:23",13604.853006524,1,18665770.9645,1
"2018-05-19 17:28:23",13604.061070429,1,18665310.5380853,1
"2018-05-19 17:29:23",13876.8389560029,1,19102394.1895622,1
"2018-05-19 17:30:23",13565.1178084568,1,18665393.3451703,1
"2018-05-19 17:31:23",13527.8144688542,1,18666018.4941181,1
"2018-05-19 17:32:23",13303.8577941525,1,18233789.7871533,1
"2018-05-19 17:33:23",13251.4066647993,1,18234316.3661861,1
"2018-05-19 17:34:23",13562.3227670924,1,18665214.7906548,1
"2018-05-19 17:35:23",13265.9291824258,1,18234060.410913,1
"2018-05-19 17:36:23",13029.4152595984,1,18234067.0174931,1
"2018-05-19 17:37:23",12987.2891064871,1,17807501.9253298,1
"2018-05-19 17:38:23",13406.4449965058,1,18665895.2882968,1
"2018-05-19 17:39:23",13252.7334748683,1,18233588.7068894,1
"2018-05-19 17:40:23",12752.2074992338,1,17807919.3600322,1
"2018-05-19 17:41:23",13102.9007035165,1,18234065.598159,1
"2018-05-19 17:42:23",13467.294885365,1,18665860.1086218,1
"2018-05-19 17:43:23",13131.9483499799,1,18233863.4991946,1
"2018-05-19 17:44:24",13260.3721518546,1,18234812.3831211,1
"2018-05-19 17:45:24",13353.753856061,1,18666432.555909,1
"2018-05-19 17:46:24",13330.6242930565,1,18234749.8480928,1
"2018-05-19 17:47:24",13547.1885341291,1,18666128.0276418,1
"2018-05-19 17:48:24",13709.2025380724,1,18666270.1181263,1
"2018-05-19 17:49:24",13488.1834016284,1,18666080.9533985,1
"2018-05-19 17:50:24",13638.466833032,1,18666247.6318197,1
"2018-05-19 17:51:24",13838.6507207662,1,19103238.0050985,1
"2018-05-19 17:52:24",13927.3448574639,1,19102567.1418314,1
"2018-05-19 17:53:24",14195.8969017195,1,19544782.5401876,1
"2018-05-19 17:54:24",14075.66963475,1,19102603.6271173,1
"2018-05-19 17:55:24",14457.7368460539,1,19544521.7366725,1
"2018-05-19 17:56:24",13831.0142721952,1,19102974.5242023,1
"2018-05-19 17:57:24",14220.5417607034,1,19545077.5449748,1
"2018-05-19 17:58:24",14218.8436741528,1,19544730.5718008,1
"2018-05-19 17:59:24",14183.9355876305,1,19545321.7980863,1
"2018-05-19 18:00:24",14580.3210205266,1,19991328.8399658,1
"2018-05-19 18:01:24",14695.3233646982,1,19991769.0179126,1
"2018-05-19 18:02:24",14577.9072018294,1,19991451.3916311,1
"2018-05-19 18:03:24",14661.3220919845,1,19991879.0149808,1
"2018-05-19 18:04:24",14783.3943436119,1,20443675.545428,1
"2018-05-19 18:05:24",14646.0093011112,1,19991564.6553739,1
"2018-05-19 18:06:24",14088.5213717918,1,19545641.8062013,1
"2018-05-19 18:07:24",14695.5518730373,1,19991472.053067,1
"2018-05-19 18:08:25",14646.2665773407,1,19992083.5109015,1
"2018-05-19 18:09:25",14651.1775415237,1,19991633.7184328,1
"2018-05-19 18:10:25",13851.5793154426,1,18666553.6051757,1
"2018-05-19 18:11:25",14694.5410813933,1,19991680.8709466,1
"2018-05-19 18:12:25",14898.8735440731,1,19991883.6222672,1
"2018-05-19 18:13:25",14993.2727081579,1,20443354.0335431,1
"2018-05-19 18:14:25",15008.3745444351,1,20443712.2543414,1
"2018-05-19 18:15:25",14872.7288378318,1,20443466.4205091,1
"2018-05-19 18:16:25",14678.2954808996,1,19991932.2929458,1
"2018-05-19 18:17:25",14652.6120725279,1,20443815.9588348,1
"2018-05-19 18:18:25",14530.2864250501,1,19991477.4975195,1
"2018-05-19 18:19:25",14505.1539859364,1,19992210.829081,1
"2018-05-19 18:20:25",14908.4732381044,1,20443441.623026,1
"2018-05-19 18:21:25",14409.2111347669,1,19992532.9534302,1
"2018-05-19 18:22:25",14655.6193160667,1,19991468.8731268,1
"2018-05-19 18:23:25",14932.7537605577,1,20443866.3908604,1
"2018-05-19 18:24:25",15161.5097728428,1,20900352.1163389,1
"2018-05-19 18:25:25",14460.671718963,1,19992538.8890698,1
"2018-05-19 18:26:25",15017.1062843441,1,20900602.7912214,1
"2018-05-19 18:27:25",14657.6180969493,1,19990879.3614075,1
"2018-05-19 18:28:26",14875.766035731,1,20442341.1759556,1
"2018-05-19 18:29:26",15411.1429318196,1,20899315.2387043,1
"2018-05-19 18:30:26",14758.7768395167,1,20442705.7991596,1
"2018-05-19 18:31:26",14908.8079921147,1,20442265.4922065,1
"2018-05-19 18:32:26",14828.1723322771,1,20442957.8936567,1
"2018-05-19 18:33:26",14856.2285936321,1,20442519.512826,1
"2018-05-19 18:34:26",14764.6674674408,1,20442869.0642343,1
"2018-05-19 18:35:26",14920.0643935214,1,20442150.860533,1
"2018-05-19 18:36:26",14895.2884688884,1,20442681.5658461,1
"2018-05-19 18:37:26",14982.2421586542,1,20442073.9541422,1
"2018-05-19 18:38:26",14893.6447940229,1,20442580.3874628,1
"2018-05-19 18:39:26",14811.9670311359,1,20442435.2503453,1
"2018-05-19 18:40:26",14619.4487525642,1,19990893.8918046,1
"2018-05-19 18:41:26",14373.7837750576,1,19991008.647221,1
"2018-05-19 18:42:26",15021.2111505787,1,20442435.6071725,1
"2018-05-19 18:43:26",14389.7651114222,1,20443286.7404492,1
"2018-05-19 18:44:26",15328.2597405712,1,20899920.7096581,1
"2018-05-19 18:45:26",14563.351003685,1,19991553.7557733,1
"2018-05-19 18:46:26",14731.391000668,1,19991003.7575796,1
"2018-05-19 18:47:26",14664.4773134441,1,19991553.8236548,1
"2018-05-19 18:48:26",14653.7787248336,1,19991022.0112274,1
"2018-05-19 18:49:27",15087.8674266186,1,20443049.7448632,1
"2018-05-19 18:50:27",15175.6515935997,1,20442573.8723619,1
"2018-05-19 18:51:27",15443.3835778074,1,20899788.1845979,1
"2018-05-19 18:52:27",14997.8559744762,1,20442678.1925908,1
"2018-05-19 18:53:27",15576.0427101777,1,20899583.3230718,1
"2018-05-19 18:54:27",15106.7221821241,1,20442658.7168798,1
"2018-05-19 18:55:27",15449.6719285949,1,20899934.8013032,1
"2018-05-19 18:56:27",14545.9285999696,1,20443326.9987519,1
"2018-05-19 18:57:27",15142.6193277596,1,20899947.705217,1
"2018-05-19 18:58:27",15135.0849791279,1,20900479.0012091,1
"2018-05-19 18:59:27",15441.3126370205,1,21361999.423714,1
"2018-05-19 19:00:27",15182.541194651,1,20900444.1802953,1
"2018-05-19 19:01:27",15538.8748302878,1,21361471.1504996,1
"2018-05-19 19:02:27",15528.3301669407,1,21362318.4576337,1
"2018-05-19 19:03:27",15466.9972116992,1,21362059.8735676,1
"2018-05-19 19:04:27",15621.0210643729,1,21362507.5547594,1
"2018-05-19 19:05:27",15393.9306831691,1,21362291.4399889,1
"2018-05-19 19:06:27",16227.4846847505,1,22301510.5948743,1
"2018-05-19 19:07:27",15481.899522202,1,21361868.6245194,1
"2018-05-19 19:08:27",16001.1905393658,1,21829398.7922441,1
"2018-05-19 19:09:27",15708.6529063024,1,21829253.1383098,1
"2018-05-19 19:10:28",16280.8641918021,1,22300867.1392168,1
"2018-05-19 19:11:28",15921.8569449609,1,21829450.6173291,1
"2018-05-19 19:12:28",16131.2480554534,1,22299891.1296372,1
"2018-05-19 19:13:28",16178.4111344399,1,22301341.0423676,1
"2018-05-19 19:14:28",16249.4492154001,1,22300752.4134628,1
"2018-05-19 19:15:28",16299.6426162667,1,22301081.4289249,1
"2018-05-19 19:16:28",16698.991903537,1,22777528.0961787,1
"2018-05-19 19:17:28",16443.1105563363,1,22300559.4544855,1
"2018-05-19 19:18:28",16327.1422779181,1,22300673.8782817,1
"2018-05-19 19:19:28",16437.1741706754,1,22300783.7828616,1
"2018-05-19 19:20:28",16543.4549719476,1,22777677.5108238,1
"2018-05-19 19:21:28",16757.4786686165,1,22777818.3658384,1
"2018-05-19 19:22:28",16462.0581287046,1,22777783.1201161,1
"2018-05-19 19:23:28",16816.5469251439,1,22776834.5703054,1
"2018-05-19 19:24:28",16496.6216289546,1,22778225.1820149,1
"2018-05-19 19:25:28",16846.4784375242,1,23260007.5965381,1
"2018-05-19 19:26:28",16980.5072616829,1,23260172.7734053,1
"2018-05-19 19:27:28",16546.3253574255,1,22777703.1612532,1
"2018-05-19 19:28:28",16924.4863129702,1,23259089.4682199,1
"2018-05-19 19:29:28",16883.443551192,1,23258677.4795954,1
"2018-05-19 19:30:28",16853.7277808063,1,23259174.4468295,1
"2018-05-19 19:31:28",17155.0709305278,1,23746031.5421871,1
"2018-05-19 19:32:28",16569.8510344839,1,22776966.4952708,1
"2018-05-19 19:33:28",17197.9295491133,1,23745882.1269889,1
"2018-05-19 19:34:28",17301.63414944,1,23745840.9155367,1
"2018-05-19 19:35:28",16655.7564325781,1,23258741.0353974,1
"2018-05-19 19:36:29",16799.7683163133,1,23258785.8708468,1
"2018-05-19 19:37:29",16690.9367593093,1,23259294.4283802,1
"2018-05-19 19:38:29",16914.5432250177,1,23258337.6656885,1
"2018-05-19 19:39:29",16892.336468002,1,23746864.1915081,1
"2018-05-19 19:40:29",17186.3466170306,1,23745623.4169609,1
"2018-05-19 19:41:29",16730.042949597,1,23259109.8317263,1
"2018-05-19 19:42:29",16852.9849481131,1,23258483.0250649,1
"2018-05-19 19:43:29",16803.9103137461,1,23259080.7508383,1
"2018-05-19 19:44:29",16328.47526996,1,22777237.6333722,1
"2018-05-19 19:45:29",17306.8583035406,1,23747127.6188224,1
"2018-05-19 19:46:29",16754.4817124442,1,23259440.1510647,1
"2018-05-19 19:47:29",17284.7383414946,1,23746828.8224246,1
"2018-05-19 19:48:29",17140.3650729495,1,23746595.2955051,1
"2018-05-19 19:49:29",16928.7929375908,1,23259209.9386185,1
"2018-05-19 19:50:29",17057.9747046676,1,23747303.1701259,1
"2018-05-19 19:51:29",17367.2229796632,1,23746203.7181685,1
"2018-05-19 19:52:29",17305.14858073,1,23747020.4435009,1
"2018-05-19 19:53:29",17309.0633428898,1,23746491.1550895,1
"2018-05-19 19:54:29",18399.1218462444,1,25238645.4759972,1
"2018-05-19 19:55:29",18215.6721936662,1,24735719.3159157,1
"2018-05-19 19:56:29",17609.2041186536,1,24239630.5663141,1
"2018-05-19 19:57:29",17664.7774506819,1,24238827.2028047,1
"2018-05-19 19:58:29",17719.4827356955,1,24239317.2844223,1
"2018-05-19 19:59:30",17233.0823713067,1,23746874.6279435,1
"2018-05-19 20:00:30",17716.5499859731,1,24239432.8958126,1
"2018-05-19 20:01:30",17376.61834974,1,24239454.033529,1
"2018-05-19 20:02:30",17995.5655285145,1,24736085.449197,1
"2018-05-19 20:03:30",17604.7673217788,1,24239608.409628,1
"2018-05-19 20:04:30",18008.8257586045,1,24736610.9848253,1
"2018-05-19 20:05:30",18167.4954468541,1,24736746.5136115,1
"2018-05-19 20:06:30",18197.0821374978,1,24736298.3060611,1
"2018-05-19 20:07:30",18734.1181938963,1,25238754.640879,1
"2018-05-19 20:08:30",18186.4709194274,1,24736340.3588334,1
"2018-05-19 20:09:30",18466.4709815049,1,25239379.4597367,1
"2018-05-19 20:10:30",18186.6963189761,1,24736313.4097549,1
"2018-05-19 20:11:30",18716.166210457,1,25238895.546975,1
"2018-05-19 20:12:30",18617.3730851825,1,25238585.5928147,1
"2018-05-19 20:13:30",18703.7163993549,1,25238755.2801832,1
"2018-05-19 20:14:30",18217.5510575794,1,25238904.9107604,1
"2018-05-19 20:15:30",18032.2414901383,1,24736332.9472465,1
"2018-05-19 20:16:30",18435.3138226459,1,25238984.898604,1
"2018-05-19 20:17:30",18513.9042050323,1,25238536.2010003,1
"2018-05-19 20:18:30",18072.2627192072,1,24736553.5508306,1
"2018-05-19 20:19:30",18433.6032775913,1,25238520.4809619,1
"2018-05-19 20:20:30",18323.7224812803,1,25239240.7822975,1
"2018-05-19 20:21:31",17988.5487401122,1,24736308.9231681,1
"2018-05-19 20:22:31",18483.7146853019,1,25239072.0808261,1
"2018-05-19 20:23:31",18546.7976526753,1,25238294.3600143,1
"2018-05-19 20:24:31",18399.0559951135,1,25238742.1245728,1
"2018-05-19 20:25:31",18421.7811062601,1,25238698.9769568,1
"2018-05-19 20:26:31",18428.0468430835,1,25239154.5263639,1
"2018-05-19 20:27:31",18103.7147932667,1,25237788.0993691,1
"2018-05-19 20:28:31",18400.8952667511,1,25237405.7399577,1
"2018-05-19 20:29:31",17937.525087302,1,24735873.2708867,1
"2018-05-19 20:30:31",18429.1008684572,1,25237423.3641012,1
"2018-05-19 20:31:31",18240.8342126848,1,25238276.7992546,1
"2018-05-19 20:32:31",17985.1239339798,1,24735312.8923899,1
"2018-05-19 20:33:31",18404.3524967499,1,25237906.8089852,1
"2018-05-19 20:34:31",18446.3533471914,1,25237313.8139965,1
"2018-05-19 20:35:31",17867.2965709419,1,24736168.7177089,1
"2018-05-19 20:36:31",18393.3626692607,1,25237275.2246226,1
"2018-05-19 20:37:31",18099.5740348497,1,24735546.108099,1
"2018-05-19 20:38:31",18383.1787179697,1,25237334.1219469,1
"2018-05-19 20:39:31",18541.9485532559,1,25237603.3585661,1
"2018-05-19 20:40:31",18160.1946492399,1,25237699.9923319,1
"2018-05-19 20:41:31",18034.4973035684,1,24735122.5881451,1
"2018-05-19 20:42:32",18236.5554277471,1,25238020.2102514,1
"2018-05-19 20:43:32",18446.0865076152,1,25237339.4541457,1
"2018-05-19 20:44:32",18283.4098680837,1,25238005.7257119,1
"2018-05-19 20:45:32",18997.0110400238,1,25744106.946785,1
"2018-05-19 20:46:32",18625.1916875675,1,25238367.7970306,1
"2018-05-19 20:47:32",18163.9398276966,1,24735968.6227902,1
"2018-05-19 20:48:32",18591.8035309575,1,25238668.308389,1
"2018-05-19 20:49:32",18486.5188134282,1,25238119.1988167,1
"2018-05-19 20:50:32",18698.0455877897,1,25238132.6071939,1
"2018-05-19 20:51:32",18286.3769912822,1,25237666.3646562,1
"2018-05-19 20:52:32",18705.1739512022,1,25238176.2803308,1
"2018-05-19 20:53:32",18436.2185152983,1,25238183.5697057,1
"2018-05-19 20:54:32",18549.6584156288,1,25237977.1307233,1
"2018-05-19 20:55:32",18565.3788227871,1,25238456.7196546,1
"2018-05-19 20:56:32",19040.4721480779,1,25744255.8623729,1
"2018-05-19 20:57:32",18609.9326182631,1,25746241.8717333,1
"2018-05-19 20:58:32",18981.9123639184,1,26258354.7399606,1
"2018-05-19 20:59:32",18707.2923202709,1,25746288.0852609,1
"2018-05-19 21:00:32",18382.3444115498,1,25238388.2593757,1
"2018-05-19 21:01:32",18724.9813905583,1,25746321.889204,1
"2018-05-19 21:02:32",19225.7908841061,1,26258173.9027724,1
"2018-05-19 21:03:32",18882.0734628837,1,25746069.9389006,1
"2018-05-19 21:04:32",18687.6649774181,1,25745980.2846701,1
"2018-05-19 21:05:32",18866.4316958198,1,25746257.5627641,1
"2018-05-19 21:06:32",18770.526988676,1,25745998.5268797,1
"2018-05-19 21:07:33",19131.0759322621,1,26258503.1215129,1
"2018-05-19 21:08:33",19167.6414086248,1,26258830.1557636,1
"2018-05-19 21:09:33",19607.162777627,1,26775514.5609849,1
"2018-05-19 21:10:33",19462.4492296863,1,26776474.4372654,1
"2018-05-19 21:11:33",19309.027241134,1,26258068.957503,1
"2018-05-19 21:12:33",19593.769390907,1,26776237.0166349,1
"2018-05-19 21:13:33",19827.9407405042,1,26775581.6162799,1
"2018-05-19 21:14:33",19250.699762671,1,26258418.8300995,1
"2018-05-19 21:15:33",19358.6332247785,1,26775654.9316443,1
"2018-05-19 21:16:33",19547.1533648559,1,26775921.2644222,1
"2018-05-19 21:17:33",18827.8852258903,1,26258963.7084517,1
"2018-05-19 21:18:33",19478.9765265579,1,26775901.0391988,1
"2018-05-19 21:19:33",19140.6753233041,1,26775454.4473172,1
"2018-05-19 21:20:33",19343.7754332974,1,26775586.7006383,1
"2018-05-19 21:21:33",19648.17334203,1,27298463.3058871,1
"2018-05-19 21:22:33",19786.5805976905,1,27297700.0456937,1
"2018-05-19 21:23:33",19432.0708607881,1,27299377.4722058,1
"2018-05-19 21:24:33",19698.0011338007,1,27297769.387606,1
"2018-05-19 21:25:33",19396.2120730344,1,26775914.9849336,1
"2018-05-19 21:26:33",19727.2436311287,1,27298043.6766419,1
"2018-05-19 21:27:33",19517.7295549277,1,26775530.2952837,1
"2018-05-19 21:28:33",19640.8746965921,1,27296759.3833714,1
"2018-05-19 21:29:33",19811.8915236247,1,27296928.4850274,1
"2018-05-19 21:30:33",19676.2626066251,1,27296593.6315795,1
"2018-05-19 21:31:33",19752.7786231207,1,27297294.8404548,1
"2018-05-19 21:32:33",19913.5042473753,1,27824316.8437962,1
"2018-05-19 21:33:33",19769.5328746107,1,27296376.7923638,1
"2018-05-19 21:34:34",19621.4419463949,1,27297218.9812696,1
"2018-05-19 21:35:34",19668.5627258663,1,27296493.8805806,1
"2018-05-19 21:36:34",19598.9674842867,1,27296972.2840842,1
"2018-05-19 21:37:34",19626.1737549458,1,27296603.8790002,1
"2018-05-19 21:38:34",19577.6700130404,1,27297018.8332074,1
"2018-05-19 21:39:34",19560.3351922087,1,27296580.9576545,1
"2018-05-19 21:40:34",20000.5046869881,1,27824483.2993816,1
"2018-05-19 21:41:34",19502.5818069519,1,27296744.3198339,1
"2018-05-19 21:42:34",19662.631662017,1,27297028.1370224,1
"2018-05-19 21:43:34",19618.6083516282,1,27296536.0055619,1
"2018-05-19 21:44:34",19414.9461182723,1,26774369.8441612,1
"2018-05-19 21:45:34",19244.7816035583,1,27298300.348704,1
"2018-05-19 21:46:34",19073.9488159095,1,26775781.5267439,1
"2018-05-19 21:47:34",19007.324543215,1,26775926.1911562,1
"2018-05-19 21:48:34",20037.9993128687,1,27824999.6155641,1
"2018-05-19 21:49:34",19598.8442173378,1,27298038.7950228,1
"2018-05-19 21:50:34",19981.0553371767,1,27297272.3217769,1
"2018-05-19 21:51:34",19839.3057020123,1,27297624.9913693,1
"2018-05-19 21:52:34",19840.28121703,1,27297215.3568632,1
"2018-05-19 21:53:34",19744.6482974403,1,27297950.5070852,1
"2018-05-19 21:54:34",19762.7763283571,1,27297424.0549947,1
"2018-05-19 21:55:34",20762.0312154249,1,28357887.0079729,1
"2018-05-19 21:56:35",20263.1534397316,1,27824722.4376796,1
"2018-05-19 21:57:35",20474.9217328215,1,28358220.4694918,1
"2018-05-19 21:58:35",19865.661723736,1,27825689.3364629,1
"2018-05-19 21:59:35",19890.6833068635,1,27826760.1333072,1
"2018-05-19 22:00:35",20079.7110689644,1,27825866.1529878,1
"2018-05-19 22:01:35",20540.9155017583,1,28357979.6632392,1
"2018-05-19 22:02:35",20597.684497327,1,28358077.8491604,1
"2018-05-19 22:03:35",20666.9261803602,1,28357668.3950818,1
"2018-05-19 22:04:35",20982.8877841894,1,28895972.5133758,1
"2018-05-19 22:05:35",20617.717264298,1,28358088.2653449,1
"2018-05-19 22:06:35",20734.1047362715,1,28358391.5460996,1
"2018-05-19 22:07:35",21719.9842469293,1,29437321.3288468,1
"2018-05-19 22:08:35",20924.5848364362,1,28358460.8232286,1
"2018-05-19 22:09:35",20647.2135858111,1,28358119.972033,1
"2018-05-19 22:10:35",21168.3455714938,1,28896091.0954456,1
"2018-05-19 22:11:35",20963.373823336,1,28896151.0478642,1
"2018-05-19 22:12:35",21062.0487879639,1,28896510.5033861,1
"2018-05-19 22:13:35",20839.8086321104,1,28896552.476136,1
"2018-05-19 22:14:35",21023.159484787,1,28895672.7710639,1
"2018-05-19 22:15:35",20196.2980741894,1,27826046.3022508,1
"2018-05-19 22:16:35",20610.0698877523,1,28357913.2869759,1
"2018-05-19 22:17:36",20522.0133905184,1,28358734.8497751,1
"2018-05-19 22:18:36",20647.0746514197,1,28357766.0112791,1
"2018-05-19 22:19:36",21175.2919650142,1,28896309.7022858,1
"2018-05-19 22:20:36",21202.1557945027,1,28895432.8029917,1
"2018-05-19 22:21:36",21208.394747076,1,28895981.7368348,1
"2018-05-19 22:22:36",21095.6077609972,1,28895654.9611681,1
"2018-05-19 22:23:36",20665.9865881998,1,28359124.1187152,1
"2018-05-19 22:24:36",20845.3535355673,1,28896195.863916,1
"2018-05-19 22:25:36",20629.611427855,1,28358823.9398742,1
"2018-05-19 22:26:36",20656.7627697934,1,28358589.7402446,1
"2018-05-19 22:27:36",20675.088097534,1,28358206.1496612,1
"2018-05-19 22:28:36",20996.5586221074,1,28895960.0464376,1
"2018-05-19 22:29:36",21045.7515155263,1,28894551.8181202,1
"2018-05-19 22:30:36",20910.3638683103,1,28895304.600831,1
"2018-05-19 22:31:36",20698.4478141475,1,28356776.7099651,1
"2018-05-19 22:32:36",20964.094502139,1,28895298.5177118,1
"2018-05-19 22:33:36",21354.9770200724,1,29437359.818753,1
"2018-05-19 22:34:36",21025.7845071316,1,28895187.9975133,1
"2018-05-19 22:35:36",20960.5027148973,1,28894676.7436175,1
"2018-05-19 22:36:36",20717.4096410378,1,28357219.8059233,1
"2018-05-19 22:37:36",20862.2529627851,1,28894754.1074383,1
"2018-05-19 22:38:37",21433.1045087634,1,29437825.4995237,1
"2018-05-19 22:39:37",20984.4628038381,1,28895074.3766577,1
"2018-05-19 22:40:37",21106.0152366913,1,28894222.391559,1
"2018-05-19 22:41:37",20820.4194613427,1,28895341.8628961,1
"2018-05-19 22:42:37",20622.5479183589,1,28356799.245091,1
"2018-05-19 22:43:37",20948.300175188,1,28894946.1772619,1
"2018-05-19 22:44:37",20740.0571193672,1,28356570.0604187,1
"2018-05-19 22:45:37",21312.2598816867,1,29437818.3869189,1
"2018-05-19 22:46:37",21207.631513239,1,28895240.281754,1
"2018-05-19 22:47:37",20859.6628610922,1,28357904.0094895,1
"2018-05-19 22:48:37",21104.5013862948,1,28895379.3774706,1
"2018-05-19 22:49:37",21190.4791220468,1,28895670.7226151,1
"2018-05-19 22:50:37",21044.2066459991,1,28895174.6302531,1
"2018-05-19 22:51:37",21161.7341203554,1,28896252.9276797,1
"2018-05-19 22:52:37",20968.5536091711,1,28895586.5645585,1
"2018-05-19 22:53:37",21449.9422347865,1,29438094.1726569,1
"2018-05-19 22:54:37",20653.807074872,1,28358069.7500418,1
"2018-05-19 22:55:37",21064.2501988418,1,28895228.7048882,1
"2018-05-19 22:56:37",21192.2215056145,1,28895551.6036426,1
"2018-05-19 22:57:37",21480.5365751868,1,29437967.7189068,1
"2018-05-19 22:58:37",21242.3638903564,1,29438868.5600201,1
"2018-05-19 22:59:37",21297.6168402522,1,29438311.0651118,1
"2018-05-19 23:00:37",21009.206355634,1,28896032.9258655,1
"2018-05-19 23:01:37",20853.2061537329,1,28895740.7337003,1
"2018-05-19 23:02:37",21307.4766776664,1,29439057.7622437,1
"2018-05-19 23:03:37",20901.6954656878,1,29986588.7682247,1
"2018-05-19 23:04:38",21471.6417893101,1,29438610.415162,1
"2018-05-19 23:05:38",21253.4407191243,1,29439065.46051,1
"2018-05-19 23:06:38",21634.6466243952,1,29986520.1448822,1
"2018-05-19 23:07:38",22000.4934198547,1,30539733.3034984,1
"2018-05-19 23:08:38",21190.7258404724,1,29437395.1272664,1
"2018-05-19 23:09:38",21831.819975809,1,29986578.3380992,1
"2018-05-19 23:10:38",21750.6362403423,1,29986205.8356161,1
"2018-05-19 23:11:38",22264.1212488642,1,30539095.116744,1
"2018-05-19 23:12:38",21847.5897188357,1,29985865.8276845,1
"2018-05-19 23:13:38",21917.7160849445,1,29985937.6204787,1
"2018-05-19 23:14:38",21080.5010465524,1,29986604.7011991,1
"2018-05-19 23:15:38",22293.92578918,1,30538988.9902624,1
"2018-05-19 23:16:38",21691.215256956,1,29985835.2807548,1
"2018-05-19 23:17:38",21725.5317122469,1,29986413.1211063,1
"2018-05-19 23:18:38",21972.5369154733,1,30539264.0731836,1
"2018-05-19 23:19:38",21903.7510469498,1,30537644.5501902,1
"2018-05-19 23:20:38",22088.7952762682,1,30538840.5771502,1
"2018-05-19 23:21:38",22524.12016092,1,31096195.5046567,1
"2018-05-19 23:22:38",22105.2286879417,1,30539032.7753223,1
"2018-05-19 23:23:38",22483.2961727494,1,31096300.2593486,1
"2018-05-19 23:24:38",22892.6840486376,1,31659794.5261852,1
"2018-05-19 23:25:39",22652.2480371839,1,31096179.0129934,1
"2018-05-19 23:26:39",22658.240004534,1,31096539.4254497,1
"2018-05-19 23:27:39",22502.4022829647,1,31096233.892528,1
"2018-05-19 23:28:39",22588.4385875554,1,31096711.7358969,1
"2018-05-19 23:29:39",22381.5295664042,1,31096422.8416388,1
"2018-05-19 23:30:39",23433.8452886289,1,32226078.5202871,1
"2018-05-19 23:31:39",22875.2094441504,1,31658297.3832862,1
"2018-05-19 23:32:39",22529.8604005371,1,31094858.3013251,1
"2018-05-19 23:33:39",22400.5240553689,1,31095419.59974,1
"2018-05-19 23:34:39",22895.752341288,1,31657627.6366543,1
"2018-05-19 23:35:39",22314.5802482756,1,31095779.9884678,1
"2018-05-19 23:36:39",22491.6743867294,1,31094620.9204548,1
"2018-05-19 23:37:39",22449.0387582772,1,31095181.7609249,1
"2018-05-19 23:38:39",22352.3964692295,1,31095082.9634572,1
"2018-05-19 23:39:39",22520.2210135545,1,31095143.237891,1
"2018-05-19 23:40:39",22781.7394082307,1,31657673.5900273,1
"2018-05-19 23:41:39",22967.3282511425,1,31658006.5240676,1
"2018-05-19 23:42:39",22291.8315370403,1,31094852.4131413,1
"2018-05-19 23:43:39",22580.6141925059,1,31095000.3926269,1
"2018-05-19 23:44:39",22283.1365806242,1,31095530.2891527,1
"2018-05-19 23:45:39",21989.4036755498,1,30537223.616547,1
"2018-05-19 23:46:39",21896.4053651029,1,31096862.3302381,1
"2018-05-19 23:47:39",22298.1855035412,1,31095923.4065596,1
"2018-05-19 23:48:39",22347.228806508,1,31096298.8462285,1
"2018-05-19 23:49:39",22060.7478672697,1,30537922.4523111,1
"2018-05-19 23:50:39",22449.1697721962,1,31096174.4506937,1
"2018-05-19 23:51:39",22799.9582689098,1,31659326.1913455,1
"2018-05-19 23:52:39",23043.3660265683,1,31659125.0682333,1
"2018-05-19 23:53:40",22845.1849671499,1,31658742.2971155,1
"2018-05-19 23:54:40",23183.492861195,1,31658823.5301625,1
"2018-05-19 23:55:40",22482.3569919426,1,31095866.8986187,1
"2018-05-19 23:56:40",23483.3422386981,1,32227062.1603462,1
"2018-05-19 23:57:40",22788.6640058352,1,31659690.609359,1
"2018-05-19 23:58:40",23204.5275618925,1,32226758.11937,1
"2018-05-19 23:59:40",22677.2223391444,1,31660023.9919638,1
